{"type":"FeatureCollection","features":[{"type":"Feature","properties":{"area_id":"14117068001","city":"横浜市","ward":"青葉区","town":"桂台","chome":"1","num_households":938},"geometry":{"type":"MultiPolygon","coordinates":[[[[139.50485584314657,35.54727860815911],[139.50485881414266,35.547279250319164],[139.50622594576961,35.54756826461689],[139.50646622616696,35.54761904302419],[139.50648452223152,35.54762272045267],[139.50712667300692,35.54775205140512],[139.5074050860104,35.54780811107522],[139.50779153534836,35.547885914392815],[139.5082661558892,35.54798149650003],[139.50900862460622,35.5481835926208],[139.5082729132731,35.549221334119494],[139.50826012259287,35.54924122618527],[139.50773138098998,35.550068254823735],[139.5074720261094,35.55047394706325],[139.50748717966357,35.55048286217282],[139.50720615626017,35.55092359865351],[139.50696049552687,35.55130887273619],[139.5069241928695,35.5513620430285],[139.50665782709265,35.55175229423964],[139.50643294231446,35.55208178482465],[139.50633344068,35.55222241614167],[139.50624754222977,35.55234382120967],[139.5059020009783,35.55271677118777],[139.5057981003969,35.55280453812668],[139.50536834245779,35.55312369778188],[139.50511319844318,35.553263993762194],[139.5048069679286,35.55341066066583],[139.5047909548834,35.5534175865557],[139.5045045855154,35.55283321856835],[139.50414899669255,35.55209158788257],[139.50382336273606,35.55139158698727],[139.50364656231875,35.550989806259466],[139.50353809673825,35.55065194741602],[139.50345185956286,35.55034168556151],[139.5033681948389,35.549850946625384],[139.5033516898688,35.54963143998189],[139.5033488211082,35.549448555034495],[139.50335770040843,35.549227464924016],[139.50345734484114,35.54823477379747],[139.50355678988663,35.547652199582096],[139.50365477859202,35.54698290119004],[139.50485584314657,35.54727860815911]]]]}},{"type":"Feature","properties":{"area_id":"14117068002","city":"横浜市","ward":"青葉区","town":"桂台","chome":"2","num_households":1753},"geometry":{"type":"MultiPolygon","coordinates":[[[[139.50365477859202,35.54698290119004],[139.50355678988663,35.547652199582096],[139.50345734484114,35.54823477379747],[139.50335770040843,35.549227464924016],[139.5033488211082,35.549448555034495],[139.5033516898688,35.54963143998189],[139.5033681948389,35.549850946625384],[139.50345185956286,35.55034168556151],[139.50353809673825,35.55065194741602],[139.50364656231875,35.550989806259466],[139.50382336273606,35.55139158698727],[139.50414899669255,35.55209158788257],[139.5045045855154,35.55283321856835],[139.5047909548834,35.5534175865557],[139.50450709979532,35.553539986431346],[139.50421910295108,35.55363684583772],[139.50394115136567,35.553722044436796],[139.5037678029447,35.55376447575031],[139.5034972787849,35.55381374459053],[139.50304771694073,35.55388461809055],[139.50304053787522,35.55388575969855],[139.5023799364354,35.554000784633566],[139.50235410667628,35.55400528868039],[139.5017851384336,35.55407708720062],[139.50141109348064,35.55412060003539],[139.50070816379406,35.55423299721109],[139.50055733612945,35.55426253004571],[139.49984055492766,35.5543738278074],[139.49913892727207,35.55448273213915],[139.49879958797982,35.554536330807615],[139.497827431261,35.554689878840044],[139.49737527188364,35.55476129116809],[139.4973200877548,35.55474764858379],[139.49720729142726,35.55370668308342],[139.49712854315575,35.55297979229439],[139.49701778719896,35.55195747710615],[139.49701699867043,35.551950259052816],[139.49694728280264,35.55134680916874],[139.49685076212546,35.55112059077687],[139.49684210366038,35.55110088633275],[139.49736863566991,35.551128038968336],[139.49740584101332,35.55112977186437],[139.49766121586137,35.55101462146699],[139.4981259867451,35.55079695552268],[139.4985233577886,35.550627576429946],[139.49868656374724,35.55057347029555],[139.49898383715055,35.55052922004871],[139.49913847126356,35.550473891643215],[139.4994255811541,35.550247084940516],[139.49947741799548,35.55008541095849],[139.49961870421066,35.54993948433787],[139.49975805582648,35.54976626633058],[139.49975230032723,35.54971414634079],[139.49970965500916,35.54946374436775],[139.4997012516272,35.54941440383674],[139.49966981957144,35.54922984055745],[139.4996564640215,35.54915141979958],[139.49972600501573,35.54906966333786],[139.49978554875827,35.548999660205446],[139.49979862749126,35.548984284144716],[139.4998040574593,35.548975274504194],[139.49984459633308,35.5487636762397],[139.49988763977498,35.548649438962485],[139.49993412621592,35.548582743309524],[139.50010124307656,35.54856100569083],[139.50025602397412,35.54850064182623],[139.50047056972966,35.548381964623836],[139.50053909872236,35.54831977099339],[139.500631774803,35.54796114388033],[139.5006882547806,35.54781184213188],[139.5007916795609,35.54764601827032],[139.50067376141874,35.547497943227576],[139.50067116922634,35.54740589763272],[139.5007030040614,35.547350040216486],[139.5002542655436,35.54687546988636],[139.5002059449177,35.54684417326877],[139.49948666446295,35.54655402576923],[139.4992622214773,35.54645768000103],[139.49925002758053,35.54644761079299],[139.49929915683623,35.54585313201728],[139.4993458452273,35.545825769121016],[139.49935238526612,35.545765648851095],[139.4994133736457,35.54578621038766],[139.4999063834154,35.5459777933132],[139.5001867553321,35.54609408433811],[139.50044807457954,35.54618648157175],[139.50062270544416,35.54624821297181],[139.50084414964394,35.54630919387767],[139.50101679233336,35.546346164482856],[139.50166187890167,35.54650148398736],[139.5024207510376,35.54668423599147],[139.50333064035885,35.54690445123013],[139.50365477859202,35.54698290119004]]]]}},{"type":"Feature","properties":{"area_id":"141170700","city":"横浜市","ward":"青葉区","town":"元石川町","chome":"","num_households":1235},"geometry":{"type":"MultiPolygon","coordinates":[[[[139.54491468251823,35.586920181516064],[139.5448184722713,35.587017130678866],[139.5441979264986,35.58761157614249],[139.54418512364387,35.58762383434141],[139.5439161018921,35.5880527840847],[139.54371967037193,35.588365997326015],[139.54355125038003,35.58824827839266],[139.54345398507837,35.58821769609964],[139.54289536118716,35.58814707130432],[139.54275859578334,35.5881330135118],[139.54261444612706,35.588086896203635],[139.54253175173784,35.5880143078632],[139.54249035677822,35.58797033789098],[139.54239932656452,35.58782456478985],[139.54227477306108,35.58755575879652],[139.5421984828976,35.58742864657414],[139.54212250192163,35.58726400117475],[139.5420582349919,35.58705987873122],[139.54174663462064,35.587417986937425],[139.5416325927105,35.58751577184199],[139.54151134790789,35.587585406435615],[139.54136245946998,35.58764025753259],[139.5411471382189,35.58769178000174],[139.54080447946978,35.587750460272396],[139.54067301759264,35.58779577549419],[139.54046733246525,35.5878228504745],[139.54024320998786,35.587840020085686],[139.53987140405823,35.58782380699854],[139.5397543132605,35.58779335035585],[139.53953872979676,35.58769660229965],[139.5393141737815,35.58754923490843],[139.53906715502342,35.587438326093576],[139.53872142907235,35.58736875981251],[139.53850925680644,35.58734824675275],[139.53850143519205,35.587347734302035],[139.53776557515747,35.587578015153944],[139.53764296087465,35.58727790707176],[139.5376104184911,35.58723620990448],[139.53730482704222,35.58701308178657],[139.53716092732742,35.586847034870495],[139.53702159787434,35.58674536205728],[139.53687898333732,35.58662311973163],[139.53678029205716,35.58631425137818],[139.53679140369147,35.586311991530316],[139.53690739208895,35.58627802289703],[139.53699932094523,35.5864855599073],[139.53704912530847,35.58644512011751],[139.53716565086722,35.586364064401586],[139.53725046999216,35.586304999376644],[139.53723884781135,35.58626429543417],[139.5371902107361,35.586151611458355],[139.53712741130005,35.58607991295955],[139.5370869585872,35.58605852918599],[139.5371349841677,35.58601619198926],[139.53720319774854,35.58595605721933],[139.53725361010024,35.585870921101204],[139.5372964653998,35.58579854646103],[139.5373258608114,35.585709635728854],[139.53740367506913,35.585474270154656],[139.5374828713982,35.5852347218544],[139.53751293520048,35.58514378488522],[139.5376501843341,35.58508373768594],[139.53794728549374,35.584953753377526],[139.53789622241527,35.58480017745564],[139.53784765961296,35.584654118174264],[139.53783160996286,35.58460584120032],[139.53782941096884,35.58459923244419],[139.53788000202056,35.58457013779088],[139.53802016457024,35.584489528471494],[139.5380759968113,35.58445741738295],[139.5380337503307,35.58440716114682],[139.53790996793066,35.58426831843787],[139.53777811282245,35.584126920297976],[139.53773750676456,35.584083430872234],[139.5376996041016,35.5840583377557],[139.5376876518187,35.58405042451032],[139.537578996331,35.583978487407684],[139.53750401158678,35.58393839328344],[139.53744060157803,35.583904490053044],[139.53737134583264,35.58387076288877],[139.53733182713785,35.58385427329633],[139.5371798346606,35.58381881379923],[139.53706987942223,35.583796073187166],[139.5369801856673,35.58378330601993],[139.5369410933023,35.58377785382667],[139.53686385099112,35.583767077135334],[139.53682708990826,35.583763913705475],[139.53678422297338,35.58376022261568],[139.5366407750451,35.58376077334186],[139.5366021078347,35.58375711170319],[139.53657238604632,35.583754297135144],[139.5365405592663,35.583749017156975],[139.5365067247246,35.58374340382432],[139.53644511598,35.58373318056175],[139.53642351381407,35.58372959689757],[139.53640356204417,35.583706313746845],[139.53638983638567,35.58369023349029],[139.53635905335176,35.58365350245234],[139.5363440344615,35.583634537905596],[139.53632528834459,35.58361086653261],[139.53632056561943,35.58360490238788],[139.5363109002899,35.58359269683579],[139.53629268564015,35.583572484431286],[139.53627436061177,35.583553536541665],[139.53625635512938,35.58353798328844],[139.53624020007675,35.58352470721794],[139.53622928501173,35.58351573731614],[139.53621509597178,35.583504075783225],[139.53620021031762,35.58349357830548],[139.53617164167952,35.58347500968579],[139.5361394044074,35.583456315997125],[139.53610541172185,35.58343789912652],[139.5360682473584,35.583419560302545],[139.53604632839549,35.58340820715778],[139.5360136785123,35.58339129489832],[139.5359945810964,35.58338003337541],[139.53597684241404,35.58336667141359],[139.53597135600307,35.58336253682213],[139.53595505392474,35.58334604638631],[139.53593801008537,35.58332908045387],[139.5359240878616,35.58331374840125],[139.53588886219708,35.583250332436116],[139.53583774288487,35.583158306152455],[139.53571194451223,35.582931838223274],[139.53562914437558,35.582783455690574],[139.53559422589356,35.58272415820909],[139.53550659291767,35.5825753433884],[139.53546144936033,35.582498683958626],[139.53545087905474,35.58245837950385],[139.53542491356973,35.58235937500968],[139.53539451843065,35.58224347614546],[139.53561699741076,35.58234391849358],[139.53581123416234,35.582368161747844],[139.5360860669623,35.58236408136301],[139.53630212001127,35.58233968315795],[139.5364203531012,35.582285572811976],[139.53652063408967,35.58220268922009],[139.5367092231696,35.58198615469382],[139.53679407144764,35.581950484224144],[139.53705134191244,35.58191069114624],[139.5372083030397,35.581855796073135],[139.53734976024427,35.581774595683534],[139.5374876877605,35.58167955090005],[139.53762415187418,35.5816136535873],[139.53797540513852,35.58153229687143],[139.53813219442313,35.581536021677174],[139.53841323250037,35.58159680859217],[139.53853206128773,35.58161498481245],[139.53866290313297,35.581607203929785],[139.53879982660126,35.58163387131616],[139.53891030963248,35.58167153232453],[139.53904723193622,35.5816982005136],[139.53929464946648,35.58172415102706],[139.53939523634725,35.581715734326885],[139.53950151257519,35.58167180345573],[139.53962814855916,35.58159369831453],[139.53978722391716,35.58146680154957],[139.53987261165364,35.58135317636272],[139.54040144912366,35.58132266139105],[139.54069163465775,35.581339170617234],[139.54095202452027,35.58137088707132],[139.5410952001753,35.58137334565567],[139.54117193143742,35.58135814288399],[139.54213990564656,35.58112499030163],[139.54296767452576,35.58092561258824],[139.54306555355555,35.580878596029294],[139.54316746378092,35.58066955674557],[139.54324088272367,35.58046678583158],[139.54324123963346,35.58034950476368],[139.5432995598705,35.580324611022576],[139.54338234730446,35.580308893834044],[139.5435120769663,35.580328076019114],[139.54388592443004,35.580144894985224],[139.54390187672166,35.58008342257363],[139.54395943626844,35.580077680531076],[139.54416134341406,35.58022787104134],[139.54428272715646,35.580266574147345],[139.54442060087877,35.58028654880359],[139.54451478393062,35.58028427324743],[139.5445661861846,35.580253129876056],[139.54477711090564,35.58022595742745],[139.5447990417004,35.58019210316182],[139.54479919455787,35.58010735558816],[139.54495687047287,35.58001308832524],[139.5450612763664,35.57997249333637],[139.545201930906,35.579883149823736],[139.54549679704442,35.57960777499004],[139.54557005545328,35.57955069876241],[139.5457585720409,35.57944921547167],[139.54590548189302,35.57929182680322],[139.54593083904427,35.5791543951897],[139.5460490744498,35.579066548003176],[139.5461017896661,35.57904758844156],[139.5461393627305,35.578996025636236],[139.54632732438665,35.57827475381328],[139.54632308692072,35.57816957531396],[139.54629546918943,35.57816697432805],[139.54632174276955,35.57798472519689],[139.54632108557408,35.57773396630814],[139.54600406300403,35.57731849010274],[139.54592322082988,35.57735125441784],[139.54576207532222,35.57741048014001],[139.5454586878211,35.57752204139006],[139.54540733114766,35.577540931613576],[139.54541114531236,35.577667622157186],[139.54512304472047,35.57765581187857],[139.54494449129803,35.57761165713304],[139.54477251946736,35.57754104125816],[139.5446946724395,35.57748920498491],[139.54468033071618,35.57755856752539],[139.54459391356673,35.57763134911134],[139.54451207981097,35.577765792871055],[139.54448051427423,35.57793246690866],[139.5444124505082,35.57806106355607],[139.54427316463443,35.578123508884445],[139.5441239001408,35.578240116735124],[139.5433994272028,35.57834996384098],[139.54258596135512,35.57846888916439],[139.5423732107156,35.578429718333396],[139.54230110891555,35.57836870362421],[139.54212334235325,35.57830321046932],[139.54185168422796,35.57829107868046],[139.5417837172153,35.57830239397975],[139.5416558948714,35.578352928641245],[139.5414664873389,35.57843788986585],[139.54137073333249,35.578469348163786],[139.5413814345691,35.57856739660716],[139.5404963093611,35.57856149349085],[139.53935772012875,35.578571729581135],[139.5393539539973,35.57829212351443],[139.53923097178435,35.57822031520503],[139.53909726064114,35.57805964823503],[139.53874687136758,35.57799168859224],[139.53846275534224,35.57791617839921],[139.53823385481985,35.57783326724745],[139.53807365583327,35.57772700341248],[139.5378292489309,35.57781781032037],[139.53779909282716,35.57783167956114],[139.53776180929577,35.57777352889647],[139.53748332203966,35.577328334874885],[139.53734489701378,35.57707980806537],[139.53753683160738,35.57703510361809],[139.53754905979204,35.576816027471374],[139.53752019521582,35.5766428340145],[139.53734575441226,35.57649607899598],[139.5372348917028,35.576476020540404],[139.53724446539175,35.57629897805805],[139.53707301564197,35.57605984069936],[139.536935292048,35.57596683396341],[139.53677870716248,35.57589881342704],[139.536553621926,35.57598712979593],[139.53636960367783,35.57568057134702],[139.53633138147669,35.5755796035319],[139.5365320872261,35.575516368816295],[139.53648053432534,35.575314141114994],[139.53648231748463,35.575059089660854],[139.53646079200718,35.57494788229685],[139.5363809302879,35.57481949119336],[139.53617955714859,35.57460326921947],[139.5359998304852,35.574116344091436],[139.53601222710898,35.57405081461315],[139.53616299190253,35.57373352876446],[139.53631612184677,35.57352208663342],[139.5363886932029,35.573424314620354],[139.53646583600727,35.573318894154625],[139.53664966594388,35.573255476763315],[139.53680639112187,35.57323963666104],[139.53688366696497,35.57322720738257],[139.53694329994428,35.57321203062052],[139.5369642923582,35.57320396936372],[139.5369924506385,35.57318413473004],[139.53702670548665,35.57315634510941],[139.53709263410508,35.57310603648735],[139.53717678884598,35.57302331818399],[139.53721851654035,35.5729506417309],[139.53727910009792,35.57287512068245],[139.53738788493476,35.57266198339752],[139.53736729548547,35.572629052692],[139.53723617370986,35.57241933841779],[139.53724002325657,35.57241792902266],[139.53811497482937,35.57209770501302],[139.53839385584493,35.57199663160294],[139.5387300448911,35.57187478133566],[139.5387586929857,35.571871894642],[139.5389889892282,35.57219264419268],[139.53927406075692,35.572531942853765],[139.53931613388272,35.57258204249645],[139.53962370824615,35.572890551160945],[139.54013782278685,35.573372014350234],[139.5405850554051,35.57382454635195],[139.54110411827935,35.57442995172503],[139.5414300605022,35.57481162936276],[139.54192367113433,35.57537978780378],[139.54213464168737,35.57562260333896],[139.54231008194776,35.57578731056989],[139.54236924765195,35.57585501869776],[139.54241688415084,35.5758813280358],[139.5427242808315,35.57604363982028],[139.54301468229505,35.57612052835732],[139.54374153289282,35.576194728800004],[139.5448809102291,35.576297722283186],[139.5449019378972,35.57629918015811],[139.54507351361244,35.57631120749623],[139.54563348660758,35.576350353036965],[139.5462617426031,35.576409409937476],[139.54730131745063,35.57650794557048],[139.54795149618775,35.57666663980746],[139.5479804111034,35.576673678208714],[139.54850398905862,35.576851121227854],[139.5482714678213,35.577479663290546],[139.54822701464542,35.57759982336694],[139.5481075964277,35.57788899592517],[139.5480978627019,35.57791143749608],[139.54784366224558,35.57883095853458],[139.54773566373265,35.579290888791675],[139.54765563151017,35.57966705158097],[139.54754455619008,35.58005828166407],[139.5474805035998,35.58025452869274],[139.54743267342184,35.580360853882866],[139.54738545181348,35.58046587720004],[139.54729768926086,35.58056601774892],[139.54716039756724,35.58083201798263],[139.5470498115946,35.580968687223894],[139.54695864245707,35.58108135461154],[139.54673592877305,35.58129676973266],[139.54652118512828,35.58145171006096],[139.54581202216664,35.58196352140783],[139.54570533307552,35.58203340578093],[139.5453972434792,35.58221368498231],[139.54536253859402,35.58223398875036],[139.54500884927106,35.58247390991999],[139.5447461663455,35.582647887984294],[139.5444227954965,35.58292386350952],[139.54418421933394,35.58319584926898],[139.5439398933592,35.58353809848549],[139.54393154431105,35.58358877981308],[139.54382691866502,35.583815349114374],[139.5437400378936,35.584249692662404],[139.54366389436757,35.584472209764954],[139.5434909603186,35.58489360283089],[139.54332307294004,35.585541192735555],[139.54327658755602,35.5857325136179],[139.54331588822967,35.58574109282115],[139.54323916242933,35.58602314658421],[139.54318143978992,35.58620475865292],[139.54309725408945,35.58646957781874],[139.54291101497975,35.58683126094761],[139.54383754111777,35.5868679411824],[139.5445535724509,35.58689090986447],[139.54491468251823,35.586920181516064]]]]}},{"type":"Feature","properties":{"area_id":"14117071001","city":"横浜市","ward":"青葉区","town":"美しが丘","chome":"1","num_households":2731},"geometry":{"type":"MultiPolygon","coordinates":[[[[139.55260903685894,35.58437198353951],[139.55245306273622,35.58408382848594],[139.55232098464927,35.583839844163855],[139.5521858466801,35.583590185060714],[139.5519426174162,35.58314085402837],[139.5516970945442,35.58273848456492],[139.5516012475839,35.58251317272704],[139.55155153281666,35.582382715346405],[139.55151719623936,35.58219976053091],[139.55151261125093,35.58209940451737],[139.55159786339516,35.581797966547086],[139.5517799925343,35.58153076234009],[139.5518005911105,35.58148243324782],[139.5521134526825,35.58101505054191],[139.55230611297708,35.580780157689965],[139.55275481709361,35.58007222080772],[139.5527626590141,35.580060691391076],[139.55327797345987,35.57929477621877],[139.5534393960483,35.57905484605723],[139.55348725186886,35.57898235497889],[139.55368133534247,35.57868841747641],[139.55388147970825,35.578467307216734],[139.5541229052478,35.57808697027365],[139.5542448815019,35.57793627435455],[139.55435468812803,35.577870544223714],[139.55463185168878,35.57770460438932],[139.55464593043152,35.577696186443305],[139.55468677160977,35.57768853373711],[139.55471631364006,35.57768296775764],[139.55519008423633,35.57759401925625],[139.5552375448278,35.57759148724748],[139.55576135726722,35.57756345580177],[139.55583062992085,35.57755973973445],[139.5557149451594,35.57670718154275],[139.5556492326591,35.576222843527034],[139.55556122269815,35.57557409137023],[139.5555417875469,35.5754308266356],[139.55573460914832,35.57538038970728],[139.55577151571913,35.57538230367092],[139.55590933298942,35.575553414101016],[139.5560461910399,35.57572828948278],[139.55621017638697,35.57586020187383],[139.55634834554155,35.57594216371998],[139.55644348974272,35.57602195187565],[139.55656715469215,35.57618007281049],[139.55674198647117,35.57637929151838],[139.5569582334441,35.57655434577437],[139.55729507674647,35.57684688279635],[139.55737224429672,35.576903459735185],[139.5577609914837,35.57703584117501],[139.55791026500924,35.57711064422524],[139.55826062944263,35.57723825560459],[139.55833191182933,35.57727057531569],[139.55836636720923,35.57719674323607],[139.55859437183952,35.57725645050306],[139.55866840838485,35.577275839257524],[139.55866194897683,35.57729692566094],[139.5586427457782,35.577359606247455],[139.55879376826533,35.577398703018886],[139.5588634956588,35.577365861617814],[139.55888328151633,35.577356541155474],[139.55906369148076,35.57740035142058],[139.55932534950702,35.57746389173131],[139.5593739632566,35.57744417195176],[139.55955590289344,35.57747612743406],[139.55971872411337,35.57761439781911],[139.5598235086484,35.57762364626006],[139.55984369945463,35.57752634685243],[139.56016573195382,35.577591894682016],[139.56015734867913,35.57762079584373],[139.56021484561668,35.577626170831095],[139.56014226643714,35.5778229997429],[139.56005010331506,35.5779928514862],[139.55961275771583,35.57870885857327],[139.55881746441804,35.57842515671203],[139.55825572721088,35.5793852325297],[139.55823652267748,35.57941803810644],[139.55799348168543,35.57983344266107],[139.55777036671313,35.58021478227665],[139.55774930293884,35.58025078467301],[139.55739483551113,35.58085660017248],[139.5573896546481,35.58086546218154],[139.55723260557,35.58113318808758],[139.55705072556253,35.58143954888158],[139.5568968025968,35.58170626106906],[139.5567149792534,35.58199558174073],[139.55640724614778,35.582494849368565],[139.55604840871095,35.58315761639228],[139.55545841392967,35.58335059586165],[139.55544449335474,35.58335626808757],[139.55485555382162,35.58356716906706],[139.55483866572217,35.5835650879938],[139.55260903685894,35.58437198353951]]]]}},{"type":"Feature","properties":{"area_id":"14117071002","city":"横浜市","ward":"青葉区","town":"美しが丘","chome":"2","num_households":3039},"geometry":{"type":"MultiPolygon","coordinates":[[[[139.55661857227477,35.58562006822723],[139.5565729464294,35.5858904375261],[139.55659003294505,35.58616098471223],[139.55649236946067,35.58659129664101],[139.55647468881313,35.58666924632949],[139.5561986245789,35.586903572982486],[139.5561687851296,35.58693815144991],[139.55611129361003,35.587004778242296],[139.55608699346698,35.587032925919196],[139.55589297926306,35.58742901489476],[139.55569893576865,35.587595079210395],[139.55546014034468,35.58771410953073],[139.5553993046446,35.58772456964847],[139.55509090704086,35.58777766947149],[139.5548464127198,35.587748489313],[139.55482624762328,35.587746084493155],[139.5547701492436,35.587739372931736],[139.5538042054939,35.58800800445801],[139.55345299308692,35.588206417957146],[139.55322584001087,35.58835951680693],[139.55317303785338,35.58840897084493],[139.55302924790837,35.58854363461997],[139.55275887750443,35.58868547413048],[139.55269968962682,35.58868699297102],[139.5525818752953,35.588194392352534],[139.55233869448261,35.58717463126748],[139.55232883867166,35.58713337858861],[139.55233621318706,35.586940553612514],[139.5523813296625,35.586789116194495],[139.55276563025825,35.58609877340198],[139.5529437035124,35.58577247793931],[139.55302404012392,35.585589117968325],[139.55306487531928,35.58531141351472],[139.55300674770135,35.5850705223623],[139.55288105306627,35.584849757320264],[139.55260903685894,35.58437198353951],[139.55483866572217,35.5835650879938],[139.55485555382162,35.58356716906706],[139.55544449335474,35.58335626808757],[139.55545841392967,35.58335059586165],[139.55604840871095,35.5831576163923],[139.55640724614778,35.58249484936859],[139.5567149792534,35.58199558174073],[139.55689680259678,35.58170626106906],[139.55705072556253,35.58143954888158],[139.55723260557,35.581133188087605],[139.5573896546481,35.58086546218154],[139.55739483551113,35.58085660017248],[139.55774930293884,35.58025078467301],[139.55777036671313,35.58021478227667],[139.55799348168543,35.57983344266107],[139.55823652267748,35.57941803810644],[139.55825572721088,35.5793852325297],[139.55881746441804,35.57842515671203],[139.55961275771583,35.57870885857327],[139.56005010331506,35.5779928514862],[139.56014226643714,35.5778229997429],[139.56021484561668,35.577626170831095],[139.5607190805613,35.57772074223215],[139.56103050983018,35.57774048574449],[139.56157346430882,35.577747928653864],[139.56201896478493,35.577738536185116],[139.56288791214521,35.577658393008996],[139.5629428138814,35.57762816509126],[139.5630366551521,35.577623585301815],[139.5630541928218,35.57772051767266],[139.56345962240067,35.577714197662445],[139.56397205000667,35.57770624823227],[139.56430476807998,35.577701065309924],[139.56437461926816,35.577781848106525],[139.56450664773425,35.57777699707205],[139.56474999230596,35.57776809727212],[139.56486906877814,35.57780156084168],[139.56585616866147,35.57781221434957],[139.56566318676104,35.578047123295576],[139.56562585817403,35.578093658274646],[139.5652518142959,35.57859388346149],[139.56493705937137,35.57878813930666],[139.56483779311603,35.57879696954856],[139.56470576241426,35.57880868566765],[139.5646402543167,35.578814491154866],[139.56462941162988,35.578815453122225],[139.56439985245817,35.57898662340986],[139.56426832914852,35.579084669666315],[139.56419458266842,35.57908588084792],[139.56417817955236,35.57909344912418],[139.56414617392807,35.57899155807355],[139.56405906340558,35.578974254277114],[139.56398879971113,35.578990823230875],[139.5639731861375,35.57900694992174],[139.56376193737358,35.579244137837556],[139.56366897813166,35.579351282640175],[139.5636194174174,35.579408388312515],[139.56350085145044,35.57948477547325],[139.5634148886638,35.579517467389906],[139.56323944175404,35.57958418836674],[139.56295346781283,35.57970850863505],[139.5628205463747,35.579811516300936],[139.56275283709988,35.57993301289704],[139.5627411091027,35.57999871907638],[139.56272897678167,35.58006896917311],[139.5627091161601,35.580194514657805],[139.56274999420003,35.580394989248205],[139.56275126224045,35.58040120852545],[139.5627510716883,35.580457857768515],[139.56269273834727,35.580764745548734],[139.56256543087065,35.58106894591907],[139.56241851929354,35.58121100385175],[139.56229937516187,35.58133661191617],[139.56214592048954,35.58147622328484],[139.56214047725103,35.58148624672176],[139.56212334609577,35.5815178248176],[139.56209809737038,35.581681805893545],[139.5620876701172,35.581757198077035],[139.56208369454433,35.58178602659692],[139.56201277019215,35.58194025671066],[139.56190261484957,35.58209056480383],[139.56189098812706,35.582106417676705],[139.56173914069356,35.58234342066481],[139.56168751809065,35.582480619684404],[139.5616717294022,35.58252258780225],[139.56165200764505,35.58254902084118],[139.56158927123295,35.58263303052047],[139.56145236798076,35.582701030893794],[139.56127847688538,35.58285394398721],[139.56125040067528,35.58294214877172],[139.56123554488042,35.58298876868268],[139.56120426594927,35.58308703544178],[139.56112030234058,35.583183495883176],[139.56097783316264,35.58327158823873],[139.56084607546484,35.58335340140236],[139.56070382256755,35.58344170583919],[139.56047020566422,35.58361525765726],[139.5604270540357,35.5836363919295],[139.56038439955668,35.58365728193695],[139.56033127423333,35.58368328799666],[139.5600366853346,35.58393423352522],[139.55990250734632,35.58401111204068],[139.55982673925146,35.58405453100355],[139.55966883024058,35.58414501743295],[139.55958098788474,35.584183128651695],[139.55929530489757,35.58421583475403],[139.55902886066124,35.584294177895295],[139.5587646319524,35.58441114546309],[139.55864694239918,35.58446777883255],[139.55858857151617,35.584495850081325],[139.55842736677238,35.584515276286155],[139.55826612207156,35.58454677766537],[139.55792082033693,35.58471260994518],[139.55777365196667,35.58480558151093],[139.55768582612347,35.584838728790025],[139.55736013176522,35.58488559670973],[139.55721958202756,35.584965027232116],[139.55699525208578,35.585160422244364],[139.5567335355972,35.585341438907065],[139.55661483457317,35.58555354995986],[139.55661857227477,35.58562006822723]]]]}},{"type":"Feature","properties":{"area_id":"14117071003","city":"横浜市","ward":"青葉区","town":"美しが丘","chome":"3","num_households":1088},"geometry":{"type":"MultiPolygon","coordinates":[[[[139.55269968962682,35.58868699297102],[139.55251469067596,35.588691675328235],[139.5519944766018,35.58860073488291],[139.55142571947977,35.58860481498569],[139.55106046340723,35.58853978806047],[139.55069267906126,35.58849510406444],[139.5503090662205,35.588367254312445],[139.54988447569207,35.58833402218064],[139.54943511753024,35.5883936474862],[139.54907358696667,35.58840978224798],[139.5488661108943,35.588493415499585],[139.5487096994845,35.58855649910025],[139.54813363370297,35.58877514757358],[139.54769729037346,35.58899929587474],[139.54755801317555,35.58912885960836],[139.54751347425918,35.58921114451629],[139.5473993396023,35.589251792152574],[139.54721560005024,35.589356849521565],[139.54701872110746,35.58952613462591],[139.54691889523554,35.58971307318183],[139.5468201895911,35.589772417835576],[139.54625166690442,35.589796780917034],[139.5457650539289,35.59020624483388],[139.54560681915933,35.5901374585455],[139.54544265765853,35.5900326388254],[139.54528624805343,35.58991171185582],[139.54520972203568,35.58981833134951],[139.5449733796307,35.58957493368963],[139.5448039742244,35.589405702014325],[139.54460347571268,35.589295056787556],[139.544477633075,35.589227578026765],[139.544318322007,35.58918361048145],[139.54380623385453,35.58917605589202],[139.5435243060156,35.58916897603726],[139.5433939840957,35.58912479515251],[139.54337538780015,35.58908151365245],[139.5433647647297,35.58905680597227],[139.5433456996975,35.58901239664621],[139.54342665903235,35.58885393643125],[139.54370098385093,35.58870311886426],[139.54377703686285,35.588596579587346],[139.54371967037193,35.588365997326015],[139.5439161018921,35.5880527840847],[139.54418512364387,35.58762383434141],[139.5441979264986,35.58761157614249],[139.5448184722713,35.587017130678866],[139.54491468251823,35.586920181516064],[139.54513283201217,35.586582441514544],[139.54514117560805,35.58656936348299],[139.54535121289837,35.58624016349425],[139.54561767697848,35.58582444663007],[139.5460388292294,35.58565925582156],[139.54626976967884,35.585540758968946],[139.54636282612984,35.58546929300443],[139.54637687314587,35.58545851697898],[139.54729704894902,35.58475174285142],[139.54790588837443,35.584284073389306],[139.54819084998155,35.58442691096258],[139.54847809367277,35.584570880872256],[139.54862094579616,35.584396963109576],[139.5487028794512,35.584306490378815],[139.54872474267512,35.584291154862],[139.54884099825938,35.58420967081908],[139.54896994276737,35.58414110100422],[139.5493165923681,35.58403712369373],[139.54963599723445,35.58396491070085],[139.54993172533835,35.583859264538134],[139.55121559601469,35.5834006055848],[139.5519426174162,35.58314085402837],[139.5521858466801,35.583590185060714],[139.55232098464927,35.583839844163855],[139.55245306273622,35.58408382848594],[139.55260903685894,35.58437198353951],[139.55288105306627,35.584849757320264],[139.55300674770135,35.5850705223623],[139.55306487531928,35.58531141351472],[139.55302404012392,35.585589117968325],[139.5529437035124,35.58577247793931],[139.55276563025825,35.58609877340198],[139.5523813296625,35.586789116194495],[139.55233621318706,35.586940553612514],[139.55232883867166,35.58713337858861],[139.55233869448261,35.58717463126748],[139.5525818752953,35.588194392352534],[139.55269968962682,35.58868699297102]]]]}},{"type":"Feature","properties":{"area_id":"14117071004","city":"横浜市","ward":"青葉区","town":"美しが丘","chome":"4","num_households":2706},"geometry":{"type":"MultiPolygon","coordinates":[[[[139.5519426174162,35.58314085402837],[139.55121559601469,35.5834006055848],[139.54993172533835,35.583859264538134],[139.54963599723445,35.58396491070085],[139.5493165923681,35.58403712369373],[139.54896994276737,35.58414110100422],[139.54884099825938,35.58420967081908],[139.54872474267512,35.584291154862],[139.5487028794512,35.584306490378815],[139.54862094579616,35.584396963109576],[139.54847809367277,35.584570880872256],[139.54819084998155,35.58442691096258],[139.54790588837443,35.584284073389306],[139.54729704894902,35.58475174285142],[139.54637687314587,35.58545851697898],[139.54636282612984,35.58546929300443],[139.54626976967884,35.585540758968946],[139.5460388292294,35.58565925582156],[139.54561767697848,35.58582444663007],[139.54535121289837,35.58624016349425],[139.54514117560805,35.58656936348299],[139.54513283201217,35.586582441514544],[139.54491468251823,35.586920181516064],[139.5445535724509,35.58689090986447],[139.54383754111777,35.5868679411824],[139.54291101497975,35.58683126094761],[139.54309725408945,35.58646957781874],[139.54318143978992,35.58620475865292],[139.54323916242933,35.58602314658421],[139.54331588822967,35.58574109282115],[139.54327658755602,35.5857325136179],[139.54332307294004,35.585541192735555],[139.5434909603186,35.58489360283089],[139.54366389436757,35.584472209764954],[139.5437400378936,35.584249692662404],[139.54382691866502,35.583815349114374],[139.54393154431105,35.58358877981308],[139.5439398933592,35.58353809848549],[139.54418421933394,35.58319584926898],[139.5444227954965,35.58292386350952],[139.5447461663455,35.582647887984294],[139.54500884927106,35.58247390991999],[139.54536253859402,35.58223398875036],[139.5453972434792,35.58221368498231],[139.54570533307552,35.58203340578093],[139.54581202216664,35.58196352140783],[139.54652118512828,35.58145171006096],[139.54673592877305,35.58129676973266],[139.54695864245707,35.58108135461154],[139.5470498115946,35.580968687223894],[139.54716039756724,35.58083201798263],[139.54729768926086,35.58056601774892],[139.54738545181348,35.58046587720004],[139.54743267342184,35.580360853882866],[139.5474805035998,35.58025452869274],[139.54754455619008,35.58005828166407],[139.54765563151017,35.57966705158097],[139.54773566373265,35.579290888791675],[139.54784366224558,35.57883095853458],[139.5480978627019,35.57791143749608],[139.5481075964277,35.57788899592517],[139.54822701464542,35.57759982336694],[139.5482714678213,35.577479663290546],[139.54850398905862,35.576851121227854],[139.54875076082698,35.57692077702808],[139.54917261999776,35.577039851189205],[139.54920887220226,35.57705007570326],[139.5495636942203,35.57715022390047],[139.55004579025652,35.57728629822824],[139.55008753305827,35.57729804973366],[139.55089554453488,35.57752613731723],[139.55131591240226,35.577629601624906],[139.55203901010648,35.57780625691511],[139.5522710077686,35.57786291435353],[139.55269612038273,35.57797243992624],[139.55316135260006,35.57815215701739],[139.55388147970825,35.578467307216734],[139.55368133534247,35.57868841747641],[139.55348725186886,35.57898235497889],[139.5534393960483,35.57905484605723],[139.55327797345987,35.57929477621877],[139.5527626590141,35.580060691391076],[139.55275481709361,35.58007222080772],[139.55230611297708,35.580780157689965],[139.5521134526825,35.58101505054191],[139.5518005911105,35.58148243324782],[139.5517799925343,35.58153076234009],[139.55159786339516,35.581797966547086],[139.55151261125093,35.58209940451737],[139.55151719623936,35.58219976053091],[139.55155153281666,35.582382715346405],[139.5516012475839,35.58251317272704],[139.5516970945442,35.58273848456492],[139.5519426174162,35.58314085402837]]]]}},{"type":"Feature","properties":{"area_id":"14117071005","city":"横浜市","ward":"青葉区","town":"美しが丘","chome":"5","num_households":2457},"geometry":{"type":"MultiPolygon","coordinates":[[[[139.5547643273942,35.57110648698724],[139.55489010161477,35.57174778303156],[139.55500272781038,35.57232201365284],[139.5550337059814,35.57247999304731],[139.55507596518697,35.57269077815914],[139.55515095952282,35.573081308826765],[139.55520026603753,35.573329359578835],[139.55525481575532,35.57361287845766],[139.555289410884,35.57378666033027],[139.5553259402021,35.57397016197628],[139.55538124975038,35.57425209971527],[139.55538626663173,35.57428460708008],[139.55545439324933,35.57478659168747],[139.5555417875469,35.57543082663559],[139.55556122269815,35.5755740913702],[139.5556492326591,35.57622284352703],[139.5557149451594,35.57670718154275],[139.55583062992085,35.577559739734404],[139.55576135726722,35.57756345580177],[139.5552375448278,35.57759148724748],[139.55519008423633,35.57759401925625],[139.55471631364006,35.57768296775764],[139.55468677160977,35.57768853373711],[139.55464593043152,35.577696186443305],[139.55463185168878,35.57770460438932],[139.55435468812803,35.577870544223714],[139.5542448815019,35.57793627435455],[139.5541229052478,35.57808697027365],[139.55388147970825,35.578467307216734],[139.55316135260006,35.57815215701739],[139.55269612038273,35.57797243992624],[139.5522710077686,35.57786291435353],[139.55203901010648,35.57780625691511],[139.55131591240226,35.577629601624906],[139.55089554453488,35.57752613731723],[139.55008753305827,35.57729804973366],[139.55004579025652,35.57728629822824],[139.5495636942203,35.57715022390047],[139.54920887220226,35.57705007570326],[139.54917261999776,35.577039851189205],[139.54875076082698,35.57692077702808],[139.54850398905862,35.576851121227854],[139.54875331327642,35.576199073244226],[139.54891111047226,35.57578637106715],[139.54906740516265,35.575377644381],[139.54912232342292,35.57523398018447],[139.54924405674026,35.57491562364064],[139.54936712834308,35.574650929411156],[139.54953356529643,35.574407918422494],[139.54983386194397,35.5740546623338],[139.55024127990254,35.573560149155036],[139.55027285582437,35.573521822330996],[139.55060598334236,35.57311747421898],[139.55112601966823,35.57251805044356],[139.5515007241528,35.5720861311863],[139.55180601111567,35.571822735748185],[139.55220723314793,35.57155762443546],[139.55244640240565,35.571437585866015],[139.55254802762872,35.571386556087404],[139.552588393387,35.571366298417296],[139.55319447411551,35.57118538207582],[139.5538356484799,35.57115414508999],[139.55399025656553,35.571147070470154],[139.55408458794727,35.571142392604685],[139.5547643273942,35.57110648698724]]]]}},{"type":"Feature","properties":{"area_id":"14117076000","city":"横浜市","ward":"青葉区","town":"荏田町","chome":"","num_households":628},"geometry":{"type":"MultiPolygon","coordinates":[[[[139.56280291571102,35.55944107660441],[139.56251339920104,35.55916836910867],[139.5623685930744,35.55925311052586],[139.56204533670493,35.559463924116855],[139.56166197513426,35.55970477601798],[139.56149090719532,35.55982649777898],[139.56144470920896,35.55980921152975],[139.56121160719854,35.559901465103025],[139.56093622114835,35.56000386860122],[139.56059254859326,35.56009625880912],[139.56031822965747,35.56014423002066],[139.55997393901046,35.5602094714637],[139.55927525610568,35.56037020949607],[139.558757484309,35.56049083299631],[139.55804091701538,35.56066086141277],[139.5579822646154,35.56062576623619],[139.5571198154638,35.56010961740593],[139.55630530255277,35.5596591999542],[139.55576586933088,35.55936090977351],[139.55483081588116,35.5589830900016],[139.5549639729984,35.558676755788845],[139.55497246558306,35.558657233401895],[139.55500694131223,35.558408628301656],[139.55554642266182,35.55863449634086],[139.5554730842733,35.55739016777922],[139.5554775999581,35.557238003373854],[139.55563660444858,35.557222380792],[139.5557475912539,35.5572804127879],[139.55631302156215,35.557470670562196],[139.5562494752594,35.557617631382804],[139.55624527973185,35.55778352807513],[139.5562571964382,35.5582111031925],[139.55662063104353,35.558210029199145],[139.5567197518637,35.55809286580664],[139.55689251292975,35.55798763068263],[139.55699636217935,35.55808550160275],[139.55728773521736,35.558151722638954],[139.55732510697328,35.558066777297846],[139.55741539888896,35.55764210996659],[139.55742401550032,35.55734292023958],[139.55738563123072,35.55711626084425],[139.55746281625343,35.55711203472607],[139.55758596465296,35.557142524111306],[139.55769247796826,35.55721747921038],[139.55788438095163,35.557464379333155],[139.55791175944753,35.55752785390528],[139.55813045473332,35.55763418745218],[139.55833014882526,35.557633265732306],[139.55866797411176,35.55759790447929],[139.55907938429525,35.5574773597118],[139.55930422521863,35.5574186795923],[139.55906102439667,35.556970023165405],[139.55907851224646,35.556783523668926],[139.55905026875718,35.556620123988914],[139.55894334380247,35.55647665076604],[139.55959536113622,35.55625708017968],[139.55989867403957,35.556174919200224],[139.56006920357507,35.55605175606814],[139.56023926924905,35.555969433894695],[139.56042505408385,35.55590165322937],[139.56057636864915,35.55589122078696],[139.56076023349985,35.555918851777655],[139.56090238187383,35.55596811363464],[139.5609397365381,35.55586746371608],[139.56095817458768,35.55530581267338],[139.56091893401097,35.555125452994965],[139.56114284613273,35.5551406399953],[139.56126549808485,35.555189294848596],[139.5613621555386,35.555274154306396],[139.56133374734122,35.55542394068019],[139.56150506938965,35.55548435846374],[139.56170404509078,35.5555220572545],[139.56175967707654,35.55551980183581],[139.5617523018547,35.55541793173096],[139.56170376977443,35.555417822629394],[139.56169535125548,35.5554177585906],[139.56167645193133,35.555191028422534],[139.56185761149067,35.55524157353397],[139.5620268871377,35.55526364320788],[139.56239996439612,35.55527307096484],[139.5626121019543,35.55539357443512],[139.56232233676016,35.55569459724246],[139.56237145904066,35.55586504863499],[139.56284257825638,35.55634699045891],[139.563170934249,35.55637610261251],[139.5631571798472,35.55646180600052],[139.5630322440839,35.55724038759877],[139.5630135310499,35.557511807856095],[139.56303229429002,35.557639482157946],[139.56309083833605,35.55784090378011],[139.56325564951632,35.558115021640454],[139.56336187771643,35.55827616401308],[139.56353659848438,35.55847464017583],[139.56386949311818,35.5588089166108],[139.56386791462387,35.55881042653711],[139.5633287487221,35.559078082715004],[139.56310247661366,35.559190422696716],[139.56291159244893,35.55931174977171],[139.56280886433368,35.55943401340912],[139.56280291571102,35.55944107660441]]]]}},{"type":"Feature","properties":{"area_id":"14117076001","city":"横浜市","ward":"青葉区","town":"荏田町","chome":"","num_households":2273},"geometry":{"type":"MultiPolygon","coordinates":[[[[139.55554642266182,35.55863449634086],[139.55500694131223,35.558408628301656],[139.55497246558306,35.558657233401895],[139.5549639729984,35.558676755788845],[139.55483081588116,35.5589830900016],[139.55353284854044,35.55855231914],[139.55290345309245,35.55834971840877],[139.55339406556212,35.55781344462652],[139.5536420792236,35.557500755763535],[139.55390143121355,35.557173198424294],[139.55398045595953,35.55706194180144],[139.5540473121194,35.55696783944904],[139.5543433167595,35.55655121569582],[139.55443909425162,35.556355600680114],[139.55467146987274,35.55577982440194],[139.55472281679508,35.555598472352386],[139.5548054650359,35.555194667473366],[139.55486289256137,35.554653206625034],[139.5548631826881,35.554650320111286],[139.554915093527,35.554152154296304],[139.5549942636072,35.55339202243142],[139.55502067858546,35.55313839228103],[139.55507149047347,35.552650508425984],[139.55508091737462,35.55255996949488],[139.5551345268902,35.55199934157714],[139.55515549675707,35.55178017382729],[139.5551864856842,35.55156624009157],[139.55541186968065,35.55174995290529],[139.55565489730242,35.55193388217997],[139.55579273019134,35.55203820649795],[139.55623298588418,35.5521649471147],[139.55634782160843,35.55219841203947],[139.55653589147477,35.552303238444644],[139.55676841861657,35.55245376070692],[139.5569394561759,35.55255041357881],[139.55696004165839,35.55258408623541],[139.55698039220482,35.55261737049544],[139.55734105427302,35.552556785529234],[139.55748143630564,35.55252844402689],[139.5574688946899,35.552648269144775],[139.55749503784526,35.5527448029776],[139.5575191270022,35.55279351688997],[139.5575373252355,35.55282007109764],[139.55767622808207,35.55297773901402],[139.55760176237592,35.55314432272862],[139.5578692839568,35.5532873521542],[139.55794118279977,35.55322804699996],[139.55809506311817,35.55306523403815],[139.5582112667185,35.55295191178079],[139.55826212343223,35.552915972388384],[139.55831073000147,35.55289537926946],[139.55836048493632,35.55286031703627],[139.55840032721312,35.552819845816046],[139.55843467620508,35.5527730596266],[139.55848117828032,35.55272538550036],[139.55852873565917,35.55268405202823],[139.55855419940892,35.552658863842645],[139.55857527170662,35.55262644829464],[139.55858861639646,35.55259222011295],[139.55859312542745,35.552565189347995],[139.55859438181926,35.552519243115704],[139.55857261013148,35.55243535977337],[139.5585551092678,35.55239384379196],[139.55856290800307,35.55236865137476],[139.55858502932315,35.55235067414182],[139.55862688297626,35.552339360977534],[139.55867335682578,35.55232471279447],[139.55916228428103,35.55223747806581],[139.5592042057581,35.55223757276949],[139.55924607784692,35.552245800208624],[139.5594872004023,35.552372538465924],[139.55952356387843,35.55238522606177],[139.55955223363492,35.55238620660368],[139.5595952906984,35.552375495564235],[139.55968917870388,35.55233602692776],[139.559748777235,35.55231993110019],[139.55982006429616,35.55231297993177],[139.55987122081322,35.55232112373115],[139.56004074983932,35.55241256050338],[139.56009472273817,35.55243521691763],[139.560272225951,35.552456322181634],[139.5602964949739,35.55245908771591],[139.5604419555112,35.552495471528836],[139.56058736394502,35.55255350945056],[139.56065237909417,35.55256626093219],[139.5607141873227,35.552559182714596],[139.5607804238783,35.552542220597616],[139.56086094020347,35.55253877650737],[139.56111010312802,35.55257000613063],[139.5611895331327,35.55256926995012],[139.5612182090802,35.552568454968885],[139.561359483854,35.5525435278848],[139.56152070621204,35.55248709843869],[139.561591642439,35.552830797384686],[139.56181734773088,35.553369658307254],[139.5621041185772,35.55408311227109],[139.5622013313405,35.55421948501719],[139.56267236858207,35.55460815930928],[139.56290754455995,35.55487215544039],[139.56306927846992,35.5552327071006],[139.5631723072488,35.55552337679188],[139.56326533401509,35.55586701415452],[139.5632419659058,35.55614564237842],[139.563170934249,35.55637610261251],[139.56284257825638,35.55634699045891],[139.56237145904066,35.55586504863499],[139.56232233676016,35.55569459724246],[139.5626121019543,35.55539357443512],[139.56239996439612,35.55527307096484],[139.5620268871377,35.55526364320788],[139.56185761149067,35.55524157353397],[139.56167645193133,35.555191028422534],[139.56169535125548,35.5554177585906],[139.56170376977443,35.555417822629394],[139.5617523018547,35.55541793173096],[139.56175967707654,35.55551980183581],[139.56170404509078,35.5555220572545],[139.56150506938965,35.55548435846374],[139.56133374734122,35.55542394068019],[139.5613621555386,35.555274154306396],[139.56126549808485,35.555189294848596],[139.56114284613273,35.5551406399953],[139.56091893401097,35.555125452994965],[139.56095817458768,35.55530581267338],[139.5609397365381,35.55586746371608],[139.56090238187383,35.55596811363464],[139.56076023349985,35.555918851777655],[139.56057636864915,35.55589122078696],[139.56042505408385,35.55590165322937],[139.56023926924905,35.555969433894695],[139.56006920357507,35.55605175606814],[139.55989867403957,35.556174919200224],[139.55959536113622,35.55625708017968],[139.55894334380247,35.55647665076604],[139.55905026875718,35.556620123988914],[139.55907851224646,35.556783523668926],[139.55906102439667,35.556970023165405],[139.55930422521863,35.5574186795923],[139.55907938429525,35.5574773597118],[139.55866797411176,35.55759790447929],[139.55833014882526,35.557633265732306],[139.55813045473332,35.55763418745218],[139.55791175944753,35.55752785390528],[139.55788438095163,35.557464379333155],[139.55769247796826,35.55721747921038],[139.55758596465296,35.557142524111306],[139.55746281625343,35.55711203472607],[139.55738563123072,35.55711626084425],[139.55742401550032,35.55734292023958],[139.55741539888896,35.55764210996659],[139.55732510697328,35.558066777297846],[139.55728773521736,35.558151722638904],[139.55699636217935,35.55808550160275],[139.55689251292975,35.55798763068263],[139.5567197518637,35.55809286580664],[139.55662063104353,35.558210029199145],[139.5562571964382,35.5582111031925],[139.55624527973185,35.55778352807513],[139.5562494752594,35.557617631382804],[139.55631302156215,35.557470670562196],[139.5557475912539,35.5572804127879],[139.55563660444858,35.557222380792],[139.5554775999581,35.557238003373854],[139.5554730842733,35.557390167779246],[139.55554642266182,35.55863449634086]]],[[[139.56363155667702,35.56632561602987],[139.56390332060843,35.56636413852783],[139.56416067267745,35.566357175117254],[139.56440708450518,35.566322688379856],[139.564610817253,35.56628346301164],[139.56465259152637,35.56627542003154],[139.56464691246362,35.566240090932894],[139.56472817777492,35.56615214386533],[139.56487350947677,35.56607423314155],[139.56497146209426,35.56607325089957],[139.56519243375072,35.56600434211732],[139.56557175383435,35.56590145426126],[139.56578274483815,35.56606644954423],[139.56594379614037,35.56617229005748],[139.56606527288432,35.56623093292557],[139.5661639861075,35.56626671090861],[139.5664285916247,35.56626169455341],[139.56657080155753,35.566344747425084],[139.56678192137232,35.56642650837584],[139.56700736388106,35.566471330138775],[139.5671194183374,35.56657762435272],[139.56719213348913,35.566689360568745],[139.56712838948607,35.56667946751629],[139.56714974267487,35.56671806836977],[139.56694942781678,35.56666555499842],[139.56667638024263,35.56661700158454],[139.56644148633688,35.56658282612138],[139.5660103457576,35.566523642723865],[139.56571911217608,35.56650800242229],[139.5656594175206,35.56650912623524],[139.5655432617175,35.566511312810285],[139.56535538680112,35.56652779857134],[139.56514515601063,35.56657352831326],[139.5651293266935,35.56657735164268],[139.56480740177167,35.56665509882471],[139.56471896863326,35.56669630649478],[139.56426699264816,35.56690691250116],[139.56398025085855,35.56704183097009],[139.56363155667702,35.56632561602987]]],[[[139.56363155667702,35.56632561602987],[139.56322951971853,35.565609703705185],[139.5630082221732,35.56528282576355],[139.56285355667563,35.565080418402204],[139.56249719304,35.56471443896057],[139.56145695964454,35.56366486477014],[139.56142891828623,35.563629628964094],[139.56133312059958,35.56353408607892],[139.56129542149014,35.56349648666435],[139.5606166783086,35.56279114088361],[139.56002534276072,35.562178093415255],[139.55972100916816,35.56185197231736],[139.55927068576395,35.56147087591332],[139.5591063416704,35.56131269842791],[139.55899791789054,35.561233585720295],[139.55804091701538,35.56066086141277],[139.558757484309,35.56049083299631],[139.55927525610568,35.56037020949607],[139.55997393901046,35.5602094714637],[139.56031822965747,35.56014423002066],[139.56059254859326,35.56009625880912],[139.56093622114835,35.56000386860122],[139.56121160719854,35.559901465103025],[139.56144470920896,35.55980921152975],[139.56149090719532,35.55982649777898],[139.56166197513426,35.55970477601798],[139.56204533670493,35.559463924116855],[139.5623685930744,35.55925311052586],[139.56251339920104,35.55916836910867],[139.56280291571102,35.55944107660441],[139.5624212846622,35.55992213155789],[139.56225165013302,35.56013596455432],[139.56197910464655,35.56030911130581],[139.56141248200575,35.560631520171114],[139.5614133079275,35.56071172793743],[139.5614903705226,35.56075696841699],[139.56155515955925,35.56084453794113],[139.5616701839453,35.56108006312244],[139.56171400819997,35.56121261803854],[139.56177188876265,35.561342564243425],[139.56220100886722,35.562971367410846],[139.562443321195,35.563044368598035],[139.56263080451907,35.5630967192212],[139.5630275445159,35.563211152116786],[139.563079267165,35.56324552483992],[139.56312208370912,35.56330783455441],[139.56315056037025,35.563367364952754],[139.5631953502382,35.56349636382982],[139.56330535040433,35.56363424007472],[139.5634150505163,35.563771762352346],[139.56348312388445,35.563813425890324],[139.56359169619446,35.56390844799394],[139.5637751558304,35.56403726173405],[139.56383355461054,35.56409245839082],[139.56392536992715,35.56417924043785],[139.5639784778441,35.56423150185261],[139.56420077289982,35.564479688763],[139.56424113333907,35.5645231553705],[139.56462443791182,35.564870310103515],[139.5646935397279,35.56493289466721],[139.56485361961424,35.56507658396082],[139.56522747525665,35.565441009802825],[139.56480081526513,35.565500273895836],[139.5644400726403,35.56555038738182],[139.5643794358545,35.56555881100722],[139.56376397181185,35.56561606762969],[139.56369941942017,35.5661292322204],[139.56363155667702,35.56632561602987]]]]}},{"type":"Feature","properties":{"area_id":"14117076002","city":"横浜市","ward":"青葉区","town":"荏田町","chome":"","num_households":1797},"geometry":{"type":"MultiPolygon","coordinates":[[[[139.56363155667702,35.56632561602987],[139.56398025085855,35.56704183097009],[139.56426699264816,35.56690691250116],[139.56432099858398,35.56698075916995],[139.5642698974188,35.56708789168904],[139.564742389539,35.56777117649264],[139.56519220858888,35.56839416761439],[139.56547004722933,35.56877785107978],[139.56577965409562,35.56922469773518],[139.56542986895386,35.56906633285104],[139.5653094349267,35.56902332331706],[139.56515792097184,35.56905400780167],[139.565050287506,35.56901722354007],[139.5649227610094,35.569039581033934],[139.56484225769216,35.56907943542077],[139.56477157487456,35.56901086870211],[139.56475161218378,35.56893660465046],[139.56477210420718,35.56887841533017],[139.56459997167653,35.56872832675975],[139.56444541134243,35.56842709123115],[139.56428409064293,35.56829195568224],[139.56408019896236,35.568174187959286],[139.56401501433945,35.56822094199102],[139.56370216012584,35.568097192950866],[139.56341799661863,35.56787390194278],[139.56290218462857,35.56786863570901],[139.56222617989235,35.56786117784747],[139.5621929692462,35.56787004672794],[139.56209595770574,35.56789750417674],[139.56189029022568,35.5675609779525],[139.56180138073,35.567404135568154],[139.5623696079557,35.56732819138552],[139.56239696166176,35.56732452083673],[139.56234837311112,35.56724843145308],[139.5619866917687,35.56721005617579],[139.56180737735156,35.56712202141535],[139.56170426293528,35.56710073545279],[139.56161680377255,35.567025087485206],[139.56156576526723,35.566934487380195],[139.56152213674787,35.56685703559362],[139.56145711192246,35.56669098646269],[139.56139112614997,35.566522470521946],[139.56136440247076,35.56644185307541],[139.5612912891735,35.56622135299619],[139.5612686643149,35.56618359374256],[139.56109981170042,35.56592136785923],[139.56099248602627,35.565821170097884],[139.5607960295433,35.56570630085353],[139.56071339288007,35.565670554497025],[139.56054443179772,35.56561239689031],[139.5603741844472,35.565564871393406],[139.56005926821945,35.56550106889806],[139.55947437019344,35.565402293121906],[139.55940144384758,35.56536255229629],[139.55900129823053,35.56503811924255],[139.55866119817884,35.56480990374728],[139.55864033135958,35.56481288523778],[139.55853931792728,35.56482723347948],[139.55833495828543,35.56488842543695],[139.55801095056938,35.56505088511552],[139.55795272799253,35.565096242783504],[139.55783963947758,35.56513823779202],[139.5572475320982,35.56525615089819],[139.5570726617095,35.565269275034865],[139.55709783559755,35.56445333402852],[139.55710848950324,35.56438779972985],[139.55754589277785,35.56393699111095],[139.55777528489753,35.563700555329056],[139.55748427893187,35.56349624892987],[139.5574668528221,35.56334498728863],[139.55754414581028,35.563279429300074],[139.5577153512315,35.56313419075924],[139.55745200054352,35.56291695063975],[139.556929836562,35.562486207821394],[139.55668791861285,35.56228664296475],[139.55626276679303,35.56194214478989],[139.555731226688,35.56151142318203],[139.5553673118216,35.56122536185033],[139.55471370250498,35.56071157252325],[139.5539339943083,35.55998978884131],[139.5527039103727,35.55881522184877],[139.55252234379384,35.55879402897883],[139.55215097510748,35.55891228598705],[139.55187605983298,35.558999850576775],[139.55164055666097,35.55856055901221],[139.5516132023939,35.55835146560847],[139.55187337792924,35.55824558438539],[139.55207813522483,35.55820264432843],[139.55243234733294,35.55812836093419],[139.55290345309245,35.55834971840877],[139.55353284854044,35.55855231914],[139.55483081588116,35.5589830900016],[139.55576586933088,35.55936090977351],[139.55630530255277,35.5596591999542],[139.5571198154638,35.56010961740593],[139.5579822646154,35.56062576623619],[139.55804091701538,35.56066086141277],[139.55899791789054,35.561233585720295],[139.5591063416704,35.56131269842791],[139.55927068576395,35.56147087591332],[139.55972100916816,35.56185197231736],[139.56002534276072,35.562178093415255],[139.5606166783086,35.56279114088361],[139.56129542149014,35.56349648666435],[139.56133312059958,35.56353408607892],[139.56142891828623,35.563629628964094],[139.56145695964454,35.56366486477014],[139.56249719304,35.56471443896057],[139.56285355667563,35.565080418402204],[139.5630082221732,35.56528282576355],[139.56322951971853,35.565609703705185],[139.56363155667702,35.56632561602987]]],[[[139.56363155667702,35.56632561602987],[139.56369941942017,35.5661292322204],[139.56376397181185,35.56561606762969],[139.5643794358545,35.56555881100722],[139.5644400726403,35.56555038738182],[139.56480081526513,35.565500273895836],[139.56522747525665,35.565441009802825],[139.56535912811762,35.56560678132299],[139.5654193556232,35.56574056645332],[139.5655717538344,35.56590145426123],[139.56519243375072,35.56600434211732],[139.56497146209426,35.56607325089957],[139.56487350947677,35.56607423314153],[139.56472817777492,35.56615214386533],[139.56464691246362,35.566240090932894],[139.56465259152637,35.56627542003154],[139.564610817253,35.56628346301164],[139.56440708450518,35.566322688379856],[139.56416067267745,35.566357175117254],[139.56390332060843,35.56636413852783],[139.56363155667702,35.56632561602987]]]]}},{"type":"Feature","properties":{"area_id":"14117077001","city":"横浜市","ward":"青葉区","town":"荏田北","chome":"1","num_households":811},"geometry":{"type":"MultiPolygon","coordinates":[[[[139.551226843417,35.55910214593601],[139.5508728748078,35.55918512418132],[139.55072793675512,35.55925425702409],[139.55072003736746,35.55925804078025],[139.5506580724018,35.55917371122992],[139.55051402521028,35.559052290721766],[139.55037770008624,35.558964864715776],[139.55026011503506,35.55890927753033],[139.54970618433893,35.558903128710206],[139.54927328256977,35.55891187294725],[139.5488146184351,35.55890678732587],[139.54859810520082,35.558904379748384],[139.5478330601096,35.55883255613141],[139.5472049253126,35.55876858380576],[139.54649298537228,35.55869778594503],[139.54629456924386,35.55869558976575],[139.54599926915563,35.55871714144442],[139.54520008604152,35.558874074292426],[139.544386943916,35.55903374188226],[139.54418489145536,35.55908350285668],[139.54372014959318,35.559019506345464],[139.54366813174246,35.55899857171889],[139.54308505549713,35.55867204836726],[139.5438292190378,35.557788556475316],[139.54455757281403,35.55693530122158],[139.5449230963866,35.55650981886376],[139.5454884042222,35.555842389527264],[139.54592511785881,35.55529781508712],[139.54657115958594,35.55559884094779],[139.54709491180728,35.55584284829586],[139.54722070376886,35.555902965400556],[139.54795825967045,35.556255247896445],[139.54829690912888,35.556417021421964],[139.5483472077012,35.556442455151824],[139.54882255376558,35.55668267777256],[139.54948267564723,35.557016283839644],[139.54992749312842,35.55725308472291],[139.55026944651257,35.55754816397],[139.55057093851204,35.55780832452173],[139.550746140585,35.557989358162274],[139.55098460367486,35.55823577951659],[139.55121814537722,35.558539723572096],[139.55110387016174,35.558827085007486],[139.551226843417,35.55910214593601]]]]}},{"type":"Feature","properties":{"area_id":"14117077002","city":"横浜市","ward":"青葉区","town":"荏田北","chome":"2","num_households":833},"geometry":{"type":"MultiPolygon","coordinates":[[[[139.54418407011454,35.55455796838833],[139.54515356339627,35.55494504786365],[139.54571245315017,35.55519872332528],[139.54592511785881,35.55529781508712],[139.5454884042222,35.555842389527264],[139.5449230963866,35.55650981886376],[139.54455757281403,35.55693530122158],[139.5438292190378,35.557788556475316],[139.54308505549713,35.55867204836726],[139.54241429468095,35.55946838922305],[139.54217809582178,35.55975889733007],[139.54196294428257,35.56007304640396],[139.54139517616946,35.56065498986129],[139.5410092339493,35.560445792156564],[139.54099798127547,35.560406365558535],[139.54098020646896,35.560112851910496],[139.54097997591776,35.55962305291793],[139.5409390501385,35.55953264223207],[139.5409283914028,35.559460366131134],[139.54094535639604,35.55938143242362],[139.5409978806507,35.558835356021056],[139.54086921746494,35.558582909505255],[139.54074012806765,35.558393804236886],[139.54037149090203,35.558027931017456],[139.54039423490792,35.557824686978584],[139.54040034317646,35.55762809242507],[139.54044397033178,35.557492923474804],[139.5404980726873,35.55739179213052],[139.5405434477684,35.556992099486486],[139.5405381056254,35.55665745620207],[139.54055525670384,35.55662147843276],[139.54059084229792,35.55631214345968],[139.54061135688013,35.55624001370985],[139.54064017504982,35.55616572103116],[139.54074455569827,35.55602446647505],[139.54091175341654,35.55575502495449],[139.54118952376442,35.555629258366615],[139.5413261722419,35.55553582434537],[139.54146364934658,35.555392677417885],[139.54167845300663,35.55512951054904],[139.54169126373955,35.555084473203],[139.5418310697146,35.55496354734798],[139.54198973463377,35.55484055456442],[139.54210058861335,35.554766142014316],[139.54229158172862,35.55472748224528],[139.54277300367252,35.554676315365086],[139.5431084177557,35.55463958571062],[139.54360957062943,35.55458870847446],[139.544027064553,35.554533827433225],[139.54409974465938,35.554529634789674],[139.54418407011454,35.55455796838833]]]]}},{"type":"Feature","properties":{"area_id":"14117077003","city":"横浜市","ward":"青葉区","town":"荏田北","chome":"3","num_households":752},"geometry":{"type":"MultiPolygon","coordinates":[[[[139.55276286391066,35.560626818868144],[139.55279851516445,35.560837970080094],[139.55280216314668,35.5608595740325],[139.5525287329164,35.560896970626764],[139.55230427801163,35.5609208881277],[139.55194110996868,35.56094688036994],[139.55193618537317,35.56086465517692],[139.55192281557774,35.56064199356199],[139.55186427796502,35.56053834162295],[139.55109751244078,35.56063642236347],[139.55102736716347,35.56092131694331],[139.5504723643357,35.56084894168829],[139.54912640577749,35.56067328286318],[139.548808463197,35.56063180260938],[139.54780670376687,35.56050108479127],[139.54782790808505,35.55985042300161],[139.54680647866942,35.55981851768629],[139.546381486649,35.55982479760248],[139.5458409515804,35.55990836842121],[139.5458890484065,35.56061063498322],[139.54477941801113,35.56059939735327],[139.54448866843308,35.560647220436564],[139.544258237929,35.560685117816355],[139.5436519062,35.56068880500067],[139.54329274418382,35.56069097119948],[139.54304187492417,35.56064973637709],[139.54289314956569,35.56059061337532],[139.54251969465537,35.56038282319448],[139.54232495772234,35.560274472621415],[139.54196294428257,35.56007304640396],[139.54217809582178,35.55975889733007],[139.54241429468095,35.55946838922305],[139.54308505549713,35.55867204836726],[139.54366813174246,35.55899857171889],[139.54372014959318,35.559019506345464],[139.54418489145536,35.55908350285668],[139.544386943916,35.55903374188226],[139.54520008604152,35.558874074292426],[139.54599926915563,35.55871714144442],[139.54629456924386,35.55869558976575],[139.54649298537228,35.55869778594503],[139.5472049253126,35.55876858380576],[139.5478330601096,35.55883255613141],[139.54859810520082,35.558904379748384],[139.5488146184351,35.55890678732587],[139.54927328256977,35.55891187294725],[139.54970618433893,35.558903128710206],[139.55026011503506,35.55890927753033],[139.55037770008624,35.558964864715776],[139.55051402521028,35.559052290721766],[139.55065807240186,35.55917371122992],[139.5507200373675,35.55925804078025],[139.55072793675512,35.55925425702409],[139.5508728748078,35.55918512418132],[139.551226843417,35.55910214593601],[139.55110387016177,35.558827085007486],[139.55121814537722,35.558539723572096],[139.55098460367486,35.55823577951658],[139.550746140585,35.557989358162274],[139.55057093851204,35.55780832452173],[139.55026944651257,35.55754816397],[139.54992749312842,35.55725308472291],[139.55024957031242,35.55710264440169],[139.5523414517492,35.558085652580175],[139.55243234733294,35.55812836093419],[139.55207813522483,35.55820264432843],[139.55187337792924,35.55824558438539],[139.5516132023939,35.55835146560847],[139.55164055666097,35.55856055901221],[139.55187605983298,35.558999850576775],[139.55215097510748,35.55891228598705],[139.55252234379384,35.55879402897883],[139.5525277801119,35.558902031466815],[139.55255033528667,35.559349594875506],[139.55265540731227,35.55998103886489],[139.55276286391066,35.560626818868144]]]]}},{"type":"Feature","properties":{"area_id":"14117080001","city":"横浜市","ward":"青葉区","town":"荏田西","chome":"1","num_households":1248},"geometry":{"type":"MultiPolygon","coordinates":[[[[139.55059933808772,35.55566137582162],[139.55075698279282,35.55576765310635],[139.55085002142053,35.55587335750219],[139.5510192688574,35.5560313843048],[139.55100180242994,35.55612725482098],[139.55101652666704,35.55616098464815],[139.55104055028772,35.55619702469285],[139.5511300547872,35.556169064776846],[139.55111479409388,35.55642708081797],[139.5514115455368,35.55684560300548],[139.55179930879717,35.55737214443933],[139.55181339577845,35.55739126119771],[139.55200219413362,35.55763953833026],[139.5523414517491,35.55808565258021],[139.55024957031242,35.55710264440169],[139.54992749312842,35.55725308472291],[139.54948267564723,35.55701628383969],[139.54882255376558,35.55668267777256],[139.5483472077012,35.556442455151824],[139.54829690912888,35.556417021421964],[139.54795825967045,35.556255247896445],[139.54722070376886,35.55590296540057],[139.54709491180728,35.55584284829586],[139.54657115958594,35.555598840947816],[139.54592511785881,35.55529781508712],[139.54571245315017,35.55519872332532],[139.54515356339627,35.55494504786365],[139.54418407011454,35.55455796838833],[139.54415760361462,35.554347069807065],[139.54438812375315,35.554107277875566],[139.544605215822,35.55423184068899],[139.5449020029032,35.553836716905074],[139.54500083917816,35.55368896551531],[139.54504311069942,35.553502982354175],[139.54511176024957,35.55326107903599],[139.54522536068313,35.552806332324735],[139.54529086400223,35.55251600342354],[139.54531126785352,35.55242566840696],[139.54527609049222,35.552223868856025],[139.54527215953772,35.55220132351899],[139.54526690347623,35.552171382326925],[139.5452652342864,35.551947267312954],[139.5453068663624,35.55184849587545],[139.54539345500308,35.55164297031143],[139.54542591730038,35.55150643160705],[139.5454153264872,35.55100832726391],[139.54540488744328,35.55089834072855],[139.54535312269329,35.55077255384833],[139.54531385015957,35.55065341711255],[139.5453236632017,35.550598788424],[139.54533741754477,35.55052220996082],[139.54544192178747,35.550336055246106],[139.54552133366946,35.55001641317646],[139.54553051799752,35.54997944624868],[139.54555744780063,35.549853353070226],[139.54565538092186,35.54977499519922],[139.54540280613818,35.5495286684667],[139.54572495706202,35.549321689934125],[139.5461059331748,35.54908622424691],[139.54658294949783,35.5496693716219],[139.54661287195756,35.549705178078895],[139.54662031358072,35.54972667373778],[139.546623954701,35.549756329736404],[139.5466190727217,35.54979607013518],[139.54674640235487,35.54999573065094],[139.54700552389707,35.550363865874836],[139.54709657804008,35.55045301165103],[139.54724378201126,35.55059713035858],[139.54738393473414,35.55089822502154],[139.5476183812065,35.55097521982806],[139.5478507819442,35.55117149925662],[139.54786771216203,35.551185798076006],[139.5478882298381,35.55129763821813],[139.54797209815044,35.55144695005726],[139.5480496132932,35.551547798424224],[139.54826168215223,35.551823676221936],[139.54826955225985,35.55183978349181],[139.5483157465619,35.55193429117557],[139.54831630168061,35.55216502310923],[139.5484508213401,35.55225934921564],[139.5485413320768,35.552347200492044],[139.54861610894795,35.5524614569175],[139.548604954646,35.55259265673834],[139.5486451397393,35.55263873582205],[139.54866944486906,35.55271607821842],[139.54873694631252,35.55276817127242],[139.54883597273997,35.552920651426675],[139.54906342339407,35.553270960130384],[139.54917678457414,35.55340945953924],[139.5495367424907,35.55391887025629],[139.5496450771701,35.554059469882795],[139.54975227493102,35.554314145079154],[139.55003064426694,35.55474192356253],[139.55024491079135,35.55505821873875],[139.5504369171239,35.55533432250902],[139.55059933808772,35.55566137582162]]]]}},{"type":"Feature","properties":{"area_id":"14117080002","city":"横浜市","ward":"青葉区","town":"荏田西","chome":"2","num_households":1412},"geometry":{"type":"MultiPolygon","coordinates":[[[[139.55515549675707,35.55178017382729],[139.5551345268902,35.55199934157714],[139.55508091737462,35.55255996949488],[139.55507149047347,35.552650508425984],[139.55502067858546,35.55313839228103],[139.5549942636072,35.55339202243142],[139.554915093527,35.554152154296304],[139.5548631826881,35.554650320111286],[139.55486289256137,35.554653206625034],[139.5548054650359,35.555194667473366],[139.55472281679508,35.555598472352386],[139.55467146987274,35.55577982440194],[139.55443909425162,35.556355600680114],[139.5543433167595,35.55655121569582],[139.5540473121194,35.55696783944904],[139.55398045595953,35.55706194180144],[139.55390143121355,35.557173198424266],[139.5536420792236,35.55750075576349],[139.55339406556212,35.55781344462652],[139.55290345309245,35.55834971840877],[139.55243234733294,35.55812836093419],[139.5523414517492,35.558085652580175],[139.55200219413362,35.55763953833023],[139.55181339577845,35.55739126119771],[139.55179930879717,35.55737214443933],[139.5514115455368,35.55684560300548],[139.55111479409388,35.55642708081797],[139.5511300547872,35.556169064776846],[139.55104055028772,35.55619702469285],[139.55101652666704,35.55616098464815],[139.55100180242994,35.55612725482098],[139.5510192688574,35.5560313843048],[139.55085002142053,35.55587335750219],[139.55075698279282,35.55576765310635],[139.55059933808772,35.55566137582162],[139.55043691712393,35.55533432250902],[139.55024491079135,35.55505821873875],[139.55003064426694,35.5547419235625],[139.54975227493102,35.554314145079154],[139.5496450771701,35.554059469882795],[139.5495367424907,35.55391887025629],[139.54917678457414,35.55340945953924],[139.54906342339407,35.553270960130384],[139.54883597273997,35.552920651426675],[139.54873694631252,35.55276817127242],[139.54866944486906,35.55271607821842],[139.5486451397393,35.55263873582205],[139.54883729801784,35.552548661063064],[139.54894223581218,35.55249943716546],[139.54935095900035,35.552313007394396],[139.54982579611652,35.55211975893586],[139.5500668317243,35.5520478593526],[139.55063839019274,35.55187934045276],[139.55109490336585,35.551767696543145],[139.55155525208554,35.55167943873896],[139.5518259854648,35.55164003482058],[139.55184255867923,35.55163781985054],[139.5522870393636,35.55156519039963],[139.55347533265672,35.551511074025775],[139.55388676964336,35.55157909890942],[139.5543179551722,35.55160540565924],[139.55436415438936,35.5516082230677],[139.5546076205786,35.551498400131976],[139.5547415418292,35.55158092257207],[139.5548249990851,35.551759874130035],[139.55515549675707,35.55178017382729]]]]}},{"type":"Feature","properties":{"area_id":"14117080003","city":"横浜市","ward":"青葉区","town":"荏田西","chome":"3","num_households":1005},"geometry":{"type":"MultiPolygon","coordinates":[[[[139.55515549675707,35.55178017382729],[139.5548249990851,35.551759874130035],[139.5547415418292,35.55158092257207],[139.5546076205786,35.551498400131976],[139.55436415438936,35.5516082230677],[139.5543179551722,35.55160540565924],[139.55388676964336,35.55157909890942],[139.55347533265672,35.551511074025775],[139.5522870393636,35.55156519039963],[139.55184255867923,35.55163781985054],[139.5518259854648,35.55164003482058],[139.55155525208554,35.55167943873896],[139.55109490336585,35.551767696543145],[139.55063839019274,35.55187934045276],[139.5500668317243,35.5520478593526],[139.54982579611652,35.55211975893586],[139.54935095900035,35.552313007394396],[139.54894223581218,35.55249943716546],[139.54883729801784,35.552548661063064],[139.5486451397393,35.55263873582205],[139.548604954646,35.55259265673834],[139.54861610894795,35.5524614569175],[139.5485413320768,35.552347200492044],[139.5484508213401,35.55225934921564],[139.54831630168061,35.55216502310923],[139.5483157465619,35.55193429117557],[139.54826955225985,35.55183978349181],[139.5482616821523,35.55182367622191],[139.5480496132932,35.551547798424224],[139.54797209815044,35.55144695005726],[139.5478882298381,35.551297638218095],[139.54786771216203,35.551185798076006],[139.5478507819442,35.55117149925662],[139.5476183812065,35.55097521982806],[139.54738393473414,35.55089822502154],[139.54724378201126,35.55059713035858],[139.54709657804008,35.55045301165103],[139.54700552389707,35.550363865874836],[139.54674640235487,35.54999573065094],[139.5466190727217,35.54979607013518],[139.546623954701,35.549756329736404],[139.54662031358072,35.54972667373778],[139.54661287195756,35.549705178078895],[139.54658294949783,35.5496693716219],[139.5461059331748,35.54908622424691],[139.5462552915366,35.54899390278496],[139.54656915178091,35.54879088097966],[139.5473139352733,35.54830913396537],[139.5478026002542,35.54798420854965],[139.54818225097478,35.548338328693205],[139.5484093646437,35.548597269638826],[139.54873585304097,35.54920005856352],[139.54884841031355,35.54942929302141],[139.54904076228914,35.54982103370648],[139.54946944869548,35.54965655172727],[139.55025828832137,35.54934640116846],[139.55048971222985,35.54924849465016],[139.55052377886318,35.54923371668269],[139.55132986531584,35.54892944439106],[139.5518745738165,35.548700932043594],[139.55197229840243,35.54864239323981],[139.55207049240852,35.54854223793169],[139.552152682951,35.548380252076015],[139.55218121799828,35.548204939027485],[139.55218423136293,35.54820543841168],[139.55230154122168,35.54822511079825],[139.55262709007286,35.54817167787562],[139.55282475562632,35.5481895647846],[139.55295505720144,35.548263912847965],[139.55302568512252,35.5483947400733],[139.5531151413739,35.54872813833389],[139.55314265204856,35.548782847638286],[139.55333480568717,35.54896652334258],[139.55343249659003,35.54908966658472],[139.55370068681117,35.54937411217896],[139.5538099147938,35.549506400974124],[139.55385033788025,35.54958325213378],[139.5538310822149,35.54979200130721],[139.5538772299001,35.5500679066402],[139.5538239309964,35.55039569316894],[139.5538054133158,35.55042427549055],[139.55380207303804,35.550442928982854],[139.55477937446395,35.551245743259386],[139.55517582978476,35.55155787094902],[139.5551864856842,35.55156624009157],[139.55515549675707,35.55178017382729]]]]}},{"type":"Feature","properties":{"area_id":"14117080004","city":"横浜市","ward":"青葉区","town":"荏田西","chome":"4","num_households":612},"geometry":{"type":"MultiPolygon","coordinates":[[[[139.54670786238418,35.5469482067956],[139.54720819629352,35.54660566761195],[139.54728120825624,35.54656066571118],[139.54769899282172,35.546278035085415],[139.54782173603783,35.54622903128909],[139.54812701753877,35.546142993827836],[139.54819332666284,35.5461170237375],[139.54848336859857,35.54603380153581],[139.54886085524117,35.54593525730126],[139.54901604150908,35.5459153769569],[139.54916545001998,35.54591481149101],[139.54950089233716,35.545942288799075],[139.5496482239509,35.545956400973594],[139.55011631848714,35.54600119397764],[139.5501499770081,35.5458153289211],[139.55061439292876,35.54585820954159],[139.55107249820438,35.545876814508105],[139.5515278436209,35.545926782220654],[139.55150359363228,35.54612717577976],[139.55218208790754,35.54619385705444],[139.55218118252003,35.54619998147108],[139.5521602077119,35.54630852057429],[139.5520993433586,35.54683237269389],[139.55198563233472,35.54741856433526],[139.55199729677304,35.54755017024914],[139.5519029790592,35.54793240085814],[139.55189882685664,35.54794925674438],[139.55193846792494,35.548003079715876],[139.5520467183978,35.54812399550427],[139.55213925790682,35.54819790470557],[139.55218121799828,35.548204939027485],[139.552152682951,35.548380252076015],[139.55207049240852,35.54854223793169],[139.55197229840243,35.54864239323981],[139.5518745738165,35.548700932043594],[139.55132986531584,35.54892944439106],[139.55052377886318,35.54923371668269],[139.55048971222985,35.54924849465016],[139.55025828832137,35.54934640116846],[139.54946944869548,35.54965655172727],[139.54904076228914,35.54982103370648],[139.54884841031355,35.54942929302141],[139.54873585304097,35.54920005856352],[139.5484093646437,35.548597269638826],[139.54818225097478,35.548338328693205],[139.5478026002542,35.54798420854965],[139.54761139298282,35.547793198987804],[139.54733335956078,35.54753487738491],[139.5471248312349,35.54733924970134],[139.54670786238418,35.5469482067956]]]]}},{"type":"Feature","properties":{"area_id":"14117080005","city":"横浜市","ward":"青葉区","town":"荏田西","chome":"5","num_households":538},"geometry":{"type":"MultiPolygon","coordinates":[[[[139.55218208790754,35.54619385705444],[139.55150359363228,35.54612717577976],[139.5515278436209,35.545926782220654],[139.55107249820438,35.545876814508105],[139.55061439292876,35.54585820954159],[139.5501499770081,35.5458153289211],[139.55011631848714,35.54600119397764],[139.5496482239509,35.545956400973594],[139.54950089233716,35.545942288799075],[139.54916545001998,35.54591481149101],[139.54901604150908,35.5459153769569],[139.54886085524117,35.54593525730126],[139.54848336859857,35.54603380153581],[139.54819332666284,35.5461170237375],[139.54812701753877,35.546142993827836],[139.54782173603783,35.54622903128909],[139.54769899282172,35.546278035085415],[139.54728120825624,35.54656066571118],[139.54720819629352,35.54660566761195],[139.54670786238418,35.5469482067956],[139.5463934903056,35.54665413232242],[139.54609228121888,35.54637248395365],[139.5464600647769,35.5462670488478],[139.54691817305263,35.54611823706738],[139.54721025783758,35.545982102435765],[139.5471840535471,35.54551025936589],[139.54714946906805,35.545093043556925],[139.54712330102979,35.544688485468896],[139.54697444709277,35.54469126720583],[139.54622822363683,35.54473761047066],[139.54579410396215,35.544764759478596],[139.54573023313992,35.54423715818672],[139.5461767363887,35.54421588213946],[139.54691117466467,35.544168945538516],[139.54778349356383,35.544089110182846],[139.5479058918554,35.544093237339005],[139.54855310516473,35.54395540238281],[139.54886818210636,35.543873752418854],[139.5491745279312,35.54379436931052],[139.54983498605404,35.54353353447288],[139.5503005294996,35.5433263922332],[139.5506789792194,35.543102391320915],[139.5507311499171,35.54307152842611],[139.55124563996026,35.542701263242336],[139.551630323385,35.54233826429376],[139.55181222796506,35.54214739298465],[139.55207035916277,35.542411507500226],[139.55221135324825,35.542652778686715],[139.55224750316833,35.54283574446862],[139.55234339909316,35.54325996896843],[139.55237152908038,35.54348819619978],[139.5524661165235,35.54387435458567],[139.55246804894028,35.543882281360084],[139.55249676623527,35.54418888758364],[139.55247144120912,35.544581069104034],[139.5524252009965,35.544794511142406],[139.55228298046526,35.544920797376925],[139.55225907265597,35.545220200835075],[139.55218208790754,35.54619385705444]]]]}},{"type":"Feature","properties":{"area_id":"14117085001","city":"横浜市","ward":"青葉区","town":"荏子田","chome":"1","num_households":415},"geometry":{"type":"MultiPolygon","coordinates":[[[[139.53935772012875,35.578571729581135],[139.5404963093611,35.57856149349085],[139.5413814345691,35.57856739660716],[139.54137073333249,35.578469348163786],[139.5414664873389,35.57843788986585],[139.5416558948714,35.578352928641245],[139.5417837172153,35.57830239397975],[139.54185168422796,35.57829107868046],[139.54212334235325,35.57830321046932],[139.54230110891555,35.57836870362421],[139.5423732107156,35.578429718333396],[139.54258596135512,35.57846888916439],[139.5433994272028,35.57834996384098],[139.5441239001408,35.578240116735124],[139.54427316463443,35.578123508884445],[139.5444124505082,35.57806106355607],[139.54448051427423,35.57793246690866],[139.54451207981097,35.577765792871055],[139.54459391356673,35.57763134911134],[139.54468033071618,35.57755856752539],[139.5446946724395,35.57748920498491],[139.54477251946736,35.57754104125816],[139.54494449129803,35.57761165713304],[139.54512304472047,35.57765581187857],[139.54541114531236,35.577667622157186],[139.54540733114766,35.577540931613576],[139.5454586878211,35.57752204139006],[139.54576207532222,35.57741048014001],[139.54592322082988,35.57735125441784],[139.54600406300403,35.57731849010274],[139.54632108557408,35.57773396630814],[139.54632174276955,35.57798472519689],[139.54629546918943,35.57816697432805],[139.54632308692072,35.57816957531396],[139.54632732438665,35.57827475381328],[139.5461393627305,35.578996025636236],[139.5461017896661,35.57904758844156],[139.5460490744498,35.579066548003176],[139.54593083904427,35.5791543951897],[139.54590548189302,35.57929182680322],[139.5457585720409,35.57944921547167],[139.54557005545328,35.57955069876241],[139.54549679704442,35.57960777499004],[139.545201930906,35.579883149823736],[139.5450612763664,35.57997249333637],[139.54495687047287,35.58001308832524],[139.54479919455787,35.58010735558816],[139.5447990417004,35.58019210316182],[139.54477711090564,35.58022595742745],[139.5445661861846,35.580253129876056],[139.54451478393062,35.58028427324743],[139.54442060087877,35.58028654880359],[139.54428272715646,35.580266574147345],[139.54416134341406,35.58022787104134],[139.54395943626844,35.580077680531076],[139.54390187672166,35.58008342257363],[139.54388592443004,35.580144894985224],[139.5435120769663,35.580328076019114],[139.54338234730446,35.580308893834044],[139.5432995598705,35.580324611022576],[139.54324123963346,35.58034950476368],[139.54324088272367,35.58046678583158],[139.54316746378092,35.58066955674557],[139.54306555355555,35.580878596029294],[139.54296767452576,35.58092561258824],[139.54213990564656,35.58112499030163],[139.54117193143742,35.58135814288399],[139.5410952001753,35.58137334565567],[139.5409199164915,35.581191876087175],[139.53983608806726,35.580095413091264],[139.5386708320099,35.57893247172972],[139.5383787006815,35.57856607662222],[139.53935772012875,35.578571729581135]]]]}},{"type":"Feature","properties":{"area_id":"14117085002","city":"横浜市","ward":"青葉区","town":"荏子田","chome":"2","num_households":1296},"geometry":{"type":"MultiPolygon","coordinates":[[[[139.53539451843065,35.58224347614546],[139.53526703185997,35.58218592131334],[139.53524119018968,35.58217480261889],[139.5349581033012,35.58254060005313],[139.53493239951763,35.582573809805425],[139.53469845828775,35.58283751671158],[139.53466865752472,35.582871103644614],[139.53444542870298,35.58317455336526],[139.53427678572666,35.58332729905304],[139.5342517226642,35.58335001693295],[139.5339308295793,35.58320194045818],[139.53353803145285,35.583074034257805],[139.53287747604668,35.58288884400622],[139.5328753230127,35.58288827528996],[139.53185437145913,35.58261475420714],[139.53162184196123,35.582542838336146],[139.53136263480587,35.582429622855926],[139.5311797548753,35.58233575319721],[139.5309058826061,35.58216806701787],[139.531338257905,35.581344537964235],[139.53149517755764,35.58087505725533],[139.53150321965114,35.58085099560235],[139.53172761352852,35.580179578684664],[139.53177843310846,35.579912571536504],[139.5318953726594,35.579298243836085],[139.53227029859545,35.5773286860917],[139.53250969019393,35.577423329725384],[139.5330388902705,35.577563589723304],[139.53304345520596,35.57756476304212],[139.53451335118046,35.57794090283957],[139.53452039056734,35.57794271586485],[139.53587379637239,35.578289510964524],[139.53608523115415,35.578334323802046],[139.53649201304614,35.57838563459646],[139.5374724300678,35.57847940040406],[139.5383787006815,35.57856607662222],[139.5386708320099,35.57893247172972],[139.53983608806726,35.580095413091264],[139.5409199164915,35.581191876087175],[139.5410952001753,35.58137334565567],[139.54095202452027,35.58137088707132],[139.54069163465775,35.581339170617234],[139.54040144912366,35.58132266139105],[139.53987261165364,35.58135317636272],[139.53978722391716,35.58146680154957],[139.53962814855916,35.58159369831453],[139.53950151257519,35.58167180345573],[139.53939523634725,35.581715734326885],[139.53929464946648,35.58172415102706],[139.53904723193622,35.5816982005136],[139.53891030963248,35.58167153232453],[139.53879982660126,35.58163387131616],[139.53866290313297,35.581607203929785],[139.53853206128773,35.58161498481245],[139.53841323250037,35.58159680859217],[139.53813219442313,35.581536021677174],[139.53797540513852,35.58153229687143],[139.53762415187418,35.5816136535873],[139.5374876877605,35.58167955090005],[139.53734976024427,35.581774595683534],[139.5372083030397,35.581855796073135],[139.53705134191244,35.58191069114624],[139.53679407144764,35.581950484224144],[139.5367092231696,35.58198615469382],[139.53652063408967,35.58220268922009],[139.5364203531012,35.582285572811976],[139.53630212001127,35.58233968315795],[139.5360860669623,35.58236408136301],[139.53581123416234,35.582368161747844],[139.53561699741076,35.58234391849358],[139.53539451843065,35.58224347614546]]]]}},{"type":"Feature","properties":{"area_id":"14117085003","city":"横浜市","ward":"青葉区","town":"荏子田","chome":"3","num_households":715},"geometry":{"type":"MultiPolygon","coordinates":[[[[139.53648053432534,35.575314141114994],[139.5365320872261,35.575516368816295],[139.53633138147669,35.5755796035319],[139.53636960367783,35.57568057134702],[139.536553621926,35.57598712979593],[139.53677870716248,35.57589881342704],[139.536935292048,35.57596683396341],[139.53707301564197,35.57605984069936],[139.53724446539175,35.57629897805805],[139.5372348917028,35.576476020540404],[139.53734575441226,35.57649607899598],[139.53752019521582,35.5766428340145],[139.53754905979204,35.576816027471374],[139.53753683160738,35.57703510361809],[139.53734489701378,35.57707980806537],[139.53748332203966,35.577328334874885],[139.53776180929577,35.57777352889647],[139.53779909282716,35.57783167956114],[139.5378292489309,35.57781781032037],[139.53807365583327,35.57772700341248],[139.53823385481985,35.57783326724745],[139.53846275534224,35.57791617839921],[139.53874687136758,35.57799168859224],[139.53909726064114,35.57805964823503],[139.53923097178435,35.57822031520503],[139.5393539539973,35.57829212351443],[139.53935772012875,35.578571729581135],[139.5383787006815,35.57856607662222],[139.5374724300678,35.57847940040406],[139.53649201304614,35.57838563459646],[139.53608523115415,35.578334323802046],[139.53587379637239,35.578289510964524],[139.53452039056734,35.57794271586485],[139.53451335118046,35.57794090283957],[139.53304345520596,35.57756476304212],[139.5330388902705,35.577563589723304],[139.53250969019393,35.577423329725384],[139.53227029859545,35.5773286860917],[139.53227465186023,35.57730584737693],[139.53254061871388,35.57589233819357],[139.53274545149856,35.574803727582484],[139.53274615504276,35.57479999772354],[139.53282210729023,35.57440520987558],[139.5329160571308,35.57391695273404],[139.53332416667627,35.57382125413936],[139.53360092450228,35.57372814724929],[139.53384384150075,35.573660694227726],[139.53440839459412,35.57345411800781],[139.53609362235284,35.572837426555864],[139.53723617370986,35.57241933841779],[139.53736729548547,35.572629052692],[139.53738788493476,35.57266198339752],[139.53727910009792,35.57287512068245],[139.53721851654035,35.5729506417309],[139.53717678884598,35.57302331818399],[139.53709263410508,35.57310603648735],[139.53702670548665,35.57315634510941],[139.5369924506385,35.57318413473004],[139.5369642923582,35.57320396936372],[139.53694329994428,35.57321203062052],[139.53688366696497,35.57322720738257],[139.53680639112187,35.57323963666104],[139.53664966594388,35.573255476763315],[139.53646583600727,35.573318894154625],[139.5363886932029,35.573424314620354],[139.53631612184677,35.57352208663342],[139.53616299190256,35.57373352876446],[139.53601222710898,35.57405081461315],[139.5359998304852,35.574116344091436],[139.5361795571486,35.57460326921947],[139.5363809302879,35.57481949119336],[139.53646079200718,35.57494788229685],[139.53648231748463,35.57505908966082],[139.53648053432534,35.575314141114994]]]]}},{"type":"Feature","properties":{"area_id":"14117088001","city":"横浜市","ward":"青葉区","town":"市ケ尾町","chome":"","num_households":3778},"geometry":{"type":"MultiPolygon","coordinates":[[[[139.53634834550147,35.55812001510182],[139.53634406437595,35.558118174446896],[139.53598433889687,35.5579624406431],[139.53602534360746,35.55781631900671],[139.5360986168394,35.55738233406562],[139.5358520787285,35.5573559909244],[139.53577459912253,35.55723682844612],[139.5356939265004,35.557112799972046],[139.53565820414332,35.556998176318444],[139.53566116778913,35.556913927642555],[139.53557999298906,35.55677486381532],[139.53534909475655,35.55665687280957],[139.53514929234953,35.55653131821747],[139.53505042387536,35.55648625409131],[139.53489195473807,35.55646723747011],[139.53480321981522,35.55637980808357],[139.53475256372204,35.55628373684904],[139.53464143748207,35.556307686648225],[139.53486169372763,35.55686812373928],[139.53476847720273,35.55697623269339],[139.53484485443994,35.557021417969324],[139.53485555442828,35.557121262327904],[139.53476956653432,35.55721491703971],[139.53485638462902,35.557256361186006],[139.53472074347596,35.55729070730516],[139.53476693502316,35.55742278482217],[139.53458883495975,35.55751931095711],[139.5345485389967,35.55751583138961],[139.53432575390838,35.557618655300125],[139.53423934651596,35.557708680949325],[139.53430170959425,35.55777428963644],[139.53419841779527,35.557856457488995],[139.53401697375512,35.557729076461605],[139.53397430267538,35.55773249103716],[139.53359265125107,35.558113557724496],[139.5333231918556,35.55835413716843],[139.53296358561113,35.558486469335584],[139.53284247119944,35.5585182060487],[139.53273754021734,35.55849724061012],[139.53250660377964,35.55836547430145],[139.53330072024008,35.557575504503355],[139.53222695339593,35.55687036305276],[139.52968022383874,35.557830651032894],[139.5303333646844,35.55826283479985],[139.53146829542106,35.558992161202575],[139.53063554167215,35.55964473916289],[139.53023041794188,35.559925424212985],[139.53002082942777,35.56009456641216],[139.5297234434325,35.55937502431957],[139.52919948974682,35.55809878286726],[139.52918008456282,35.5579726152917],[139.52920479240117,35.55751605354229],[139.5291700469047,35.557418683254724],[139.5291629293018,35.557307440162006],[139.52918608832726,35.55706487427325],[139.52924818175057,35.55688342301414],[139.52936509449464,35.55668214783681],[139.52944144613213,35.55658072735658],[139.52972730241598,35.55628460318592],[139.52999884905995,35.55610234315039],[139.52962649961475,35.55563903909719],[139.5302036684059,35.55530914460373],[139.53013081427974,35.55519953078023],[139.5302163743848,35.55514605290307],[139.53023945110607,35.555099671006964],[139.5301627628696,35.55483706506994],[139.53084547353106,35.55448211807081],[139.5309486873575,35.55450554528251],[139.53112111330296,35.55470712791573],[139.5311895774384,35.55474743774187],[139.53124790461948,35.55473388859901],[139.53188957929615,35.55428531722457],[139.53178701445543,35.55386209415127],[139.53222769147436,35.55347853968637],[139.53224143826958,35.55346656839067],[139.5318097306307,35.55288520756204],[139.53183338274843,35.55285734563031],[139.53212571120264,35.552524543752554],[139.53224529012147,35.55234383439284],[139.5322984457966,35.55217010498581],[139.53231034119278,35.551986696025374],[139.53229972436176,35.55153483277721],[139.53230510359728,35.55150819303759],[139.53263545564758,35.55161270909216],[139.53286729804307,35.55108149109784],[139.53492325344416,35.55169405155516],[139.5353739830652,35.551828354279365],[139.53608360469363,35.55203976253905],[139.53615010185334,35.552041087103184],[139.53711644115992,35.55052610133914],[139.53716958233312,35.55045141086156],[139.53781362430266,35.54947580997355],[139.53798588555753,35.5492163131016],[139.53833755534086,35.5486865227011],[139.53854242808904,35.54848526878106],[139.53900446400496,35.54896699415622],[139.53935258041597,35.549329224940244],[139.53937925453707,35.54935703495757],[139.5397383988234,35.54973235400753],[139.53975333466616,35.549747952633844],[139.54019508152044,35.55020962902371],[139.54047688121395,35.55050687718993],[139.54116647822934,35.551234311152186],[139.54134095795266,35.55113174252709],[139.54157879933203,35.5513757177619],[139.54160006938687,35.55135594519958],[139.54186632281974,35.551636219612185],[139.54168146501485,35.55176020725714],[139.54209929622334,35.55220516825866],[139.54272357559617,35.55284586024949],[139.54261797584851,35.552992784760214],[139.54249447264354,35.55318114273008],[139.543023411199,35.55344303001975],[139.5432591855532,35.55355975024214],[139.54381019105625,35.55383256918595],[139.54438812375315,35.554107277875566],[139.54415760361462,35.554347069807065],[139.54418407011454,35.55455796838833],[139.54409974465938,35.554529634789674],[139.544027064553,35.554533827433225],[139.54360957062943,35.55458870847446],[139.5431084177557,35.55463958571062],[139.54277300367252,35.554676315365086],[139.54229158172862,35.55472748224528],[139.54210058861335,35.554766142014316],[139.54198973463377,35.55484055456442],[139.5418310697146,35.55496354734798],[139.54169126373955,35.555084473203],[139.54167845300663,35.55512951054904],[139.54146364934658,35.555392677417885],[139.5413261722419,35.55553582434537],[139.54118952376442,35.555629258366615],[139.54091175341654,35.55575502495449],[139.54074455569827,35.55602446647505],[139.54064017504982,35.55616572103116],[139.54061135688013,35.55624001370985],[139.54059084229792,35.55631214345968],[139.54055525670384,35.55662147843276],[139.5405381056254,35.55665745620207],[139.5405434477684,35.556992099486486],[139.5404980726873,35.55739179213052],[139.54044397033178,35.557492923474804],[139.54040034317646,35.55762809242507],[139.54039423490792,35.557824686978584],[139.54037149090203,35.55802793101752],[139.54074012806765,35.558393804236886],[139.54086921746494,35.558582909505255],[139.54083308439752,35.55863662266009],[139.54074658579265,35.55864172943754],[139.5405362604924,35.55866762842472],[139.5403626561467,35.55895500895931],[139.5401174390522,35.559229786956905],[139.5399773873402,35.55924479835841],[139.5395847126695,35.55928690664983],[139.53883770266035,35.55936694903558],[139.5388559763538,35.55932505873947],[139.53898373415248,35.55923245263238],[139.5390312498037,35.55917704546687],[139.53916311438817,35.55909184141227],[139.53921585728546,35.55894967145951],[139.5392180823309,35.558943673499705],[139.5392657691627,35.55888301849195],[139.53914948841623,35.55875598198878],[139.53900991894108,35.55869286488604],[139.5388863304372,35.55863133385796],[139.53877407662384,35.55852838954528],[139.53872476636087,35.55847461043465],[139.5385657116878,35.558402888775674],[139.53836091797638,35.558377602052495],[139.53814369238845,35.558288907977825],[139.5379724992596,35.55820222785935],[139.53764726838742,35.55868429199606],[139.53665541813587,35.55824660631797],[139.53634834550147,35.55812001510182]]]]}},{"type":"Feature","properties":{"area_id":"14117088002","city":"横浜市","ward":"青葉区","town":"市ケ尾町","chome":"","num_households":3167},"geometry":{"type":"MultiPolygon","coordinates":[[[[139.5461059331748,35.54908622424691],[139.54572495706202,35.549321689934125],[139.54540280613818,35.5495286684667],[139.54565538092186,35.54977499519922],[139.54555744780063,35.549853353070226],[139.54553051799752,35.54997944624868],[139.54552133366946,35.55001641317646],[139.54544192178747,35.550336055246106],[139.54533741754477,35.55052220996082],[139.5453236632017,35.550598788424],[139.54531385015957,35.55065341711255],[139.54535312269329,35.55077255384833],[139.54540488744328,35.55089834072855],[139.5454153264872,35.55100832726391],[139.54542591730038,35.55150643160705],[139.54539345500308,35.55164297031143],[139.5453068663624,35.55184849587545],[139.5452652342864,35.551947267312954],[139.54526690347623,35.552171382326925],[139.54527215953772,35.55220132351899],[139.54527609049222,35.552223868856025],[139.54531126785352,35.55242566840696],[139.54529086400223,35.55251600342354],[139.54522536068313,35.552806332324735],[139.54511176024957,35.55326107903599],[139.54504311069942,35.553502982354175],[139.54500083917816,35.55368896551531],[139.5449020029032,35.553836716905074],[139.544605215822,35.55423184068897],[139.54438812375315,35.554107277875566],[139.54381019105625,35.55383256918595],[139.5432591855532,35.55355975024214],[139.543023411199,35.55344303001975],[139.54249447264354,35.55318114273008],[139.54261797584851,35.5529927847602],[139.5427235755962,35.55284586024949],[139.54209929622334,35.55220516825862],[139.54168146501485,35.55176020725714],[139.5418663228198,35.551636219612185],[139.54160006938687,35.55135594519958],[139.54157879933203,35.5513757177619],[139.5413409579527,35.551131742527076],[139.54116647822934,35.551234311152186],[139.54047688121395,35.55050687718993],[139.54019508152044,35.55020962902369],[139.53975333466613,35.54974795263383],[139.5397383988234,35.54973235400753],[139.53937925453707,35.54935703495757],[139.53935258041597,35.549329224940244],[139.53900446400496,35.54896699415622],[139.53854242808904,35.54848526878106],[139.53867874201217,35.548304692115195],[139.53893660167188,35.54809852970354],[139.53919792945914,35.54787466393211],[139.53940364378653,35.547706929275314],[139.53960383026939,35.54752481421184],[139.53976325877824,35.547337249858266],[139.5398744520093,35.547168229164846],[139.53995566023914,35.5469815677483],[139.5402001739333,35.54626046412267],[139.54038811687232,35.54558629828775],[139.54047512096682,35.54522786158177],[139.54051077622063,35.54500331012101],[139.54056287919036,35.54485136406028],[139.54064127755575,35.54449403030964],[139.54067442965587,35.5442396127597],[139.54071724099347,35.54405387745206],[139.54114786699122,35.544068497363575],[139.54123613992684,35.54429345287364],[139.54148456201537,35.544300488276306],[139.54157933805683,35.54415304420772],[139.54197704956428,35.54418599716454],[139.5419950050852,35.54452659043543],[139.5421029010455,35.54455054358358],[139.54283463912986,35.54465657504309],[139.543010938657,35.544570377156035],[139.5432142258821,35.544496530676575],[139.54338885616332,35.544460361160255],[139.54393248071514,35.54436319944082],[139.54403186849976,35.544345547571986],[139.54449206212385,35.54430902966695],[139.54469619528305,35.54429285773772],[139.54573023313992,35.54423715818672],[139.54579410396215,35.544764759478596],[139.54622822363683,35.54473761047066],[139.54697444709277,35.54469126720583],[139.54712330102979,35.544688485468896],[139.54714946906805,35.545093043556925],[139.5471840535471,35.54551025936589],[139.54721025783758,35.545982102435765],[139.54691817305263,35.54611823706738],[139.5464600647769,35.5462670488478],[139.54609228121888,35.54637248395365],[139.5463934903056,35.54665413232242],[139.54670786238418,35.5469482067956],[139.5471248312349,35.54733924970134],[139.54733335956078,35.54753487738491],[139.54761139298282,35.547793198987804],[139.5478026002542,35.54798420854965],[139.5473139352733,35.54830913396537],[139.54656915178091,35.54879088097966],[139.5462552915366,35.54899390278496],[139.5461059331748,35.54908622424691]]]]}},{"type":"Feature","properties":{"area_id":"14117088003","city":"横浜市","ward":"青葉区","town":"市ケ尾町","chome":"","num_households":2241},"geometry":{"type":"MultiPolygon","coordinates":[[[[139.55124563996026,35.542701263242336],[139.5507311499171,35.54307152842611],[139.5506789792194,35.543102391320915],[139.5503005294996,35.5433263922332],[139.54983498605404,35.54353353447288],[139.5491745279312,35.54379436931052],[139.54886818210636,35.543873752418854],[139.54855310516473,35.54395540238281],[139.5479058918554,35.544093237339005],[139.54778349356383,35.544089110182846],[139.54691117466467,35.544168945538516],[139.5461767363887,35.54421588213946],[139.54573023313992,35.54423715818672],[139.54469619528305,35.54429285773772],[139.54449206212385,35.54430902966695],[139.54403186849976,35.544345547571986],[139.54393248071514,35.54436319944082],[139.54338885616332,35.544460361160255],[139.5432142258821,35.544496530676575],[139.543010938657,35.544570377156035],[139.54283463912986,35.54465657504309],[139.5421029010455,35.54455054358358],[139.5419950050852,35.54452659043543],[139.54197704956428,35.54418599716454],[139.54157933805683,35.54415304420772],[139.54148456201537,35.544300488276306],[139.54123613992684,35.54429345287364],[139.54114786699122,35.544068497363575],[139.54071724099347,35.54405387745206],[139.54075063280195,35.54339694111737],[139.54073802389695,35.543044706691454],[139.54070068472132,35.542693293518845],[139.5406881749772,35.54257379659306],[139.54059184416326,35.5419133818949],[139.54055417609447,35.54176474223769],[139.5402607354563,35.54079820088837],[139.54007407850102,35.54017767633244],[139.53999354551615,35.53968187165377],[139.5400592890916,35.5389614945303],[139.54027176528638,35.53828508959561],[139.5406158546722,35.53753991476558],[139.5410160962123,35.536875536092325],[139.54137311944524,35.53630370148931],[139.5418067773024,35.536555550925215],[139.54197044237378,35.53662867878828],[139.54250047337703,35.53683970856553],[139.54356393730842,35.53723469448114],[139.54441008592443,35.53755124491742],[139.5444931986044,35.53739147891018],[139.54473377280144,35.53745492684253],[139.54470337801698,35.537539713261204],[139.54504785991492,35.53762621983286],[139.5450025663998,35.53775748338805],[139.54516338182836,35.537821624795434],[139.54541514978092,35.5379115414971],[139.54555326826792,35.537710178272505],[139.54555528252314,35.537707260501975],[139.5456673026269,35.53779206174169],[139.5457070206958,35.53782215410649],[139.54575893496713,35.53780238058181],[139.54577267647582,35.53777843372542],[139.5458190160087,35.53769769900132],[139.54586652799176,35.53763854987056],[139.5459284007345,35.537592779984394],[139.5459904891925,35.53756493157689],[139.54599973564768,35.53756298185127],[139.54602032159164,35.53755859321934],[139.54616947788233,35.53752246146848],[139.54621806617334,35.53752937003897],[139.5463080518673,35.53754214931377],[139.5464164395193,35.53761331508899],[139.54645958804517,35.537641654147066],[139.5465031872309,35.53767027592786],[139.54659799447373,35.537816866791545],[139.54667109520403,35.53799819417052],[139.54681456926602,35.538153631537995],[139.54704946135993,35.538318412313984],[139.54710545124394,35.53835770022842],[139.54717309542087,35.53839627641501],[139.54737516780008,35.538511542705244],[139.54774387879195,35.53865319016266],[139.54780566355285,35.53869199737281],[139.547972629914,35.53891027698631],[139.54826473840626,35.53929212134383],[139.5485182916658,35.539662818380634],[139.5488836576643,35.539510305629605],[139.54893745910294,35.53948677135502],[139.54888404436417,35.53940126047812],[139.54874188132214,35.53917850027937],[139.54888507223092,35.539111410317645],[139.5494770558981,35.53883411802391],[139.54986291635595,35.53865883572617],[139.54989682943645,35.53864345774205],[139.54996375910565,35.53875065483452],[139.54993266837522,35.53912557223268],[139.54981102572071,35.53929404834021],[139.5500593545451,35.539303893905355],[139.5501480193674,35.539325192975824],[139.55022628284541,35.539400903206314],[139.55023680570312,35.539410886421734],[139.55028651997245,35.539458050906454],[139.5507850151994,35.539549782276666],[139.55103275650794,35.539476069823216],[139.55099025356668,35.5393861487595],[139.551064318262,35.53935171132902],[139.551178271515,35.53939690623355],[139.55128696767164,35.53941233658707],[139.551448190524,35.5393802157448],[139.5515820967031,35.53947883565268],[139.55167630707018,35.539534090239094],[139.55167732815775,35.539568422590534],[139.55168100906283,35.539692018514465],[139.55174265717272,35.53999162611525],[139.55172622795337,35.54002337316744],[139.5517890538332,35.54023161733379],[139.55167029443749,35.54026006131853],[139.5517006396968,35.54038915624242],[139.55178878603337,35.54066315683591],[139.551845778345,35.54076156220928],[139.55192685729136,35.540747983841676],[139.55183111149444,35.54090261467004],[139.55177912766285,35.540960590070114],[139.5514510079504,35.541178479135304],[139.55139253585145,35.54120724998398],[139.55089130697755,35.541453780804474],[139.5512598116488,35.542045998794606],[139.55091982386256,35.54229262572904],[139.55109666130647,35.542502012306045],[139.55124563996026,35.542701263242336]]]]}},{"type":"Feature","properties":{"area_id":"141170890","city":"横浜市","ward":"青葉区","town":"下谷本町","chome":"","num_households":42},"geometry":{"type":"MultiPolygon","coordinates":[[[[139.53854242808904,35.54848526878106],[139.53833755534086,35.5486865227011],[139.53798588555753,35.5492163131016],[139.53781362430266,35.54947580997355],[139.53716958233312,35.55045141086156],[139.53711644115992,35.55052610133914],[139.53615010185334,35.552041087103184],[139.53608360469363,35.55203976253905],[139.5353739830652,35.551828354279365],[139.53492325344416,35.55169405155516],[139.53286729804307,35.55108149109784],[139.53263545564758,35.55161270909216],[139.53230510359728,35.55150819303759],[139.53241196844326,35.551241963440624],[139.53251922046533,35.551084741618546],[139.53264986598367,35.55096771628997],[139.53287692802513,35.550784034170036],[139.5330550194123,35.55060156734975],[139.5331547289379,35.55046143740494],[139.53326244733034,35.550259359345766],[139.533304727579,35.55014704212963],[139.53341344288177,35.54999471722631],[139.53355545185718,35.54966209780241],[139.53362154572062,35.54942650216826],[139.53363300352297,35.549329565403035],[139.53372895470523,35.54908812867335],[139.53378670385334,35.54891764831082],[139.5342600943581,35.54801468774224],[139.5342064078416,35.5480043094262],[139.5341541170667,35.547880243750534],[139.53410964217255,35.54759641791676],[139.5341503152688,35.54744071887499],[139.5342991074507,35.547198355475516],[139.534464039319,35.5472297435903],[139.5345231166009,35.54702567464418],[139.5346970944486,35.546406841643275],[139.53487404801226,35.54571770238068],[139.53496293686985,35.54558799754028],[139.53520389718926,35.54536201432904],[139.53575296308355,35.54490225236483],[139.5357685118657,35.54487979144166],[139.53578883993217,35.54487568565319],[139.53590307006456,35.544364230939685],[139.53596167776394,35.544179066561085],[139.53603160312915,35.544049948209675],[139.53612009881505,35.54392555658639],[139.53626899633508,35.54377747571605],[139.53672181939024,35.54341574007895],[139.53680958533639,35.54336616581508],[139.53684931825003,35.5423248020482],[139.53684880365907,35.54179324304548],[139.5370200955362,35.5409627480283],[139.53706162571027,35.540711135512005],[139.53702854219054,35.540629264141515],[139.53696535098734,35.54053996143384],[139.53679608581422,35.54040783475371],[139.5365302507707,35.540278115693695],[139.53666059219205,35.53992693419081],[139.53675929390627,35.53961567398485],[139.5370901663802,35.539286874497165],[139.53724755833667,35.53919778558944],[139.53738219078846,35.53921194703596],[139.53744299211573,35.53912533680141],[139.53759154522618,35.53861775989732],[139.53795377656192,35.537379990386825],[139.538199588931,35.53645498992942],[139.53845234710198,35.535503649536665],[139.53854696544875,35.535158827583984],[139.53979419135612,35.53544674609327],[139.53998509609315,35.53550945070413],[139.5401154470312,35.53556859202423],[139.54137311944524,35.53630370148931],[139.5410160962123,35.536875536092325],[139.5406158546722,35.53753991476558],[139.54027176528638,35.53828508959561],[139.5400592890916,35.5389614945303],[139.53999354551615,35.53968187165377],[139.54007407850102,35.54017767633244],[139.5402607354563,35.54079820088837],[139.54055417609447,35.54176474223769],[139.54059184416326,35.5419133818949],[139.5406881749772,35.54257379659306],[139.54070068472132,35.542693293518845],[139.54073802389695,35.543044706691454],[139.54075063280195,35.54339694111737],[139.54071724099347,35.54405387745206],[139.54067442965587,35.5442396127597],[139.54064127755575,35.54449403030964],[139.54056287919036,35.54485136406028],[139.54051077622063,35.54500331012101],[139.54047512096682,35.54522786158177],[139.54038811687232,35.54558629828775],[139.5402001739333,35.54626046412267],[139.53995566023914,35.5469815677483],[139.5398744520093,35.547168229164846],[139.53976325877824,35.547337249858266],[139.53960383026939,35.54752481421184],[139.53940364378653,35.547706929275314],[139.53919792945914,35.54787466393211],[139.53893660167188,35.54809852970354],[139.53867874201217,35.548304692115195],[139.53854242808904,35.54848526878106]]]]}},{"type":"Feature","properties":{"area_id":"14117090001","city":"横浜市","ward":"青葉区","town":"藤が丘","chome":"1","num_households":3765},"geometry":{"type":"MultiPolygon","coordinates":[[[[139.5346970944486,35.546406841643275],[139.5345231166009,35.54702567464418],[139.534464039319,35.5472297435903],[139.5342991074507,35.547198355475516],[139.5341503152688,35.54744071887499],[139.53410964217255,35.54759641791676],[139.5341541170667,35.547880243750534],[139.5342064078416,35.5480043094262],[139.5342600943581,35.54801468774224],[139.53378670385334,35.54891764831082],[139.53372895470523,35.54908812867335],[139.53363300352297,35.549329565403035],[139.53362154572062,35.54942650216826],[139.53355545185718,35.54966209780241],[139.53341344288177,35.54999471722631],[139.533304727579,35.55014704212963],[139.53326244733034,35.550259359345766],[139.5331547289379,35.55046143740494],[139.5330550194123,35.55060156734975],[139.53287692802513,35.550784034170036],[139.53264986598367,35.55096771628997],[139.53251922046533,35.551084741618546],[139.53250485499058,35.55104382865186],[139.53227068723504,35.550877901628546],[139.53217061363515,35.550794594608135],[139.53212280414627,35.55077310212831],[139.53202288858833,35.55084777690449],[139.53195363619676,35.55084549111508],[139.53181636101647,35.55077318049544],[139.53141789654572,35.55055987327049],[139.53125532657594,35.55046591571925],[139.53109779222095,35.55037897775794],[139.5308621062792,35.55026233791998],[139.53074427470102,35.55018113103128],[139.53069797312375,35.550063910080404],[139.5306730082243,35.54994399696511],[139.53066533542844,35.54978022071407],[139.53068282838424,35.549490812523715],[139.53064325515567,35.549417056243385],[139.53039020065768,35.54914425803031],[139.5302523186218,35.54900008187284],[139.53014402285308,35.54894981318614],[139.5300073313216,35.54891193750478],[139.52978131915515,35.54889291960248],[139.52954131432915,35.54882615759333],[139.52944393443408,35.54876651512306],[139.52934722218185,35.5486787078038],[139.52928986708505,35.5486192359519],[139.52889941735154,35.54816240378757],[139.5288888443543,35.548150054058105],[139.52856440615201,35.5483462644996],[139.52848418871054,35.5483281043592],[139.52838933647274,35.54833434369584],[139.52828033751786,35.548373044288184],[139.5281889513073,35.548436117962154],[139.52800303240113,35.54811859512219],[139.5279626905728,35.54804969364738],[139.52789030451623,35.54793286414833],[139.52776139033472,35.54778318272858],[139.52759166837905,35.54761878743538],[139.52718758144505,35.54725057169402],[139.5262740697763,35.54645535636308],[139.5265401447973,35.54608148293128],[139.52690999866815,35.545585591915774],[139.52726416951174,35.545088919949656],[139.52732996547851,35.54500785943199],[139.52748765619364,35.54481383698683],[139.52751445555566,35.54478524515985],[139.52764825276097,35.5446426379775],[139.5279143962512,35.544342418671064],[139.5281651152473,35.54393470446485],[139.5282331533887,35.54353064774784],[139.5281778703336,35.54304234444365],[139.528213019435,35.54302120271928],[139.52888295289884,35.54281015511187],[139.52968022255953,35.54254924953012],[139.52983344396796,35.54249108119183],[139.53001177224172,35.54242917221034],[139.53030841049835,35.542404527162894],[139.53049402957976,35.542402384081086],[139.53056693577514,35.54238703933602],[139.5312785574711,35.54230152832251],[139.53213261894183,35.54224551824807],[139.5321554132018,35.542244236813225],[139.53240424465818,35.542336255751586],[139.5327153869694,35.542509866932484],[139.53288838155302,35.542565995624756],[139.53308360696897,35.5425758093718],[139.53335825020147,35.54258014925039],[139.53387903143516,35.54257354763073],[139.53388512832677,35.54257345813658],[139.5342029753942,35.542579205359544],[139.53432900870462,35.54256736718089],[139.53459533638753,35.54254234927809],[139.53459619141486,35.54255569675376],[139.5346394107582,35.54255211275984],[139.5347611968061,35.54254201489188],[139.53525869435703,35.54250481006126],[139.53606169773602,35.54233296601728],[139.5362296344731,35.54230094443253],[139.53684931825003,35.5423248020482],[139.53680958533639,35.54336616581508],[139.53672181939024,35.54341574007895],[139.53626899633508,35.54377747571605],[139.53612009881505,35.54392555658639],[139.53603160312915,35.544049948209675],[139.53596167776394,35.544179066561085],[139.53590307006456,35.544364230939685],[139.53578883993217,35.54487568565319],[139.5357685118657,35.54487979144166],[139.53575296308355,35.54490225236483],[139.53520389718926,35.54536201432904],[139.53496293686985,35.54558799754028],[139.53487404801226,35.5457177023807],[139.5346970944486,35.546406841643275]]]]}},{"type":"Feature","properties":{"area_id":"14117090002","city":"横浜市","ward":"青葉区","town":"藤が丘","chome":"2","num_households":3850},"geometry":{"type":"MultiPolygon","coordinates":[[[[139.52885465151363,35.537563773104154],[139.529167445646,35.537997370320134],[139.52939192501793,35.53830853910893],[139.52948501456837,35.53845051978424],[139.52950034087107,35.538572132576974],[139.52943887852518,35.53886487980456],[139.52932326920984,35.53938293236555],[139.5297264578173,35.53950871667812],[139.5298885433838,35.539559257040594],[139.52999284272062,35.53962010941599],[139.53010143920864,35.539712274574114],[139.5303058832548,35.53991311955838],[139.53032408171018,35.53993098093043],[139.53034020438645,35.54016691916693],[139.5303559725886,35.54045690131473],[139.5303562338165,35.54046186638848],[139.53036536739836,35.540632440509754],[139.53056514496072,35.54107741202139],[139.53068011439007,35.54133665809514],[139.53087842124336,35.541521750136496],[139.53122004299667,35.541784729118795],[139.5312531355524,35.54202278700404],[139.5312785574711,35.54230152832251],[139.53056693577514,35.54238703933602],[139.53049402957976,35.542402384081086],[139.53030841049835,35.542404527162894],[139.53001177224172,35.54242917221034],[139.52983344396793,35.54249108119184],[139.52968022255953,35.54254924953012],[139.52888295289884,35.54281015511187],[139.528213019435,35.54302120271928],[139.5281778703336,35.54304234444365],[139.5282331533887,35.54353064774784],[139.5281651152473,35.54393470446485],[139.5279143962512,35.544342418671064],[139.52764825276097,35.5446426379775],[139.52751445555566,35.54478524515985],[139.52748765619364,35.54481383698683],[139.52732996547851,35.54500785943199],[139.52726416951174,35.545088919949656],[139.52690999866815,35.545585591915774],[139.52643835569543,35.545350328799245],[139.5262451164086,35.54525371952785],[139.52539670044203,35.54484078572319],[139.52495970341397,35.544628073813016],[139.52443186917074,35.54437115358078],[139.52414406221524,35.544226982930674],[139.5238828268204,35.54410210213394],[139.52365200813668,35.54399395258056],[139.52168162446384,35.54306581954823],[139.5217618889227,35.5429722399841],[139.52180661083563,35.542850715768004],[139.5217686602778,35.54263475891875],[139.52179858798453,35.542534251350006],[139.5218371178851,35.54247495394615],[139.5219531290027,35.54230537602437],[139.52223655205609,35.54204148073046],[139.5223525521958,35.5418852802957],[139.52243695701938,35.54168935391138],[139.52247062988724,35.5415609315578],[139.52239450625896,35.54098755768553],[139.52235090218335,35.54065899369732],[139.5223183524753,35.54056043426216],[139.52149591562087,35.539743454515076],[139.52211013872176,35.53930721559799],[139.52227786255,35.53920853386671],[139.5225888278821,35.5390580041765],[139.52281382040547,35.53898182349116],[139.5238075738998,35.53885823363491],[139.52385804262383,35.53885195320268],[139.5249561465052,35.53872312490368],[139.525217014646,35.538692518129025],[139.52582748804423,35.53833599045466],[139.52598719515572,35.5382253106505],[139.52606426560968,35.53813998389552],[139.52611603459584,35.53804170782513],[139.5261370644779,35.53786607258035],[139.52613442337935,35.53785835426076],[139.52676123841113,35.537803313148245],[139.52722739389228,35.537765434347826],[139.5280139263844,35.537707335494126],[139.52841359875464,35.53766189202583],[139.52885465151363,35.537563773104154]]]]}},{"type":"Feature","properties":{"area_id":"141170920","city":"横浜市","ward":"青葉区","town":"梅が丘","chome":"","num_households":2206},"geometry":{"type":"MultiPolygon","coordinates":[[[[139.52362376976336,35.53174307419084],[139.52454516381383,35.53205593947578],[139.52617070672315,35.532673906250636],[139.52626286890637,35.53285666896701],[139.52636466079912,35.53298752049385],[139.5264946561081,35.533098515425294],[139.52666632528295,35.53320348502692],[139.5268912398471,35.53328454108346],[139.52713589953248,35.53335008433653],[139.52732701672593,35.53334676013473],[139.5274699802509,35.53331289493071],[139.52785067101053,35.53322269149582],[139.52801416291584,35.53321658481447],[139.5281846659693,35.53326042561493],[139.52855433498115,35.53341652127305],[139.52884367606325,35.53351956361525],[139.52940871128456,35.53383353296393],[139.52979907578208,35.534067064192335],[139.53010847243897,35.534227791426396],[139.53019869628045,35.53428505704692],[139.5304349586489,35.5344899312716],[139.53052246730414,35.53456581303147],[139.53060953165487,35.534638666637],[139.53075949602575,35.53476146144736],[139.53084010246084,35.53480479297018],[139.53084519140904,35.53480753047221],[139.53091937825027,35.534847416927875],[139.53114565974687,35.53491550884216],[139.5312236643486,35.53499263549687],[139.5313931498465,35.5350851281675],[139.53076538477404,35.53575784320218],[139.53044032792002,35.536077765640144],[139.5301528284146,35.536346621992955],[139.52973275424353,35.53675830532823],[139.52957794357448,35.53691544426199],[139.52946546827772,35.53702959313324],[139.52928620264956,35.53721121158432],[139.52913848345213,35.53736090393027],[139.52904226845973,35.53744065851033],[139.52885465151363,35.537563773104154],[139.52841359875464,35.53766189202583],[139.5280139263844,35.537707335494126],[139.52722739389228,35.537765434347826],[139.52676123841113,35.537803313148245],[139.52613442337935,35.53785835426076],[139.5261370644779,35.53786607258035],[139.52611603459584,35.53804170782513],[139.52606426560968,35.53813998389552],[139.52598719515572,35.5382253106505],[139.52582748804423,35.53833599045466],[139.525217014646,35.538692518129025],[139.5249561465052,35.53872312490368],[139.52385804262383,35.53885195320268],[139.5238075738998,35.53885823363491],[139.52281382040547,35.53898182349116],[139.5225888278821,35.5390580041765],[139.522332218226,35.53858201267891],[139.52232317570565,35.53856449090209],[139.52190269272734,35.537749983189656],[139.52153687674777,35.53704025343418],[139.52150491156283,35.53697358961403],[139.5214636192781,35.53675329100033],[139.52143212360647,35.53636790959462],[139.5213972834064,35.535922152962],[139.52139473582477,35.53588964710636],[139.5213778858752,35.53557925277476],[139.52143297705234,35.53544542323055],[139.5216353412124,35.5349644216888],[139.5216553825781,35.53491658856055],[139.52173759521764,35.53467931235903],[139.52181758573536,35.5345051230787],[139.5219828498045,35.53424801239024],[139.52213953727735,35.53404344964161],[139.52238373198102,35.53370780938781],[139.52263428087363,35.53333176338789],[139.52269296798585,35.53323554047736],[139.5227959466394,35.53292598390208],[139.52281817521347,35.53289149823366],[139.5228197511218,35.53288892581171],[139.52285384554963,35.53283324434306],[139.52295263012513,35.53274420207926],[139.52316500191745,35.53251298533793],[139.52326143483788,35.53239066291097],[139.52332314930692,35.532285785938576],[139.52362376976336,35.53174307419084]]]]}},{"type":"Feature","properties":{"area_id":"141170930","city":"横浜市","ward":"青葉区","town":"千草台","chome":"","num_households":2950},"geometry":{"type":"MultiPolygon","coordinates":[[[[139.53684931825003,35.5423248020482],[139.5362296344731,35.54230094443253],[139.53606169773602,35.54233296601728],[139.53525869435703,35.54250481006126],[139.5347611968061,35.54254201489188],[139.5346394107582,35.54255211275984],[139.53459619141486,35.54255569675376],[139.53459533638753,35.54254234927809],[139.53432900870462,35.54256736718089],[139.5342029753942,35.542579205359544],[139.53388512832677,35.54257345813658],[139.53387903143516,35.54257354763073],[139.53335825020147,35.54258014925039],[139.53308360696897,35.5425758093718],[139.53288838155302,35.542565995624756],[139.5327153869694,35.542509866932484],[139.53240424465818,35.542336255751586],[139.5321554132018,35.542244236813225],[139.53213261894183,35.54224551824807],[139.5312785574711,35.54230152832251],[139.5312531355524,35.54202278700404],[139.53122004299667,35.541784729118795],[139.53087842124336,35.541521750136496],[139.53068011439007,35.54133665809514],[139.53056514496072,35.54107741202143],[139.53036536739836,35.54063244050978],[139.5303562338165,35.54046186638848],[139.5303559725886,35.54045690131473],[139.53034020438645,35.54016691916693],[139.53032408171018,35.53993098093043],[139.5303058832548,35.53991311955838],[139.53010143920864,35.539712274574114],[139.52999284272062,35.53962010941599],[139.5298885433838,35.539559257040594],[139.5297264578173,35.53950871667812],[139.52932326920984,35.53938293236555],[139.52943887852518,35.53886487980456],[139.52950034087107,35.538572132576974],[139.52948501456837,35.53845051978424],[139.52939192501793,35.53830853910893],[139.529167445646,35.537997370320134],[139.52885465151363,35.537563773104154],[139.52904226845973,35.53744065851033],[139.52913848345213,35.53736090393027],[139.52928620264956,35.53721121158432],[139.52946546827772,35.53702959313324],[139.52957794357448,35.53691544426199],[139.52973275424353,35.53675830532823],[139.5301528284146,35.536346621992955],[139.53044032792002,35.536077765640144],[139.53076538477404,35.53575784320218],[139.5313931498465,35.5350851281675],[139.53174564604797,35.535292889088225],[139.53216739506337,35.53555127548007],[139.53279555744837,35.53605754902975],[139.53283052764755,35.53607790119851],[139.53301458384541,35.536185018430736],[139.53318973709148,35.53630600518346],[139.5333074824606,35.536412239026426],[139.53374099891812,35.53680257260369],[139.53403565683814,35.536648864790635],[139.53440423525626,35.53642907091431],[139.5343294627443,35.53627414396432],[139.53435553293687,35.53615520018525],[139.53453514119926,35.53614327615103],[139.5346764713008,35.53612154343547],[139.53481573986957,35.53607941636007],[139.53491382766578,35.53603194592422],[139.5349904158738,35.53596818896743],[139.5350886707337,35.53591621123699],[139.53517188580233,35.53590144856736],[139.53621565929447,35.535841363315726],[139.5362165878524,35.5355872622795],[139.5365702171227,35.53542446021754],[139.53680704457733,35.535502559499434],[139.53701279094616,35.53543414869138],[139.53713909954843,35.53547321796226],[139.53724889368112,35.53570603649062],[139.53728997172274,35.53569296755769],[139.5372907484656,35.53566282973198],[139.53778665236004,35.53537664216958],[139.53798954530757,35.53524572858193],[139.5381350018799,35.53518347515562],[139.53832660325972,35.53514249200122],[139.5384121147956,35.5351470277142],[139.53854696544875,35.535158827584006],[139.53845234710198,35.535503649536686],[139.538199588931,35.53645498992942],[139.53795377656192,35.537379990386825],[139.53759154522618,35.53861775989732],[139.53744299211573,35.53912533680141],[139.53738219078846,35.53921194703596],[139.53724755833667,35.53919778558944],[139.5370901663802,35.539286874497165],[139.53675929390627,35.53961567398485],[139.53666059219205,35.53992693419081],[139.5365302507707,35.540278115693695],[139.53679608581422,35.54040783475371],[139.53696535098734,35.54053996143384],[139.53702854219054,35.540629264141515],[139.53706162571027,35.540711135512005],[139.5370200955362,35.5409627480283],[139.53684880365907,35.54179324304548],[139.53684931825003,35.5423248020482]]]]}},{"type":"Feature","properties":{"area_id":"141170940","city":"横浜市","ward":"青葉区","town":"つつじが丘","chome":"","num_households":2538},"geometry":{"type":"MultiPolygon","coordinates":[[[[139.5213972834064,35.535922152962],[139.52143212360647,35.53636790959462],[139.5214636192781,35.53675329100033],[139.52150491156283,35.53697358961403],[139.52153687674777,35.53704025343418],[139.52190269272734,35.537749983189656],[139.52232317570565,35.53856449090209],[139.522332218226,35.53858201267891],[139.5225888278821,35.5390580041765],[139.52227786255,35.53920853386671],[139.52211013872176,35.53930721559799],[139.52149591562087,35.539743454515076],[139.5223183524753,35.54056043426216],[139.52235090218335,35.54065899369732],[139.52239450625896,35.54098755768553],[139.52247062988727,35.54156093155779],[139.52243695701938,35.54168935391138],[139.5223525521958,35.5418852802957],[139.52223655205609,35.542041480730425],[139.5219531290027,35.54230537602437],[139.5218371178851,35.54247495394615],[139.52179858798453,35.542534251350006],[139.5217686602778,35.54263475891875],[139.52180661083563,35.542850715768004],[139.5217618889227,35.5429722399841],[139.52168162446384,35.54306581954823],[139.52094220769777,35.542739694676676],[139.51988147719626,35.542271802836424],[139.51871584619005,35.54173851704084],[139.51824818201456,35.5415245332395],[139.51788209761688,35.54135701266232],[139.5170456685541,35.54097433181963],[139.51655843290527,35.5407484198763],[139.5165389404195,35.540470540440054],[139.5165980490861,35.54018752016427],[139.51674637953505,35.53944816346843],[139.51675068642967,35.539426733376864],[139.51686075574716,35.53885669552451],[139.51686392241405,35.53884033177395],[139.5169682508719,35.53830016977544],[139.51699565067918,35.538158327265194],[139.51706412237098,35.53780387199488],[139.51708302238436,35.537706027635124],[139.5171164495783,35.53753296424361],[139.51728094107355,35.53668148000531],[139.51728611924898,35.536662833770045],[139.51735094052566,35.53642918269226],[139.51762189857635,35.53545247783422],[139.51762083386876,35.53544370756116],[139.51756782779515,35.53500727198858],[139.51754883026115,35.534850815981066],[139.5175364093288,35.53474856768331],[139.51750620061392,35.5344998295747],[139.51745833144108,35.534105730435265],[139.51746292987102,35.53408070903738],[139.51805597545365,35.534016011118396],[139.5180777800877,35.53401416922204],[139.51841061197425,35.533986194918995],[139.51851775833353,35.5340065892693],[139.51879136320963,35.534128311711285],[139.51924777123506,35.534336015811064],[139.51938634115996,35.53440226796507],[139.51940138613932,35.53440946117322],[139.51972660855444,35.53456490604269],[139.5199890800814,35.53474356759872],[139.52013502062297,35.53487712718942],[139.52037473744159,35.53508670988073],[139.52049101344704,35.535215857631165],[139.5205519822924,35.535326406969716],[139.52078113297833,35.53599792765168],[139.5208029783921,35.53601400721159],[139.52103721779116,35.53596643364855],[139.5213972834064,35.535922152962]]]]}},{"type":"Feature","properties":{"area_id":"141170950","city":"横浜市","ward":"青葉区","town":"しらとり台","chome":"","num_households":3641},"geometry":{"type":"MultiPolygon","coordinates":[[[[139.51746292987102,35.53408070903738],[139.51745833144108,35.534105730435265],[139.51750620061392,35.5344998295747],[139.5175364093288,35.534748567683316],[139.51754883026115,35.534850815981066],[139.51756782779515,35.53500727198858],[139.51762083386876,35.535443707561186],[139.51762189857635,35.53545247783422],[139.51735094052566,35.53642918269226],[139.51728611924898,35.536662833770045],[139.51728094107352,35.53668148000531],[139.5171164495783,35.53753296424365],[139.51708302238436,35.537706027635124],[139.51706412237098,35.53780387199488],[139.51699565067918,35.538158327265194],[139.5169682508719,35.53830016977544],[139.51686392241405,35.53884033177395],[139.51686075574716,35.53885669552451],[139.51675068642967,35.539426733376864],[139.51674637953505,35.53944816346843],[139.5165980490861,35.54018752016427],[139.5165389404195,35.540470540440054],[139.51655843290527,35.5407484198763],[139.51564826485867,35.54026504108461],[139.51505473445573,35.53999446984279],[139.5147103028698,35.53986646411142],[139.51460474891283,35.539796499327416],[139.51447214595566,35.539735860674625],[139.5142405085276,35.53962875785619],[139.51384900306016,35.53941633112543],[139.51362975030514,35.53928271276666],[139.51344863773983,35.53915708558177],[139.5130947207994,35.53889176929362],[139.51277552919393,35.538637180290365],[139.51252330545725,35.53843206565274],[139.51242144669666,35.538349220619295],[139.51232315655125,35.53826804117255],[139.51229080053713,35.5382412985931],[139.51208228394435,35.538069117755285],[139.51144502590657,35.53751806822784],[139.511412632974,35.537490057632496],[139.51031229344295,35.536591420761845],[139.50945497381025,35.53589124131496],[139.50944396029973,35.53588187964264],[139.50918347771147,35.535659967372645],[139.5091082786871,35.53559588677334],[139.50835006595003,35.53497217499827],[139.50881196645614,35.53454768120815],[139.5098352087719,35.53361550811534],[139.51003948786777,35.53339439586806],[139.51019648220023,35.53308776629245],[139.51023308279997,35.533016285833924],[139.51030423052737,35.53279878155542],[139.5104153171758,35.53241769795064],[139.5104506489402,35.53229646371049],[139.51067253275232,35.53190917073471],[139.51086723659242,35.53161848821443],[139.51101839589185,35.531422997783096],[139.51141102838207,35.530895263476985],[139.51172586881933,35.53057663466171],[139.51190762126828,35.5303835844731],[139.5119862082712,35.530308980192025],[139.51216430847745,35.530167043386406],[139.51226049208975,35.530108717625936],[139.51235993876216,35.530058534705255],[139.512461551708,35.53001642120228],[139.51256425682735,35.52998064724763],[139.5126713333206,35.52995122180936],[139.51278170414295,35.52992715936195],[139.51303217403012,35.52988819670174],[139.51323626387745,35.52986801408697],[139.5136411208678,35.52983486058401],[139.51399298803292,35.52981328467108],[139.5141738496922,35.52980659298521],[139.51436574606572,35.52980348779489],[139.51455762256674,35.52980580679475],[139.51474947300147,35.52981445966408],[139.51493578003448,35.529830283356326],[139.5151479352756,35.52985152784352],[139.51572312339468,35.529993469195325],[139.5163439847776,35.53021035440717],[139.5171002452747,35.53046531258783],[139.51733380732165,35.53052182296985],[139.51732797096105,35.531402241794176],[139.51734149004807,35.532062226475986],[139.5173403447463,35.53209089618379],[139.51733495590395,35.532225761854434],[139.51733586114995,35.53225958084296],[139.51733926654236,35.532386896101734],[139.51734289798105,35.53252278203064],[139.51734628694953,35.532649302627405],[139.51735370356252,35.53292607642468],[139.5173890976506,35.533337464394776],[139.51744497969074,35.53408266697298],[139.51746292987102,35.53408070903738]]]]}},{"type":"Feature","properties":{"area_id":"141170960","city":"横浜市","ward":"青葉区","town":"恩田町","chome":"","num_households":1293},"geometry":{"type":"MultiPolygon","coordinates":[[[[139.49868656374724,35.55057347029555],[139.49852335778857,35.55062757642993],[139.4981259867451,35.55079695552268],[139.49766121586137,35.55101462146699],[139.49740584101326,35.55112977186437],[139.49736863566991,35.551128038968336],[139.49684210366036,35.55110088633275],[139.49681928476818,35.55104895387439],[139.496742287403,35.55095060078506],[139.49663997257443,35.55085319476743],[139.49648002975385,35.550724567887514],[139.49632348378307,35.5505665483543],[139.49625574095492,35.5505689222169],[139.49615411231272,35.55048250370092],[139.4958841042661,35.550425417593544],[139.49574607699344,35.55037804536459],[139.4955834175533,35.550301835414615],[139.49548123558446,35.550296362336624],[139.49511930836334,35.55030417968003],[139.49507414788238,35.550187433316864],[139.49463629465447,35.55007865999533],[139.49460858148254,35.55007026841877],[139.49457854524107,35.550061166952226],[139.4944983273558,35.55024265045593],[139.49443255404358,35.550263090532574],[139.49384846549358,35.55022525630297],[139.49381528403373,35.54976095385733],[139.49368093792373,35.54986805619799],[139.49342260075818,35.54987465837539],[139.49329567852953,35.54990696080513],[139.49286502874688,35.5499095341691],[139.49259171481063,35.54981514363023],[139.4925846839377,35.54981184845696],[139.49217818501901,35.54962101258715],[139.49215468440542,35.54960999373955],[139.49201632182059,35.549551067821554],[139.49193528121629,35.54953945644876],[139.49186993519473,35.54953007370247],[139.4915144835836,35.5495204350978],[139.49132992382053,35.54946866058179],[139.4911930916867,35.54938928129808],[139.49107613277766,35.54938383178168],[139.49094323317294,35.54940857865263],[139.49059107684295,35.549277614556786],[139.4903518836441,35.5492408524104],[139.49025802519836,35.549224166413495],[139.4902521344766,35.54916548942034],[139.4896240660021,35.549212957839316],[139.48937502583416,35.549115990920754],[139.48919670525603,35.54911211692379],[139.4887379252524,35.548993576156214],[139.48847594310678,35.54893075761105],[139.4883221888305,35.548935335298424],[139.48824418087037,35.548960208382255],[139.48818860651167,35.54901366707498],[139.48799985873276,35.54905496973434],[139.48789328477616,35.54904961733949],[139.4876455076933,35.54899025463619],[139.48716232188687,35.5488564947337],[139.48704975890726,35.54881594902316],[139.48679644905909,35.54861586924799],[139.4867719843111,35.54858396695202],[139.48660749595368,35.54854988454178],[139.48597522727877,35.54844253905314],[139.4857952229896,35.54835489051196],[139.4854421267496,35.54800543088957],[139.48537254499368,35.5479800811739],[139.4853443770844,35.547852712769526],[139.48531985447684,35.54783922475748],[139.48502468047073,35.54784168310621],[139.48488619594397,35.547807536586255],[139.48458847363347,35.547746573094045],[139.48431999202444,35.54773907566932],[139.48411282157795,35.54777194044787],[139.4839318208124,35.54791547703412],[139.48389901908934,35.54791872372868],[139.48369960914764,35.547821405045475],[139.4833952133771,35.54769102533564],[139.48331729148484,35.54767646111766],[139.48267672551862,35.547560104584626],[139.48246341316369,35.54752439522825],[139.48249778765734,35.54743231780892],[139.4824479708131,35.54730594025763],[139.48233530754263,35.54715152308418],[139.48210306329486,35.5469370286397],[139.4817984609554,35.5465986940428],[139.48163480338224,35.546326873265386],[139.48151758578308,35.54624888184454],[139.48132451287054,35.546241151297444],[139.48093434656477,35.54613043577085],[139.48074214233858,35.54603239384216],[139.48066296876672,35.54587634980406],[139.48057784543684,35.545597792708264],[139.48049228880282,35.54536437343111],[139.48027704423154,35.54497954602998],[139.48022395713951,35.54479414624537],[139.48023605378378,35.544618942321236],[139.48023482951123,35.544460634617394],[139.48018424977013,35.544298057925275],[139.48012152670148,35.5441434722883],[139.48012148280034,35.5439762247904],[139.4801982062758,35.54381565374256],[139.4802211189729,35.54360069528756],[139.48018918638908,35.54338095878235],[139.4801247042214,35.543239782728875],[139.480122132054,35.54304971203191],[139.48019218349734,35.542897605337025],[139.4803725831494,35.542624007401685],[139.48065220500078,35.54218730016888],[139.48098462129104,35.54177486937331],[139.4811562822063,35.54189855327011],[139.48138083412067,35.54211017388754],[139.48158913743063,35.54238734155492],[139.48194710351297,35.542701402824584],[139.4822456144759,35.54290701327423],[139.48253462162901,35.543004955988806],[139.4826963727175,35.54304079340032],[139.4830770318793,35.54312087840648],[139.48361246274584,35.543132697034174],[139.48375832880174,35.543185667679964],[139.48409770234318,35.54330886311134],[139.48426521625817,35.54345185898365],[139.48474136309403,35.543765919394644],[139.48495316892698,35.543919789259064],[139.48510258854125,35.544173678285674],[139.4851792343068,35.54430393933876],[139.48547701583246,35.54431863458919],[139.48543835291753,35.54488201614398],[139.48545681251747,35.544932667512995],[139.48547277931266,35.54497655181076],[139.48557933604104,35.545099789441196],[139.48573548255982,35.54521807078016],[139.48594054257487,35.54528389374976],[139.48635560922634,35.545372634154305],[139.48698486225234,35.545389338935074],[139.48719257256,35.545374960008125],[139.48837949137445,35.54529272756319],[139.4894519565968,35.54523975542137],[139.48997817852072,35.54538616986319],[139.49039807507296,35.5456216639476],[139.49052825005694,35.54565884398893],[139.4906381753429,35.545650366157176],[139.4908015375977,35.545669827874555],[139.49096844332567,35.54576764060379],[139.49110878213685,35.54593797782074],[139.49123582494596,35.54614461212017],[139.49135691049833,35.5462578175741],[139.49146784760177,35.54636152040645],[139.4914702923714,35.546359063482726],[139.49203774529536,35.54579135807533],[139.49294246385375,35.544886241954984],[139.49264827435908,35.54495903511379],[139.49242344621894,35.54505826434273],[139.4923058245183,35.54512939399688],[139.49215107130104,35.54510689638589],[139.49177711521412,35.544806864220526],[139.491974190835,35.54450006489085],[139.4926232901221,35.54416192271292],[139.49276594463194,35.54399822996661],[139.4932974194516,35.54338841307379],[139.49342434298134,35.543250905157954],[139.4934721592502,35.54311943275427],[139.49348573076904,35.54303757460554],[139.49347966752683,35.542912211308135],[139.49345263097803,35.5427231264286],[139.4929848998348,35.54266510041231],[139.4923750659592,35.542589471239665],[139.4921826540303,35.542487677298816],[139.49103882755534,35.54188242689401],[139.4905615214421,35.54134635548702],[139.48961643247262,35.54095096567309],[139.49022068024297,35.53998061914532],[139.48988963658024,35.53950944705761],[139.49007000959068,35.53923869234696],[139.48994623365192,35.53918853800199],[139.4896092187632,35.53910384436292],[139.48948506440337,35.539102031294526],[139.48936712705114,35.539132665258514],[139.48894179515176,35.539149111052524],[139.48889483955304,35.539137985303924],[139.48882465812054,35.53904246368593],[139.48894572284863,35.53883955846909],[139.48840121225606,35.53864262865162],[139.48805367960117,35.539195123636105],[139.4874490356199,35.539106843412455],[139.4869893230271,35.53985177388595],[139.48672126799354,35.53979069242741],[139.48640576314705,35.53971876437871],[139.48602257706693,35.53963142180186],[139.4861674521094,35.53899793959354],[139.48619530964726,35.53887619787431],[139.48583163010952,35.538972355371776],[139.48571086229916,35.539094769253396],[139.48515594503579,35.539019865008235],[139.48504434637567,35.53931849572928],[139.4845507430847,35.5391718043502],[139.48436473283945,35.53913782966287],[139.48390686524414,35.539157474837936],[139.48383593921773,35.53910620811348],[139.4838926445572,35.5390739143897],[139.4840380737666,35.53891752697323],[139.48415302000083,35.538731858446],[139.4845051551699,35.538350785211996],[139.48479133758346,35.537848499081505],[139.48485922299997,35.53763135331395],[139.4848668791113,35.53747948175983],[139.48487175534873,35.537382774519436],[139.48519214317636,35.53690946276405],[139.48513769061566,35.5368591601147],[139.48497038545815,35.53670464925416],[139.48465656586606,35.53683901579658],[139.48433001664483,35.53663905988872],[139.48413332569885,35.53647706761458],[139.4840248720598,35.53630798367411],[139.48458250977833,35.536380609166066],[139.48499880939804,35.53632271167245],[139.48543418474833,35.53622177332921],[139.48654463701084,35.53595811550617],[139.48669623756885,35.53593276152902],[139.4871513594594,35.53591764679052],[139.48707077006318,35.535683687044454],[139.48724080938413,35.53567296317593],[139.48771054313175,35.535735986598226],[139.4881414428532,35.535909199199125],[139.48836469353662,35.53603355523068],[139.48855752801768,35.5361726085996],[139.48892863193598,35.53643285504924],[139.48914553485537,35.536581098301546],[139.48942889552515,35.53674841345034],[139.48992057236347,35.53697190710537],[139.49054956380616,35.53724305712383],[139.49077869879144,35.5373475337322],[139.4915698855727,35.537758941824634],[139.49219865856875,35.538069057821545],[139.49261521559538,35.538231757338274],[139.49268277640954,35.538249702593475],[139.49279199610788,35.538278719597],[139.49279294149804,35.53827896994892],[139.49308213559686,35.538353337872486],[139.4936890450606,35.53852279034477],[139.4942098067207,35.53865308093217],[139.494759570239,35.538745955377046],[139.49497271957068,35.538755486864154],[139.49515102887906,35.5387161167322],[139.4952693181714,35.53867280232195],[139.49542251190826,35.538627478365136],[139.4956184440899,35.538530450108276],[139.49574275914466,35.53843719054387],[139.49585157377481,35.5383724762981],[139.49617764210134,35.53810298465891],[139.49629472607444,35.538012836598554],[139.49635240355266,35.537968429541316],[139.49692480060014,35.5376074381088],[139.49732415647452,35.53738705823738],[139.49805088599518,35.53698995946442],[139.49824886321733,35.536865924172695],[139.4984535932107,35.53668226496132],[139.4985659016077,35.537108694777324],[139.498620916371,35.53734232695708],[139.49866508644112,35.53757318252576],[139.49872918604672,35.537834374594944],[139.49881317085845,35.53812593983801],[139.49887951563719,35.538432594122426],[139.49888709692397,35.538557575343596],[139.49890727832712,35.53856872397635],[139.49901196489236,35.53862648766822],[139.49934103082688,35.5388901681331],[139.49943288142686,35.53898408968575],[139.49950248128602,35.5391034750058],[139.499499066539,35.539189480635514],[139.49937025913545,35.53940599966436],[139.49930526925846,35.53954147597766],[139.49928306294842,35.53969689674666],[139.49929533546512,35.53983343784654],[139.49929837805948,35.53998319219444],[139.4993576331905,35.54011951701232],[139.4994565926372,35.5402031425201],[139.49971945137588,35.54027354514756],[139.49998199756874,35.54030989494856],[139.50012225359842,35.54035680949622],[139.5002519761481,35.54043499474546],[139.50035763197042,35.54052487068052],[139.50043319715544,35.54060385033404],[139.5005512355563,35.54076766656892],[139.50066135463115,35.54088804626258],[139.50071481388204,35.54100477767672],[139.50087416122224,35.541040126854156],[139.50123116548696,35.541214097522335],[139.50133242996012,35.541292904666555],[139.50141306685663,35.54135411681116],[139.50152408620983,35.54152858125229],[139.50156892137616,35.54167334763888],[139.50159300382958,35.54191467229994],[139.50165029122817,35.542232246802065],[139.50172007033112,35.54241437263773],[139.50174817810486,35.5423997354542],[139.50175975470975,35.54242367508747],[139.50109823225233,35.54281376938887],[139.5010449168481,35.542881464608286],[139.50117021036237,35.54346598086359],[139.50107321703408,35.54348418826557],[139.5008998892559,35.54347372796314],[139.5007670738431,35.54349112893489],[139.50058648240923,35.543539059660944],[139.50042372436764,35.543634608522176],[139.50025074415188,35.5437951952975],[139.50017536407358,35.54382737224957],[139.49997538292484,35.54415167461211],[139.49994841737885,35.54422314263106],[139.4996963871055,35.54453736681675],[139.49965333639005,35.5446849822147],[139.49967872561322,35.54488529019999],[139.49977810396578,35.545040462180836],[139.4998087337909,35.545228428844105],[139.49976612822473,35.54538291118859],[139.4994133736457,35.54578621038766],[139.4993523852661,35.545765648851095],[139.4993458452273,35.545825769121016],[139.49929915683623,35.54585313201728],[139.4992500275805,35.54644761079301],[139.49926222147727,35.54645768000103],[139.49948666446295,35.54655402576923],[139.5002059449177,35.54684417326877],[139.5002542655436,35.546875469886366],[139.5007030040614,35.547350040216486],[139.50067116922634,35.54740589763272],[139.50067376141874,35.547497943227576],[139.5007916795609,35.54764601827032],[139.5006882547806,35.54781184213188],[139.500631774803,35.54796114388033],[139.50053909872236,35.54831977099339],[139.50047056972966,35.548381964623836],[139.50025602397412,35.54850064182623],[139.50010124307656,35.54856100569083],[139.49993412621583,35.54858274330952],[139.49988763977498,35.548649438962485],[139.49984459633308,35.5487636762397],[139.4998040574593,35.548975274504194],[139.49979862749126,35.548984284144716],[139.49978554875827,35.548999660205446],[139.49972600501573,35.54906966333788],[139.4996564640215,35.54915141979958],[139.49966981957144,35.54922984055745],[139.4997012516272,35.549414403836764],[139.49970965500916,35.54946374436777],[139.49975230032723,35.54971414634079],[139.49975805582648,35.54976626633058],[139.49961870421066,35.54993948433787],[139.49947741799545,35.55008541095849],[139.4994255811541,35.55024708494055],[139.49913847126356,35.550473891643215],[139.49898383715055,35.55052922004871],[139.49868656374724,35.55057347029555]]]]}},{"type":"Feature","properties":{"area_id":"141170970","city":"横浜市","ward":"青葉区","town":"榎が丘","chome":"","num_households":2663},"geometry":{"type":"MultiPolygon","coordinates":[[[[139.5133516399217,35.54328900050357],[139.5132553521232,35.543293280347974],[139.5124112616567,35.54310838236752],[139.5116530275784,35.54294230367034],[139.51138250567462,35.542883044576676],[139.51116879333856,35.542844573167706],[139.51098181872874,35.542842334261444],[139.51090310714707,35.54284732883614],[139.51062376818524,35.54286501012988],[139.5091767104314,35.54313966152897],[139.5091733476304,35.54314021602613],[139.5082989454686,35.54328631523429],[139.50771553216507,35.543389604575076],[139.50640501342178,35.54361822729551],[139.50625070559585,35.54363451740645],[139.50622293740366,35.54363971996557],[139.5057342868337,35.54373161131982],[139.50554174720583,35.5438203928035],[139.50532043255993,35.5439394793112],[139.50494259422496,35.54422173927465],[139.50479997330902,35.544176549183646],[139.50437389184407,35.54407006730167],[139.5042556903176,35.544032481019016],[139.50403265159656,35.54396150066819],[139.50363949114862,35.54383831512898],[139.5030547447321,35.543670536060105],[139.5027818774277,35.543579200797325],[139.5025758880472,35.54346450096058],[139.50235788229395,35.54329103795595],[139.5022304285689,35.54313078922984],[139.50175975470975,35.54242367508747],[139.50174817810486,35.5423997354542],[139.50266415728666,35.541922762852266],[139.50294343420975,35.5417263865704],[139.50303366787531,35.54158524313225],[139.5032407028528,35.541317678775336],[139.50345977568,35.54115570625605],[139.50353536083588,35.54109374113134],[139.50451194626888,35.54070357985654],[139.50456396223294,35.54069978391709],[139.50500826982613,35.54075441940895],[139.50510768460887,35.54074382122829],[139.50546489130537,35.54063638816919],[139.50586178746568,35.540468258940805],[139.5060613890468,35.54039432004945],[139.50624931651092,35.54035164884322],[139.5068087928221,35.54029773718363],[139.5071339537949,35.540256718156655],[139.50742704057046,35.5401782875488],[139.50789304961478,35.539958272830404],[139.50849089639246,35.53970996550634],[139.508621633218,35.53954337119977],[139.5087058586537,35.539447310482004],[139.5088644310502,35.53935445021229],[139.5091049641353,35.53923572986362],[139.50928654923732,35.539130258825345],[139.5093941104438,35.538978524864056],[139.5094922866778,35.53880373796649],[139.5095789304324,35.53867374017148],[139.5098080435237,35.53855529920299],[139.51006493870838,35.538502211233066],[139.51059814251323,35.53838957562824],[139.51068965964197,35.53835476069403],[139.51079884796093,35.538263977266354],[139.51092579253645,35.53803751222237],[139.5108855946423,35.538016487029864],[139.51110442038092,35.53777665241683],[139.5111534429247,35.53775626005413],[139.51144502590657,35.53751806822784],[139.51208228394435,35.538069117755285],[139.51229080053713,35.5382412985931],[139.51232315655125,35.53826804117255],[139.51242144669666,35.538349220619295],[139.51252330545725,35.53843206565274],[139.51277552919393,35.538637180290365],[139.5130947207994,35.53889176929362],[139.51344863773983,35.53915708558177],[139.51362975030514,35.53928271276666],[139.51384900306016,35.53941633112543],[139.5142405085276,35.53962875785619],[139.51447214595566,35.539735860674625],[139.51460474891283,35.539796499327416],[139.5147103028698,35.53986646411142],[139.51505473445573,35.53999446984279],[139.51564826485867,35.54026504108461],[139.51655843290527,35.5407484198763],[139.51654131938454,35.540854033807854],[139.5165355348809,35.54088971868163],[139.5165234965707,35.54116610602843],[139.5165176671425,35.54129998639174],[139.51650065209176,35.541691068521295],[139.51548959961877,35.54166315378943],[139.51508569590573,35.541652022305705],[139.5147083071664,35.54164159589453],[139.51441711831285,35.54163358545204],[139.51400604240592,35.541622219488495],[139.5136617925175,35.54251272383031],[139.51364313891563,35.542560979581395],[139.5135068652357,35.542901355955095],[139.5133516399217,35.54328900050357]]]]}},{"type":"Feature","properties":{"area_id":"141170980","city":"横浜市","ward":"青葉区","town":"松風台","chome":"","num_households":2444},"geometry":{"type":"MultiPolygon","coordinates":[[[[139.5133516399217,35.54328900050357],[139.51333701803142,35.54332554229953],[139.5131588140862,35.543770620496396],[139.51293624209217,35.54432652015595],[139.51255305786847,35.545283504277876],[139.51254061106485,35.54531459441467],[139.5124195374334,35.54561695478544],[139.51222323781815,35.5461071962665],[139.5121144566934,35.54620175157092],[139.5119459201766,35.546289841810534],[139.51153139143693,35.5464365167402],[139.5109029196463,35.54665890141131],[139.51060570372883,35.54676406608365],[139.51012911216034,35.546919861406664],[139.50993007291183,35.54703913124438],[139.50974036144072,35.547152828779076],[139.50967078275232,35.5472156265593],[139.50963156136154,35.54725100948572],[139.50953915232418,35.54733437642121],[139.50946697635217,35.54743727009349],[139.5092247518267,35.547782706351484],[139.50900862460622,35.5481835926208],[139.5082661558892,35.54798149650003],[139.50779153534836,35.547885914392815],[139.5074050860104,35.54780811107522],[139.50712667300692,35.54775205140512],[139.50648452223152,35.54762272045267],[139.50646622616696,35.54761904302419],[139.50622594576961,35.54756826461689],[139.50485881414264,35.5472792503192],[139.50485584314657,35.54727860815911],[139.50365477859202,35.54698290119004],[139.50333064035885,35.54690445123013],[139.5024207510376,35.54668423599147],[139.50166187890167,35.54650148398736],[139.50101679233336,35.546346164482856],[139.50084414964394,35.54630919387767],[139.50062270544416,35.54624821297181],[139.50044807457954,35.54618648157175],[139.5001867553321,35.54609408433811],[139.4999063834154,35.5459777933132],[139.4994133736457,35.54578621038766],[139.49976612822473,35.54538291118859],[139.4998087337909,35.545228428844105],[139.49977810396578,35.545040462180836],[139.49967872561322,35.54488529019999],[139.49965333639005,35.5446849822147],[139.4996963871055,35.54453736681675],[139.49994841737885,35.54422314263106],[139.49997538292484,35.54415167461211],[139.50017536407358,35.54382737224957],[139.50025074415188,35.5437951952975],[139.50042372436764,35.543634608522176],[139.50058648240923,35.543539059660944],[139.5007670738431,35.54349112893489],[139.5008998892559,35.54347372796314],[139.50107321703408,35.54348418826557],[139.50117021036237,35.54346598086359],[139.5010449168481,35.542881464608286],[139.50109823225233,35.54281376938887],[139.50175975470975,35.54242367508747],[139.5022304285689,35.54313078922984],[139.50235788229395,35.54329103795595],[139.5025758880472,35.54346450096058],[139.5027818774277,35.543579200797325],[139.5030547447321,35.543670536060105],[139.50363949114862,35.54383831512898],[139.50403265159656,35.54396150066819],[139.5042556903176,35.544032481019016],[139.50437389184407,35.54407006730167],[139.50479997330902,35.544176549183646],[139.50494259422496,35.54422173927465],[139.50532043255993,35.5439394793112],[139.50554174720583,35.5438203928035],[139.5057342868337,35.54373161131982],[139.50622293740366,35.54363971996557],[139.50625070559585,35.54363451740645],[139.50640501342178,35.54361822729551],[139.50771553216507,35.543389604575076],[139.5082989454686,35.54328631523429],[139.5091733476304,35.54314021602613],[139.5091767104314,35.54313966152897],[139.51062376818524,35.54286501012988],[139.51090310714707,35.54284732883614],[139.51098181872874,35.542842334261444],[139.51116879333856,35.542844573167706],[139.51138250567462,35.542883044576676],[139.5116530275784,35.54294230367034],[139.5124112616567,35.54310838236752],[139.5132553521232,35.543293280347974],[139.5133516399217,35.54328900050357]]]]}},{"type":"Feature","properties":{"area_id":"141170990","city":"横浜市","ward":"青葉区","town":"桜台","chome":"","num_households":3064},"geometry":{"type":"MultiPolygon","coordinates":[[[[139.52207918176578,35.55120006695463],[139.52176780771757,35.551468462564095],[139.5215816231041,35.55162894359877],[139.52143701574772,35.55174615717798],[139.52125104060593,35.551896884645856],[139.52108031130075,35.55208810711004],[139.52092159005133,35.55240875167987],[139.52091116195996,35.55243094107663],[139.52079767083896,35.55268301388562],[139.52075073934043,35.55267993166068],[139.5201230257231,35.55238607554442],[139.51987774707908,35.55267680865076],[139.51953455178236,35.55303808719644],[139.51915522695626,35.55343155617465],[139.51915100910907,35.55343598129773],[139.51895031614353,35.55364610319978],[139.51878166771533,35.55379955320602],[139.5187172410706,35.55381835998799],[139.51868625047408,35.55382620009491],[139.51860885547293,35.5538282815785],[139.51836297901502,35.55391920607354],[139.5181374844171,35.554037048427354],[139.5179859464961,35.554161601358366],[139.51792320453066,35.55424452687684],[139.5178253242746,35.5542783839236],[139.51745105425994,35.554349774192985],[139.51727419258577,35.55436736396391],[139.51707656121093,35.55436306885173],[139.51686621680074,35.55432134620849],[139.5167637650322,35.55425280153013],[139.5166366571906,35.554116166667235],[139.5165498939903,35.55399210428568],[139.51650451354848,35.55384202640884],[139.51652044931024,35.55352874291789],[139.51648594816345,35.553400419285495],[139.51639178566248,35.55331721354612],[139.51627634384107,35.55327049939269],[139.51613934287025,35.55323865395257],[139.51594697292163,35.55314180686105],[139.51593263596112,35.55313335350706],[139.51580739151416,35.55305988883822],[139.51561104406514,35.552971833658106],[139.51542856372726,35.55290750915898],[139.51529468858283,35.55288063686658],[139.51525228222312,35.552872107875025],[139.5150731281465,35.552859513236186],[139.51484682776473,35.552871086366906],[139.5148018118467,35.55287913291365],[139.51461571120413,35.552912466753575],[139.51440840920608,35.552967713352906],[139.51431585124675,35.55300689732586],[139.51422015553717,35.55311413121099],[139.51412313921546,35.55342268766888],[139.51408795952528,35.55347621696501],[139.51399379395932,35.55350765102907],[139.51397728106278,35.55350461309039],[139.51394538754852,35.55309120820247],[139.51312575095073,35.55310057401365],[139.5124870265264,35.55310785570497],[139.51231018095777,35.55311103789834],[139.51148464318396,35.553130411120875],[139.5109439087781,35.55313587462657],[139.51084719518565,35.552772676705416],[139.51084337464042,35.55275291407326],[139.51075358456043,35.55248437698588],[139.51064875173208,35.552318503145244],[139.510485367781,35.55216250483608],[139.51033714595053,35.55209830057292],[139.5101886718961,35.5520808177121],[139.50998038736063,35.552069896462825],[139.50978755694558,35.552036026236294],[139.50961750907175,35.55197802895694],[139.50947488960173,35.55190313528951],[139.50939182552614,35.55181037825308],[139.5093527192089,35.55173686074304],[139.50925968325816,35.55148876832914],[139.50924859975692,35.551459231767545],[139.5091756432056,35.55126949792667],[139.50910947293102,35.55120252272545],[139.50895423701988,35.55111459540338],[139.50838447233104,35.55086777686907],[139.50801082600913,35.550705475390366],[139.50797215676025,35.55068903032397],[139.50748717966357,35.55048286217282],[139.5074720261094,35.55047394706325],[139.50773138098998,35.550068254823735],[139.50826012259287,35.54924122618527],[139.5082729132731,35.549221334119494],[139.50900862460622,35.5481835926208],[139.50950411834626,35.54827914998947],[139.50994260484111,35.54834306168618],[139.5104376474057,35.54836811453049],[139.51113468977982,35.54834720611083],[139.5114155988602,35.548328397557285],[139.51170331798724,35.54830911457936],[139.51219130805688,35.548304178181844],[139.5123529101681,35.548307293770726],[139.51275029165862,35.54833971132737],[139.51291421932189,35.5483648038827],[139.51312686817946,35.548397386683206],[139.51329852592121,35.548423660474825],[139.5135031569233,35.54847882483278],[139.51383959850153,35.5485695203121],[139.51415797323438,35.54867428342135],[139.51444139411237,35.54877134647022],[139.51518528173395,35.549035098634725],[139.51544848737188,35.549129568816134],[139.51605521909275,35.549343300629495],[139.517813035636,35.54995895570808],[139.51821587522937,35.55006801774759],[139.51889122280278,35.55019737990581],[139.51898927701743,35.55020588115495],[139.51965896166308,35.55026382096999],[139.51989295172868,35.550284088771946],[139.5203804784755,35.550333443356294],[139.52066465043714,35.55036824294978],[139.52082874348602,35.55039670366586],[139.521053955672,35.550463386146944],[139.52121129162066,35.550522636201464],[139.52135134500008,35.550594479526445],[139.52152664399034,35.55071010872554],[139.52178124218472,35.550930939129834],[139.52207918176578,35.55120006695463]]]]}},{"type":"Feature","properties":{"area_id":"14117100001","city":"横浜市","ward":"青葉区","town":"青葉台","chome":"1","num_households":2144},"geometry":{"type":"MultiPolygon","coordinates":[[[[139.51655843290527,35.5407484198763],[139.5170456685541,35.54097433181963],[139.51788209761688,35.54135701266232],[139.51824818201456,35.5415245332395],[139.51871584619005,35.54173851704084],[139.51988147719626,35.542271802836424],[139.52094220769777,35.542739694676676],[139.52168162446384,35.54306581954823],[139.52150612368078,35.54326892363932],[139.52129693661428,35.54349267427068],[139.52123987751406,35.543579204702716],[139.52109109993972,35.543795721886184],[139.52101936366827,35.543862002990245],[139.52080722415462,35.54399769241251],[139.5204662391243,35.54429298635854],[139.52035909051338,35.5443857905439],[139.52034901574322,35.54440047941581],[139.52031701459757,35.54444718517585],[139.52023730578492,35.54456344040255],[139.52007092521558,35.54491130642755],[139.5200118068231,35.54500050811313],[139.51996690539934,35.54505172278002],[139.51974456930375,35.545221185792116],[139.51962931735068,35.54538565307666],[139.51949005710762,35.5457934179313],[139.519496421186,35.545829769455736],[139.51961569369195,35.54600148282066],[139.5197809433681,35.54619894918393],[139.51991881071504,35.54631518745514],[139.52020123484303,35.54655602553416],[139.5204881795212,35.54682004181106],[139.5207269511305,35.547118328252914],[139.5207652070526,35.547229159519134],[139.52075106091453,35.54727668895366],[139.52073166377633,35.54732283076717],[139.52053429084106,35.547448633377655],[139.52028223050345,35.54770910424327],[139.52016809132746,35.54790765753863],[139.51996682534303,35.54834374115606],[139.51990842243254,35.54846973738115],[139.51988290938252,35.54871236029869],[139.5198923989453,35.54878653438742],[139.51998424634712,35.54901964685441],[139.52007305572408,35.54922574737626],[139.52036096929075,35.549486348782025],[139.5204598732682,35.54964589495842],[139.52045722938783,35.54972651392991],[139.52042548109486,35.55002112344628],[139.5203804784755,35.550333443356294],[139.51989295172868,35.550284088771946],[139.51965896166308,35.55026382096999],[139.51898927701743,35.55020588115495],[139.51889122280278,35.55019737990581],[139.51821587522937,35.55006801774759],[139.517813035636,35.54995895570808],[139.51605521909275,35.549343300629495],[139.51624962624732,35.54903891656629],[139.51636919094807,35.54879999625515],[139.51653787534067,35.54846294025912],[139.51656102305785,35.548416667438794],[139.51668768827113,35.54816357653965],[139.51697988189346,35.54757975909985],[139.51703184598222,35.54747589204272],[139.51707571177855,35.54707209722043],[139.5170168709805,35.5465302910053],[139.5169671353865,35.54607219932947],[139.51694194475306,35.54584031773062],[139.51680400886886,35.54520985582608],[139.51673575218786,35.54489789687004],[139.51665705815338,35.544538246075895],[139.51643110336906,35.54345069237882],[139.51643239594273,35.543417880201034],[139.51643807008534,35.543274316592424],[139.51645408848742,35.54286883211664],[139.51647012832916,35.5424631711216],[139.51649871397268,35.54173986125909],[139.51650065209176,35.541691068521295],[139.5165176671425,35.54129998639174],[139.5165234965707,35.54116610602843],[139.5165355348809,35.54088971868163],[139.51654131938454,35.540854033807854],[139.51655843290527,35.5407484198763]]]]}},{"type":"Feature","properties":{"area_id":"14117100002","city":"横浜市","ward":"青葉区","town":"青葉台","chome":"2","num_households":2329},"geometry":{"type":"MultiPolygon","coordinates":[[[[139.51650065209176,35.541691068521295],[139.51649871397268,35.54173986125909],[139.51647012832916,35.5424631711216],[139.51645408848742,35.54286883211664],[139.51643807008534,35.543274316592424],[139.51643239594273,35.543417880201034],[139.51643110336906,35.54345069237882],[139.51665705815338,35.544538246075895],[139.51673575218786,35.54489789687004],[139.51680400886886,35.54520985582608],[139.51694194475306,35.54584031773062],[139.5169671353865,35.54607219932947],[139.5170168709805,35.5465302910053],[139.51707571177855,35.54707209722043],[139.51703184598222,35.54747589204272],[139.51697988189346,35.54757975909985],[139.51668768827113,35.54816357653965],[139.51656102305785,35.548416667438794],[139.51653787534067,35.54846294025912],[139.51636919094807,35.54879999625515],[139.51624962624732,35.54903891656629],[139.51605521909275,35.549343300629495],[139.51544848737188,35.549129568816134],[139.51518528173395,35.549035098634725],[139.51444139411237,35.54877134647022],[139.51415797323438,35.54867428342135],[139.51383959850153,35.5485695203121],[139.51350315692335,35.54847882483278],[139.51329852592121,35.548423660474825],[139.51312686817946,35.548397386683206],[139.51291421932189,35.5483648038827],[139.51275029165862,35.54833971132737],[139.5123529101681,35.548307293770726],[139.51219130805688,35.54830417818184],[139.51170331798727,35.54830911457936],[139.5114155988602,35.548328397557235],[139.51113468977982,35.54834720611083],[139.5104376474057,35.54836811453049],[139.50994260484111,35.54834306168618],[139.50950411834626,35.54827914998947],[139.50900862460622,35.5481835926208],[139.5092247518267,35.547782706351484],[139.50946697635217,35.54743727009349],[139.50953915232418,35.54733437642121],[139.50963156136154,35.54725100948572],[139.50967078275232,35.5472156265593],[139.50974036144072,35.547152828779076],[139.50993007291183,35.54703913124438],[139.51012911216034,35.546919861406664],[139.51060570372883,35.54676406608365],[139.5109029196463,35.54665890141131],[139.51153139143693,35.5464365167402],[139.5119459201766,35.546289841810534],[139.5121144566934,35.54620175157092],[139.51222323781815,35.5461071962665],[139.5124195374334,35.54561695478544],[139.51254061106485,35.54531459441467],[139.51255305786847,35.545283504277876],[139.51293624209217,35.54432652015595],[139.5131588140862,35.543770620496396],[139.51333701803142,35.54332554229953],[139.5133516399217,35.54328900050357],[139.5135068652357,35.542901355955095],[139.51364313891563,35.542560979581395],[139.5136617925175,35.54251272383031],[139.51400604240592,35.541622219488495],[139.51441711831285,35.54163358545204],[139.5147083071664,35.54164159589453],[139.51508569590573,35.541652022305705],[139.51548959961877,35.54166315378943],[139.51650065209176,35.541691068521295]]]]}},{"type":"Feature","properties":{"area_id":"141171020","city":"横浜市","ward":"青葉区","town":"若草台","chome":"","num_households":1278},"geometry":{"type":"MultiPolygon","coordinates":[[[[139.50808172168456,35.55594975437548],[139.5077354062128,35.55638486044794],[139.50736455316903,35.55691894224769],[139.5071368142731,35.557264453346484],[139.50697484307847,35.55721491897211],[139.50654649911735,35.55711428954698],[139.50570261993613,35.55690563344756],[139.50553451883928,35.55680076578422],[139.50549778714628,35.5567210177676],[139.5054930094155,35.55644517343193],[139.50545735510912,35.5564180323062],[139.50543631181986,35.55638480402291],[139.50540982003537,35.5563460336117],[139.50535968349416,35.55626149676243],[139.50529194976667,35.55617602802422],[139.5052151306416,35.556094230185494],[139.50510634297837,35.556064243311745],[139.50496554781137,35.55608979671684],[139.50473848471614,35.55612626997577],[139.50454341366418,35.55611086209707],[139.5042531782773,35.556058146263986],[139.5038577832615,35.55619424469396],[139.50360052593402,35.55629583833217],[139.50322684753024,35.55583902667477],[139.50319382516432,35.555732601166234],[139.5030358145756,35.555276397651745],[139.50293271236905,35.555026959107],[139.5028656172413,35.55487110735213],[139.50273967684203,35.55475300889919],[139.50239855615345,35.55450198105261],[139.50228893311126,35.554465932169634],[139.5021795414993,35.55445773490171],[139.50190374196367,35.55450571753377],[139.50162468515808,35.554460913118284],[139.50147299215166,35.55447562289424],[139.50111459599106,35.554475060857946],[139.5009827328525,35.554435673989936],[139.50055733612945,35.55426253004571],[139.50070816379406,35.55423299721109],[139.50141109348064,35.55412060003539],[139.5017851384336,35.55407708720062],[139.50235410667628,35.55400528868039],[139.5023799364354,35.554000784633566],[139.50304053787522,35.55388575969855],[139.50304771694073,35.55388461809055],[139.5034972787849,35.55381374459053],[139.5037678029447,35.55376447575031],[139.50394115136567,35.553722044436796],[139.50421910295108,35.55363684583772],[139.50450709979532,35.553539986431346],[139.5047909548834,35.5534175865557],[139.5048069679286,35.55341066066583],[139.50511319844318,35.553263993762194],[139.50536834245779,35.55312369778188],[139.5057981003969,35.55280453812668],[139.5059020009783,35.55271677118777],[139.50624754222977,35.55234382120967],[139.50633344068,35.55222241614167],[139.50643294231446,35.55208178482465],[139.50665782709265,35.55175229423964],[139.5069241928695,35.5513620430285],[139.50696049552687,35.55130887273619],[139.50720615626017,35.55092359865351],[139.50748717966357,35.55048286217282],[139.50797215676025,35.55068903032397],[139.50801082600913,35.550705475390366],[139.50838447233104,35.55086777686907],[139.50895423701988,35.55111459540338],[139.50910947293102,35.55120252272545],[139.5091756432056,35.55126949792667],[139.50924859975692,35.551459231767545],[139.50925968325816,35.55148876832914],[139.5093527192089,35.55173686074304],[139.50939182552614,35.55181037825308],[139.50947488960173,35.55190313528951],[139.50961750907175,35.55197802895694],[139.50978755694558,35.552036026236294],[139.50998038736063,35.552069896462825],[139.5101886718961,35.5520808177121],[139.51033714595053,35.55209830057292],[139.510485367781,35.55216250483608],[139.51064875173208,35.552318503145244],[139.51075358456043,35.55248437698588],[139.51084337464042,35.55275291407326],[139.51084719518565,35.552772676705416],[139.5109439087781,35.55313587462657],[139.51072071539895,35.553156708084366],[139.51055738668535,35.55318942860824],[139.51034002922555,35.553263936528715],[139.5101384324446,35.55336781650517],[139.51002692042982,35.553437191837894],[139.50989717430963,35.55355633757456],[139.50971017331545,35.55375342237822],[139.50928586814916,35.554300367212996],[139.50905339428144,35.55462692298622],[139.50881844706635,35.55495699372647],[139.5083926742128,35.55553729530325],[139.50837111718332,35.55556666996394],[139.50808172168456,35.55594975437548]]]]}},{"type":"Feature","properties":{"area_id":"141171030","city":"横浜市","ward":"青葉区","town":"田奈町","chome":"","num_households":2250},"geometry":{"type":"MultiPolygon","coordinates":[[[[139.51144502590657,35.53751806822784],[139.5111534429247,35.53775626005413],[139.51110442038092,35.53777665241683],[139.5108855946423,35.538016487029864],[139.51092579253645,35.53803751222237],[139.51079884796093,35.538263977266354],[139.51068965964197,35.53835476069403],[139.51059814251323,35.53838957562824],[139.51006493870838,35.538502211233066],[139.5098080435237,35.53855529920299],[139.5095789304324,35.53867374017148],[139.5094922866778,35.53880373796649],[139.5093941104438,35.538978524864056],[139.50928654923732,35.539130258825345],[139.5091049641353,35.53923572986362],[139.5088644310502,35.53935445021229],[139.5087058586537,35.539447310482004],[139.508621633218,35.53954337119977],[139.50849089639246,35.53970996550634],[139.50789304961478,35.539958272830404],[139.50742704057046,35.5401782875488],[139.5071339537949,35.540256718156655],[139.5068087928221,35.54029773718363],[139.50624931651092,35.54035164884322],[139.5060613890468,35.54039432004945],[139.50586178746568,35.540468258940805],[139.50546489130537,35.54063638816919],[139.50510768460887,35.54074382122829],[139.50500826982613,35.54075441940895],[139.50456396223294,35.54069978391709],[139.50451194626888,35.54070357985654],[139.50353536083588,35.54109374113134],[139.50345977568,35.54115570625605],[139.5032407028528,35.541317678775336],[139.50303366787531,35.54158524313225],[139.50294343420975,35.5417263865704],[139.50266415728666,35.541922762852266],[139.50174817810486,35.5423997354542],[139.50172007033112,35.54241437263773],[139.50165029122817,35.542232246802065],[139.50159300382958,35.54191467229994],[139.50156892137616,35.54167334763888],[139.50152408620983,35.54152858125229],[139.50141306685663,35.54135411681116],[139.50133242996012,35.541292904666555],[139.50123116548696,35.541214097522335],[139.50087416122224,35.541040126854185],[139.50071481388204,35.54100477767676],[139.50066135463115,35.54088804626258],[139.5005512355563,35.54076766656892],[139.50043319715544,35.54060385033404],[139.50035763197042,35.54052487068052],[139.5002519761481,35.54043499474546],[139.50012225359842,35.54035680949622],[139.49998199756874,35.54030989494856],[139.49971945137588,35.54027354514756],[139.4994565926372,35.5402031425201],[139.4993576331905,35.54011951701232],[139.49929837805948,35.53998319219444],[139.49929533546512,35.53983343784654],[139.49928306294842,35.53969689674666],[139.49930526925846,35.53954147597766],[139.49937025913545,35.53940599966436],[139.499499066539,35.539189480635514],[139.49950248128602,35.5391034750058],[139.49943288142686,35.53898408968575],[139.49934103082688,35.5388901681331],[139.49901196489236,35.53862648766822],[139.49890727832712,35.53856872397635],[139.49888709692397,35.538557575343596],[139.49887951563719,35.538432594122426],[139.49881317085845,35.53812593983801],[139.49872918604672,35.537834374594944],[139.49866508644112,35.53757318252576],[139.498620916371,35.53734232695708],[139.4985659016077,35.537108694777324],[139.4984535932107,35.53668226496132],[139.49845479728282,35.53664110969217],[139.498545910179,35.53657486240837],[139.4991908346242,35.535984398462524],[139.4992117463502,35.535923264537125],[139.49955070698235,35.53554619967403],[139.50018414533972,35.53503706568623],[139.50019476533754,35.53505272968808],[139.50049193351205,35.53487954418235],[139.50059914531352,35.53481978559766],[139.50066768941699,35.534782131316135],[139.50085665204745,35.53468982785517],[139.50095165769352,35.534649539307054],[139.50116362400894,35.53459335343759],[139.50130046032098,35.53457392388781],[139.50144379832216,35.534581551349135],[139.50155625536226,35.53459268377027],[139.50168181276382,35.53462909756236],[139.50183038453193,35.53470522331638],[139.50198280248603,35.534794420355354],[139.5021054279683,35.53486825449922],[139.5022132978364,35.534921762485894],[139.5023355003008,35.53497256830786],[139.50248638773792,35.5350252835235],[139.50265933030346,35.53507355747572],[139.50282461572462,35.535108286758316],[139.50293375292162,35.53512032335826],[139.5031124796572,35.53510189093667],[139.50323155539726,35.5351121588248],[139.50325541274566,35.535114197984875],[139.50329548365139,35.53511772747196],[139.5034212626268,35.53510548084471],[139.50359038732418,35.53499079431238],[139.50379842472316,35.53488438570043],[139.50396576806747,35.53482609506075],[139.50448915867494,35.534674106797226],[139.5045096032373,35.53466817704755],[139.50453541592165,35.53469789881591],[139.50461559766472,35.534706151944],[139.50471078862728,35.53470994300775],[139.50497084079115,35.53472032960393],[139.50523248936167,35.53476768671661],[139.50567515736958,35.53492150229906],[139.5058859683242,35.534991109563336],[139.5059605764861,35.53500850214994],[139.5059926140198,35.53501728999206],[139.50642349702727,35.53513547237963],[139.50693645644824,35.53521955662426],[139.5072295216485,35.53523777592917],[139.507257840371,35.535239545745476],[139.50729465870384,35.53523795938783],[139.5074419314888,35.53523157863313],[139.50765983128466,35.53519405946263],[139.50796620657326,35.535078377725085],[139.50826103333878,35.534898933642644],[139.50835006595003,35.53497217499827],[139.5091082786871,35.53559588677334],[139.50918347771147,35.535659967372645],[139.50944396029973,35.53588187964264],[139.50945497381025,35.53589124131496],[139.51031229344295,35.536591420761845],[139.511412632974,35.537490057632496],[139.51144502590657,35.53751806822784]]]]}},{"type":"Feature","properties":{"area_id":"14117104001","city":"横浜市","ward":"青葉区","town":"奈良町","chome":"","num_households":3824},"geometry":{"type":"MultiPolygon","coordinates":[[[[139.4787476884101,35.56988112273349],[139.47849315535996,35.57026919071296],[139.47823824730946,35.57065412468924],[139.47798448220823,35.57104857068678],[139.47827948159133,35.57117515454032],[139.4783822311019,35.571199837804876],[139.47843608553495,35.57127335182587],[139.47838566941283,35.57127611918233],[139.4773009656585,35.57144855524686],[139.47711409717806,35.57150502320771],[139.47688941870317,35.57158887472245],[139.47678411495895,35.57159168245369],[139.4763625057231,35.57148579583699],[139.47612134604128,35.57146522332911],[139.4757460314689,35.571451523868156],[139.47560810463546,35.57139461430176],[139.47542617681853,35.57124393708934],[139.47535949292595,35.57118214189311],[139.4751949335605,35.570948309142594],[139.4751062865466,35.570784785959965],[139.47500944549932,35.570338406489704],[139.47496156510783,35.57023987169857],[139.47487504486693,35.5701319572104],[139.4744898973642,35.5698576492597],[139.47418240193684,35.56967603095394],[139.47388870023315,35.56953311528576],[139.47374253100404,35.569499562910984],[139.47346420405245,35.56950834137847],[139.4732479527854,35.56955741606269],[139.47294454540202,35.569642589452364],[139.4726951909303,35.56977859803068],[139.4724824476246,35.56980440918829],[139.47212010262635,35.569812391998205],[139.47200795577572,35.56978936644682],[139.47173884716207,35.569704414404384],[139.4714320545397,35.569718209261985],[139.47119470003304,35.56973921828561],[139.47108992617257,35.569760274737725],[139.4707985541669,35.56987600979759],[139.4705518425729,35.56990287002012],[139.4704004748405,35.569878084330924],[139.47021400255213,35.5698062928208],[139.46990613807318,35.56979032910633],[139.46953569565642,35.56970400160266],[139.4695342663348,35.56966737950858],[139.46946514479967,35.569581085591366],[139.46943025973525,35.569486018048714],[139.4694321681552,35.569369166000655],[139.4695261834244,35.569121152778585],[139.46954243089232,35.569011278222376],[139.46953513658087,35.568899887711744],[139.4695044389254,35.568807724375034],[139.46943455676495,35.56869431337082],[139.4693689315244,35.568507082116426],[139.4692616810694,35.56792467357494],[139.4692138773413,35.56781770366586],[139.4690331576397,35.56757143002077],[139.46900745533506,35.56747089771292],[139.46899700925462,35.56728939582719],[139.46900498375078,35.56696105707184],[139.469025058919,35.56675341905495],[139.46897817350117,35.566558460868734],[139.46897849514994,35.56642575842446],[139.46904403938885,35.56610776805405],[139.46910999823294,35.565988010525466],[139.46924246452969,35.56583162504218],[139.4693790757694,35.565716482945874],[139.4694776142431,35.56561045051248],[139.4695390088222,35.565523001392954],[139.4695659270041,35.565402771519715],[139.4694868443114,35.56529482552143],[139.46930613565195,35.56518505630561],[139.46906303650573,35.564978059444556],[139.46887835412227,35.5648467993429],[139.4688197176106,35.56476778659867],[139.46864491967364,35.564224780585285],[139.46856235910798,35.563972076287584],[139.46850261117447,35.56386277952032],[139.46828486848682,35.563558326331595],[139.46827898886082,35.563524718427864],[139.46825042995724,35.563351294931984],[139.46816275712823,35.56311924160356],[139.46811795658138,35.562964111927684],[139.46814449971612,35.56287909153205],[139.46821524030648,35.56280698798196],[139.4684552194755,35.562730964979195],[139.4685968194106,35.56264587435956],[139.4687612544007,35.56259433657941],[139.46901521923942,35.56256050181424],[139.46916640522377,35.56253226647986],[139.4693119828449,35.562467679359415],[139.469401645216,35.562370246100855],[139.46950978183102,35.562185198221634],[139.4696279708503,35.561945043066466],[139.46972245074411,35.561720977335504],[139.46978917806385,35.56149245961611],[139.46980082772336,35.56131736117433],[139.46977234297873,35.56099348516816],[139.46982265174682,35.560836181614455],[139.46995725821355,35.56064286744219],[139.470078737752,35.56049363264393],[139.4702277816496,35.56036645101683],[139.4703679087843,35.56028624710853],[139.47055297267482,35.560246037352044],[139.47077546209667,35.56022882811712],[139.47102757985888,35.56023505264461],[139.4712470822795,35.56028367729987],[139.47142878565577,35.56033376784622],[139.47161793978523,35.560308147389655],[139.47179659244588,35.56024165049307],[139.47196088759983,35.560192585002916],[139.47218246846225,35.56009711332],[139.47231461565102,35.56006252555438],[139.47271797681182,35.55999676964962],[139.47288922879298,35.559991455380214],[139.47309676585755,35.55984636470134],[139.47325609902853,35.55980826683519],[139.47363526205132,35.55987718345556],[139.47380975678502,35.559941836965436],[139.47389893989538,35.5599363025744],[139.47399517228575,35.559954063540374],[139.47409421189224,35.559922046978485],[139.47420582825254,35.559911018389535],[139.47457511393048,35.55977952041002],[139.4747066149378,35.55974950405174],[139.47488132400645,35.55976120333233],[139.47510627541712,35.55984611733325],[139.47516574288753,35.55991390313121],[139.4752049256257,35.56007102435382],[139.4752236390993,35.560373465212706],[139.47521138053813,35.560678133009404],[139.47520671675537,35.56082554175199],[139.47514177322614,35.56100998239774],[139.47514148951694,35.561010791901424],[139.47511532468732,35.561196477976736],[139.47512681713079,35.561310804489324],[139.47528838356368,35.56154087032354],[139.47539972749956,35.56165934090916],[139.47562016624855,35.56191243769471],[139.47582463480833,35.562142703616296],[139.47600993552075,35.56235671470705],[139.47620877429188,35.562588935673595],[139.47636223889253,35.562718873607395],[139.47649950150006,35.562745984239506],[139.47662632343784,35.56270820669705],[139.47674436320017,35.56259998174692],[139.47702021735046,35.56219401253425],[139.47719268244137,35.56192064281746],[139.47731828571182,35.561680225898705],[139.4775340832162,35.5611816451413],[139.47759076459164,35.56101749246117],[139.47771829300117,35.560697049576085],[139.47779956145675,35.56057603415504],[139.4779093213225,35.560497428577015],[139.47800048002344,35.56052277691576],[139.47804149840172,35.5605342050669],[139.47824889791673,35.56047198696974],[139.47838956298884,35.56047945850777],[139.47850235078417,35.560525187497134],[139.47863408479313,35.560618437761185],[139.47871610213662,35.5607182274487],[139.47881959913468,35.5608971620068],[139.47885166202917,35.561014227870494],[139.47885473337837,35.56102134909745],[139.4789142163039,35.561155117048905],[139.4791852214314,35.56144103767982],[139.4792233602626,35.56145576591881],[139.47980146878427,35.56167896070862],[139.48008318647956,35.561724605249],[139.4804587505819,35.561767858025895],[139.48054159025207,35.56176038341246],[139.48070792967405,35.56174537328274],[139.48068860026288,35.56181003254362],[139.48063734994528,35.56191624615303],[139.481146957289,35.56206338679508],[139.4811249896959,35.56214493787718],[139.4815023929512,35.562276219037685],[139.48195272626563,35.56239448163624],[139.48166250552634,35.56299369606829],[139.48167895432178,35.56313022230277],[139.4816336135693,35.56328980028258],[139.48158718194267,35.56340779094606],[139.4814124827116,35.56365810126821],[139.48137769219423,35.56384876573427],[139.48144637846727,35.56397386562097],[139.48145279042095,35.563981068576936],[139.4815338424089,35.56404258085612],[139.48163978649663,35.56408821770916],[139.48171410362417,35.56408812624409],[139.48230212743726,35.56395156679765],[139.48227193112638,35.563814610512516],[139.48247548903325,35.563784874981025],[139.48250787572212,35.56389373873389],[139.48247644635117,35.563986001217785],[139.48235553757362,35.5640864433423],[139.48215879984025,35.56422728858548],[139.48209303534304,35.56433155974428],[139.4821178452037,35.56435434578455],[139.48198206651446,35.564558754231506],[139.48189173628367,35.56465330290105],[139.48172990935342,35.56478780856949],[139.48151051155904,35.56486640068912],[139.48137428199976,35.565099715215865],[139.48135909192078,35.565168434052936],[139.48140503217437,35.56525744614468],[139.48135514593926,35.56534683587494],[139.4810617345093,35.5656067823303],[139.48098376847537,35.56570664659008],[139.4808269607622,35.56585035671313],[139.4807646205299,35.565998578071856],[139.48061025996708,35.56606504180563],[139.48049825963307,35.56614223284314],[139.4805129022297,35.56619872030936],[139.4806341967628,35.56636133987305],[139.4807534656709,35.56671137775238],[139.48083354510197,35.567025699585265],[139.48089900315225,35.5671306498246],[139.48096700271094,35.56735412781739],[139.4809616244432,35.56745565719558],[139.48087709919955,35.567793561674264],[139.48081023482519,35.567985499510826],[139.48076052788966,35.568092528057285],[139.4806726596455,35.56822376967233],[139.48033143788376,35.56819821981554],[139.4801802275003,35.56822839040486],[139.48001667412282,35.568478550993945],[139.47967562380578,35.5689929128929],[139.479407068665,35.56942711089341],[139.47929656691144,35.56954909030954],[139.47919512299637,35.56955155993997],[139.47900981391095,35.56947476206231],[139.4787476884101,35.56988112273349]]]]}},{"type":"Feature","properties":{"area_id":"14117104002","city":"横浜市","ward":"青葉区","town":"奈良町","chome":"","num_households":240},"geometry":{"type":"MultiPolygon","coordinates":[[[[139.4937024863207,35.56325011384801],[139.4935611831137,35.563228680200766],[139.4934934385416,35.56321841031835],[139.49332908180088,35.56302761339559],[139.49318782343505,35.5627144202057],[139.49299821831875,35.56256889999204],[139.49285265739263,35.562402630293704],[139.4926590015753,35.56208864835437],[139.49209359721831,35.56195885352919],[139.4917676960518,35.56181698084672],[139.49157943581403,35.56169572330375],[139.49142161583467,35.56153068279292],[139.49133813292985,35.56141100366316],[139.49121398802686,35.56131782463957],[139.49108132353624,35.561312961745884],[139.49066314228662,35.561455067459555],[139.49045599584346,35.56151470034543],[139.49023526612677,35.56155133619579],[139.4900155530954,35.56153089775406],[139.48962956938323,35.561529368586505],[139.48945362435109,35.56150244139907],[139.48924124795002,35.56156061088548],[139.48907952924506,35.56171939121987],[139.4889285478515,35.56196253164132],[139.4888174665329,35.56222195322145],[139.488872657054,35.562462502777876],[139.4890326034263,35.562704630700274],[139.48914117081222,35.562888895297085],[139.48918798505042,35.563107904864346],[139.4891164601504,35.56330230259032],[139.48912184471754,35.56349499288897],[139.48903624769108,35.56369487803145],[139.48873603831478,35.564081307475554],[139.48838319188982,35.564481171656084],[139.4880366141227,35.56492112288454],[139.48754882205864,35.565745578326464],[139.48744347404178,35.566374659764335],[139.4874069550025,35.56666518190196],[139.4873323409607,35.566935132353066],[139.4871432935701,35.567157735435494],[139.48701251173875,35.56724421225867],[139.48678002906126,35.56725355179445],[139.48652197324947,35.56722679535552],[139.48624727249523,35.567252630564084],[139.48605029103769,35.567329539504335],[139.48592371697174,35.567474616474136],[139.48580558212134,35.56773676018588],[139.48570211568716,35.567759478851855],[139.48555594176835,35.56782717465633],[139.48542483951212,35.567832309359005],[139.48526818645342,35.56780141752333],[139.48512815708034,35.567717969705875],[139.48491976349234,35.56754787489087],[139.48469840251312,35.56742182428415],[139.4844991903082,35.56732608544777],[139.4844156901478,35.56720639912965],[139.48431178671794,35.5669565471176],[139.4841612598279,35.566774510806255],[139.48382839661687,35.566730932921374],[139.48367687094995,35.56660593361808],[139.4831552979779,35.56656519996468],[139.48305858851043,35.56620276492552],[139.48296015385364,35.56594018080717],[139.48292691600383,35.56574420339731],[139.4829661652526,35.56559784567512],[139.48293844929714,35.56548470009267],[139.4828371858301,35.565283410086906],[139.4828420207058,35.5651079719485],[139.48289740617926,35.56493761190581],[139.48295041242523,35.564704396705864],[139.48290593117028,35.56445260997591],[139.48282395018126,35.56424732999211],[139.48260521989727,35.56399459714975],[139.48250787572212,35.56389373873389],[139.48247548903325,35.563784874981025],[139.48227193112638,35.563814610512516],[139.48230212743726,35.56395156679765],[139.48171410362417,35.56408812624409],[139.48163978649663,35.56408821770916],[139.4815338424089,35.56404258085612],[139.48145279042095,35.563981068576936],[139.48144637846727,35.56397386562097],[139.48137769219423,35.56384876573427],[139.4814124827116,35.56365810126821],[139.48158718194267,35.56340779094606],[139.4816336135693,35.56328980028258],[139.48167895432178,35.56313022230277],[139.48166250552634,35.56299369606829],[139.48195272626563,35.56239448163624],[139.4815023929512,35.562276219037685],[139.4811249896959,35.56214493787718],[139.481146957289,35.56206338679508],[139.48063734994528,35.56191624615303],[139.48068860026288,35.56181003254362],[139.48070792967397,35.561745373282776],[139.4810004460788,35.561849707660286],[139.4811189583429,35.561868340938496],[139.48149692568842,35.56187469695683],[139.48174023582484,35.561933389574946],[139.48189634520077,35.561962487247754],[139.4819918616804,35.5619881628104],[139.48204274238708,35.561966852405504],[139.4822588816499,35.56180008421164],[139.48243022840043,35.56166394332043],[139.48248480726988,35.56159756860689],[139.48251462582027,35.561552250375975],[139.48254544098748,35.56150709770191],[139.48261761898678,35.56103275208993],[139.4826181107206,35.56102852945163],[139.4826387076967,35.56084574399534],[139.48267791170576,35.56076913918366],[139.48283095563653,35.56059598002322],[139.48295861689635,35.560497212627354],[139.48320888153975,35.56023867748386],[139.48348642909883,35.56002318068866],[139.4836193676974,35.559993686239885],[139.48409444625398,35.55988832142342],[139.48423568054045,35.559818992587196],[139.48436071373348,35.559704406524396],[139.48513699858273,35.55957716309671],[139.4853689382472,35.55955342466669],[139.4854660154324,35.55948614541002],[139.48567483946695,35.55923191846077],[139.48603185206625,35.55908908368398],[139.48610395191807,35.559037469832006],[139.48611050632425,35.55853155265541],[139.48622803666447,35.558362261230876],[139.4863757428545,35.55811496259068],[139.48643254323807,35.5578084162597],[139.48644568286372,35.55780919493586],[139.48656258201382,35.557821233969726],[139.4866464581995,35.557516317648876],[139.48673923175207,35.55723121434026],[139.4868724972172,35.556809018477715],[139.48700055481527,35.55639008256232],[139.4871385612481,35.55595698476558],[139.4873485078155,35.5555535370168],[139.48792605740198,35.554908444219826],[139.4881743882277,35.55462626888264],[139.48839829385037,35.55437246924919],[139.48870807988126,35.55402692030905],[139.4890215817243,35.553688318013],[139.48931910775863,35.55336702675839],[139.4897647202978,35.552876147843655],[139.4899570171567,35.55251979411289],[139.49002976592195,35.55228382198934],[139.4900902071636,35.551568748743634],[139.49009584240486,35.55145954513111],[139.4901066915075,35.551244268677664],[139.4901212529758,35.55087584105972],[139.4901265146614,35.55074304575575],[139.49002255619754,35.55060872953038],[139.49002182428404,35.55046704250228],[139.4900214231045,35.55038929803303],[139.4901210647279,35.55005531146892],[139.49021240378391,35.54970267318174],[139.49015619580967,35.54943977116485],[139.49025802519836,35.549224166413495],[139.4903518836441,35.5492408524104],[139.49059107684295,35.549277614556786],[139.49094323317294,35.54940857865263],[139.49107613277766,35.54938383178168],[139.49094788390613,35.54994666862663],[139.49083740017406,35.55043463137267],[139.49066297436906,35.55124640794953],[139.4906766121791,35.551357745319386],[139.4905733855194,35.55147620465039],[139.49054240626936,35.55155674190459],[139.49055976101621,35.5518579420671],[139.49055505771886,35.551985916343156],[139.4904936519327,35.55207823103702],[139.49041257756133,35.55214471344521],[139.49036591735396,35.552259784191165],[139.49034117670215,35.55240325921431],[139.4903421378046,35.55255734014533],[139.4904666954026,35.55261566416971],[139.49046135513524,35.55322238359569],[139.4905171448902,35.553579617216805],[139.49057432661274,35.55377164476725],[139.49064081722466,35.553932822559624],[139.4907733262201,35.55420458165385],[139.49098293163752,35.554560927501655],[139.4910557591089,35.55475733401102],[139.49095468367477,35.554799675460146],[139.49108254457184,35.555004729991914],[139.49110664942717,35.555061667331664],[139.49111311279714,35.55517823074955],[139.49142790912842,35.555599886304904],[139.49171437691544,35.55613800577798],[139.49201034979677,35.55607634340807],[139.49231065724413,35.55664470811915],[139.4926748310248,35.55734030147301],[139.49274236951206,35.55737757561616],[139.49278303756702,35.557436249656895],[139.4929635432014,35.557758532342724],[139.49305959986486,35.55779300162707],[139.49308642203664,35.55782434700108],[139.4935174745288,35.55793536244297],[139.49361412227182,35.557901137810234],[139.4937870957983,35.55779816184445],[139.49397395791584,35.55779955259346],[139.4941346660058,35.55769780836638],[139.49436737358303,35.557674194635794],[139.494597513765,35.55769764576663],[139.49485546993324,35.55762875291926],[139.49497213669423,35.557547757630495],[139.49504691578585,35.55739005886504],[139.4950850626803,35.55734143967592],[139.4952579583754,35.55727666285077],[139.49536887264443,35.55726730272697],[139.49548591235177,35.55728176467693],[139.49559376783316,35.557313344961486],[139.49565299744074,35.55735967806905],[139.49566496343226,35.557372845232365],[139.49571478444452,35.55742767179695],[139.49574434154735,35.55753652230546],[139.49574268287375,35.557731969584324],[139.49582806903763,35.55794298665456],[139.49588898847807,35.558156503918745],[139.4959227397603,35.55832395532329],[139.49597421703004,35.55847737527847],[139.49613046571048,35.55863240320911],[139.49633196062416,35.5586953456889],[139.4964247405605,35.5587718806483],[139.49659687094862,35.55889096868012],[139.49669546531152,35.55892709950174],[139.4968535086988,35.559019349616435],[139.4971663874906,35.559222953365534],[139.49738783834133,35.559444568002675],[139.49767278334474,35.55983262594834],[139.49769975397132,35.55998858089654],[139.4975700861306,35.56011359068976],[139.49740183840265,35.56024662556951],[139.49733836137455,35.56038122825274],[139.49725709766733,35.56073528090146],[139.49730261036424,35.560929983494404],[139.497381914105,35.56107640239705],[139.49744727717965,35.56124890833533],[139.49738123453045,35.56143054513521],[139.49726098813036,35.56161565292786],[139.49695785804678,35.561872211492926],[139.4968751020695,35.5620108116653],[139.496796486444,35.562112345418825],[139.49651484471568,35.56223652794124],[139.4962802966078,35.562264402064415],[139.4960634760614,35.562278278648606],[139.4959037543682,35.56232295399444],[139.49573600467366,35.56242743088186],[139.4955670087894,35.56260324026279],[139.49541224061505,35.56266370389309],[139.49511735776278,35.56284618907065],[139.49484607539716,35.562877791248106],[139.49462610433534,35.5628716198812],[139.49443865089552,35.562803150914846],[139.49428744429227,35.56275950572064],[139.4941676006861,35.56282049234604],[139.4940762276504,35.56295180802427],[139.4939984400469,35.56310615723903],[139.49389530855038,35.56321018617301],[139.4937024863207,35.56325011384801]]]]}},{"type":"Feature","properties":{"area_id":"141171050","city":"横浜市","ward":"青葉区","town":"緑山","chome":"","num_households":0},"geometry":{"type":"MultiPolygon","coordinates":[[[[139.48324482386602,35.57163547245512],[139.48320646165794,35.57164130618171],[139.48299350958402,35.57164065870291],[139.482752365978,35.57139150203625],[139.4826494750418,35.57149436150744],[139.48257241306175,35.57155409294157],[139.48246529684502,35.57163711437046],[139.48226961838785,35.57173831940318],[139.48205225630528,35.57178068422406],[139.4818294299258,35.571835781127234],[139.4815885773994,35.57182356910351],[139.4813659254773,35.57176883646272],[139.48106116769318,35.57171427655905],[139.48037057085207,35.5715482488399],[139.48013135614232,35.571531282797395],[139.480063496065,35.57152646191053],[139.4796455959419,35.57144876797179],[139.47899728531533,35.571361880009725],[139.47869799421676,35.571294546420084],[139.47843608553495,35.57127335182587],[139.4783822311019,35.571199837804876],[139.47827948159133,35.57117515454032],[139.47798448220823,35.57104857068678],[139.47823824730946,35.57065412468924],[139.47849315535998,35.57026919071296],[139.4787476884101,35.56988112273349],[139.4790098139109,35.569474762062335],[139.47919512299632,35.56955155993997],[139.47929656691144,35.56954909030954],[139.479407068665,35.56942711089341],[139.47967562380578,35.5689929128929],[139.48001667412282,35.568478550993895],[139.48018022750037,35.56822839040486],[139.48033143788376,35.56819821981555],[139.4806726596455,35.56822376967233],[139.48076052788971,35.568092528057285],[139.48081023482524,35.567985499510826],[139.48087709919955,35.56779356167424],[139.4809616244432,35.56745565719558],[139.48096700271094,35.56735412781739],[139.48089900315225,35.5671306498246],[139.48083354510197,35.567025699585265],[139.4807534656709,35.56671137775238],[139.48063419676274,35.56636133987306],[139.4805129022297,35.56619872030936],[139.48049825963307,35.56614223284314],[139.48061025996708,35.56606504180563],[139.4807646205299,35.565998578071856],[139.4808269607622,35.5658503567131],[139.48098376847537,35.565706646590066],[139.4810617345093,35.56560678233028],[139.48135514593926,35.56534683587494],[139.48140503217437,35.56525744614468],[139.48135909192078,35.565168434052936],[139.48137428199982,35.56509971521586],[139.48151051155904,35.56486640068913],[139.48172990935342,35.56478780856949],[139.48189173628367,35.56465330290105],[139.48198206651446,35.564558754231506],[139.4821178452037,35.564354345784515],[139.48209303534307,35.5643315597443],[139.48215879984028,35.56422728858548],[139.4823555375737,35.5640864433423],[139.48247644635117,35.56398600121777],[139.48250787572212,35.563893738733874],[139.48260521989727,35.56399459714975],[139.4828239501812,35.564247329992135],[139.48290593117028,35.56445260997591],[139.48295041242523,35.56470439670585],[139.48289740617926,35.56493761190581],[139.4828420207058,35.56510797194852],[139.4828371858301,35.565283410086906],[139.48293844929714,35.56548470009267],[139.4829661652526,35.56559784567513],[139.48292691600383,35.565744203397315],[139.48296015385364,35.56594018080717],[139.48305858851043,35.566202764925514],[139.4831552979779,35.56656519996468],[139.48367687094995,35.56660593361808],[139.48382839661687,35.566730932921374],[139.4841612598279,35.566774510806226],[139.48431178671797,35.5669565471176],[139.4844156901478,35.56720639912965],[139.4844991903082,35.56732608544777],[139.48469840251312,35.56742182428415],[139.48491976349234,35.56754787489087],[139.48512815708034,35.567717969705896],[139.48526818645342,35.56780141752333],[139.48542483951212,35.567832309359005],[139.48555594176835,35.56782717465637],[139.48570211568713,35.567759478851855],[139.48580558212134,35.56773676018588],[139.48579943621954,35.56788793798141],[139.48597875021605,35.568221640893164],[139.48612877144456,35.568432228453545],[139.48623162030177,35.56864351872782],[139.4862528784014,35.5688265040595],[139.486184487846,35.56904090944081],[139.4860000660159,35.56919792648453],[139.48579421511576,35.56928185166256],[139.48555783675639,35.5693139255469],[139.48538244976191,35.56935410261634],[139.48525504322697,35.56944632583351],[139.48506738419414,35.569788788585704],[139.48490198601215,35.5699560720841],[139.48467138801402,35.57005675555561],[139.48435264944973,35.57010329953909],[139.48410582806562,35.57013237785282],[139.48387365127698,35.57022304683554],[139.4837071875301,35.5703517705659],[139.48354731203884,35.57060192609867],[139.4833960660627,35.57085932526866],[139.48331019415133,35.57107347124215],[139.48316022541118,35.57112453135433],[139.48312930257273,35.57130930188546],[139.4831619232396,35.571465461985724],[139.48324482386602,35.57163547245512]]]]}},{"type":"Feature","properties":{"area_id":"141171060","city":"横浜市","ward":"青葉区","town":"上谷本町","chome":"","num_households":54},"geometry":{"type":"MultiPolygon","coordinates":[[[[139.52918608832726,35.55706487427325],[139.5287730396266,35.55735827975306],[139.52806122456036,35.55776517937014],[139.5274154399209,35.55808154294115],[139.52741820226814,35.55808612731832],[139.52643252212903,35.558570447346035],[139.52615253301923,35.55864704933038],[139.52577042632439,35.55868853407455],[139.52536804293047,35.55868014558927],[139.52483178777223,35.558714823478745],[139.5248339710229,35.55871852491754],[139.52431378501342,35.558737256376986],[139.52405322180948,35.558792392400896],[139.5239229013629,35.558857861795445],[139.52371258863081,35.55903892755237],[139.52341961389138,35.55938962679182],[139.52332755342576,35.55952775945384],[139.52313269805452,35.55976646582276],[139.52309512857863,35.55979816347225],[139.52281554473643,35.560034078204794],[139.52251830405822,35.56018974190645],[139.52213388535768,35.56030761141968],[139.52181243825527,35.56034438180115],[139.5216686199287,35.56036083599207],[139.52119325933057,35.56038236440075],[139.52071736713472,35.560308264999236],[139.52013261906416,35.56022535467306],[139.51971365984627,35.560100489222386],[139.51908709480313,35.55992415974287],[139.51802003154862,35.559988225300835],[139.51711005099628,35.560042878104646],[139.51700965739957,35.56005690486008],[139.51699882341634,35.55989280220081],[139.51678594258755,35.55969435933937],[139.5168096413432,35.55946630283616],[139.51677290020885,35.55939170179142],[139.5167902438184,35.55932657658451],[139.51674116483247,35.55923373948509],[139.51686904979258,35.55919246361968],[139.51676790933783,35.55900896555101],[139.51675298564547,35.558969069009756],[139.51742207990205,35.558772450223316],[139.51752710785686,35.55887194913623],[139.51783607875092,35.55890224157725],[139.51800698376596,35.55894938335319],[139.5183494080838,35.55909049572535],[139.51850002682366,35.55913008386357],[139.5186529166623,35.55911844762794],[139.51876807001827,35.55908724108741],[139.51880081826116,35.559081976185105],[139.51904498214594,35.558969884950194],[139.51935849486907,35.558847801023774],[139.5195878301669,35.55878041907395],[139.51995863781653,35.55884588877535],[139.5206076982928,35.55886798136717],[139.52094296969122,35.5588877933168],[139.5210566544223,35.55890587686458],[139.5212483448472,35.5589363688287],[139.52142266470722,35.55892961689813],[139.52159483525557,35.558908437196486],[139.52172619329795,35.55888624886985],[139.52186316104698,35.558839736873516],[139.52194838404102,35.55876694844818],[139.5219791614675,35.558720599874306],[139.52215091152357,35.55888014152742],[139.52225251955352,35.55881329225379],[139.5222003441969,35.55876389391433],[139.52204439472305,35.55861624710266],[139.52208431849635,35.55853971796652],[139.52213888139497,35.558440716735426],[139.52214826694134,35.55844569063978],[139.5222218200368,35.558484694303914],[139.52295333408645,35.55833784690252],[139.5235380822293,35.55822045866997],[139.52349959797783,35.55815671500921],[139.52302740413032,35.55739262383612],[139.52358977467898,35.55714455020433],[139.52374080903314,35.5570424464274],[139.52387231236344,35.55689906200788],[139.52396286334536,35.55673247580149],[139.52401118848718,35.55659887661903],[139.52402128728326,35.55646701070927],[139.524026076071,35.55640438699141],[139.5240456504547,35.556295887298226],[139.5241051813377,35.55615573420796],[139.5244422579993,35.55579521614061],[139.52555452587399,35.555205645211565],[139.5256195356346,35.5552137334849],[139.52575516865582,35.55538875260579],[139.52598602219365,35.55572125648221],[139.52682943106615,35.55530558608779],[139.52741417153612,35.555031530714615],[139.5276870388224,35.555072856023926],[139.52797548383543,35.555079750744994],[139.52814435054682,35.555078173282666],[139.5284417072432,35.555042134046076],[139.52877498723288,35.55495270324092],[139.52917844405852,35.55485549241408],[139.52954491537244,35.5547559680151],[139.5300517834556,35.55446490785523],[139.53068854299576,35.55413744899031],[139.53082452711337,35.5540690281099],[139.5310833875556,35.55384367269169],[139.53161079182954,35.55320056721737],[139.5318097306307,35.55288520756204],[139.53224143826958,35.55346656839067],[139.53222769147436,35.55347853968637],[139.53178701445543,35.55386209415127],[139.53188957929615,35.55428531722457],[139.53124790461948,35.55473388859901],[139.5311895774384,35.55474743774187],[139.53112111330296,35.55470712791573],[139.5309486873575,35.55450554528251],[139.53084547353106,35.55448211807081],[139.5301627628696,35.55483706506994],[139.53023945110607,35.555099671006964],[139.5302163743848,35.55514605290307],[139.53013081427974,35.55519953078023],[139.5302036684059,35.55530914460373],[139.52962649961475,35.55563903909719],[139.52999884905995,35.55610234315039],[139.52972730241598,35.55628460318592],[139.52944144613213,35.55658072735658],[139.52936509449464,35.55668214783681],[139.52924818175057,35.55688342301414],[139.52918608832726,35.55706487427325]]]]}},{"type":"Feature","properties":{"area_id":"141171070","city":"横浜市","ward":"青葉区","town":"もえぎ野","chome":"","num_households":1667},"geometry":{"type":"MultiPolygon","coordinates":[[[[139.52168162446384,35.54306581954823],[139.52365200813668,35.54399395258056],[139.5238828268204,35.54410210213394],[139.52414406221524,35.544226982930674],[139.52443186917074,35.54437115358078],[139.52495970341397,35.544628073813016],[139.52539670044203,35.54484078572319],[139.5262451164086,35.54525371952785],[139.52643835569543,35.545350328799245],[139.52690999866815,35.545585591915774],[139.5265401447973,35.54608148293128],[139.5262740697763,35.54645535636308],[139.52606585719238,35.54673850209068],[139.5259288389389,35.54696539017159],[139.52584371161754,35.54715948897221],[139.52579516225572,35.54731453053273],[139.5257542297711,35.54748839114767],[139.52569629258898,35.547859448796565],[139.52566936839176,35.54809854953187],[139.52562457011723,35.548391898401874],[139.52544456892397,35.54937770117511],[139.52541241811744,35.54959221436289],[139.5253695414926,35.549772301955336],[139.52531469096382,35.54994598726332],[139.5250932145751,35.55035806337479],[139.5250194500014,35.550458676518026],[139.52481454285854,35.550663381574665],[139.52464084049544,35.55082552976043],[139.5244405345555,35.550970391885414],[139.5243135834579,35.55107033981974],[139.52402023880674,35.551347205003914],[139.52361162817297,35.551748198462235],[139.52353568961303,35.55187535168655],[139.52325270868002,35.552111399633795],[139.5227700889149,35.55178880837725],[139.5224027966124,35.55148728765242],[139.52207918176578,35.55120006695463],[139.52178124218472,35.550930939129834],[139.52152664399034,35.55071010872554],[139.52135134500008,35.550594479526445],[139.52121129162066,35.550522636201464],[139.521053955672,35.550463386146944],[139.52082874348602,35.55039670366586],[139.52066465043714,35.55036824294978],[139.5203804784755,35.550333443356294],[139.52042548109486,35.55002112344628],[139.52045722938783,35.54972651392991],[139.5204598732682,35.54964589495842],[139.52036096929075,35.549486348782025],[139.52007305572408,35.54922574737626],[139.51998424634712,35.54901964685441],[139.5198923989453,35.54878653438742],[139.51988290938252,35.54871236029869],[139.51990842243254,35.54846973738115],[139.51996682534303,35.54834374115606],[139.52016809132746,35.54790765753863],[139.52028223050345,35.54770910424327],[139.52053429084106,35.547448633377655],[139.52073166377633,35.54732283076717],[139.52075106091453,35.54727668895366],[139.5207652070526,35.547229159519134],[139.5207269511305,35.547118328252914],[139.5204881795212,35.54682004181106],[139.52020123484303,35.54655602553416],[139.51991881071504,35.54631518745514],[139.5197809433681,35.54619894918393],[139.51961569369195,35.54600148282066],[139.519496421186,35.545829769455736],[139.51949005710762,35.5457934179313],[139.51962931735068,35.54538565307666],[139.51974456930375,35.545221185792116],[139.51996690539934,35.54505172278002],[139.5200118068231,35.54500050811313],[139.52007092521558,35.54491130642755],[139.52023730578492,35.54456344040255],[139.52031701459757,35.54444718517585],[139.52034901574322,35.54440047941581],[139.52035909051338,35.5443857905439],[139.5204662391243,35.54429298635854],[139.52080722415462,35.54399769241251],[139.52101936366827,35.543862002990245],[139.52109109993972,35.543795721886184],[139.52123987751406,35.543579204702716],[139.52129693661428,35.54349267427068],[139.52150612368078,35.54326892363932],[139.52168162446384,35.54306581954823]]]]}},{"type":"Feature","properties":{"area_id":"141171080","city":"横浜市","ward":"青葉区","town":"柿の木台","chome":"","num_households":2302},"geometry":{"type":"MultiPolygon","coordinates":[[[[139.5284417072432,35.555042134046076],[139.52814435054682,35.555078173282666],[139.52797548383543,35.555079750744994],[139.5276870388224,35.555072856023926],[139.52741417153612,35.555031530714615],[139.52682943106615,35.55530558608779],[139.52598602219365,35.55572125648221],[139.52575516865582,35.55538875260579],[139.5256195356346,35.5552137334849],[139.52555452587399,35.555205645211565],[139.52535653812893,35.55494335911478],[139.52509426043167,35.55457084558336],[139.52489987464818,35.55427469781875],[139.5246822647514,35.55377322224917],[139.52467905395886,35.55376247529047],[139.5246750762124,35.55374915611276],[139.52467484277182,35.553748416126474],[139.52438191486178,35.55304820653623],[139.52431715466463,35.55294297935615],[139.52417202382395,35.552758430133494],[139.52378458414125,35.552488547888984],[139.52369789598154,35.55242706280282],[139.52325270868002,35.552111399633795],[139.52353568961303,35.55187535168655],[139.52361162817297,35.551748198462235],[139.52402023880674,35.551347205003914],[139.5243135834579,35.55107033981974],[139.5244405345555,35.550970391885414],[139.52464084049544,35.55082552976043],[139.52481454285854,35.550663381574665],[139.5250194500014,35.550458676518026],[139.5250932145751,35.55035806337479],[139.52531469096382,35.54994598726332],[139.5253695414926,35.549772301955336],[139.52541241811744,35.54959221436289],[139.52544456892397,35.54937770117511],[139.52562457011723,35.548391898401874],[139.52566936839176,35.54809854953187],[139.52569629258898,35.547859448796565],[139.5257542297711,35.54748839114767],[139.52579516225572,35.54731453053273],[139.52584371161754,35.54715948897221],[139.5259288389389,35.54696539017159],[139.52606585719238,35.54673850209068],[139.5262740697763,35.54645535636308],[139.52718758144505,35.54725057169402],[139.52759166837905,35.54761878743538],[139.52776139033472,35.54778318272858],[139.52789030451623,35.54793286414833],[139.5279626905728,35.54804969364738],[139.52800303240113,35.54811859512219],[139.5281889513073,35.548436117962154],[139.52828033751786,35.548373044288184],[139.52838933647274,35.54833434369584],[139.52848418871054,35.5483281043592],[139.52856440615201,35.5483462644996],[139.5288888443543,35.548150054058105],[139.52889941735154,35.54816240378757],[139.52928986708505,35.5486192359519],[139.52934722218185,35.5486787078038],[139.52944393443408,35.54876651512306],[139.52954131432915,35.54882615759333],[139.52978131915515,35.54889291960248],[139.5300073313216,35.54891193750478],[139.53014402285308,35.54894981318614],[139.5302523186218,35.54900008187284],[139.53039020065768,35.54914425803031],[139.53064325515567,35.549417056243385],[139.53068282838424,35.549490812523715],[139.53066533542844,35.54978022071407],[139.5306730082243,35.54994399696511],[139.53069797312375,35.550063910080404],[139.53074427470102,35.55018113103128],[139.5308621062792,35.55026233791998],[139.53109779222095,35.55037897775794],[139.53125532657594,35.55046591571925],[139.53141789654572,35.55055987327049],[139.53181636101647,35.55077318049544],[139.53195363619676,35.55084549111508],[139.53202288858833,35.55084777690449],[139.53212280414627,35.55077310212831],[139.53217061363515,35.550794594608135],[139.53227068723504,35.550877901628546],[139.53250485499058,35.55104382865186],[139.53251922046533,35.551084741618546],[139.53241196844326,35.551241963440624],[139.53230510359728,35.55150819303759],[139.53229972436176,35.55153483277721],[139.53231034119278,35.551986696025374],[139.5322984457966,35.55217010498581],[139.53224529012147,35.55234383439284],[139.53212571120264,35.552524543752554],[139.53183338274843,35.55285734563031],[139.5318097306307,35.55288520756204],[139.53161079182956,35.55320056721736],[139.5310833875556,35.55384367269168],[139.53082452711342,35.5540690281099],[139.53068854299576,35.55413744899031],[139.5300517834556,35.55446490785523],[139.52954491537244,35.55475596801506],[139.52917844405852,35.55485549241408],[139.52877498723288,35.55495270324089],[139.5284417072432,35.555042134046076]]]]}},{"type":"Feature","properties":{"area_id":"141171090","city":"横浜市","ward":"青葉区","town":"みたけ台","chome":"","num_households":1918},"geometry":{"type":"MultiPolygon","coordinates":[[[[139.52555452587399,35.555205645211565],[139.5244422579993,35.55579521614061],[139.5241051813377,35.55615573420796],[139.5240456504547,35.556295887298226],[139.524026076071,35.55640438699141],[139.52402128728326,35.55646701070927],[139.52401118848718,35.55659887661903],[139.52396286334536,35.55673247580149],[139.52387231236344,35.55689906200788],[139.52374080903314,35.5570424464274],[139.52358977467898,35.55714455020433],[139.52302740413032,35.55739262383612],[139.52349959797783,35.55815671500921],[139.5235380822293,35.55822045866997],[139.52295333408645,35.55833784690252],[139.5222218200368,35.558484694303914],[139.52214826694134,35.55844569063978],[139.52213888139497,35.558440716735426],[139.52208431849635,35.55853971796652],[139.52204439472305,35.55861624710266],[139.5222003441969,35.55876389391433],[139.52225251955352,35.55881329225379],[139.52215091152357,35.55888014152742],[139.5219791614675,35.558720599874306],[139.52194838404102,35.55876694844818],[139.52186316104698,35.558839736873516],[139.52172619329795,35.55888624886985],[139.52159483525557,35.558908437196486],[139.52142266470722,35.55892961689813],[139.5212483448472,35.5589363688287],[139.5210566544223,35.55890587686458],[139.52094296969122,35.5588877933168],[139.5206076982928,35.55886798136717],[139.51995863781653,35.55884588877535],[139.5195878301669,35.55878041907395],[139.51935849486907,35.558847801023774],[139.51904498214594,35.558969884950194],[139.51880081826116,35.559081976185105],[139.51876807001827,35.55908724108741],[139.5186529166623,35.55911844762794],[139.51850002682366,35.55913008386357],[139.5183494080838,35.55909049572535],[139.51800698376596,35.55894938335319],[139.51783607875092,35.55890224157725],[139.51752710785686,35.55887194913623],[139.51742207990205,35.558772450223316],[139.51675298564547,35.558969069009756],[139.5166618195807,35.55876999977204],[139.5166558652158,35.55869027099724],[139.5167394208886,35.55831981265771],[139.5169225937666,35.55747799441701],[139.51691415175338,35.55746075407179],[139.5169023800548,35.55743016168328],[139.51678848112732,35.55713388911267],[139.51668430791258,35.55686288835536],[139.51662463399194,35.55684537016518],[139.51695277814824,35.55567177692883],[139.51699717177453,35.555668656343975],[139.51725724675816,35.5557043143133],[139.51731951255616,35.55537164902391],[139.51738667253142,35.55516324914801],[139.51745817778226,35.55503274392357],[139.5175190322558,35.554958826459675],[139.51762532510315,35.55482975198736],[139.51776667905054,35.554616868327244],[139.51785166135693,35.55442858510797],[139.51792320453066,35.55424452687684],[139.5179859464961,35.554161601358366],[139.5181374844171,35.554037048427354],[139.51836297901502,35.55391920607354],[139.51860885547293,35.5538282815785],[139.51868625047408,35.55382620009491],[139.5187172410706,35.55381835998799],[139.51878166771533,35.55379955320602],[139.51895031614353,35.55364610319978],[139.51915100910907,35.55343598129773],[139.51915522695626,35.55343155617465],[139.51953455178236,35.55303808719644],[139.51987774707908,35.55267680865076],[139.5201230257231,35.55238607554442],[139.52075073934043,35.55267993166068],[139.52079767083896,35.55268301388562],[139.52091116195996,35.55243094107663],[139.52092159005133,35.55240875167987],[139.52108031130075,35.55208810711004],[139.52125104060593,35.551896884645856],[139.52143701574772,35.55174615717798],[139.5215816231041,35.55162894359877],[139.52176780771757,35.551468462564095],[139.52207918176578,35.55120006695463],[139.5224027966124,35.55148728765242],[139.5227700889149,35.55178880837725],[139.52325270868002,35.552111399633795],[139.52369789598154,35.55242706280282],[139.52378458414125,35.552488547888984],[139.52417202382395,35.552758430133494],[139.52431715466463,35.55294297935615],[139.52438191486178,35.55304820653623],[139.52467484277182,35.553748416126474],[139.5246750762124,35.55374915611276],[139.52467905395886,35.55376247529047],[139.5246822647514,35.55377322224917],[139.52489987464818,35.55427469781875],[139.52509426043167,35.55457084558336],[139.52535653812893,35.55494335911478],[139.52555452587399,35.555205645211565]]]]}},{"type":"Feature","properties":{"area_id":"141171100","city":"横浜市","ward":"青葉区","town":"成合町","chome":"","num_households":15},"geometry":{"type":"MultiPolygon","coordinates":[[[[139.5130341324845,35.561604288884624],[139.5129222816199,35.56190221369816],[139.51284870775436,35.56225668418889],[139.5127612827628,35.56226514470693],[139.5125600420785,35.56230833294961],[139.51250228085988,35.56235042886273],[139.51242139515182,35.56224303122742],[139.512395876337,35.562126734636486],[139.5123547575399,35.56171385854812],[139.51247779622452,35.561662643697815],[139.51268935501432,35.56159293609312],[139.51276564165155,35.56157349504654],[139.5130341324845,35.561604288884624]]],[[[139.5093559209691,35.56449671866283],[139.50942325851383,35.564399650982295],[139.5097109259992,35.5640843874284],[139.51016715191258,35.5637530331821],[139.5104980862446,35.56385945498706],[139.51045012574073,35.563966117395225],[139.5107708865852,35.564111558471524],[139.51079669197892,35.56417240078211],[139.51069544620347,35.56437574579851],[139.5105681631661,35.564575992768994],[139.5103632870176,35.56487838378876],[139.51066376322342,35.5650053904099],[139.51060030382052,35.565027858581736],[139.51088482767497,35.56518397511063],[139.51081707805986,35.56528730908486],[139.5105757797722,35.5652219400066],[139.51045325444744,35.565160131510666],[139.51021231140845,35.56500092839533],[139.51003863641242,35.56491190358259],[139.50971203327688,35.564734755473204],[139.5096006530122,35.56468276505266],[139.50928110469405,35.56459985570616],[139.5093559209691,35.56449671866283]]]]}},{"type":"Feature","properties":{"area_id":"14117111001","city":"横浜市","ward":"青葉区","town":"たちばな台","chome":"1","num_households":1153},"geometry":{"type":"MultiPolygon","coordinates":[[[[139.51674116483247,35.55923373948509],[139.51612922212928,35.559431176968026],[139.51598582021646,35.55946825595366],[139.51594182446502,35.55944074553788],[139.51589865961313,35.559459678189256],[139.5154174745334,35.559857168712874],[139.51512603052757,35.559802376620965],[139.51512055992416,35.5598558447034],[139.51522490658866,35.55992048686607],[139.51504693420708,35.55995437380536],[139.51488563700894,35.560064251487276],[139.51478563798278,35.56008190459892],[139.5146165333622,35.56007486645749],[139.51420921135806,35.56001585269462],[139.51407726424995,35.55991353185022],[139.51398776871648,35.560090394107554],[139.5128911289428,35.55979153933131],[139.51289199230902,35.55975886742604],[139.51278787419193,35.559696617835755],[139.51277948810238,35.55959579091736],[139.5128622631782,35.558638567132725],[139.5128598557774,35.558604865312546],[139.51295449621213,35.558224754840964],[139.51308919160192,35.557725357840724],[139.51323895378636,35.55717001876551],[139.51338635186548,35.5566235466166],[139.51354097119687,35.55607586111228],[139.5136667625159,35.555630345001795],[139.51376393039877,35.55528453528218],[139.51398527755194,35.55449686799213],[139.5139939838359,35.5544588297136],[139.51399289063835,35.55351789394078],[139.51399379395932,35.55350765102907],[139.51408795952528,35.55347621696501],[139.51412313921546,35.55342268766888],[139.51422015553717,35.55311413121099],[139.51431585124675,35.55300689732586],[139.51440840920608,35.552967713352906],[139.51461571120413,35.552912466753575],[139.5148018118467,35.55287913291365],[139.51484682776473,35.552871086366906],[139.5150731281465,35.552859513236186],[139.51525228222312,35.552872107875025],[139.51529468858283,35.55288063686658],[139.51542856372726,35.55290750915898],[139.51561104406514,35.552971833658106],[139.51580739151416,35.55305988883822],[139.51593263596112,35.55313335350706],[139.51594697292163,35.55314180686105],[139.51613934287025,35.55323865395257],[139.51627634384107,35.55327049939269],[139.51639178566248,35.55331721354612],[139.51648594816345,35.553400419285495],[139.51652044931024,35.55352874291789],[139.51650451354848,35.55384202640884],[139.5165498939903,35.55399210428568],[139.5166366571906,35.554116166667235],[139.5167637650322,35.55425280153013],[139.51686621680074,35.55432134620849],[139.51707656121093,35.55436306885173],[139.51727419258577,35.55436736396391],[139.51745105425994,35.554349774192985],[139.5178253242746,35.5542783839236],[139.51792320453066,35.55424452687684],[139.51785166135693,35.55442858510797],[139.51776667905054,35.554616868327244],[139.51762532510315,35.55482975198736],[139.5175190322558,35.554958826459675],[139.51745817778226,35.55503274392357],[139.51738667253142,35.55516324914801],[139.51731951255616,35.55537164902391],[139.51725724675816,35.5557043143133],[139.51699717177453,35.555668656343975],[139.51695277814824,35.55567177692883],[139.51662463399194,35.55684537016518],[139.51668430791258,35.55686288835536],[139.51678848112732,35.55713388911267],[139.5169023800548,35.55743016168328],[139.51691415175338,35.55746075407179],[139.5169225937666,35.55747799441701],[139.5167394208886,35.55831981265771],[139.5166558652158,35.55869027099724],[139.5166618195807,35.55876999977204],[139.51675298564547,35.558969069009756],[139.51676790933783,35.55900896555101],[139.51686904979258,35.55919246361968],[139.51674116483247,35.55923373948509]]]]}},{"type":"Feature","properties":{"area_id":"14117111002","city":"横浜市","ward":"青葉区","town":"たちばな台","chome":"2","num_households":1349},"geometry":{"type":"MultiPolygon","coordinates":[[[[139.51278787419193,35.559696617835755],[139.5126960421675,35.55965513907287],[139.51249370330166,35.55961832654763],[139.51241422575703,35.55963346289402],[139.51231473391053,35.559696571136435],[139.51219931928077,35.55969534286458],[139.51216282266645,35.55985086940229],[139.51197212406504,35.55986644384778],[139.51197433308397,35.5597564211416],[139.51181757778556,35.5597322296802],[139.51155136367362,35.559737036003945],[139.5114617444674,35.55967549342931],[139.51139812199492,35.55966958171635],[139.51135630795903,35.55959845093177],[139.51124562734958,35.559566602947655],[139.51105705610664,35.55962686239703],[139.51080720956588,35.559579636756965],[139.51079540291198,35.55946200574886],[139.51064813082488,35.559469315658895],[139.51063819953845,35.559490415409755],[139.510514841721,35.559460925365705],[139.51052855172875,35.559421739901296],[139.51041722343123,35.559363447031664],[139.51033165972248,35.55934370755641],[139.51018189949986,35.559353969347036],[139.51010098145738,35.55941638547206],[139.51002833918537,35.559419463150725],[139.5099107979068,35.55956089561142],[139.5098435123823,35.55962482811304],[139.5097723959252,35.559585974784476],[139.50967368351706,35.55956218512078],[139.50967308878435,35.55942152161631],[139.50963819925602,35.55930048241629],[139.50957660695622,35.559197607743826],[139.5094857427755,35.55912486396772],[139.50967833009082,35.55891307630302],[139.50971152782935,35.558903484264135],[139.51034583848343,35.55891566968237],[139.51036112810849,35.55846890339217],[139.51040253828518,35.55831367206776],[139.51043696201967,35.558240037221815],[139.5105397631407,35.55812553487593],[139.5107781321538,35.557913236929416],[139.51038826775564,35.557502865130736],[139.50983181717598,35.55694419282336],[139.50934720192305,35.55662049104117],[139.5093213132931,35.55658612672316],[139.50914593695464,35.55649525721503],[139.5084315940651,35.556125087186054],[139.50808172168456,35.55594975437548],[139.50837111718332,35.55556666996394],[139.5083926742128,35.55553729530325],[139.50881844706635,35.55495699372647],[139.50905339428144,35.55462692298622],[139.50928586814916,35.554300367212996],[139.50971017331545,35.55375342237822],[139.50989717430963,35.55355633757456],[139.51002692042982,35.553437191837894],[139.5101384324446,35.55336781650517],[139.51034002922555,35.553263936528715],[139.51055738668535,35.55318942860824],[139.51072071539895,35.553156708084366],[139.5109439087781,35.55313587462657],[139.51148464318396,35.553130411120875],[139.51231018095777,35.55311103789834],[139.5124870265264,35.55310785570497],[139.51312575095073,35.55310057401365],[139.51394538754852,35.55309120820247],[139.51397728106278,35.55350461309039],[139.51399379395932,35.55350765102907],[139.51399289063835,35.55351789394078],[139.5139939838359,35.5544588297136],[139.51398527755194,35.55449686799213],[139.51376393039877,35.55528453528218],[139.5136667625159,35.555630345001795],[139.51354097119687,35.55607586111228],[139.51338635186548,35.5566235466166],[139.51323895378636,35.55717001876551],[139.51308919160192,35.557725357840724],[139.51295449621213,35.558224754840964],[139.5128598557774,35.558604865312546],[139.5128622631782,35.558638567132725],[139.51277948810238,35.55959579091736],[139.51278787419193,35.559696617835755]]]]}},{"type":"Feature","properties":{"area_id":"14117113001","city":"横浜市","ward":"青葉区","town":"鴨志田町","chome":"","num_households":2037},"geometry":{"type":"MultiPolygon","coordinates":[[[[139.50477244981252,35.566652173251136],[139.50431344642794,35.5669250399863],[139.50423255295303,35.56692586953114],[139.50383647677225,35.56668575244875],[139.50365850947657,35.56655004564257],[139.50355338543633,35.566169583307534],[139.50347705501306,35.566050814949776],[139.50337431395909,35.56596746569326],[139.50331382778785,35.566031308122],[139.50319804295663,35.56618062785363],[139.50307608253593,35.56621775001093],[139.5030058593839,35.566218010000775],[139.5021166751598,35.56571534351294],[139.50207257993756,35.56568613478862],[139.50190412383165,35.56547636819282],[139.5018157602722,35.565412986411836],[139.501614073167,35.5653875939992],[139.50143502092564,35.56537578602262],[139.50105424728577,35.56511682798252],[139.50100049628236,35.565093789631334],[139.5007982617859,35.56505522423277],[139.500485285941,35.56490413000801],[139.50039807837646,35.564764835297105],[139.50032398029626,35.564576354118856],[139.50028952087501,35.564541009959534],[139.49933873628808,35.564440953466686],[139.49934173215408,35.56441994113267],[139.49931341307402,35.564411022720975],[139.49930520843947,35.56450888543702],[139.49919264671004,35.56460222617975],[139.4990475508532,35.56464332709543],[139.49891076900724,35.56464878349507],[139.4988194289175,35.56459704474703],[139.49870508749788,35.56447010129174],[139.4985751422385,35.564344133777404],[139.4984387640713,35.564272867883666],[139.49829353843234,35.56427245386474],[139.49818210980078,35.564336957944086],[139.49810558663177,35.56443761885886],[139.4979978562617,35.56454023211908],[139.49789830970713,35.564565687204954],[139.497622050796,35.564468103844064],[139.49742898368567,35.56429822330766],[139.49717117187265,35.564148366818095],[139.4969423251156,35.564054191511325],[139.4967618300344,35.56409430681175],[139.496660144873,35.56421890608315],[139.49661194247557,35.5643688697196],[139.4965133348206,35.56452523699718],[139.49640735231753,35.56460538591993],[139.4962917083065,35.56466695075328],[139.4961643272779,35.56460791895287],[139.4959166209485,35.564642691131255],[139.49560497862674,35.56478688893639],[139.4951380763534,35.56498880123269],[139.49497367262327,35.56499275772276],[139.4947466595089,35.56491762398611],[139.4945982448763,35.564843916581765],[139.49448835180576,35.564802928004084],[139.49446860486583,35.56459973711956],[139.49450091116444,35.56432620758699],[139.49450591588592,35.56417576516667],[139.49438007889532,35.56401117351017],[139.49420447943888,35.5638593592184],[139.49392222082633,35.563538536299795],[139.49370628968347,35.56333491246197],[139.49356118311368,35.563228680200766],[139.4937024863207,35.56325011384801],[139.49389530855038,35.56321018617301],[139.4939984400469,35.56310615723903],[139.4940762276504,35.562951808024295],[139.4941676006861,35.56282049234604],[139.49428744429227,35.56275950572064],[139.49443865089552,35.562803150914846],[139.49462610433534,35.5628716198812],[139.49484607539716,35.562877791248106],[139.49511735776275,35.56284618907065],[139.49541224061505,35.56266370389309],[139.4955670087894,35.56260324026279],[139.49573600467366,35.56242743088186],[139.4959037543682,35.56232295399449],[139.4960634760614,35.562278278648606],[139.4962802966078,35.562264402064415],[139.49651484471568,35.56223652794124],[139.496796486444,35.562112345418825],[139.4968751020695,35.5620108116653],[139.49695785804678,35.561872211492926],[139.49726098813036,35.56161565292786],[139.49738123453042,35.56143054513521],[139.49744727717965,35.56124890833536],[139.49738191410492,35.56107640239705],[139.49730261036416,35.560929983494404],[139.49725709766733,35.56073528090146],[139.49733836137455,35.560381228252744],[139.4974018384026,35.56024662556951],[139.4975700861306,35.56011359068979],[139.49769975397126,35.55998858089657],[139.4976727833447,35.55983262594834],[139.49738783834133,35.559444568002675],[139.4971663874906,35.559222953365534],[139.4968535086988,35.559019349616435],[139.49669546531152,35.55892709950174],[139.49659687094862,35.55889096868012],[139.4964247405605,35.5587718806483],[139.49633196062416,35.5586953456889],[139.49613046571048,35.55863240320911],[139.49597421703004,35.55847737527847],[139.4959227397603,35.55832395532329],[139.49588898847807,35.558156503918745],[139.49582806903763,35.55794298665456],[139.49574268287375,35.557731969584324],[139.49574434154735,35.55753652230546],[139.49571478444452,35.55742767179695],[139.49566496343226,35.557372845232365],[139.49571456317076,35.557151447812785],[139.49575484641434,35.557040053645984],[139.49585040084168,35.55686533622151],[139.4958572242987,35.556753739564826],[139.49583716120853,35.55661072808827],[139.49579460847147,35.55650810718893],[139.49575473048878,35.55635303077221],[139.49581694108062,35.55621722926448],[139.49591191088467,35.556058531839135],[139.49596740972316,35.55591482362254],[139.49594840821155,35.55580642637024],[139.49590949241602,35.555699732787104],[139.49579525792694,35.55556616363046],[139.4961439836516,35.55535658604249],[139.49649887792742,35.555382193617525],[139.496619812087,35.55541793114113],[139.49674818082454,35.55548460583331],[139.4968424835822,35.55556705864183],[139.4970625914672,35.55586053572744],[139.49730995845485,35.555760475374285],[139.49732604939922,35.55572510178974],[139.4973811078958,35.55544375208285],[139.49740917001827,35.55516729162328],[139.49740656198796,35.554857610709654],[139.49737527188364,35.55476129116809],[139.497827431261,35.554689878840044],[139.49879958797982,35.554536330807615],[139.49913892727207,35.55448273213915],[139.49984055492766,35.5543738278074],[139.50055733612945,35.55426253004571],[139.5009827328525,35.554435673989936],[139.50111459599106,35.554475060857946],[139.50147299215166,35.55447562289424],[139.50162468515808,35.554460913118284],[139.50190374196367,35.55450571753377],[139.5021795414993,35.55445773490171],[139.50228893311126,35.554465932169634],[139.50239855615345,35.55450198105261],[139.50273967684203,35.55475300889919],[139.5028656172413,35.55487110735213],[139.50293271236905,35.555026959107],[139.5030358145756,35.555276397651745],[139.50319382516432,35.555732601166234],[139.50322684753024,35.55583902667477],[139.50360052593402,35.55629583833217],[139.5038577832615,35.55619424469396],[139.5042531782773,35.556058146263986],[139.50454341366418,35.55611086209707],[139.50473848471614,35.55612626997577],[139.50496554781137,35.55608979671684],[139.50510634297837,35.556064243311745],[139.5052151306416,35.556094230185494],[139.50529194976667,35.55617602802422],[139.50535968349416,35.55626149676243],[139.50540982003537,35.5563460336117],[139.50500507201875,35.5566302023307],[139.5047434213644,35.556805057617034],[139.50473012598857,35.55710550110849],[139.50471119288935,35.55719914168013],[139.5044890873972,35.557218446452595],[139.50425832976876,35.5573832464322],[139.50404732009756,35.55754961792468],[139.50388027476734,35.557697592091884],[139.50380108395964,35.55780497024851],[139.50375715885687,35.558018922301194],[139.50372951232106,35.558214082961435],[139.50372120715878,35.558379335093576],[139.50368209280563,35.5584653492647],[139.50368418541842,35.55856971602326],[139.50372431696,35.55880819856102],[139.50374154048492,35.559089574186416],[139.50380558628726,35.55954917288687],[139.5051514405054,35.559620979599366],[139.50636419903043,35.559685670951616],[139.50614463727052,35.5601311996241],[139.50568565120935,35.5610999083826],[139.50563879293574,35.56119878704464],[139.50594263423105,35.561295266429774],[139.50738735496216,35.56175910008497],[139.50746201216782,35.561748990537204],[139.50768977345558,35.56181983224525],[139.50804994351267,35.5619318853861],[139.50863854499937,35.562130976557945],[139.50862614026744,35.56219879162033],[139.50819102747369,35.56279566694331],[139.50832665571423,35.56297878257539],[139.50846852254384,35.56317033210503],[139.50731224586258,35.56375140331406],[139.5070316075739,35.5638920630848],[139.50711708084992,35.56403106370738],[139.50715051871506,35.56415400518323],[139.5073042509901,35.56416080523773],[139.50735733822236,35.56416197374136],[139.50738576414105,35.564091561773004],[139.50757774620712,35.56397526767092],[139.50767589627014,35.56392656259052],[139.5077838775117,35.563913657736585],[139.50801824890624,35.563843147725756],[139.50814407864394,35.56378039976671],[139.50815531617835,35.563798846377196],[139.50822080992964,35.56382772410892],[139.50836410888925,35.564075507582515],[139.50844939971236,35.56414274859389],[139.50870986891763,35.56447138117129],[139.50908525604208,35.56443594016313],[139.5093559209691,35.56449671866283],[139.50928110469405,35.56459985570616],[139.50908298996842,35.56484243518265],[139.50897290918542,35.56486846784159],[139.50884463774108,35.564937689843575],[139.5087571670276,35.56504712717876],[139.50856208866963,35.56536421816815],[139.50840858684077,35.565635651379516],[139.5082209683235,35.56581804987088],[139.5080676758546,35.565936318723764],[139.50794547896064,35.566011119625614],[139.50787304346494,35.56607320538573],[139.5077170635662,35.56608305540852],[139.50725059198598,35.56620830758463],[139.5071089525601,35.56620449930944],[139.50688627558242,35.56617381229633],[139.50686638501017,35.56625396549157],[139.50687580247518,35.56632814499003],[139.5063185197257,35.56631705463913],[139.50634137370176,35.56648348628186],[139.50599595757083,35.56654354493659],[139.5058208942386,35.56654066331177],[139.50550844248508,35.56666507189447],[139.50511975373536,35.56672092326721],[139.50477244981252,35.566652173251136]],[[139.50270196720143,35.55852032596659],[139.50268342873528,35.558899448967836],[139.50278648106757,35.55891026889303],[139.50304380983667,35.55895595777951],[139.50337649895533,35.55901376167089],[139.50339122421224,35.559016547897855],[139.50339609120047,35.559001386170216],[139.50341621895302,35.55893746605299],[139.50341098462886,35.558868932924646],[139.50340262834615,35.558752646430705],[139.50338476468153,35.558538062415565],[139.50337960807366,35.55845061464792],[139.50270576000176,35.558438473121875],[139.50270196720143,35.55852032596659]]]]}},{"type":"Feature","properties":{"area_id":"14117113002","city":"横浜市","ward":"青葉区","town":"鴨志田町","chome":"","num_households":1426},"geometry":{"type":"MultiPolygon","coordinates":[[[[139.50270196720143,35.55852032596659],[139.50270576000176,35.558438473121875],[139.50337960807366,35.55845061464792],[139.50338476468153,35.558538062415565],[139.50340262834615,35.558752646430705],[139.50341098462886,35.558868932924646],[139.50341621895302,35.55893746605299],[139.50339609120047,35.559001386170216],[139.50339122421224,35.559016547897855],[139.50337649895533,35.55901376167089],[139.50304380983667,35.55895595777951],[139.50278648106757,35.55891026889303],[139.50268342873528,35.558899448967836],[139.50270196720143,35.55852032596659]]],[[[139.51312185061747,35.5642638487659],[139.5131041890092,35.5648128282825],[139.51294284113064,35.56486284954958],[139.5126741951213,35.56490085705816],[139.51259803639775,35.56494153285963],[139.51202491260347,35.56583509206772],[139.51131943241597,35.56552623078477],[139.51109102380244,35.56589943531435],[139.51078385673384,35.5664395707671],[139.5086223758148,35.56561008168542],[139.50883248882394,35.565160852169456],[139.50908298996842,35.56484243518265],[139.50928110469405,35.56459985570616],[139.5096006530122,35.56468276505266],[139.50971203327688,35.564734755473204],[139.51003863641242,35.56491190358259],[139.51021231140845,35.56500092839533],[139.51045325444744,35.565160131510666],[139.5105757797722,35.5652219400066],[139.51081707805986,35.56528730908486],[139.51088482767497,35.56518397511063],[139.51060030382052,35.565027858581736],[139.51066376322342,35.5650053904099],[139.5103632870176,35.56487838378876],[139.5105681631661,35.564575992768994],[139.51069544620347,35.56437574579851],[139.51079669197892,35.56417240078211],[139.5107708865852,35.564111558471524],[139.51045012574073,35.563966117395225],[139.5104980862446,35.56385945498706],[139.51016715191258,35.5637530331821],[139.5097109259992,35.5640843874284],[139.50942325851383,35.564399650982295],[139.5093559209691,35.56449671866283],[139.50908525604208,35.56443594016313],[139.50870986891763,35.56447138117129],[139.50844939971236,35.56414274859389],[139.50836410888925,35.564075507582515],[139.50822080992964,35.56382772410892],[139.50815531617835,35.563798846377196],[139.50814407864394,35.56378039976671],[139.50801824890624,35.563843147725756],[139.5077838775117,35.563913657736585],[139.50767589627014,35.56392656259052],[139.50757774620712,35.56397526767092],[139.50738576414105,35.564091561773004],[139.50735733822236,35.56416197374136],[139.5073042509901,35.56416080523773],[139.50715051871506,35.56415400518323],[139.50711708084992,35.56403106370738],[139.5070316075739,35.5638920630848],[139.50731224586258,35.56375140331406],[139.50846852254384,35.56317033210503],[139.50832665571423,35.56297878257539],[139.50819102747369,35.56279566694331],[139.50862614026744,35.56219879162033],[139.50863854499937,35.562130976557945],[139.50804994351267,35.5619318853861],[139.50768977345558,35.56181983224525],[139.50746201216782,35.561748990537204],[139.50738735496216,35.56175910008497],[139.50594263423105,35.561295266429774],[139.50563879293574,35.56119878704464],[139.50568565120935,35.5610999083826],[139.50614463727052,35.5601311996241],[139.50636419903043,35.559685670951616],[139.50515144050533,35.559620979599366],[139.50380558628726,35.55954917288687],[139.50374154048492,35.559089574186416],[139.50372431696,35.558808198561046],[139.50368418541842,35.55856971602326],[139.50368209280563,35.5584653492647],[139.50372120715883,35.55837933509359],[139.503729512321,35.558214082961435],[139.50375715885687,35.558018922301194],[139.50380108395964,35.55780497024851],[139.50388027476734,35.557697592091884],[139.50404732009756,35.55754961792468],[139.50425832976876,35.5573832464322],[139.5044890873972,35.5572184464526],[139.50471119288935,35.55719914168013],[139.50473012598857,35.55710550110849],[139.5047434213644,35.556805057617034],[139.50500507201875,35.5566302023307],[139.50540982003537,35.5563460336117],[139.50543631181986,35.55638480402291],[139.50545735510912,35.5564180323062],[139.5054930094155,35.55644517343193],[139.50549778714628,35.5567210177676],[139.50553451883928,35.55680076578422],[139.50570261993613,35.55690563344756],[139.50654649911735,35.55711428954698],[139.50697484307847,35.55721491897211],[139.5071368142731,35.557264453346484],[139.50736455316903,35.55691894224769],[139.5077354062128,35.55638486044794],[139.50808172168456,35.55594975437548],[139.5084315940651,35.556125087186054],[139.50914593695464,35.55649525721503],[139.5093213132931,35.55658612672316],[139.50934720192305,35.55662049104117],[139.50983181717598,35.55694419282336],[139.51038826775564,35.557502865130736],[139.5107781321538,35.557913236929416],[139.5105397631407,35.55812553487593],[139.51043696201967,35.558240037221815],[139.51040253828518,35.55831367206776],[139.51036112810849,35.55846890339217],[139.51034583848343,35.55891566968237],[139.50971152782935,35.558903484264135],[139.50967833009082,35.55891307630302],[139.5094857427755,35.55912486396772],[139.50957660695622,35.559197607743826],[139.50963819925602,35.55930048241629],[139.50967308878435,35.55942152161631],[139.50967368351706,35.55956218512078],[139.5097723959252,35.559585974784476],[139.5098435123823,35.55962482811304],[139.5099107979068,35.55956089561142],[139.51002833918537,35.559419463150725],[139.51010098145738,35.55941638547206],[139.51018189949986,35.559353969347036],[139.51033165972248,35.55934370755641],[139.51041722343123,35.559363447031664],[139.51052855172875,35.559421739901296],[139.510514841721,35.559460925365705],[139.51063819953845,35.559490415409755],[139.51064813082488,35.559469315658895],[139.51079540291198,35.55946200574886],[139.51080720956588,35.559579636756965],[139.51105705610664,35.55962686239703],[139.51124562734958,35.559566602947655],[139.51135630795903,35.55959845093177],[139.51139812199492,35.55966958171635],[139.5114617444674,35.55967549342931],[139.51155136367362,35.559737036003945],[139.51181757778556,35.5597322296802],[139.51197433308397,35.5597564211416],[139.51197212406504,35.55986644384778],[139.51216282266645,35.55985086940229],[139.51219931928077,35.55969534286458],[139.51231473391053,35.559696571136435],[139.51241422575703,35.55963346289402],[139.51249370330166,35.55961832654763],[139.5126960421675,35.55965513907287],[139.51278787419193,35.559696617835755],[139.51289199230902,35.55975886742604],[139.5128911289428,35.55979153933131],[139.51398776871648,35.560090394107554],[139.51407726424995,35.55991353185022],[139.51420921135806,35.56001585269462],[139.5146165333622,35.56007486645749],[139.51478563798278,35.56008190459892],[139.51488563700894,35.560064251487276],[139.51504693420708,35.55995437380536],[139.51522490658866,35.55992048686607],[139.51512055992416,35.5598558447034],[139.51512603052757,35.559802376620965],[139.5154174745334,35.559857168712874],[139.51589865961313,35.559459678189256],[139.51594182446502,35.55944074553788],[139.51598582021646,35.55946825595366],[139.51612922212928,35.559431176968026],[139.51674116483247,35.55923373948509],[139.5167902438184,35.55932657658451],[139.51677290020885,35.55939170179142],[139.5168096413432,35.55946630283616],[139.51678594258755,35.55969435933937],[139.51699882341634,35.55989280220081],[139.51700965739957,35.56005690486008],[139.5166752570369,35.56010358047166],[139.51640775581401,35.560187896378686],[139.51610798080983,35.560385991825804],[139.51583917807434,35.560672861376304],[139.51530407399488,35.56112619069396],[139.51491678338127,35.56140816482482],[139.51466348136947,35.56161021982745],[139.5145040903929,35.561722392611706],[139.51411294200472,35.56216678005479],[139.5138075010255,35.56256210380702],[139.5133477537232,35.56324647169679],[139.51334352707886,35.563252762874335],[139.5131967298971,35.5635392928759],[139.5131356076957,35.56371630344075],[139.51313779088542,35.5638763025063],[139.51312185061747,35.5642638487659]],[[139.5130341324845,35.561604288884624],[139.51276564165155,35.56157349504654],[139.51268935501432,35.56159293609312],[139.51247779622452,35.561662643697815],[139.5123547575399,35.56171385854812],[139.512395876337,35.562126734636486],[139.51242139515182,35.56224303122742],[139.51250228085988,35.56235042886273],[139.5125600420785,35.56230833294961],[139.5127612827628,35.56226514470693],[139.51284870775436,35.56225668418889],[139.5129222816199,35.56190221369816],[139.5130341324845,35.561604288884624]]]]}},{"type":"Feature","properties":{"area_id":"141171140","city":"横浜市","ward":"青葉区","town":"寺家町","chome":"","num_households":111},"geometry":{"type":"MultiPolygon","coordinates":[[[[139.5094730781951,35.57385507082863],[139.5094199636186,35.57389189864316],[139.5093569259464,35.57393137685947],[139.509282840508,35.573974450410425],[139.50920652277418,35.57402022674527],[139.509130208641,35.57406508758015],[139.50905721300282,35.57410995747527],[139.50902869051745,35.57407019732026],[139.50900456762017,35.57402956838547],[139.50898490197565,35.57398444466982],[139.50897513083214,35.57394385504326],[139.50897194626833,35.57391050112932],[139.5089753698209,35.57388438409007],[139.50898099505815,35.5738573576037],[139.5089965689934,35.57382673221842],[139.50902208068302,35.57378986544244],[139.50905201702687,35.573756603392624],[139.50907749260313,35.57372871527043],[139.5091306194607,35.573689214020504],[139.50928993863278,35.57358056684889],[139.50930190399106,35.57362207811987],[139.50933563204708,35.57361561919569],[139.5093790359071,35.57367883376783],[139.50944800481494,35.57364335203388],[139.5094730518079,35.57367908685015],[139.50940752814932,35.57368852301299],[139.5094306130128,35.57379418277977],[139.5095381584532,35.57377390855733],[139.50954396386112,35.5737876569186],[139.5094730781951,35.57385507082863]]],[[[139.51087034909483,35.57114866377525],[139.51072943659057,35.571237086418655],[139.51054696053595,35.57130856535098],[139.5103744346085,35.571418768501935],[139.51003145417806,35.571724740952845],[139.50979062613692,35.57187092004568],[139.50968347841078,35.5719162642819],[139.5095155262744,35.57198735956784],[139.5093708728118,35.57203402683339],[139.5093667455715,35.57203488001045],[139.5092872342811,35.57205359420892],[139.50921541895536,35.57207863674208],[139.5091513050536,35.57210910798395],[139.50909819868968,35.57214591984754],[139.50905940599554,35.57218998149672],[139.50904719331274,35.57220887764211],[139.5090382838044,35.57222958520666],[139.5090315810151,35.57225029882785],[139.50902707702946,35.572272821387784],[139.50902477252214,35.572297152888105],[139.50902467111774,35.57232239161149],[139.50902677281584,35.5723485381077],[139.50902997030022,35.57237648996403],[139.50903104140517,35.57238460569477],[139.5090332148658,35.572392723900236],[139.50903428235065,35.57240174079764],[139.50903645286257,35.572410760721716],[139.5090386227014,35.57241978064371],[139.50904079321415,35.57242880056745],[139.5090429637273,35.57243782049101],[139.5090462372682,35.572446843440964],[139.50907457575514,35.5725334556067],[139.50911393212758,35.57262370322744],[139.5091588123179,35.57271216305852],[139.5092103417627,35.57279343001801],[139.50926302138214,35.57286298204342],[139.50930804327595,35.57291628685751],[139.5093141516452,35.572923826327575],[139.50932780796632,35.57293977676168],[139.50936184995646,35.57297952960393],[139.50939914082335,35.573034615567884],[139.5094242880699,35.57309147113957],[139.50943183747498,35.573134758356375],[139.50934666992535,35.573119536804974],[139.50932659910308,35.573210705043756],[139.5094377599899,35.57322048886368],[139.5094593723274,35.5732223912388],[139.5094503761242,35.57331828167351],[139.50934958294562,35.57331145823429],[139.50917888093042,35.57348755483427],[139.50898816909444,35.57374554828347],[139.50895494725097,35.57388820241166],[139.50896407241922,35.574143152586416],[139.5089895519512,35.5742270961848],[139.5090506762367,35.57442838769958],[139.50916549955417,35.57472137302645],[139.50912281666427,35.57499864626958],[139.50907204463732,35.57525639229296],[139.50891185199,35.575436796642414],[139.5088454382757,35.575495310201475],[139.50874243101904,35.575596858477624],[139.50857798230305,35.57564052680619],[139.50851725125685,35.57565219130361],[139.508471014347,35.575649987198496],[139.5084866894875,35.57563165062989],[139.50835583995718,35.57559939049361],[139.50830306152315,35.5755894577576],[139.50787916571883,35.57550164041583],[139.50754954711616,35.575516192762706],[139.50743396935826,35.57552316380118],[139.50740015458587,35.57476578878962],[139.50741252657082,35.57424755435566],[139.50740397074753,35.57375616015702],[139.50726933690413,35.573461214271745],[139.50689901403499,35.573002274443674],[139.5067833541431,35.57261987969879],[139.50669933424334,35.57240158561351],[139.5066300742634,35.572092910738355],[139.50662727589204,35.571942973793284],[139.50659807719674,35.57180426767125],[139.5065432563021,35.57172467987211],[139.50641874114024,35.57161433537396],[139.5060710049323,35.5715085488745],[139.50583162047886,35.57130644292049],[139.5055603856046,35.57130121847035],[139.50535647351794,35.571342834686284],[139.505121818378,35.57155250030482],[139.50494798634477,35.571620959581004],[139.5048033913063,35.571626896067535],[139.50466832867286,35.5716098654153],[139.50456906349052,35.57151712495761],[139.50450335961108,35.57140627359515],[139.5043473496883,35.5714161196838],[139.50426774899663,35.57148501711717],[139.50417240871153,35.57151341343738],[139.50393214183333,35.57142316599878],[139.5036955552322,35.57137099389508],[139.5035203919895,35.571385256750055],[139.50335473852002,35.57137655400665],[139.5031274847253,35.57121838357552],[139.50280438208713,35.57112378309495],[139.50258909688193,35.57116934080763],[139.50222711362048,35.57111871335516],[139.50207768733497,35.571115337581126],[139.50189150938024,35.571056820654114],[139.50170808300692,35.57090549623583],[139.50159607851683,35.5707624333712],[139.50153498955683,35.57057782297226],[139.50121581126726,35.57060435448554],[139.50075071040024,35.57058258793588],[139.50054174765813,35.57053189162596],[139.50038840230826,35.570407409501556],[139.5003349897455,35.57018077726743],[139.50046348411968,35.5697669854152],[139.50095365072033,35.568391311881456],[139.50067400296135,35.5683802059146],[139.5004212241841,35.56832266186949],[139.50013890097702,35.56820313323024],[139.4995224785144,35.567916216246594],[139.49922566295652,35.567768827412756],[139.498990243082,35.567687844065155],[139.49867406693159,35.567704586714875],[139.49830451347157,35.56773747881762],[139.49808243359138,35.56771315001216],[139.49792005732124,35.56757645681742],[139.49772330688958,35.567368468914836],[139.49759818949153,35.56725177597272],[139.49742341741214,35.56718934151561],[139.49734098914024,35.56710829670183],[139.4974054160441,35.56696369321139],[139.4974735400034,35.56685716382553],[139.49733249776997,35.56661690391835],[139.49719958020793,35.56650071561132],[139.49708523869376,35.56637377095888],[139.49698598980373,35.566281023358414],[139.49679253658576,35.5661877943219],[139.4966712240492,35.56615071764147],[139.4965953800446,35.5660564835464],[139.4966844974097,35.565721851298726],[139.4966701958545,35.56553431132452],[139.49655380134215,35.565305278015636],[139.49643144413204,35.56509576936196],[139.49630094190712,35.5647621880806],[139.4962917083065,35.56466695075328],[139.49640735231753,35.56460538591993],[139.4965133348206,35.56452523699718],[139.49661194247557,35.5643688697196],[139.496660144873,35.56421890608315],[139.4967618300344,35.56409430681175],[139.4969423251156,35.564054191511325],[139.49717117187265,35.564148366818095],[139.49742898368567,35.56429822330766],[139.497622050796,35.564468103844064],[139.49789830970713,35.564565687204954],[139.4979978562617,35.56454023211908],[139.49810558663177,35.56443761885886],[139.49818210980078,35.564336957944086],[139.49829353843234,35.56427245386474],[139.4984387640713,35.564272867883666],[139.4985751422385,35.564344133777404],[139.49870508749788,35.56447010129174],[139.4988194289175,35.56459704474703],[139.49891076900724,35.56464878349507],[139.4990475508532,35.56464332709543],[139.49919264671004,35.56460222617975],[139.49930520843947,35.56450888543702],[139.49931341307402,35.564411022720975],[139.49934173215408,35.56441994113267],[139.49933873628808,35.564440953466686],[139.50028952087501,35.564541009959534],[139.50032398029626,35.564576354118856],[139.50039807837646,35.564764835297126],[139.500485285941,35.564904130008046],[139.5007982617859,35.56505522423277],[139.50100049628236,35.565093789631334],[139.50105424728577,35.56511682798252],[139.50143502092564,35.56537578602262],[139.501614073167,35.5653875939992],[139.5018157602722,35.565412986411836],[139.50190412383165,35.56547636819282],[139.50207257993756,35.56568613478862],[139.5021166751598,35.56571534351294],[139.5030058593839,35.566218010000775],[139.50307608253593,35.56621775001093],[139.50319804295663,35.56618062785363],[139.50331382778785,35.566031308122],[139.50337431395903,35.56596746569329],[139.50347705501306,35.566050814949776],[139.50355338543633,35.566169583307534],[139.5036585094765,35.56655004564258],[139.50383647677225,35.56668575244872],[139.50423255295303,35.56692586953114],[139.50431344642794,35.5669250399863],[139.50477244981252,35.566652173251136],[139.50511975373533,35.56672092326721],[139.50550844248508,35.566665071894484],[139.5058208942386,35.56654066331177],[139.50599595757083,35.56654354493659],[139.50634137370176,35.56648348628186],[139.5063185197257,35.56631705463913],[139.50687580247518,35.56632814499003],[139.50686638501017,35.56625396549157],[139.50688627558242,35.56617381229633],[139.50710895256017,35.56620449930951],[139.50725059198598,35.56620830758463],[139.5077170635662,35.56608305540852],[139.50787304346494,35.56607320538573],[139.50794547896055,35.566011119625614],[139.50806767585456,35.5659363187238],[139.5082209683235,35.56581804987085],[139.50840858684077,35.565635651379516],[139.50856208866963,35.56536421816815],[139.5087571670276,35.56504712717876],[139.50884463774108,35.564937689843575],[139.50897290918542,35.5648684678416],[139.50908298996842,35.56484243518265],[139.50883248882394,35.565160852169456],[139.5086223758148,35.56561008168542],[139.51078385673384,35.5664395707671],[139.51109102380244,35.56589943531435],[139.51131943241597,35.56552623078477],[139.51202491260347,35.56583509206772],[139.51259803639775,35.56494153285963],[139.5126741951213,35.56490085705816],[139.51294284113064,35.56486284954958],[139.5131041890092,35.5648128282825],[139.51312185061747,35.5642638487659],[139.51334248558305,35.56426444187601],[139.51352179642987,35.5642536564862],[139.5136369935522,35.56479186475462],[139.51366222940044,35.564844923099415],[139.51372330640314,35.56523074113888],[139.51373388800295,35.56558142080338],[139.51368557345685,35.56589110151769],[139.5137011034566,35.56629260642926],[139.5137787684973,35.56673881409318],[139.51383184565205,35.56691039384147],[139.51375106098345,35.56712749017878],[139.51320961653764,35.56712860933964],[139.51297688307065,35.567156083011035],[139.51283797996234,35.56726070522069],[139.51279933369565,35.56738770933138],[139.5127425709061,35.56769155766275],[139.51276914664038,35.567964575182],[139.51290197590956,35.56868444300063],[139.51293619120037,35.56911670090476],[139.51289293938083,35.56931745560915],[139.51281962887288,35.569491406157155],[139.51257484509262,35.569717677782975],[139.51227164809254,35.56986780919186],[139.51171600717166,35.57008500941005],[139.5115087436313,35.570213112193606],[139.51136577061484,35.57037546925553],[139.51127953564102,35.57063966908749],[139.51120432805297,35.57079707041285],[139.51108376796293,35.57096378409022],[139.5109996449047,35.57104996410071],[139.51087034909483,35.57114866377525]]]]}},{"type":"Feature","properties":{"area_id":"141171150","city":"横浜市","ward":"青葉区","town":"鉄町","chome":"","num_households":1037},"geometry":{"type":"MultiPolygon","coordinates":[[[[139.5302672577496,35.57034674259561],[139.52992261341134,35.57032520405224],[139.52988218015224,35.57056114418131],[139.52958947676933,35.57051378730238],[139.52942470471473,35.57050643424944],[139.5291241968047,35.57050591989776],[139.52900957241505,35.57050288373323],[139.5281414870865,35.57054775501666],[139.5281084555991,35.57056992381657],[139.52760381539233,35.57061670130547],[139.52749009817347,35.570657887614296],[139.5274060596427,35.570720169288684],[139.5272825095212,35.57088192228188],[139.5266571531283,35.57063590505955],[139.52650588417086,35.57054615840043],[139.52645038785823,35.57060481535831],[139.52619480357296,35.57087502663277],[139.52597157344758,35.571153312076234],[139.52591659511316,35.57126221356832],[139.52591313141568,35.5714459970422],[139.52534212825526,35.57125919309681],[139.52525398356897,35.571245692621424],[139.52506370721,35.57126351368938],[139.52466475283265,35.57150043190758],[139.5243447533095,35.571418205503264],[139.52419487812668,35.57139750414241],[139.52404264844273,35.5714117592179],[139.52386440276823,35.57146143788994],[139.5237219783922,35.571508849632814],[139.5235170552403,35.571608280506155],[139.52333303983875,35.57172293903561],[139.52316594606214,35.57187478717822],[139.52293130867307,35.57210687821558],[139.52287952101713,35.57224177141805],[139.5227957377131,35.572236802129616],[139.522455286983,35.57201628674398],[139.52213450708942,35.57185226107551],[139.5219998067462,35.57174156652892],[139.5219527366537,35.57165514689723],[139.52187470404036,35.57149618654178],[139.52183555542524,35.571329018179114],[139.52172428210116,35.57117387939477],[139.52153430105164,35.57106648983446],[139.5213436292862,35.57098159725413],[139.5212319600646,35.57083990629319],[139.5210707722723,35.570692699588996],[139.52085130853976,35.57064765806874],[139.52030912481845,35.570513115541175],[139.52021565092144,35.57049051382919],[139.51999979840934,35.57050850468794],[139.5197577277168,35.57048097174733],[139.51961011863074,35.57043291052414],[139.51950812213335,35.570336380662],[139.51928141815475,35.570165302562934],[139.5190385185054,35.57004738224204],[139.51874817123922,35.56990690809477],[139.51857004498535,35.56977282002599],[139.51837520332737,35.569642878579614],[139.518156958458,35.56955741370737],[139.51792001014607,35.5695434449332],[139.51757955671326,35.569482409868094],[139.51731152401138,35.569400367930434],[139.51697151414615,35.56932581114623],[139.51652221555705,35.569213043283376],[139.51628809622204,35.56910475237751],[139.51599089334366,35.56889172130598],[139.51568332841273,35.56865602248012],[139.5155594780019,35.56854059282073],[139.51529804330477,35.56839342578282],[139.5149952386039,35.56824614779118],[139.514816412819,35.56813300058219],[139.5145549356353,35.56799709836062],[139.51416934724153,35.56786086388173],[139.51374921757375,35.56776868900744],[139.5138799891161,35.567130194284],[139.51375106098345,35.56712749017878],[139.51383184565205,35.56691039384147],[139.5137787684973,35.56673881409318],[139.5137011034566,35.56629260642926],[139.51368557345685,35.56589110151769],[139.51373388800295,35.56558142080338],[139.51372330640314,35.56523074113888],[139.51366222940044,35.564844923099415],[139.5136369935522,35.56479186475462],[139.51352179642987,35.5642536564862],[139.51334248558305,35.56426444187601],[139.51312185061747,35.5642638487659],[139.51313779088542,35.5638763025063],[139.5131356076957,35.56371630344075],[139.5131967298971,35.5635392928759],[139.51334352707886,35.563252762874335],[139.5133477537232,35.56324647169679],[139.5138075010255,35.56256210380702],[139.51411294200472,35.56216678005479],[139.5145040903929,35.561722392611706],[139.51466348136947,35.56161021982745],[139.51491678338127,35.56140816482482],[139.51530407399488,35.56112619069396],[139.51583917807434,35.560672861376304],[139.51610798080983,35.560385991825804],[139.51640775581401,35.560187896378686],[139.5166752570369,35.56010358047166],[139.51700965739957,35.56005690486008],[139.51711005099628,35.560042878104646],[139.51802003154862,35.559988225300835],[139.51908709480313,35.55992415974287],[139.51971365984627,35.560100489222386],[139.52013261906419,35.56022535467303],[139.52071736713472,35.560308264999236],[139.52119325933057,35.56038236440075],[139.5216686199287,35.56036083599207],[139.52181243825527,35.56034438180115],[139.52213388535768,35.56030761141968],[139.52251830405822,35.56018974190645],[139.52281554473643,35.560034078204794],[139.52309512857863,35.55979816347225],[139.52313269805452,35.55976646582276],[139.52332755342576,35.55952775945384],[139.52341961389138,35.55938962679182],[139.52371258863081,35.55903892755237],[139.5239229013629,35.558857861795445],[139.52405322180948,35.558792392400896],[139.52431378501342,35.558737256376986],[139.5248339710229,35.55871852491754],[139.52483178777223,35.558714823478745],[139.52536804293047,35.55868014558927],[139.52577042632439,35.55868853407455],[139.52615253301923,35.55864704933038],[139.52643252212903,35.558570447346035],[139.52741820226814,35.55808612731832],[139.5274154399209,35.55808154294115],[139.52806122456036,35.55776517937014],[139.5287730396266,35.55735827975306],[139.52918608832726,35.55706487427325],[139.5291629293018,35.557307440162006],[139.5291700469047,35.557418683254724],[139.52920479240117,35.55751605354229],[139.52918008456282,35.5579726152917],[139.5291994897468,35.5580987828673],[139.5297234434325,35.55937502431957],[139.53002082942777,35.56009456641218],[139.53006551867665,35.56017837149574],[139.52997289051544,35.56051367823109],[139.52990761651122,35.56072680963318],[139.53000630353046,35.56097345059922],[139.53000613562216,35.5610855554445],[139.52998454951015,35.56116436893666],[139.5298797829583,35.56154671972361],[139.52988028101473,35.56173896263335],[139.529915504178,35.562194375051426],[139.52992302054074,35.56229153458493],[139.52982605345525,35.562583841646436],[139.52976428326807,35.562691142803274],[139.5296211275821,35.56285129859896],[139.52957257375112,35.56299021611065],[139.52953268031894,35.56342420746957],[139.52949404519438,35.56384429386882],[139.5294424619492,35.564116750810406],[139.529370184177,35.56423325101464],[139.52919491616913,35.564433885756465],[139.52900460088725,35.564698950322416],[139.52889611422088,35.5647780006245],[139.52880562402572,35.56490124964795],[139.52877423986567,35.56504587845326],[139.52877224886277,35.565166921912166],[139.52877127621642,35.56517885529277],[139.52874853460742,35.56545870907351],[139.52878205240145,35.566060303863125],[139.52879533036085,35.56640394200984],[139.52881106999996,35.56654844492945],[139.52884054707894,35.566644393183076],[139.528900778018,35.566772671372505],[139.52912231497342,35.56713778710592],[139.52919911928467,35.56731047042213],[139.52950485598038,35.56769505681598],[139.52959604997406,35.567880662740734],[139.52973021016894,35.56800930457887],[139.52992398108907,35.568175205485005],[139.53005597405246,35.56837573763047],[139.53017989990448,35.56884584319422],[139.53021329597667,35.56890321247454],[139.53026161463208,35.56910564511913],[139.53027268386046,35.569283301711394],[139.53029940614593,35.56950983317124],[139.53030791712473,35.56974314920474],[139.53030406667145,35.57012867888686],[139.5302672577496,35.57034674259561]]]]}},{"type":"Feature","properties":{"area_id":"141171170","city":"横浜市","ward":"青葉区","town":"大場町","chome":"","num_households":3416},"geometry":{"type":"MultiPolygon","coordinates":[[[[139.5388395085593,35.56193648911814],[139.5387988225483,35.56200325038648],[139.53878296044775,35.56208637506362],[139.53899567392273,35.561993520464604],[139.53902926746565,35.562009905501014],[139.5396114988097,35.562294367490274],[139.53946109136598,35.56248793101659],[139.5389563286398,35.56313753853139],[139.5391038627269,35.56321697798402],[139.53927709028312,35.563304506364844],[139.5392370491039,35.56335398289686],[139.53895219292076,35.56370600971982],[139.5386701038636,35.564054593311184],[139.53870860558334,35.56406634128732],[139.5392312419136,35.56427848162082],[139.53960835335369,35.56448639316257],[139.53999365153604,35.56472396916238],[139.5396477680686,35.5651305288882],[139.53918504187578,35.56567031632588],[139.53884748745818,35.56607700165745],[139.538756988657,35.56628880821488],[139.53835474418477,35.567339057828754],[139.53810040120166,35.567988780211785],[139.5379183793326,35.5684712954667],[139.5379009888924,35.56873450913787],[139.5378906883441,35.568974116080035],[139.5378769080598,35.5695084468403],[139.5378761771108,35.56953699999482],[139.5378483288879,35.57024125165583],[139.5378623012423,35.5704147610092],[139.53793075081654,35.570621922506874],[139.5379960969325,35.57073566664807],[139.53809896189685,35.570901189832675],[139.53829696353108,35.57120597963403],[139.5387188676774,35.57185542378768],[139.5387300448911,35.571874781335666],[139.53839385584493,35.57199663160294],[139.53811497482937,35.57209770501302],[139.53724002325657,35.57241792902266],[139.53723617370986,35.57241933841779],[139.53609362235284,35.572837426555864],[139.53440839459412,35.57345411800781],[139.53384384150075,35.573660694227726],[139.53360092450228,35.57372814724929],[139.53332416667627,35.57382125413936],[139.5329160571308,35.57391695273404],[139.53288093519666,35.57392168833136],[139.53288515250952,35.573894939922205],[139.53293314916723,35.57361627442044],[139.5329934157076,35.57326644609533],[139.53306445311813,35.57285400809352],[139.53312209802704,35.57251934769882],[139.53320901073857,35.572159832313694],[139.53331776789506,35.57170985028198],[139.53358068449322,35.570905978259155],[139.53375326308625,35.57044977883887],[139.5339298941935,35.57043205194743],[139.53383062684077,35.57031519160516],[139.53422207939695,35.5694233355447],[139.53460301117502,35.56888308210088],[139.53472044038284,35.56871655233976],[139.53498855008385,35.56833632423648],[139.5343977322618,35.56802946281892],[139.53418218883445,35.56791580020532],[139.53350783065127,35.56764304569164],[139.53310166657644,35.567510383483764],[139.53239789774017,35.567410952745405],[139.53223290162927,35.56740205378231],[139.53176772515695,35.567354374894116],[139.53156841031,35.56586548534508],[139.53156864168372,35.56580418709953],[139.53159441853364,35.56555116975217],[139.53165743095042,35.565302858323435],[139.53176395522274,35.565029305679985],[139.53187021420666,35.56483180476892],[139.53195009503258,35.564709688750604],[139.53203251030752,35.56458374180997],[139.53224433445303,35.5643662591597],[139.53248709040506,35.56417923899923],[139.53292871878,35.56391159460475],[139.53346078196472,35.563676178926585],[139.53334900653678,35.563484785344016],[139.53325853261344,35.56343371748155],[139.53317130099705,35.5634082545874],[139.53306735561645,35.5634102480478],[139.53290909748588,35.56347361589921],[139.53278455266232,35.56352752630717],[139.5323809952402,35.563732805054755],[139.53236774646098,35.563715061266876],[139.53235141348333,35.56369241588028],[139.5323216150279,35.563646639913415],[139.53225110875363,35.5636313592978],[139.53220657318292,35.56363124733396],[139.53212738005348,35.56362840801444],[139.5319743588996,35.56362270692641],[139.5316301763698,35.56360099882721],[139.53158150903604,35.56359953913347],[139.5313958877286,35.563599952156565],[139.53117225594957,35.56360650178339],[139.531029826897,35.56338087613178],[139.53045039831036,35.56326393033659],[139.52991904185512,35.5631411886699],[139.52960956653075,35.56335912450469],[139.52953268031894,35.56342420746957],[139.52957257375112,35.56299021611065],[139.5296211275821,35.56285129859896],[139.52976428326807,35.562691142803274],[139.52982605345525,35.562583841646436],[139.52992302054074,35.56229153458493],[139.529915504178,35.562194375051426],[139.52988028101473,35.561738962633335],[139.5298797829583,35.56154671972361],[139.52998454951015,35.56116436893666],[139.53000613562216,35.5610855554445],[139.53000630353046,35.5609734505992],[139.52990761651122,35.56072680963318],[139.52997289051544,35.56051367823109],[139.53006551867665,35.56017837149574],[139.53002082942777,35.56009456641216],[139.53023041794188,35.559925424212985],[139.53063554167215,35.55964473916289],[139.53146829542104,35.5589921612026],[139.5303333646844,35.55826283479985],[139.52968022383874,35.557830651032894],[139.53222695339593,35.55687036305276],[139.53330072024008,35.557575504503355],[139.53250660377964,35.55836547430145],[139.53273754021734,35.55849724061012],[139.53284247119944,35.5585182060487],[139.53296358561113,35.558486469335584],[139.5333231918556,35.55835413716843],[139.53359265125107,35.558113557724496],[139.53397430267538,35.55773249103716],[139.53401697375512,35.557729076461605],[139.53419841779527,35.557856457488995],[139.53430170959425,35.55777428963644],[139.53423934651596,35.557708680949325],[139.53432575390838,35.557618655300125],[139.5345485389967,35.55751583138961],[139.53458883495975,35.55751931095711],[139.53476693502316,35.55742278482217],[139.53472074347596,35.55729070730516],[139.53485638462902,35.557256361186006],[139.53476956653432,35.55721491703971],[139.53485555442828,35.557121262327904],[139.53484485443994,35.557021417969324],[139.53476847720273,35.55697623269339],[139.53486169372763,35.55686812373928],[139.53464143748207,35.556307686648225],[139.53475256372204,35.55628373684904],[139.53480321981522,35.55637980808357],[139.53489195473807,35.55646723747011],[139.53505042387536,35.55648625409131],[139.53514929234953,35.55653131821747],[139.53534909475655,35.55665687280957],[139.53557999298906,35.55677486381532],[139.53566116778913,35.556913927642555],[139.53565820414332,35.556998176318444],[139.5356939265004,35.557112799972046],[139.53577459912253,35.55723682844612],[139.5358520787285,35.5573559909244],[139.5360986168394,35.55738233406562],[139.53602534360746,35.55781631900671],[139.53598433889687,35.5579624406431],[139.53634406437595,35.558118174446896],[139.53634834550147,35.55812001510182],[139.53665541813584,35.55824660631797],[139.53764726838742,35.55868429199607],[139.5379724992596,35.55820222785935],[139.53814369238845,35.558288907977825],[139.53836091797638,35.558377602052495],[139.5385657116878,35.558402888775674],[139.53872476636087,35.55847461043465],[139.53877407662384,35.55852838954528],[139.5388863304372,35.55863133385796],[139.53900991894108,35.55869286488604],[139.53914948841623,35.55875598198878],[139.5392657691627,35.55888301849195],[139.5392180823309,35.558943673499705],[139.53921585728546,35.55894967145951],[139.53916311438817,35.55909184141227],[139.5390312498037,35.55917704546687],[139.53898373415248,35.55923245263238],[139.5388559763538,35.55932505873947],[139.53883770266035,35.55936694903558],[139.53883712558124,35.559470884937056],[139.53890189999285,35.55947949302913],[139.53897524354687,35.55953048041491],[139.53908877923965,35.55952586177149],[139.53920329291546,35.55958884895215],[139.53949631793898,35.559806169283696],[139.53952261094486,35.559962104444296],[139.53944709594901,35.56020176727654],[139.5393827058879,35.56043937972133],[139.53932896067624,35.560483436019425],[139.53918686432812,35.560730857334136],[139.53906940022506,35.5607782103494],[139.53898500803155,35.560830713470395],[139.53896639175295,35.56090696607828],[139.53899488686685,35.560979601391836],[139.53914539934237,35.56109647596665],[139.53917921362512,35.56112275411918],[139.53918757232995,35.561187206986325],[139.53920908772008,35.56135313270761],[139.5391450205138,35.56147360251344],[139.53914720454344,35.56159979781393],[139.53911375655565,35.561714109366164],[139.5388395085593,35.56193648911814]]]]}},{"type":"Feature","properties":{"area_id":"141171180","city":"横浜市","ward":"青葉区","town":"さつきが丘","chome":"","num_households":1568},"geometry":{"type":"MultiPolygon","coordinates":[[[[139.5227959466394,35.53292598390208],[139.52269296798585,35.53323554047736],[139.52263428087363,35.53333176338789],[139.52238373198102,35.53370780938781],[139.52213953727735,35.53404344964161],[139.5219828498045,35.53424801239024],[139.52181758573536,35.5345051230787],[139.52173759521764,35.53467931235903],[139.5216553825781,35.53491658856055],[139.5216353412124,35.5349644216888],[139.52143297705234,35.53544542323055],[139.5213778858752,35.53557925277476],[139.52139473582477,35.53588964710636],[139.5213972834064,35.535922152962],[139.52103721779116,35.53596643364855],[139.5208029783921,35.53601400721159],[139.52078113297833,35.53599792765168],[139.5205519822924,35.535326406969716],[139.52049101344704,35.535215857631165],[139.52037473744159,35.53508670988073],[139.52013502062297,35.53487712718942],[139.5199890800814,35.53474356759872],[139.51972660855444,35.53456490604269],[139.51940138613932,35.53440946117322],[139.51938634115996,35.53440226796507],[139.51924777123506,35.534336015811064],[139.51879136320963,35.534128311711285],[139.51851775833353,35.5340065892693],[139.51841061197425,35.533986194918995],[139.5180777800877,35.53401416922204],[139.51805597545365,35.534016011118396],[139.51746292987102,35.53408070903738],[139.51744497969074,35.53408266697298],[139.5173890976506,35.533337464394776],[139.51735370356252,35.53292607642468],[139.51734628694953,35.532649302627405],[139.51734289798105,35.53252278203064],[139.51733926654236,35.532386896101734],[139.51733586114995,35.53225958084296],[139.51733495590395,35.532225761854434],[139.5173403447462,35.53209089618379],[139.51734149004807,35.532062226475986],[139.51732797096105,35.531402241794176],[139.51733380732165,35.53052182296985],[139.51793672910492,35.53059555860847],[139.51828407110105,35.53060371004242],[139.5185720541474,35.530566633732434],[139.51881594856238,35.530518592078614],[139.51906210897195,35.53045164840413],[139.5192686464077,35.530371992242834],[139.519621859019,35.53017392898992],[139.5197869034844,35.530095745661676],[139.52025481658796,35.52971390401722],[139.52038319471674,35.52959255846868],[139.52139523292874,35.52853090041449],[139.5214804119581,35.528440777479254],[139.52181380756937,35.52805138551892],[139.52208195040365,35.52770683648509],[139.5221473953866,35.52760605741375],[139.52303025650872,35.528667314065125],[139.52335183012534,35.52912707161123],[139.5233643342495,35.52914811225753],[139.52360074585343,35.529545906419045],[139.5236471534947,35.52966105702618],[139.52364456294896,35.52987977802105],[139.52364401862584,35.52991523543082],[139.52362749015663,35.53099091340252],[139.52363101228872,35.53136457962379],[139.52362376976336,35.53174307419084],[139.52332314930692,35.53228578593861],[139.52326143483785,35.532390662910984],[139.52316500191745,35.53251298533791],[139.52295263012513,35.53274420207928],[139.52285384554963,35.53283324434306],[139.5228197511218,35.53288892581171],[139.52281817521342,35.532891498233674],[139.5227959466394,35.53292598390208]]]]}},{"type":"Feature","properties":{"area_id":"141171190","city":"横浜市","ward":"青葉区","town":"もみの木台","chome":"","num_households":822},"geometry":{"type":"MultiPolygon","coordinates":[[[[139.5293980712134,35.5734005247015],[139.52901018905996,35.573281274818015],[139.52830479075845,35.57305312606765],[139.52779270294292,35.57287803135278],[139.5275509699284,35.57279854758448],[139.52721895085452,35.57268450430683],[139.52704975255946,35.572672735557354],[139.52686383680418,35.57269909117876],[139.5265786069766,35.5727522676106],[139.52635163268025,35.57285390034206],[139.52604947025168,35.57301244896444],[139.52597479122193,35.57307739422799],[139.5257926770758,35.57326917047616],[139.52574708238427,35.573369575259505],[139.52554495749825,35.5737495977964],[139.52534003250275,35.57414535236167],[139.52516418462142,35.574477275480696],[139.52501238668836,35.5747638039749],[139.5249158787077,35.574917526241016],[139.52439759387974,35.57535834972356],[139.52408221073665,35.57561600814982],[139.52389949051712,35.57556606864308],[139.5237461200043,35.57544402582165],[139.52369700436267,35.5753671432977],[139.52363069001296,35.575352079383784],[139.5234509476016,35.57521254020589],[139.5233944625895,35.57514102443801],[139.52334543294887,35.575120124502874],[139.52319157242258,35.57499139052899],[139.5232177696186,35.57490980821763],[139.52329494883054,35.57490148633791],[139.52329228363067,35.57486634074808],[139.52339725540446,35.57483735292605],[139.52351617287826,35.574724392010076],[139.52365563286128,35.5745589876845],[139.5237806509714,35.57437805284611],[139.52395369160516,35.574216607717354],[139.52413140447058,35.57402792139077],[139.52425686355232,35.57394427165834],[139.52440685087188,35.57388131524488],[139.52451536722106,35.57375417247796],[139.52451128975818,35.573610192378936],[139.52445681947268,35.57355847035779],[139.52408507096473,35.573303620565895],[139.52389907481384,35.57307702838712],[139.5237764428164,35.5728257069486],[139.52370822110507,35.5727585985079],[139.5236611646368,35.57271231799819],[139.52353213426562,35.572633644885975],[139.5232364111884,35.57248049597563],[139.52287952101713,35.57224177141805],[139.52293130867307,35.57210687821558],[139.52316594606214,35.57187478717822],[139.52333303983875,35.57172293903561],[139.5235170552403,35.571608280506155],[139.5237219783922,35.571508849632814],[139.52386440276823,35.57146143788994],[139.52404264844273,35.5714117592179],[139.52419487812668,35.57139750414241],[139.5243447533095,35.571418205503264],[139.52466475283265,35.57150043190758],[139.52506370721,35.57126351368938],[139.52525398356897,35.571245692621424],[139.52534212825526,35.57125919309681],[139.52591313141568,35.5714459970422],[139.52591659511316,35.57126221356832],[139.52597157344758,35.571153312076234],[139.52619480357296,35.57087502663277],[139.52645038785823,35.57060481535831],[139.52650588417086,35.57054615840043],[139.5266571531283,35.57063590505955],[139.5272825095212,35.57088192228188],[139.5274060596427,35.570720169288684],[139.52749009817347,35.570657887614296],[139.52760381539233,35.57061670130547],[139.5281084555991,35.57056992381657],[139.5281414870865,35.57054775501666],[139.52900957241505,35.57050288373323],[139.5291241968047,35.57050591989776],[139.52942470471473,35.57050643424944],[139.52958947676933,35.57051378730238],[139.52988218015224,35.57056114418131],[139.52992261341134,35.57032520405224],[139.5302672577496,35.57034674259561],[139.5302494629128,35.57051094792852],[139.53023947618235,35.570730311622015],[139.53026577361538,35.57105884433405],[139.5302814084012,35.57139784189892],[139.53022150829435,35.57167612536222],[139.53016536187965,35.571890442105925],[139.53015540454004,35.57191411273555],[139.5299985137028,35.572226092239646],[139.52989824853734,35.572425474878905],[139.52960325257283,35.573026946567246],[139.52941847729494,35.57339487246413],[139.5293980712134,35.5734005247015]]]]}},{"type":"Feature","properties":{"area_id":"14117120001","city":"横浜市","ward":"青葉区","town":"すすき野","chome":"1","num_households":907},"geometry":{"type":"MultiPolygon","coordinates":[[[[139.53227465186023,35.57730584737693],[139.5317679901108,35.57714420158278],[139.53090437315046,35.57686866129253],[139.53064780645758,35.576786788415895],[139.5306170736022,35.57677586597428],[139.5302815222445,35.57667830004508],[139.52999981464214,35.57666272990959],[139.52979888959123,35.57670648004133],[139.52954314659033,35.576811531646314],[139.52929261652844,35.57692796735198],[139.52911763617163,35.57702861067005],[139.52892514341735,35.57712688333067],[139.52872860794474,35.57719472638682],[139.52851014715736,35.57723610551497],[139.52810160876527,35.57725070109556],[139.5276492094084,35.577255641415164],[139.52731268169742,35.577261473404306],[139.527304944149,35.576788066985415],[139.52734075620663,35.576428039834255],[139.52738849944203,35.57628992989259],[139.5274746729513,35.576132835021994],[139.52763221154626,35.575932649762635],[139.52805548178716,35.57543192612006],[139.5286188508253,35.57478849268347],[139.52872034857538,35.57467256882489],[139.52878003125193,35.57459554176286],[139.52898465799186,35.57419988725096],[139.5293980712134,35.5734005247015],[139.52941847729494,35.57339487246413],[139.52960325257283,35.573026946567246],[139.52989824853734,35.572425474878905],[139.5299985137028,35.572226092239646],[139.53015540454004,35.57191411273555],[139.53016536187965,35.571890442105925],[139.53081795943385,35.572113377414425],[139.53110872838587,35.57221269519846],[139.5311647927925,35.57223103997013],[139.531963050939,35.5724923614301],[139.5322824409638,35.572596923416654],[139.53258882232998,35.57269722394771],[139.5326707694848,35.572724050765835],[139.53306445311813,35.57285400809352],[139.5329934157076,35.57326644609533],[139.53293314916723,35.57361627442044],[139.53288515250952,35.573894939922205],[139.53288093519666,35.57392168833136],[139.5329160571308,35.57391695273404],[139.53282210729023,35.57440520987558],[139.53274615504276,35.57479999772354],[139.53274545149856,35.574803727582484],[139.53254061871388,35.57589233819357],[139.53227465186023,35.57730584737693]]]]}},{"type":"Feature","properties":{"area_id":"14117120002","city":"横浜市","ward":"青葉区","town":"すすき野","chome":"2","num_households":1318},"geometry":{"type":"MultiPolygon","coordinates":[[[[139.52688608156367,35.57890710053686],[139.5268561042094,35.578896179339175],[139.52620367176021,35.578898668668174],[139.5260106612638,35.57889940748623],[139.52525178937927,35.578902357685905],[139.5246347534771,35.57890809768466],[139.52461378443328,35.57832995979347],[139.52456739760962,35.578163862364555],[139.52450670025564,35.57802163750445],[139.52449050000482,35.57792508710996],[139.52444929299196,35.57769133344013],[139.52444184498646,35.5775495986952],[139.52450766176753,35.577297881419604],[139.5245429508795,35.57723329247454],[139.52456908811695,35.57713931613204],[139.52463597228024,35.57702931876312],[139.5247221503977,35.576934651699275],[139.52483363550803,35.576809735087544],[139.52498717549307,35.576670877374724],[139.5251085890681,35.576586651978644],[139.52515782804858,35.57654273119261],[139.52469992996788,35.57617530988553],[139.52418930986826,35.57576169759452],[139.52408221073665,35.57561600814982],[139.52439759387974,35.57535834972356],[139.5249158787077,35.574917526241016],[139.52501238668836,35.5747638039749],[139.52516418462142,35.574477275480696],[139.52534003250275,35.57414535236167],[139.52554495749825,35.5737495977964],[139.52574708238427,35.573369575259505],[139.5257926770758,35.57326917047616],[139.52597479122193,35.57307739422799],[139.52604947025168,35.57301244896444],[139.52635163268025,35.57285390034206],[139.5265786069766,35.5727522676106],[139.52686383680418,35.57269909117876],[139.52704975255946,35.572672735557354],[139.52721895085452,35.57268450430683],[139.5275509699284,35.57279854758448],[139.52779270294292,35.57287803135278],[139.52830479075845,35.57305312606765],[139.52901018905996,35.573281274818015],[139.5293980712134,35.5734005247015],[139.52898465799186,35.57419988725096],[139.52878003125193,35.57459554176286],[139.52872034857538,35.57467256882489],[139.5286188508253,35.57478849268347],[139.52805548178716,35.57543192612006],[139.52763221154626,35.575932649762635],[139.5274746729513,35.576132835021994],[139.52738849944203,35.57628992989259],[139.52734075620663,35.576428039834255],[139.527304944149,35.576788066985415],[139.52731268169742,35.577261473404306],[139.5273380380403,35.578810649948984],[139.5269950299024,35.57879600916946],[139.52699661995194,35.5788830169895],[139.52688608156367,35.57890710053686]]]]}},{"type":"Feature","properties":{"area_id":"14117120003","city":"横浜市","ward":"青葉区","town":"すすき野","chome":"3","num_households":1574},"geometry":{"type":"MultiPolygon","coordinates":[[[[139.52933714404915,35.58420545128412],[139.52919417726747,35.583985487575376],[139.5291543200459,35.58396450714594],[139.52908278646206,35.583988375337555],[139.52898368359544,35.58392168443456],[139.52903155335045,35.583714418455415],[139.52905315113136,35.58343821634329],[139.52905612166825,35.583307206865],[139.52909799693137,35.583226541639995],[139.52918917694956,35.583141669057596],[139.5290984414817,35.58296472074458],[139.52911464371894,35.58291444740996],[139.52925307991038,35.58283669997696],[139.5293129181612,35.582707348674205],[139.52933622821314,35.58261202482592],[139.5292600585975,35.58248792791991],[139.5292321368951,35.58239909351682],[139.52923887268798,35.582321331743586],[139.5291784513269,35.58225016058629],[139.52896472786338,35.58211811304183],[139.52881694997419,35.58193478762814],[139.52853880199356,35.581764866005706],[139.52842481720737,35.58163877158077],[139.52834813823796,35.581512736676466],[139.52828899103713,35.581452801379],[139.52788076425196,35.581259625529725],[139.52773245106025,35.58121329901],[139.52763534140496,35.58119625787531],[139.52737790516667,35.5812327504012],[139.52724761888626,35.58121270175141],[139.5270578336567,35.58108292839907],[139.5269511829508,35.58105311520525],[139.52694680441599,35.58081430878264],[139.52694423234078,35.58061680790998],[139.5269275727149,35.57957306584411],[139.5269175360888,35.57894397593862],[139.52688608156365,35.57890710053686],[139.52699661995194,35.5788830169895],[139.5269950299024,35.57879600916947],[139.5273380380403,35.578810649948984],[139.52731268169742,35.577261473404306],[139.5276492094084,35.577255641415164],[139.52810160876527,35.57725070109556],[139.52851014715736,35.57723610551497],[139.52872860794474,35.57719472638679],[139.52892514341735,35.57712688333067],[139.52911763617163,35.57702861067003],[139.52929261652844,35.57692796735198],[139.52954314659033,35.576811531646314],[139.52979888959123,35.576706480041295],[139.52999981464222,35.57666272990957],[139.5302815222445,35.57667830004508],[139.5306170736022,35.57677586597428],[139.53064780645758,35.57678678841588],[139.53090437315046,35.57686866129253],[139.5317679901108,35.57714420158278],[139.53227465186023,35.57730584737693],[139.53227029859545,35.5773286860917],[139.5318953726594,35.579298243836085],[139.53177843310846,35.579912571536504],[139.53172761352852,35.580179578684664],[139.53150321965114,35.58085099560235],[139.53149517755764,35.58087505725533],[139.531338257905,35.581344537964235],[139.5309058826061,35.58216806701787],[139.53070530786206,35.58248976860812],[139.53032361802326,35.58304663904716],[139.53023779645326,35.58317420056666],[139.52981831158414,35.58369875929541],[139.52933714404915,35.58420545128412]]]]}},{"type":"Feature","properties":{"area_id":"14117123001","city":"横浜市","ward":"青葉区","town":"あざみ野","chome":"1","num_households":2046},"geometry":{"type":"MultiPolygon","coordinates":[[[[139.5543243662516,35.56887307158485],[139.55440745909843,35.569347875881896],[139.55441037953636,35.56936333864336],[139.55454170746515,35.57005876477877],[139.55457822232626,35.570278726608656],[139.55460222060503,35.570423383600335],[139.55466338167793,35.57075040094309],[139.5547643273942,35.57110648698724],[139.55408458794727,35.571142392604685],[139.55399025656553,35.571147070470154],[139.5538356484799,35.57115414508999],[139.55319447411551,35.57118538207582],[139.552588393387,35.571366298417296],[139.55254802762872,35.571386556087404],[139.55244640240565,35.571437585866015],[139.55220723314793,35.57155762443546],[139.55180601111567,35.571822735748185],[139.5515007241528,35.5720861311863],[139.55112601966823,35.57251805044356],[139.55060598334236,35.57311747421898],[139.55027285582437,35.573521822330996],[139.55024127990254,35.573560149155036],[139.5498338619439,35.5740546623338],[139.54940322531874,35.57378938363262],[139.54935611815657,35.57376522836712],[139.54922491109443,35.57369791879613],[139.54894219971965,35.57357473267692],[139.54876279633766,35.573517522363254],[139.54828110936364,35.57336401469064],[139.54823798405116,35.57334169600578],[139.547890205106,35.57313227008513],[139.54767149796928,35.573014758930015],[139.5474475596028,35.57292635278597],[139.54729164865836,35.572886449216234],[139.54715288496965,35.5728665815621],[139.54679786579672,35.57285201568359],[139.54621228507466,35.57282834281955],[139.5452887262513,35.57278998624158],[139.54514960072984,35.572774409539726],[139.5450269683125,35.57273841560091],[139.54493680652138,35.57267919063122],[139.54482255861552,35.57255269435873],[139.54459090770155,35.57212801522932],[139.54424049218227,35.57150352273276],[139.54416611126217,35.57137095936998],[139.54410374321108,35.57122314399529],[139.54410222533178,35.571171840952644],[139.5441811167858,35.57084684045495],[139.54427676799247,35.57052888546551],[139.5442214521848,35.57034369562643],[139.54419761372642,35.570279769070325],[139.54398093796453,35.569894065075644],[139.54431786877413,35.5697649161202],[139.5447817580754,35.56958198767618],[139.54484778647662,35.56955595052262],[139.54552514629768,35.569287689755036],[139.54591877832172,35.569142369923554],[139.54611512916358,35.56905502559643],[139.54740011688517,35.568869483108884],[139.54741379765338,35.56886768271508],[139.54877988484967,35.5686879031173],[139.548891119595,35.568673305890414],[139.54966818797945,35.568577447509334],[139.5504991777492,35.568459704932636],[139.55131065814442,35.56835620727664],[139.55161467610904,35.56831638421399],[139.5527753977228,35.56816034127291],[139.55303843535103,35.569050741747716],[139.55303913612556,35.56905387803525],[139.5537272597215,35.56895694329394],[139.5543243662516,35.56887307158485]]]]}},{"type":"Feature","properties":{"area_id":"14117123002","city":"横浜市","ward":"青葉区","town":"あざみ野","chome":"2","num_households":1582},"geometry":{"type":"MultiPolygon","coordinates":[[[[139.5543243662516,35.56887307158485],[139.5537272597215,35.56895694329394],[139.55303913612556,35.56905387803525],[139.55303843535103,35.569050741747716],[139.5527753977228,35.56816034127291],[139.55161467610904,35.56831638421399],[139.55131065814442,35.56835620727664],[139.5504991777492,35.568459704932636],[139.54966818797945,35.568577447509334],[139.548891119595,35.568673305890414],[139.54877988484967,35.5686879031173],[139.54741379765338,35.56886768271508],[139.54740011688517,35.568869483108884],[139.54611512916358,35.56905502559643],[139.54591877832172,35.569142369923554],[139.54552514629768,35.569287689755036],[139.54484778647662,35.56955595052262],[139.5447817580754,35.56958198767618],[139.54431786877413,35.5697649161202],[139.54398093796453,35.569894065075644],[139.54362150745263,35.56929617023651],[139.54332143832215,35.568795768106185],[139.54331582318878,35.56878107258287],[139.54322175708182,35.56853431567705],[139.54321498145063,35.56837642279489],[139.54325946128853,35.568189993567714],[139.5434068216525,35.56793980168627],[139.54389197598329,35.56721689627034],[139.54426349512693,35.56665247415183],[139.54441601814713,35.566420778212205],[139.54460715910514,35.566139284196666],[139.54482405234444,35.56581986067249],[139.5449455460142,35.56563005832151],[139.54496760403072,35.56559560753121],[139.54529912632884,35.565106397669055],[139.54553593976888,35.564866345865894],[139.54579497461137,35.565008890449874],[139.54600513471982,35.564816481046535],[139.54625125654326,35.564750100049906],[139.54650246222346,35.56478639813855],[139.54677928734574,35.56481057538463],[139.546818780505,35.56496174960457],[139.54683886496446,35.56496077467276],[139.54797079479394,35.564904738742605],[139.54879388268122,35.564739139697544],[139.54917683569283,35.564662080553795],[139.5490706398366,35.56438090256189],[139.5494923349009,35.56440600336792],[139.55036121593793,35.564810142616],[139.55105954225095,35.565136070065975],[139.55128162912627,35.564875370143845],[139.55197672891822,35.56527451901961],[139.5521655283382,35.5654680036132],[139.55227677113487,35.565683667735016],[139.55260810631816,35.565635525877354],[139.55258523901853,35.565495589474494],[139.55285885683776,35.56546442594493],[139.5536323290042,35.56537631559461],[139.55398240610552,35.5672099435308],[139.5540671156164,35.567622009351936],[139.55422579593835,35.56839369093389],[139.5543243662516,35.56887307158485]]]]}},{"type":"Feature","properties":{"area_id":"14117123003","city":"横浜市","ward":"青葉区","town":"あざみ野","chome":"3","num_households":1936},"geometry":{"type":"MultiPolygon","coordinates":[[[[139.54553593976888,35.564866345865894],[139.54529912632884,35.565106397669055],[139.54496760403072,35.56559560753121],[139.5449455460142,35.56563005832151],[139.54482405234444,35.56581986067249],[139.54460715910514,35.566139284196666],[139.54441601814713,35.566420778212205],[139.54426349512693,35.56665247415183],[139.54389197598329,35.56721689627034],[139.5434068216525,35.56793980168627],[139.54325946128853,35.568189993567714],[139.54321498145063,35.56837642279489],[139.54322175708182,35.56853431567705],[139.54331582318878,35.56878107258287],[139.54332143832215,35.568795768106185],[139.54362150745263,35.56929617023651],[139.54398093796453,35.569894065075644],[139.54340913806024,35.57011246995017],[139.542700720612,35.57039141988143],[139.54264211344181,35.57041451637308],[139.54262655536868,35.57042064164056],[139.54175519229045,35.570745634602574],[139.54070065267572,35.571138978639645],[139.54068144822295,35.57114614836893],[139.5400746410086,35.57137519369286],[139.5387586929857,35.571871894642],[139.5387300448911,35.57187478133566],[139.5387188676774,35.57185542378768],[139.53829696353114,35.57120597963402],[139.53809896189685,35.570901189832675],[139.5379960969325,35.57073566664802],[139.53793075081654,35.570621922506874],[139.5378623012423,35.5704147610092],[139.5378483288879,35.57024125165583],[139.5378761771108,35.56953699999482],[139.5378769080598,35.5695084468403],[139.5378906883441,35.568974116080035],[139.5379009888924,35.56873450913787],[139.5379183793326,35.5684712954667],[139.53810040120166,35.567988780211785],[139.53835474418477,35.567339057828754],[139.538756988657,35.56628880821488],[139.53884748745818,35.56607700165745],[139.53918504187578,35.56567031632588],[139.5396477680686,35.5651305288882],[139.53999365153604,35.56472396916238],[139.54042161816525,35.564212190848075],[139.54111351121531,35.56334132256775],[139.54133298452024,35.56306666079863],[139.5413268800309,35.563063245076044],[139.54135123807305,35.56303328848127],[139.54138326905442,35.562993895223094],[139.54150837823306,35.562840033210406],[139.54152942009497,35.56281415609085],[139.54163133549895,35.56268881700057],[139.5417194364444,35.56258016259442],[139.5417285419331,35.56256854753157],[139.54175011680985,35.56257823147868],[139.54192831954913,35.562347023110796],[139.54227143215783,35.56266117444742],[139.54237510330938,35.562757755750724],[139.54328212399017,35.56362213302933],[139.54353154891686,35.563845673557026],[139.54383878990453,35.56412103862458],[139.54415342122627,35.56440300508256],[139.54446202064045,35.56467956922677],[139.5447761842664,35.56496111019319],[139.5451553905326,35.564656897436066],[139.54553593976888,35.564866345865894]]]]}},{"type":"Feature","properties":{"area_id":"14117123004","city":"横浜市","ward":"青葉区","town":"あざみ野","chome":"4","num_households":1795},"geometry":{"type":"MultiPolygon","coordinates":[[[[139.54398093796453,35.569894065075644],[139.54419761372642,35.570279769070325],[139.5442214521848,35.57034369562643],[139.54427676799247,35.57052888546547],[139.5441811167858,35.570846840454934],[139.54410222533178,35.571171840952644],[139.54410374321108,35.57122314399529],[139.54416611126217,35.571370959369965],[139.54424049218227,35.57150352273276],[139.54459090770155,35.57212801522932],[139.54482255861552,35.57255269435873],[139.54493680652138,35.57267919063122],[139.5450269683125,35.57273841560091],[139.54514960072984,35.572774409539726],[139.5452887262513,35.57278998624158],[139.54621228507466,35.57282834281953],[139.54679786579672,35.57285201568356],[139.54715288496965,35.57286658156208],[139.54729164865836,35.5728864492162],[139.5474475596028,35.57292635278597],[139.54767149796928,35.573014758930015],[139.54789020510606,35.57313227008513],[139.54823798405116,35.57334169600578],[139.54828110936364,35.57336401469064],[139.54876279633766,35.573517522363254],[139.54894219971968,35.57357473267692],[139.54922491109446,35.57369791879613],[139.54935611815657,35.57376522836712],[139.54940322531874,35.57378938363262],[139.5498338619439,35.5740546623338],[139.54953356529643,35.574407918422494],[139.54936712834308,35.574650929411156],[139.54924405674026,35.57491562364064],[139.54912232342292,35.57523398018447],[139.54906740516265,35.575377644381],[139.54891111047226,35.57578637106715],[139.54875331327642,35.576199073244226],[139.54850398905862,35.576851121227854],[139.5479804111034,35.576673678208714],[139.54795149618775,35.57666663980746],[139.54730131745063,35.57650794557048],[139.5462617426031,35.576409409937476],[139.54563348660758,35.576350353036965],[139.54507351361244,35.57631120749623],[139.5449019378972,35.57629918015811],[139.5448809102291,35.576297722283186],[139.54374153289282,35.576194728800004],[139.54301468229505,35.57612052835732],[139.5427242808315,35.57604363982028],[139.54241688415084,35.5758813280358],[139.54236924765195,35.57585501869776],[139.54231008194776,35.57578731056989],[139.54213464168737,35.57562260333896],[139.54192367113433,35.57537978780378],[139.5414300605022,35.57481162936276],[139.54110411827935,35.57442995172503],[139.5405850554051,35.57382454635195],[139.54013782278685,35.573372014350234],[139.53962370824615,35.572890551160945],[139.53931613388272,35.57258204249645],[139.53927406075692,35.572531942853765],[139.5389889892282,35.57219264419268],[139.5387586929857,35.571871894642],[139.5400746410086,35.57137519369286],[139.54068144822295,35.57114614836893],[139.54070065267572,35.571138978639645],[139.54175519229045,35.570745634602574],[139.54262655536868,35.57042064164056],[139.54264211344181,35.57041451637308],[139.542700720612,35.57039141988143],[139.54340913806024,35.57011246995017],[139.54398093796453,35.569894065075644]]]]}},{"type":"Feature","properties":{"area_id":"141171270","city":"横浜市","ward":"青葉区","town":"すみよし台","chome":"","num_households":2134},"geometry":{"type":"MultiPolygon","coordinates":[[[[139.49566496343226,35.557372845232365],[139.49565299744074,35.55735967806905],[139.49559376783316,35.557313344961486],[139.49548591235177,35.55728176467693],[139.49536887264443,35.55726730272697],[139.4952579583754,35.55727666285077],[139.4950850626803,35.55734143967592],[139.49504691578585,35.55739005886504],[139.49497213669423,35.557547757630495],[139.49485546993324,35.55762875291926],[139.494597513765,35.55769764576663],[139.49436737358303,35.557674194635794],[139.4941346660058,35.55769780836638],[139.49397395791584,35.55779955259346],[139.4937870957983,35.55779816184445],[139.49361412227182,35.557901137810234],[139.4935174745288,35.55793536244297],[139.49308642203664,35.55782434700108],[139.49305959986486,35.55779300162707],[139.4929635432014,35.557758532342724],[139.49278303756702,35.557436249656895],[139.49274236951206,35.55737757561616],[139.4926748310248,35.55734030147301],[139.49231065724413,35.55664470811915],[139.49201034979677,35.55607634340807],[139.49171437691544,35.55613800577798],[139.49142790912842,35.555599886304904],[139.49111311279714,35.55517823074955],[139.49110664942717,35.555061667331664],[139.49108254457184,35.555004729991914],[139.49095468367477,35.554799675460146],[139.4910557591089,35.55475733401102],[139.49098293163752,35.554560927501655],[139.4907733262201,35.55420458165385],[139.49064081722466,35.553932822559624],[139.49057432661274,35.55377164476725],[139.4905171448902,35.553579617216805],[139.49046135513524,35.55322238359569],[139.4904666954026,35.55261566416971],[139.4903421378046,35.55255734014533],[139.49034117670215,35.55240325921431],[139.49036591735396,35.552259784191165],[139.49041257756133,35.55214471344521],[139.4904936519327,35.55207823103702],[139.49055505771886,35.551985916343156],[139.49055976101621,35.5518579420671],[139.49054240626936,35.55155674190456],[139.4905733855194,35.55147620465039],[139.49067661217907,35.55135774531936],[139.49066297436906,35.55124640794953],[139.49083740017406,35.55043463137267],[139.49094788390613,35.54994666862663],[139.49107613277766,35.54938383178168],[139.4911930916867,35.54938928129808],[139.49132992382053,35.54946866058179],[139.4915144835836,35.5495204350978],[139.49186993519473,35.54953007370247],[139.49193528121629,35.54953945644876],[139.49201632182059,35.549551067821554],[139.49215468440542,35.54960999373955],[139.49217818501901,35.54962101258715],[139.4925846839377,35.54981184845696],[139.49259171481063,35.54981514363023],[139.49286502874688,35.5499095341691],[139.49329567852953,35.54990696080513],[139.49342260075818,35.54987465837539],[139.49368093792373,35.54986805619799],[139.49381528403373,35.54976095385733],[139.49384846549358,35.55022525630297],[139.49443255404358,35.550263090532574],[139.4944983273558,35.55024265045593],[139.49457854524107,35.550061166952226],[139.49460858148254,35.55007026841877],[139.49463629465447,35.55007865999533],[139.4950741478824,35.55018743331684],[139.49511930836334,35.55030417968003],[139.49548123558446,35.550296362336624],[139.4955834175533,35.550301835414615],[139.49574607699344,35.55037804536459],[139.4958841042661,35.550425417593544],[139.49615411231272,35.55048250370092],[139.49625574095492,35.5505689222169],[139.49632348378307,35.5505665483543],[139.49648002975385,35.550724567887514],[139.49663997257446,35.5508531947674],[139.496742287403,35.55095060078506],[139.49681928476818,35.55104895387439],[139.49684210366038,35.55110088633275],[139.49685076212546,35.55112059077687],[139.49694728280264,35.55134680916874],[139.49701699867043,35.551950259052816],[139.49701778719896,35.55195747710615],[139.49712854315575,35.55297979229439],[139.49720729142726,35.55370668308342],[139.4973200877548,35.55474764858379],[139.49737527188364,35.55476129116809],[139.49740656198796,35.554857610709654],[139.49740917001827,35.55516729162328],[139.4973811078958,35.55544375208285],[139.49732604939922,35.55572510178974],[139.49730995845485,35.555760475374285],[139.4970625914672,35.55586053572744],[139.4968424835822,35.55556705864183],[139.49674818082454,35.55548460583331],[139.496619812087,35.55541793114113],[139.49649887792742,35.555382193617525],[139.4961439836516,35.55535658604249],[139.49579525792694,35.55556616363046],[139.49590949241602,35.555699732787104],[139.49594840821155,35.55580642637024],[139.49596740972316,35.55591482362254],[139.49591191088467,35.556058531839135],[139.49581694108062,35.55621722926448],[139.49575473048878,35.55635303077221],[139.49579460847147,35.55650810718893],[139.49583716120853,35.55661072808827],[139.4958572242987,35.556753739564826],[139.49585040084168,35.55686533622151],[139.49575484641434,35.557040053645984],[139.49571456317076,35.557151447812785],[139.49566496343226,35.557372845232365]]]]}},{"type":"Feature","properties":{"area_id":"14117128001","city":"横浜市","ward":"青葉区","town":"新石川","chome":"1","num_households":1918},"geometry":{"type":"MultiPolygon","coordinates":[[[[139.5547643273942,35.57110648698724],[139.55466338167793,35.57075040094309],[139.55460222060503,35.570423383600335],[139.55457822232626,35.570278726608656],[139.55454170746515,35.57005876477877],[139.55441037953636,35.56936333864336],[139.55440745909843,35.569347875881896],[139.5543243662516,35.56887307158485],[139.55422579593835,35.56839369093385],[139.5540671156164,35.567622009351936],[139.55398240610552,35.5672099435308],[139.5536323290042,35.56537631559461],[139.55431481755295,35.56529858903086],[139.55440012670684,35.56573642946361],[139.55467620899262,35.56574656730395],[139.5548331248653,35.565673621336],[139.55487966303585,35.56560566916146],[139.55495032117457,35.56541109044837],[139.5550290823423,35.56534599328761],[139.5550794293356,35.56530438586484],[139.55519234673713,35.56525647855859],[139.55532204369422,35.56525367551004],[139.55542151156104,35.56526907729654],[139.55547321725,35.565308100834194],[139.55562388345945,35.56542181634548],[139.55577799939644,35.56534210431645],[139.55664333430164,35.56533090290721],[139.5570726617095,35.565269275034865],[139.5572475320982,35.56525615089819],[139.55783963947758,35.56513823779202],[139.55795272799253,35.565096242783504],[139.55801095056938,35.56505088511552],[139.55833495828543,35.56488842543695],[139.55853931792728,35.56482723347948],[139.55864033135958,35.56481288523778],[139.55866119817884,35.56480990374728],[139.55900129823053,35.56503811924255],[139.55940144384758,35.56536255229629],[139.55947437019344,35.565402293121906],[139.56005926821945,35.56550106889806],[139.5603741844472,35.565564871393406],[139.56054443179772,35.56561239689031],[139.56071339288007,35.565670554497025],[139.5607960295433,35.56570630085353],[139.56099248602627,35.565821170097884],[139.56109981170042,35.56592136785923],[139.5612686643149,35.56618359374256],[139.5612912891735,35.56622135299619],[139.56136440247076,35.56644185307541],[139.56139112614997,35.566522470521946],[139.56145711192246,35.56669098646269],[139.56152213674787,35.56685703559362],[139.56156576526723,35.566934487380195],[139.56161680377255,35.567025087485206],[139.56170426293528,35.56710073545279],[139.56180737735156,35.56712202141535],[139.5619866917687,35.56721005617579],[139.56234837311112,35.56724843145308],[139.56239696166176,35.56732452083673],[139.5623696079557,35.56732819138552],[139.56180138073,35.567404135568154],[139.56189029022568,35.5675609779525],[139.56209595770574,35.56789750417674],[139.5608654135351,35.56843918306299],[139.56006337838858,35.56880436138497],[139.55978615672402,35.56894855093112],[139.55927120239468,35.56933338375804],[139.55921013227038,35.56937901833769],[139.5587883151498,35.569702411253495],[139.5587634059399,35.569721227573346],[139.55856640678115,35.569869892052964],[139.5583082489792,35.570064366174364],[139.55782943598138,35.57042505386894],[139.557755763301,35.570475621844956],[139.55737396972722,35.57073079519016],[139.55717735126143,35.57083030831058],[139.55688095714044,35.57094469720179],[139.5566524714834,35.571012026416135],[139.55643259414123,35.57105088987445],[139.55634244176494,35.57107476777446],[139.55575778896142,35.57107449414069],[139.55551062165503,35.571060094606736],[139.5547643273942,35.57110648698724]]]]}},{"type":"Feature","properties":{"area_id":"14117128002","city":"横浜市","ward":"青葉区","town":"新石川","chome":"2","num_households":1858},"geometry":{"type":"MultiPolygon","coordinates":[[[[139.55791026500924,35.57711064422524],[139.5577609914837,35.57703584117501],[139.55737224429672,35.576903459735185],[139.55729507674647,35.57684688279635],[139.5569582334441,35.57655434577437],[139.55674198647117,35.57637929151838],[139.55656715469215,35.57618007281049],[139.55644348974272,35.57602195187565],[139.55634834554155,35.57594216371998],[139.55621017638697,35.57586020187383],[139.5560461910399,35.57572828948278],[139.55590933298942,35.575553414101016],[139.55577151571913,35.57538230367092],[139.55573460914832,35.57538038970728],[139.5555417875469,35.5754308266356],[139.55545439324933,35.57478659168747],[139.55538626663173,35.5742846070801],[139.55538124975038,35.57425209971527],[139.5553259402021,35.57397016197628],[139.555289410884,35.57378666033027],[139.55525481575532,35.57361287845766],[139.55520026603753,35.573329359578835],[139.55515095952282,35.573081308826765],[139.55507596518697,35.57269077815914],[139.5550337059814,35.57247999304731],[139.55500272781038,35.57232201365284],[139.55489010161477,35.57174778303156],[139.5547643273942,35.57110648698724],[139.55551062165503,35.571060094606736],[139.55575778896142,35.57107449414069],[139.55634244176494,35.57107476777446],[139.55643259414123,35.57105088987445],[139.5566524714834,35.571012026416135],[139.55688095714044,35.57094469720179],[139.55717735126143,35.57083030831058],[139.55737396972722,35.57073079519016],[139.557755763301,35.570475621844956],[139.55782943598138,35.57042505386894],[139.5583082489792,35.570064366174364],[139.55856640678115,35.569869892052964],[139.5587634059399,35.569721227573346],[139.5587883151498,35.569702411253495],[139.55921013227038,35.56937901833769],[139.55927120239468,35.56933338375804],[139.55978615672402,35.56894855093112],[139.56006337838858,35.56880436138497],[139.5608654135351,35.56843918306299],[139.5614450939057,35.56924545912662],[139.56155120161168,35.56942730370572],[139.5616614437744,35.5696162332728],[139.5617400467573,35.56984579326898],[139.56176379711326,35.56999738416132],[139.56176885869274,35.57014428584999],[139.56175003718715,35.570313244537786],[139.56165440807072,35.57057508703328],[139.56154550144038,35.57075514623145],[139.561501860656,35.57082729646979],[139.56129855567215,35.5710957647133],[139.56109953043517,35.57138536686351],[139.56106916421425,35.5714251543474],[139.56025749976527,35.572492124934556],[139.56006592634407,35.572844378683335],[139.56005299887,35.57286952320328],[139.55980046302065,35.57336074872325],[139.55966423428063,35.573658482843705],[139.55958638767456,35.57397289676619],[139.55941869602805,35.57538399481973],[139.55937861263456,35.5755616380082],[139.5592320430616,35.57586945387343],[139.55885534375244,35.57668449498386],[139.55817783741983,35.576482562959264],[139.55791026500924,35.57711064422524]]]]}},{"type":"Feature","properties":{"area_id":"14117128003","city":"横浜市","ward":"青葉区","town":"新石川","chome":"3","num_households":1592},"geometry":{"type":"MultiPolygon","coordinates":[[[[139.56486906877814,35.57780156084168],[139.56474999230596,35.57776809727212],[139.56450664773425,35.57777699707205],[139.56437461926816,35.577781848106525],[139.56430476807998,35.577701065309924],[139.56397205000667,35.57770624823227],[139.56345962240067,35.577714197662445],[139.5630541928218,35.57772051767266],[139.5630366551521,35.577623585301815],[139.5629428138814,35.57762816509126],[139.56288791214521,35.577658393008996],[139.56201896478493,35.577738536185116],[139.56157346430876,35.577747928653864],[139.56103050983012,35.57774048574449],[139.5607190805613,35.57772074223215],[139.56021484561668,35.577626170831095],[139.56015734867913,35.57762079584373],[139.56016573195382,35.577591894682016],[139.55984369945463,35.57752634685243],[139.5598235086484,35.57762364626006],[139.55971872411337,35.57761439781911],[139.55955590289344,35.57747612743406],[139.5593739632566,35.57744417195176],[139.55932534950702,35.57746389173131],[139.55906369148076,35.57740035142058],[139.55888328151633,35.577356541155474],[139.5588634956588,35.577365861617814],[139.55879376826533,35.577398703018886],[139.5586427457782,35.577359606247455],[139.55866194897683,35.57729692566094],[139.55866840838485,35.577275839257524],[139.55859437183952,35.57725645050306],[139.55836636720923,35.57719674323607],[139.55833191182933,35.57727057531569],[139.55826062944263,35.57723825560459],[139.55791026500924,35.57711064422524],[139.55817783741983,35.576482562959264],[139.55885534375244,35.57668449498386],[139.5592320430616,35.57586945387343],[139.5593786126345,35.5755616380082],[139.55941869602805,35.57538399481973],[139.55958638767456,35.57397289676619],[139.55966423428063,35.573658482843705],[139.55980046302065,35.57336074872325],[139.56005299887,35.57286952320328],[139.56006592634407,35.572844378683335],[139.56025749976527,35.572492124934556],[139.56106916421425,35.5714251543474],[139.56109953043517,35.57138536686351],[139.56129855567215,35.5710957647133],[139.561501860656,35.57082729646979],[139.56154550144038,35.57075514623145],[139.56165440807072,35.57057508703328],[139.56175003718715,35.570313244537786],[139.56176885869274,35.57014428584999],[139.56176379711326,35.56999738416132],[139.5617400467573,35.56984579326898],[139.5616614437744,35.5696162332728],[139.56155120161168,35.56942730370572],[139.5614450939057,35.56924545912662],[139.5608654135351,35.56843918306299],[139.56209595770574,35.56789750417674],[139.56227068662784,35.568195478368935],[139.56247851708181,35.568549895783775],[139.5625943764576,35.56874746316182],[139.56289537163758,35.569359990595316],[139.5629800459034,35.56951492187505],[139.5632397915842,35.570138092862805],[139.56336187843488,35.57044640325958],[139.56349674905334,35.57080431471718],[139.56364680531783,35.57122820438493],[139.5636604232721,35.57127340753185],[139.56373417062704,35.57128293597363],[139.5637779603672,35.5713457397867],[139.56379792186843,35.571574533034294],[139.56384433888527,35.57181134198544],[139.5638975911609,35.57191190898425],[139.5639795052949,35.57209513886278],[139.56402446134447,35.572195687947264],[139.5641232015293,35.57262435735307],[139.5641331476162,35.57265923620988],[139.564209820852,35.57292808097343],[139.56426081229557,35.573170039519916],[139.5642236943927,35.5732315016884],[139.5641676132876,35.573260812421665],[139.56416814038326,35.573315738106494],[139.56417829468074,35.573378749449816],[139.56431714847753,35.573398983273655],[139.56438708401865,35.573903920185764],[139.56459370800076,35.57425283466683],[139.56459618925174,35.57441314268169],[139.5645578815315,35.57449502318952],[139.56444511678396,35.57458554141188],[139.5644988975442,35.57475430816876],[139.56454080051805,35.5748858339869],[139.56447649440588,35.575144896526076],[139.56454371478168,35.57556701584574],[139.56456309916183,35.57567937323685],[139.56470390456667,35.575761578878314],[139.56467141643154,35.57617172020241],[139.56466142746308,35.57629767307838],[139.56467375200066,35.576536940359794],[139.56467381475457,35.576678865310164],[139.5647482175766,35.57749304589447],[139.56476293212629,35.57770703931233],[139.56486906877814,35.57780156084168]]]]}},{"type":"Feature","properties":{"area_id":"14117128004","city":"横浜市","ward":"青葉区","town":"新石川","chome":"4","num_households":1959},"geometry":{"type":"MultiPolygon","coordinates":[[[[139.56577965409562,35.56922469773518],[139.56594469387787,35.56946124087746],[139.56614747642632,35.56975191152623],[139.56660573765276,35.5702928041656],[139.56684400568273,35.57055892664696],[139.56712677108268,35.570872841063576],[139.56723422498678,35.57099803101769],[139.56740436294467,35.57118701560047],[139.56741657600207,35.571200978731554],[139.56767915628794,35.57150121398034],[139.5678837919775,35.57173023273062],[139.5677942997485,35.57179686372394],[139.56762181720654,35.57192474958967],[139.56760155840553,35.571997339952475],[139.5675653112489,35.5720309913671],[139.567506854501,35.572225705004634],[139.56750502697966,35.57233516346646],[139.5674758115192,35.57243091448524],[139.56741314060656,35.57263631010866],[139.56735267013664,35.57277475763331],[139.56710305358038,35.57309436271484],[139.56722490188497,35.57318782325268],[139.5671805033346,35.57333327711568],[139.5671854555961,35.57347750096871],[139.5672942904198,35.573681243123325],[139.56733976474823,35.57382196368683],[139.56733797164998,35.57383636104371],[139.5673043488623,35.57410531272108],[139.56733309313614,35.57434665818399],[139.56734585752696,35.574636733238144],[139.56732836470357,35.57474594457044],[139.5670398138482,35.57514735660894],[139.56692157065567,35.57538246530761],[139.56665758655137,35.5758794510497],[139.56641858664779,35.576229743096995],[139.56636263176003,35.57634408431045],[139.56631512580933,35.5765618472329],[139.56626460199942,35.576779289051395],[139.56617810567738,35.57723881531923],[139.5660016285156,35.57754653573516],[139.56591412466145,35.57769907636091],[139.56585616866147,35.57781221434957],[139.56486906877814,35.57780156084168],[139.56476293212629,35.57770703931233],[139.5647482175766,35.57749304589447],[139.56467381475457,35.576678865310164],[139.56467375200066,35.576536940359794],[139.56466142746308,35.57629767307838],[139.56467141643154,35.57617172020241],[139.56470390456667,35.575761578878314],[139.56456309916183,35.57567937323685],[139.56454371478168,35.57556701584574],[139.56447649440588,35.575144896526076],[139.56454080051805,35.5748858339869],[139.5644988975442,35.57475430816876],[139.56444511678396,35.57458554141188],[139.5645578815315,35.57449502318952],[139.56459618925174,35.57441314268169],[139.56459370800076,35.57425283466683],[139.56438708401865,35.573903920185764],[139.56431714847753,35.573398983273655],[139.56417829468074,35.573378749449816],[139.56416814038326,35.573315738106494],[139.5641676132876,35.573260812421665],[139.5642236943927,35.5732315016884],[139.56426081229557,35.573170039519916],[139.564209820852,35.57292808097343],[139.5641331476162,35.57265923620988],[139.5641232015293,35.57262435735307],[139.56402446134447,35.572195687947264],[139.5639795052949,35.57209513886278],[139.5638975911609,35.57191190898425],[139.56384433888527,35.57181134198544],[139.56379792186843,35.571574533034294],[139.5637779603672,35.5713457397867],[139.56373417062704,35.57128293597363],[139.5636604232721,35.57127340753185],[139.56364680531783,35.57122820438493],[139.56349674905334,35.57080431471718],[139.56336187843488,35.57044640325958],[139.5632397915842,35.570138092862805],[139.5629800459034,35.56951492187505],[139.56289537163758,35.569359990595316],[139.5625943764576,35.56874746316182],[139.56247851708181,35.568549895783775],[139.56227068662784,35.568195478368935],[139.56209595770574,35.56789750417674],[139.5621929692462,35.56787004672794],[139.56222617989235,35.56786117784747],[139.56290218462857,35.56786863570901],[139.56341799661863,35.56787390194278],[139.56370216012584,35.568097192950866],[139.56401501433945,35.56822094199102],[139.56408019896236,35.568174187959286],[139.56428409064293,35.56829195568224],[139.56444541134243,35.56842709123115],[139.56459997167653,35.56872832675975],[139.56477210420718,35.56887841533017],[139.56475161218378,35.56893660465046],[139.56477157487456,35.56901086870211],[139.56484225769216,35.56907943542077],[139.5649227610094,35.569039581033934],[139.565050287506,35.56901722354007],[139.56515792097184,35.56905400780167],[139.5653094349267,35.56902332331706],[139.56542986895386,35.56906633285104],[139.56577965409562,35.56922469773518]]]]}},{"type":"Feature","properties":{"area_id":"141171411","city":"横浜市","ward":"青葉区","town":"黒須田","chome":"","num_households":1075},"geometry":{"type":"MultiPolygon","coordinates":[[[[139.5316301763698,35.56360099882721],[139.5319743588996,35.56362270692641],[139.53212738005348,35.56362840801444],[139.53220657318292,35.56363124733396],[139.53225110875363,35.5636313592978],[139.5323216150279,35.563646639913415],[139.53235141348333,35.56369241588028],[139.53236774646098,35.563715061266876],[139.5323809952402,35.563732805054755],[139.53278455266232,35.56352752630717],[139.53290909748588,35.56347361589921],[139.53306735561645,35.5634102480478],[139.53317130099705,35.5634082545874],[139.53325853261344,35.56343371748155],[139.53334900653678,35.563484785344016],[139.53346078196472,35.563676178926585],[139.53292871878,35.56391159460475],[139.53248709040506,35.56417923899923],[139.53224433445303,35.5643662591597],[139.53203251030752,35.56458374180997],[139.53195009503258,35.564709688750604],[139.53187021420666,35.56483180476892],[139.53176395522274,35.565029305679985],[139.53165743095042,35.565302858323435],[139.53159441853364,35.56555116975217],[139.53156864168372,35.56580418709953],[139.53156841031,35.56586548534508],[139.53176772515695,35.567354374894116],[139.53223290162927,35.56740205378231],[139.53239789774017,35.567410952745405],[139.53310166657644,35.567510383483764],[139.53350783065127,35.56764304569164],[139.53418218883445,35.56791580020532],[139.5343977322618,35.56802946281892],[139.53498855008385,35.568336324236476],[139.53472044038284,35.56871655233976],[139.53460301117502,35.56888308210088],[139.53422207939695,35.5694233355447],[139.53383062684077,35.57031519160516],[139.5339298941935,35.57043205194743],[139.53375326308625,35.57044977883885],[139.53358068449322,35.570905978259155],[139.53331776789506,35.57170985028198],[139.53320901073857,35.572159832313694],[139.53312209802704,35.57251934769882],[139.53306445311813,35.57285400809352],[139.5326707694848,35.572724050765835],[139.53258882232998,35.57269722394771],[139.5322824409638,35.572596923416654],[139.531963050939,35.5724923614301],[139.5311647927925,35.57223103997013],[139.53110872838587,35.57221269519846],[139.53081795943385,35.572113377414425],[139.53016536187965,35.571890442105925],[139.53022150829435,35.57167612536222],[139.5302814084012,35.57139784189892],[139.53026577361538,35.57105884433405],[139.53023947618235,35.570730311622015],[139.5302494629128,35.57051094792852],[139.5302672577496,35.57034674259561],[139.53030406667145,35.57012867888686],[139.53030791712473,35.56974314920474],[139.53029940614593,35.56950983317124],[139.53027268386046,35.569283301711394],[139.53026161463208,35.56910564511913],[139.53021329597667,35.56890321247454],[139.53017989990448,35.56884584319422],[139.53005597405246,35.56837573763047],[139.52992398108907,35.568175205485005],[139.52973021016894,35.56800930457887],[139.52959604997406,35.567880662740734],[139.52950485598038,35.56769505681598],[139.52919911928467,35.56731047042213],[139.52912231497342,35.56713778710592],[139.528900778018,35.566772671372505],[139.52884054707894,35.566644393183076],[139.52881106999996,35.56654844492945],[139.52879533036085,35.56640394200984],[139.52878205240145,35.566060303863125],[139.52874853460742,35.56545870907351],[139.52877127621642,35.56517885529277],[139.52877224886277,35.565166921912166],[139.52877423986567,35.56504587845326],[139.52880562402572,35.56490124964795],[139.52889611422088,35.5647780006245],[139.52900460088725,35.564698950322416],[139.52919491616913,35.564433885756465],[139.529370184177,35.56423325101464],[139.5294424619492,35.564116750810406],[139.52949404519438,35.56384429386882],[139.52953268031894,35.56342420746957],[139.52960956653075,35.56335912450469],[139.52991904185512,35.5631411886699],[139.53045039831036,35.56326393033659],[139.531029826897,35.56338087613178],[139.53117225594957,35.5636065017834],[139.5313958877286,35.563599952156565],[139.53158150903604,35.5635995391335],[139.5316301763698,35.56360099882721]]]]}},{"type":"Feature","properties":{"area_id":"14117142001","city":"横浜市","ward":"青葉区","town":"あかね台","chome":"1","num_households":1050},"geometry":{"type":"MultiPolygon","coordinates":[[[[139.48882465812054,35.53904246368593],[139.48889483955304,35.539137985303924],[139.48894179515176,35.539149111052524],[139.48936712705114,35.539132665258514],[139.48948506440337,35.539102031294526],[139.4896092187632,35.53910384436292],[139.48994623365192,35.53918853800199],[139.49007000959068,35.53923869234696],[139.48988963658024,35.53950944705761],[139.49022068024297,35.53998061914532],[139.48961643247262,35.54095096567309],[139.4905615214421,35.54134635548702],[139.49103882755534,35.54188242689401],[139.4921826540303,35.542487677298816],[139.4923750659592,35.542589471239665],[139.4929848998348,35.54266510041231],[139.49345263097803,35.5427231264286],[139.49347966752683,35.542912211308135],[139.49348573076904,35.54303757460554],[139.4934721592502,35.54311943275427],[139.49342434298134,35.543250905157954],[139.4932974194516,35.54338841307379],[139.49276594463194,35.54399822996661],[139.4926232901221,35.54416192271292],[139.491974190835,35.54450006489085],[139.49177711521412,35.544806864220526],[139.49215107130104,35.54510689638589],[139.4923058245183,35.54512939399688],[139.49242344621894,35.54505826434273],[139.49264827435908,35.54495903511379],[139.49294246385375,35.544886241954984],[139.49203774529536,35.54579135807533],[139.4914702923714,35.546359063482726],[139.49146784760177,35.54636152040645],[139.49135691049835,35.54625781757407],[139.49123582494596,35.54614461212017],[139.4911087821369,35.5459379778207],[139.49096844332567,35.54576764060379],[139.4908015375977,35.54566982787451],[139.4906381753429,35.545650366157176],[139.49052825005694,35.54565884398893],[139.49039807507296,35.54562166394757],[139.48997817852072,35.54538616986319],[139.4894519565968,35.54523975542134],[139.48837949137445,35.54529272756319],[139.48719257256,35.545374960008125],[139.48698486225234,35.545389338935045],[139.48635560922634,35.545372634154305],[139.48594054257487,35.54528389374976],[139.48573548255985,35.54521807078016],[139.48557933604104,35.545099789441196],[139.48547277931272,35.54497655181076],[139.48545681251747,35.544932667512995],[139.48543835291753,35.54488201614398],[139.48547701583246,35.544318634589175],[139.4851792343068,35.54430393933876],[139.48510258854125,35.544173678285674],[139.4853384588431,35.543842992947276],[139.48591999908254,35.54301512497506],[139.4860556201087,35.542851735790514],[139.48668074763538,35.542098675978416],[139.4873556288899,35.54129953182298],[139.48772459404407,35.54079093831151],[139.48807368207565,35.54030548672281],[139.48882465812054,35.53904246368593]]]]}},{"type":"Feature","properties":{"area_id":"14117142002","city":"横浜市","ward":"青葉区","town":"あかね台","chome":"2","num_households":842},"geometry":{"type":"MultiPolygon","coordinates":[[[[139.48882465812054,35.53904246368593],[139.48807368207565,35.54030548672281],[139.48772459404407,35.54079093831151],[139.4873556288899,35.54129953182298],[139.48668074763538,35.542098675978416],[139.4860556201087,35.542851735790514],[139.48591999908254,35.54301512497506],[139.4853384588431,35.543842992947276],[139.48510258854125,35.544173678285674],[139.48495316892698,35.54391978925906],[139.48474136309403,35.543765919394644],[139.48426521625817,35.54345185898362],[139.48409770234318,35.54330886311134],[139.48375832880174,35.54318566767997],[139.48361246274584,35.543132697034174],[139.4830770318793,35.54312087840648],[139.4826963727175,35.54304079340032],[139.48253462162901,35.543004955988806],[139.48224561447594,35.54290701327423],[139.48194710351297,35.542701402824584],[139.48158913743063,35.54238734155492],[139.48138083412073,35.54211017388751],[139.4811562822063,35.54189855327011],[139.48098462129104,35.54177486937331],[139.4810613780354,35.541679718265335],[139.48111862323677,35.54153943831236],[139.48124715463152,35.541313040139734],[139.48126892458006,35.54120127861524],[139.48137354357354,35.54066418548734],[139.48141283671237,35.54024829880633],[139.48145356052,35.54011712511699],[139.48150827992106,35.54002204704072],[139.48163446258417,35.539879264678454],[139.48184624608018,35.53975202181103],[139.48218216599446,35.539605294226114],[139.48228944792606,35.539558437081915],[139.48271206687178,35.539426723114694],[139.48351296682566,35.53927857521333],[139.48383593921773,35.53910620811348],[139.48390686524414,35.539157474837936],[139.48436473283945,35.53913782966287],[139.4845507430847,35.5391718043502],[139.48504434637567,35.53931849572928],[139.48515594503579,35.539019865008235],[139.48571086229916,35.539094769253396],[139.48583163010952,35.538972355371776],[139.48619530964726,35.53887619787431],[139.4861674521094,35.53899793959354],[139.48602257706693,35.53963142180186],[139.48640576314705,35.53971876437871],[139.48672126799354,35.53979069242741],[139.4869893230271,35.53985177388595],[139.4874490356199,35.539106843412455],[139.48805367960117,35.539195123636105],[139.48840121225606,35.53864262865162],[139.48894572284863,35.53883955846909],[139.48882465812054,35.53904246368593]]]]}},{"type":"Feature","properties":{"area_id":"14117144001","city":"横浜市","ward":"青葉区","town":"美しが丘西","chome":"1","num_households":712},"geometry":{"type":"MultiPolygon","coordinates":[[[[139.54520972203568,35.58981833134951],[139.5451562877932,35.58983183210531],[139.54497787939113,35.589751237205434],[139.54484414266432,35.58973338625553],[139.54461879801693,35.58976042219564],[139.54459132541425,35.589764017694606],[139.5445820317886,35.589765226872906],[139.54433125644556,35.58972505623643],[139.544103541862,35.589697230158265],[139.54389595725127,35.58969363708747],[139.5437441706835,35.589714966084095],[139.54369509160253,35.58972185375704],[139.54368495664434,35.589723275421704],[139.54339317355442,35.58982539101534],[139.54312615808846,35.5898303517593],[139.54299059820542,35.589851928684816],[139.5428233506304,35.589905013792766],[139.5426715509766,35.58997175943296],[139.54263715625643,35.590000478608786],[139.54257604318713,35.59005149194571],[139.54240747640412,35.59024917840086],[139.5423090994882,35.59045537504059],[139.5422325176298,35.59075566966553],[139.5421489238373,35.59089623878056],[139.54203045065393,35.59105024207516],[139.54187687626407,35.5911659248746],[139.54168161121476,35.59129545113387],[139.54151436831916,35.59146563997236],[139.54131794216457,35.591629667664556],[139.54112547389104,35.59174779114614],[139.54086129811213,35.59179423194871],[139.54014133207508,35.59182295663942],[139.53990015804888,35.59182022705057],[139.53985600455542,35.59181538522932],[139.53968546358888,35.59179668325221],[139.5394788702066,35.59175055327918],[139.53924472318815,35.59175967027493],[139.53904424364725,35.59178647370129],[139.53878098703717,35.59185389969688],[139.53874463007244,35.59186321103123],[139.5385969980131,35.591913871265305],[139.53834412691432,35.59199860653798],[139.5381424232439,35.59204128405103],[139.53807189073905,35.59204234674074],[139.53791277975668,35.59204474124793],[139.53791984652253,35.591614884871966],[139.53798281859252,35.59145740445991],[139.53806404707473,35.591293560170136],[139.53817120350905,35.59113016657037],[139.53820631877224,35.59108726029517],[139.5386660714524,35.59052551431516],[139.53877105097013,35.59043200762494],[139.53879064162064,35.59041455424571],[139.53826042461716,35.59001001472667],[139.53785194947156,35.5896983688876],[139.53772215217157,35.58956411691084],[139.53763201408825,35.589429607971034],[139.53760031166763,35.58932907907135],[139.53747492976208,35.58892516560725],[139.537303693928,35.58838889581848],[139.5372731327469,35.58831794285561],[139.5372056004328,35.588161201895296],[139.53711521049576,35.58800229207323],[139.5369860247411,35.58785490733423],[139.53776557515747,35.587578015153944],[139.53850143519205,35.587347734302035],[139.53850925680644,35.58734824675275],[139.53872142907235,35.58736875981251],[139.53906715502342,35.587438326093576],[139.5393141737815,35.58754923490843],[139.53953872979676,35.58769660229965],[139.5397543132605,35.58779335035585],[139.53987140405823,35.58782380699854],[139.54024320998786,35.587840020085686],[139.54046733246525,35.5878228504745],[139.54067301759264,35.58779577549419],[139.54080447946978,35.58775046027239],[139.5411471382189,35.58769178000176],[139.54136245946998,35.58764025753262],[139.54151134790789,35.587585406435615],[139.5416325927105,35.58751577184199],[139.54174663462064,35.587417986937425],[139.5420582349919,35.58705987873122],[139.54212250192163,35.58726400117475],[139.5421984828976,35.58742864657413],[139.54227477306108,35.587555758796555],[139.54239932656452,35.58782456478985],[139.54249035677822,35.58797033789098],[139.54253175173784,35.5880143078632],[139.54261444612706,35.588086896203635],[139.54275859578334,35.5881330135118],[139.54289536118716,35.58814707130432],[139.54345398507837,35.58821769609964],[139.54355125038003,35.58824827839266],[139.54371967037193,35.588365997326015],[139.54377703686285,35.588596579587346],[139.54370098385093,35.58870311886426],[139.54342665903235,35.58885393643125],[139.5433456996975,35.58901239664621],[139.5433647647297,35.58905680597227],[139.54337538780015,35.58908151365245],[139.5433939840957,35.58912479515251],[139.5435243060156,35.58916897603727],[139.5438062338545,35.58917605589205],[139.544318322007,35.58918361048145],[139.54447763307496,35.58922757802676],[139.54460347571268,35.589295056787556],[139.5448039742244,35.589405702014325],[139.5449733796307,35.58957493368963],[139.54520972203568,35.58981833134951]]]]}},{"type":"Feature","properties":{"area_id":"14117144002","city":"横浜市","ward":"青葉区","town":"美しが丘西","chome":"2","num_households":1476},"geometry":{"type":"MultiPolygon","coordinates":[[[[139.5369413623107,35.59168084834498],[139.53661984935363,35.59138103059656],[139.53650195901582,35.59128550065785],[139.5363812574957,35.591209998542226],[139.5362550332402,35.5911827199746],[139.5361308010962,35.591194211915585],[139.53594983614394,35.59124799271962],[139.53570402917552,35.59130471317881],[139.53539634471795,35.59136004992819],[139.5352938692114,35.59135134874323],[139.53508558864678,35.59137770462913],[139.53499121378695,35.59141085098643],[139.5348455246037,35.59159495657899],[139.53465824951257,35.59169364758206],[139.5343949722358,35.59179352488247],[139.5341989398835,35.59187585559767],[139.5340438553467,35.59190688002428],[139.5338214230542,35.59191805576257],[139.53344699687656,35.59187660421728],[139.53332089373342,35.59188615161152],[139.53306577095603,35.5919482644763],[139.532809063083,35.59203628723054],[139.53276107890727,35.592055250331576],[139.53254853946856,35.59206182369693],[139.53231835967566,35.59206894047281],[139.53211889978934,35.59204059440534],[139.53198429935887,35.59206300552772],[139.5318800599656,35.59212827397498],[139.5317697360804,35.59222993021244],[139.53164687156382,35.59229004456211],[139.53154240255364,35.59232443049862],[139.5314483554543,35.59235535927614],[139.53134218411736,35.59244142814431],[139.5309216538089,35.59264790554803],[139.53078139519022,35.59269639171852],[139.53064827334535,35.592726516056004],[139.53051224657455,35.5927093815177],[139.53016201021182,35.59263699623683],[139.52997128064854,35.59260240141297],[139.52968704381485,35.5926385897976],[139.5295817885539,35.5926292416025],[139.52942364138173,35.592568073771574],[139.52934474183394,35.59253717332086],[139.529135345792,35.592491368028284],[139.52888525667314,35.59241109601575],[139.52875210877488,35.5923509760499],[139.52861197467308,35.59231421768038],[139.527703122296,35.59235907682],[139.5275938943347,35.592374716369484],[139.52745172795923,35.59243681905349],[139.52734304776794,35.592461475133796],[139.52695850713212,35.59252423256384],[139.52678050522965,35.59258980292234],[139.5267061599871,35.592631339221896],[139.526388960283,35.5928511949041],[139.52629424440786,35.59291028600595],[139.5262914195722,35.59278559854651],[139.52626198091323,35.59266489504496],[139.52617371674867,35.59248337597559],[139.52610703776503,35.59238447862966],[139.52605711111508,35.592244287845745],[139.52603357601524,35.59213014768829],[139.5260415061058,35.591965667271474],[139.52611886951945,35.59171911252334],[139.52611201903147,35.591667161159485],[139.52611460549326,35.59161009251315],[139.52618956671975,35.59144011256811],[139.52620958194234,35.59136256126672],[139.52625024840626,35.59130678620812],[139.52658702595005,35.59104958508753],[139.52673097110997,35.59092650343983],[139.52696703331543,35.59059887451677],[139.52697956905178,35.59041285677856],[139.52705426786733,35.5903399504404],[139.52719279647852,35.59028128813334],[139.52734435267678,35.59023720078346],[139.52763512234048,35.59012984025927],[139.5278502698472,35.58998017809146],[139.5278450182595,35.58986957021345],[139.52780027073103,35.58968175377545],[139.52771150089737,35.58946833491385],[139.5276720862392,35.58928961597343],[139.52773729791184,35.58907440129361],[139.5278195870574,35.58894285385297],[139.5280818569053,35.58859585268032],[139.52813550399478,35.58848634495721],[139.52813842359592,35.58829481080335],[139.5281633397413,35.588082874594946],[139.52820972070427,35.58787687332204],[139.52818148450586,35.58776870826264],[139.52814313193758,35.58777149884069],[139.5278638648664,35.587888747299345],[139.52772853585924,35.5878828779941],[139.52764334564844,35.587841115678394],[139.52760155768374,35.58778865343202],[139.52760386595708,35.587736653754185],[139.52776029904615,35.5875927233362],[139.527772219338,35.587517757528516],[139.52769453394555,35.58741200182026],[139.52681932360932,35.58742507101733],[139.5267295985155,35.58749399582587],[139.5265000596478,35.587523484302245],[139.5263869589766,35.58747608605866],[139.5268079068533,35.58706431637653],[139.5270375580645,35.58690170025037],[139.52730154823323,35.58676026014101],[139.52737448281678,35.586737030441654],[139.52739875035886,35.586759977620346],[139.52745929209388,35.58681713588687],[139.52758212691518,35.586888957333215],[139.52775814608665,35.58697446865365],[139.52796081648242,35.58704532863563],[139.52829633993682,35.587126699159704],[139.52903092206137,35.58727885794379],[139.5298897004263,35.58741734501792],[139.53175085353348,35.587762648997],[139.53335811119612,35.588054936930064],[139.5333522209069,35.588073934666795],[139.53426890259212,35.58817816837717],[139.53458969982344,35.588204765551886],[139.53494936806132,35.58822797210442],[139.53548637844776,35.58821428873715],[139.53589396056518,35.58816081758485],[139.5361215028314,35.58811046025556],[139.5364822010766,35.588029163699005],[139.5369860247411,35.58785490733423],[139.53711521049576,35.58800229207323],[139.5372056004328,35.588161201895296],[139.5372731327469,35.58831794285561],[139.537303693928,35.58838889581848],[139.53747492976208,35.58892516560725],[139.53760031166763,35.58932907907135],[139.53763201408825,35.589429607971034],[139.53772215217157,35.58956411691084],[139.53785194947156,35.58969836888759],[139.53826042461716,35.59001001472667],[139.53879064162064,35.59041455424571],[139.53877105097013,35.59043200762494],[139.5386660714524,35.59052551431516],[139.53820631877224,35.59108726029517],[139.53817120350905,35.59113016657037],[139.53806404707473,35.591293560170136],[139.53798281859252,35.59145740445991],[139.53791984652253,35.591614884871966],[139.53791277975668,35.59204474124793],[139.53756649467434,35.592058372238206],[139.5374914599539,35.59203699378122],[139.5371872551648,35.59186576945603],[139.5369956441246,35.5917306975243],[139.5369413623107,35.59168084834498]]]]}},{"type":"Feature","properties":{"area_id":"14117144003","city":"横浜市","ward":"青葉区","town":"美しが丘西","chome":"3","num_households":1780},"geometry":{"type":"MultiPolygon","coordinates":[[[[139.53678029205716,35.58631425137818],[139.53687898333732,35.58662311973163],[139.53702159787434,35.58674536205728],[139.53716092732742,35.586847034870495],[139.53730482704222,35.58701308178657],[139.5376104184911,35.58723620990448],[139.53764296087465,35.58727790707176],[139.53776557515747,35.587578015153944],[139.5369860247411,35.58785490733423],[139.5364822010766,35.588029163699005],[139.5361215028314,35.58811046025556],[139.53589396056518,35.58816081758485],[139.53548637844776,35.58821428873715],[139.53494936806132,35.58822797210442],[139.53458969982344,35.588204765551886],[139.53426890259212,35.58817816837717],[139.5333522209069,35.588073934666795],[139.53335811119612,35.588054936930064],[139.53175085353348,35.587762648997],[139.5298897004263,35.58741734501792],[139.52903092206137,35.58727885794379],[139.52829633993682,35.58712669915969],[139.52796081648242,35.58704532863563],[139.5277581460867,35.58697446865365],[139.5275821269152,35.586888957333215],[139.52745929209388,35.58681713588687],[139.52739875035886,35.586759977620346],[139.52737448281678,35.586737030441654],[139.52730154823323,35.58676026014101],[139.5270375580645,35.58690170025037],[139.5268079068533,35.587064316376484],[139.5263869589766,35.58747608605866],[139.52634495773242,35.587446403845696],[139.52632649416825,35.58743336459367],[139.52617538827076,35.5874393891003],[139.52610293015346,35.58729111248934],[139.52613908446878,35.58723687588724],[139.52624179723404,35.58717041309541],[139.5263610294627,35.58704959337206],[139.52641554953368,35.5869832552957],[139.52643488758486,35.58691932848954],[139.5263471706417,35.58682773647418],[139.52634024270228,35.5867395527891],[139.52649821896688,35.58660312758533],[139.52652799327063,35.58649778398695],[139.52648149578857,35.58632362229323],[139.52648713159428,35.58628127984975],[139.52649336286427,35.58623464107563],[139.5264967563609,35.586209263148724],[139.5265227566253,35.586053418453005],[139.5265579022531,35.58599784056327],[139.5268397382212,35.585833102857016],[139.52701406223304,35.58575618715225],[139.52706426792335,35.585542025207666],[139.5270979865757,35.5854420437081],[139.52707847215257,35.58532481501849],[139.52710550455214,35.58527182155627],[139.5272398519088,35.58521681143062],[139.52730792767954,35.585024525617385],[139.5274550072066,35.58490807050713],[139.5275356214336,35.58478525100462],[139.5277740105621,35.58471015175457],[139.52796919069542,35.58446804843861],[139.52795103312792,35.58437370949323],[139.52799110326748,35.584263780491156],[139.528105792145,35.58415762930735],[139.5283060260309,35.584009690262825],[139.52838514439074,35.583997531357156],[139.5286222627555,35.58400158045677],[139.52889083759175,35.583979547109834],[139.52898368359544,35.58392168443456],[139.52908278646206,35.583988375337555],[139.5291543200459,35.583964507145936],[139.52919417726747,35.58398548757535],[139.52933714404915,35.58420545128412],[139.52981831158414,35.58369875929541],[139.53023779645326,35.58317420056666],[139.53032361802326,35.58304663904716],[139.53070530786206,35.58248976860812],[139.5309058826061,35.58216806701787],[139.5311797548753,35.58233575319721],[139.53136263480587,35.582429622855926],[139.53162184196123,35.582542838336146],[139.53185437145913,35.58261475420714],[139.5328753230127,35.58288827528996],[139.53287747604668,35.58288884400622],[139.53353803145285,35.583074034257805],[139.5339308295793,35.58320194045818],[139.5342517226642,35.58335001693295],[139.53427678572666,35.58332729905304],[139.53444542870298,35.58317455336526],[139.53466865752472,35.582871103644614],[139.53469845828775,35.58283751671158],[139.53493239951763,35.582573809805425],[139.5349581033012,35.58254060005313],[139.53524119018968,35.58217480261889],[139.53526703185997,35.58218592131334],[139.53539451843065,35.58224347614546],[139.53542491356973,35.58235937500968],[139.53545087905474,35.58245837950385],[139.53546144936033,35.582498683958626],[139.53550659291767,35.5825753433884],[139.53559422589356,35.58272415820909],[139.53562914437558,35.582783455690574],[139.53571194451223,35.582931838223274],[139.53583774288487,35.583158306152455],[139.53588886219708,35.583250332436116],[139.5359240878616,35.58331374840125],[139.53593801008537,35.58332908045387],[139.53595505392474,35.58334604638631],[139.53597135600307,35.58336253682213],[139.53597684241404,35.58336667141359],[139.5359945810964,35.58338003337541],[139.5360136785123,35.58339129489832],[139.53604632839549,35.58340820715778],[139.5360682473584,35.583419560302545],[139.53610541172185,35.58343789912652],[139.5361394044074,35.583456315997125],[139.53617164167952,35.58347500968579],[139.53620021031762,35.58349357830548],[139.53621509597178,35.583504075783225],[139.53622928501173,35.58351573731614],[139.53624020007675,35.58352470721794],[139.53625635512938,35.58353798328844],[139.53627436061177,35.583553536541665],[139.53629268564015,35.583572484431286],[139.5363109002899,35.58359269683579],[139.53632056561943,35.58360490238788],[139.53632528834459,35.58361086653261],[139.5363440344615,35.583634537905596],[139.53635905335176,35.58365350245234],[139.53638983638567,35.58369023349029],[139.53640356204417,35.583706313746845],[139.53642351381407,35.58372959689757],[139.53644511598,35.58373318056175],[139.5365067247246,35.58374340382432],[139.5365405592663,35.583749017156975],[139.53657238604632,35.583754297135144],[139.5366021078347,35.58375711170319],[139.5366407750451,35.58376077334186],[139.53678422297338,35.58376022261568],[139.53682708990826,35.583763913705475],[139.53686385099112,35.583767077135334],[139.5369410933023,35.58377785382667],[139.5369801856673,35.58378330601993],[139.53706987942223,35.583796073187166],[139.5371798346606,35.58381881379923],[139.53733182713785,35.58385427329633],[139.53737134583264,35.58387076288877],[139.53744060157803,35.583904490053044],[139.53750401158678,35.58393839328344],[139.537578996331,35.583978487407684],[139.5376876518187,35.58405042451032],[139.5376996041016,35.5840583377557],[139.53773750676456,35.584083430872234],[139.53777811282245,35.584126920297976],[139.53790996793066,35.58426831843787],[139.5380337503307,35.58440716114682],[139.5380759968113,35.58445741738295],[139.53802016457024,35.584489528471494],[139.53788000202056,35.58457013779088],[139.53782941096884,35.58459923244419],[139.5378316099629,35.58460584120032],[139.53784765961296,35.58465411817424],[139.53789622241524,35.58480017745562],[139.53794728549374,35.5849537533775],[139.5376501843341,35.58508373768594],[139.53751293520048,35.58514378488522],[139.53748287139817,35.58523472185436],[139.53740367506913,35.58547427015463],[139.5373258608114,35.585709635728854],[139.53729646539986,35.58579854646102],[139.53725361010024,35.585870921101204],[139.53720319774854,35.58595605721933],[139.5371349841677,35.58601619198926],[139.5370869585872,35.58605852918599],[139.53712741130008,35.58607991295952],[139.5371902107361,35.586151611458355],[139.53723884781135,35.58626429543417],[139.53725046999216,35.586304999376644],[139.53716565086722,35.58636406440158],[139.53704912530847,35.58644512011751],[139.53699932094523,35.58648555990728],[139.53690739208895,35.58627802289703],[139.53679140369155,35.586311991530316],[139.53678029205716,35.58631425137818]]]]}},{"type":"Feature","properties":{"area_id":"14117147001","city":"横浜市","ward":"青葉区","town":"あざみ野南","chome":"1","num_households":643},"geometry":{"type":"MultiPolygon","coordinates":[[[[139.55519234673713,35.56525647855859],[139.5550794293356,35.5653043858649],[139.5550290823423,35.56534599328763],[139.55495032117457,35.56541109044837],[139.55487966303585,35.56560566916146],[139.5548331248653,35.565673621336],[139.55467620899262,35.56574656730395],[139.55440012670684,35.56573642946357],[139.55431481755295,35.56529858903086],[139.5536323290042,35.56537631559461],[139.55342635549493,35.564255852660196],[139.55321148700662,35.56308681717663],[139.55287099548528,35.56123412597159],[139.55286833306042,35.56121963772121],[139.55280216314674,35.5608595740325],[139.55279851516445,35.56083797008005],[139.55276286391066,35.560626818868144],[139.55265540731227,35.55998103886489],[139.55255033528667,35.559349594875506],[139.5525277801119,35.558902031466815],[139.55252234379384,35.55879402897883],[139.5527039103727,35.55881522184877],[139.5539339943083,35.55998978884131],[139.55471370250498,35.56071157252325],[139.5553673118216,35.56122536185033],[139.555731226688,35.56151142318203],[139.55626276679303,35.56194214478989],[139.55668791861285,35.56228664296475],[139.556929836562,35.562486207821394],[139.55745200054344,35.56291695063975],[139.5577153512315,35.56313419075924],[139.55754414581028,35.563279429300074],[139.5574668528221,35.56334498728863],[139.55748427893187,35.56349624892987],[139.55777528489753,35.563700555329056],[139.55754589277785,35.56393699111095],[139.55710848950324,35.56438779972985],[139.55709783559755,35.56445333402852],[139.5570726617095,35.565269275034865],[139.55664333430164,35.56533090290721],[139.55577799939644,35.56534210431645],[139.55562388345945,35.56542181634548],[139.55547321725,35.565308100834194],[139.555421511561,35.565269077296534],[139.55532204369422,35.56525367551007],[139.55519234673713,35.56525647855859]]]]}},{"type":"Feature","properties":{"area_id":"14117147002","city":"横浜市","ward":"青葉区","town":"あざみ野南","chome":"2","num_households":668},"geometry":{"type":"MultiPolygon","coordinates":[[[[139.55286833306042,35.56121963772121],[139.55287099548528,35.56123412597157],[139.55321148700662,35.56308681717663],[139.55342635549493,35.564255852660196],[139.5536323290042,35.56537631559461],[139.55285885683776,35.56546442594493],[139.55258523901853,35.565495589474494],[139.55260810631816,35.56563552587732],[139.55227677113487,35.565683667735016],[139.5521655283382,35.5654680036132],[139.55197672891822,35.56527451901961],[139.55128162912627,35.564875370143845],[139.55047850474574,35.564408894603396],[139.54968966792134,35.564023709328715],[139.54949557009337,35.5638686554172],[139.5493762056109,35.56374718896141],[139.54926474234952,35.5635601827152],[139.54920303948546,35.56338874845593],[139.5491747541058,35.56322323617486],[139.54916545726618,35.563086253664416],[139.54919211889947,35.56291896820144],[139.5492655371749,35.562726687881806],[139.54935853940154,35.562577197080444],[139.5495532692048,35.56235731436142],[139.54986958298846,35.56204483346301],[139.5500747651098,35.561835607191426],[139.55020343376196,35.561652117046535],[139.55031806147775,35.56141898023908],[139.5503806890264,35.56121388807653],[139.55047236433572,35.560848941688285],[139.55102736716353,35.56092131694328],[139.55109751244078,35.56063642236347],[139.55186427796502,35.56053834162295],[139.55192281557777,35.56064199356198],[139.5519361853732,35.56086465517691],[139.55194110996868,35.56094688036994],[139.55230427801163,35.5609208881277],[139.5525287329164,35.56089697062675],[139.55280216314674,35.5608595740325],[139.55286833306042,35.56121963772121]]]]}},{"type":"Feature","properties":{"area_id":"14117147003","city":"横浜市","ward":"青葉区","town":"あざみ野南","chome":"3","num_households":362},"geometry":{"type":"MultiPolygon","coordinates":[[[[139.55047236433572,35.560848941688285],[139.5503806890264,35.56121388807653],[139.55031806147775,35.56141898023908],[139.55020343376196,35.561652117046535],[139.5500747651098,35.561835607191426],[139.54986958298846,35.56204483346301],[139.5495532692048,35.56235731436142],[139.54935853940154,35.562577197080444],[139.5492655371749,35.562726687881806],[139.54919211889947,35.56291896820144],[139.54916545726618,35.563086253664416],[139.5491747541058,35.56322323617486],[139.54920303948546,35.56338874845593],[139.54926474234952,35.5635601827152],[139.5493762056109,35.56374718896141],[139.54949557009337,35.5638686554172],[139.54968966792134,35.564023709328715],[139.55047850474574,35.564408894603396],[139.55128162912627,35.564875370143845],[139.55105954225095,35.565136070065975],[139.55036121593793,35.564810142616],[139.5494923349009,35.56440600336792],[139.5490706398366,35.56438090256189],[139.54917683569283,35.564662080553795],[139.54879388268122,35.564739139697544],[139.54797079479394,35.564904738742605],[139.54683886496446,35.56496077467276],[139.546818780505,35.56496174960457],[139.54677928734574,35.56481057538463],[139.54650246222346,35.56478639813855],[139.54625125654326,35.564750100049906],[139.54600513471982,35.564816481046535],[139.54579497461137,35.565008890449874],[139.54553593976888,35.564866345865894],[139.5459494048722,35.56448873237773],[139.5461931917531,35.56415342070544],[139.54637054009032,35.563784502422614],[139.54639359394554,35.56366417862512],[139.54642685599012,35.56349064350945],[139.54635092527852,35.56275009513284],[139.54617018449198,35.56182726635728],[139.54609234643894,35.56142978072038],[139.54603623844375,35.561203706206],[139.54598244684877,35.56098696834922],[139.5458890484065,35.56061063498322],[139.5458409515804,35.55990836842121],[139.546381486649,35.55982479760248],[139.54680647866942,35.55981851768629],[139.54782790808505,35.55985042300161],[139.54780670376687,35.56050108479127],[139.548808463197,35.56063180260938],[139.54912640577749,35.56067328286318],[139.55047236433572,35.560848941688285]]]]}},{"type":"Feature","properties":{"area_id":"14117147004","city":"横浜市","ward":"青葉区","town":"あざみ野南","chome":"4","num_households":430},"geometry":{"type":"MultiPolygon","coordinates":[[[[139.54553593976888,35.564866345865894],[139.5451553905326,35.564656897436066],[139.5447761842664,35.56496111019319],[139.54446202064045,35.56467956922677],[139.54415342122627,35.56440300508256],[139.54383878990453,35.56412103862458],[139.54353154891686,35.563845673557026],[139.54328212399017,35.56362213302933],[139.54237510330938,35.562757755750724],[139.54227143215783,35.56266117444742],[139.54192831954913,35.562347023110796],[139.54239215811282,35.56173885607234],[139.5426886724309,35.56135156379667],[139.54239116726657,35.56119497319102],[139.54179307614208,35.560870729248094],[139.54139517616946,35.56065498986129],[139.54196294428257,35.56007304640396],[139.54232495772234,35.560274472621415],[139.54251969465537,35.56038282319448],[139.54289314956569,35.56059061337532],[139.54304187492417,35.56064973637709],[139.54329274418382,35.56069097119948],[139.5436519062,35.56068880500067],[139.544258237929,35.560685117816355],[139.54448866843308,35.560647220436564],[139.54477941801113,35.56059939735327],[139.5458890484065,35.56061063498322],[139.54598244684877,35.56098696834922],[139.54603623844375,35.561203706206],[139.54609234643894,35.56142978072038],[139.54617018449198,35.56182726635728],[139.54635092527852,35.56275009513284],[139.54642685599012,35.56349064350945],[139.54639359394554,35.56366417862512],[139.54637054009032,35.563784502422614],[139.5461931917531,35.56415342070544],[139.5459494048722,35.56448873237773],[139.54553593976888,35.564866345865894]]]]}},{"type":"Feature","properties":{"area_id":"141171480","city":"横浜市","ward":"青葉区","town":"みすずが丘","chome":"","num_households":403},"geometry":{"type":"MultiPolygon","coordinates":[[[[139.54192831954913,35.562347023110796],[139.54175011680985,35.56257823147868],[139.5417285419331,35.56256854753157],[139.5417194364444,35.56258016259442],[139.54163133549895,35.56268881700057],[139.54152942009497,35.56281415609085],[139.54150837823306,35.562840033210406],[139.54138326905442,35.562993895223094],[139.54135123807305,35.56303328848127],[139.5413268800309,35.563063245076044],[139.54133298452018,35.56306666079863],[139.54111351121531,35.56334132256775],[139.54042161816525,35.56421219084807],[139.53999365153604,35.56472396916238],[139.53960835335369,35.56448639316257],[139.5392312419136,35.56427848162082],[139.53870860558334,35.56406634128732],[139.5386701038636,35.564054593311184],[139.53895219292076,35.56370600971982],[139.5392370491039,35.56335398289686],[139.53927709028312,35.563304506364844],[139.5391038627269,35.56321697798402],[139.5389563286398,35.56313753853139],[139.53946109136598,35.56248793101659],[139.5396114988097,35.562294367490274],[139.53902926746565,35.562009905501014],[139.53899567392273,35.561993520464604],[139.53878296044775,35.56208637506362],[139.5387988225483,35.56200325038648],[139.5388395085593,35.56193648911814],[139.53911375655565,35.5617141093662],[139.53914720454344,35.56159979781393],[139.5391450205138,35.56147360251345],[139.53920908772008,35.56135313270761],[139.53918757232995,35.561187206986325],[139.5391792136251,35.56112275411921],[139.53914539934237,35.56109647596665],[139.53899488686685,35.560979601391836],[139.53896639175295,35.56090696607828],[139.53898500803155,35.560830713470395],[139.53906940022506,35.5607782103494],[139.53918686432812,35.560730857334136],[139.53932896067624,35.560483436019425],[139.5393827058879,35.56043937972133],[139.53944709594901,35.56020176727654],[139.53952261094486,35.559962104444296],[139.53949631793898,35.559806169283696],[139.53920329291546,35.55958884895215],[139.53908877923965,35.55952586177149],[139.53897524354687,35.55953048041491],[139.53890189999285,35.55947949302913],[139.53883712558124,35.559470884937056],[139.53883770266035,35.55936694903558],[139.5395847126695,35.55928690664983],[139.5399773873402,35.55924479835841],[139.5401174390522,35.559229786956884],[139.5403626561467,35.55895500895931],[139.5405362604924,35.55866762842472],[139.54074658579265,35.55864172943754],[139.54083308439752,35.55863662266011],[139.54086921746494,35.558582909505255],[139.5409978806507,35.558835356021056],[139.54094535639604,35.55938143242362],[139.5409283914028,35.559460366131134],[139.5409390501385,35.55953264223207],[139.54097997591776,35.55962305291793],[139.54098020646896,35.560112851910496],[139.54099798127547,35.560406365558535],[139.5410092339493,35.560445792156564],[139.54139517616946,35.56065498986129],[139.54179307614208,35.560870729248094],[139.54239116726657,35.56119497319102],[139.5426886724309,35.56135156379667],[139.54239215811282,35.56173885607234],[139.54192831954913,35.562347023110796]]]]}},{"type":"Feature","properties":{"area_id":"14117149001","city":"横浜市","ward":"青葉区","town":"奈良","chome":"1","num_households":313},"geometry":{"type":"MultiPolygon","coordinates":[[[[139.48700055481527,35.55639008256232],[139.4868724972172,35.556809018477715],[139.48673923175207,35.55723121434026],[139.4866464581995,35.557516317648876],[139.48656258201382,35.557821233969726],[139.48644568286372,35.55780919493586],[139.48643254323807,35.5578084162597],[139.4863757428545,35.55811496259068],[139.48622803666447,35.558362261230876],[139.48554600042362,35.557987026456196],[139.48513951260932,35.55776338439123],[139.48496720493853,35.557699700526236],[139.48471855500284,35.55760775949973],[139.4842723184153,35.557508464763075],[139.48400263699924,35.557477621972154],[139.48350391117154,35.5574205644143],[139.48363217866148,35.55672385739446],[139.48364393984943,35.556660054861794],[139.48367165594144,35.55650905158752],[139.4837907175413,35.55584780731803],[139.4838064144448,35.5557605681538],[139.48386646297396,35.555427095735325],[139.48388074835893,35.55527777661115],[139.48391051546227,35.55496653663937],[139.48391648977812,35.554681633592665],[139.48391507605896,35.554590434757145],[139.48390916081166,35.55420556876925],[139.483902316812,35.553761617139905],[139.48389915549916,35.55355654321228],[139.48438363668566,35.553539120969965],[139.4844085261486,35.55353820987669],[139.48565395543548,35.553614690948976],[139.48690738372494,35.55378058084228],[139.48742306725518,35.553848842711425],[139.4875128396199,35.553861284153456],[139.48870807988126,35.55402692030905],[139.48839829385037,35.55437246924913],[139.4881743882277,35.55462626888264],[139.48792605740198,35.554908444219826],[139.4873485078155,35.5555535370168],[139.48713856124812,35.55595698476559],[139.48700055481527,35.55639008256232]]]]}},{"type":"Feature","properties":{"area_id":"14117149002","city":"横浜市","ward":"青葉区","town":"奈良","chome":"2","num_households":650},"geometry":{"type":"MultiPolygon","coordinates":[[[[139.49025802519836,35.549224166413495],[139.49015619580967,35.54943977116485],[139.49021240378391,35.54970267318174],[139.4901210647279,35.55005531146892],[139.4900214231045,35.55038929803303],[139.49002182428404,35.55046704250228],[139.49002255619754,35.55060872953038],[139.4901265146614,35.55074304575575],[139.4901212529758,35.55087584105972],[139.4901066915075,35.551244268677664],[139.49009584240486,35.55145954513111],[139.4900902071636,35.551568748743634],[139.49002976592195,35.55228382198934],[139.4899570171567,35.55251979411283],[139.4897647202978,35.55287614784366],[139.48931910775863,35.55336702675839],[139.4890215817243,35.55368831801298],[139.48870807988126,35.55402692030905],[139.4875128396199,35.553861284153456],[139.48742306725518,35.553848842711425],[139.48690738372494,35.55378058084228],[139.48565395543548,35.553614690948976],[139.48573371778602,35.553229166034036],[139.48580584439222,35.55288048715272],[139.48587863088795,35.55252867653211],[139.48594875533283,35.55218967431084],[139.4860299902034,35.55179704487665],[139.48611150870585,35.551402937982544],[139.4861855036049,35.55104521611933],[139.48625808843988,35.55069428441213],[139.48617943723892,35.55068306364448],[139.48641631013066,35.549482692129374],[139.48645767650382,35.54927190908577],[139.48648633333488,35.54912587314293],[139.48648686339007,35.54912316356561],[139.48656061920417,35.5487695950166],[139.4866074959537,35.54854988454178],[139.4867719843111,35.54858396695202],[139.48679644905909,35.54861586924799],[139.48704975890726,35.54881594902316],[139.48716232188687,35.5488564947337],[139.4876455076933,35.54899025463619],[139.48789328477616,35.54904961733949],[139.48799985873276,35.54905496973434],[139.48818860651167,35.54901366707498],[139.48824418087037,35.548960208382255],[139.4883221888305,35.548935335298424],[139.48847594310678,35.54893075761105],[139.4887379252524,35.548993576156214],[139.48919670525603,35.54911211692379],[139.48937502583416,35.549115990920754],[139.4896240660021,35.549212957839316],[139.4902521344766,35.54916548942034],[139.49025802519836,35.549224166413495]]]]}},{"type":"Feature","properties":{"area_id":"14117149003","city":"横浜市","ward":"青葉区","town":"奈良","chome":"3","num_households":1005},"geometry":{"type":"MultiPolygon","coordinates":[[[[139.48565395543548,35.553614690948976],[139.4844085261486,35.55353820987669],[139.48438363668566,35.553539120969965],[139.48389915549916,35.55355654321228],[139.48389722255482,35.55343090734181],[139.48389267937551,35.55313695853583],[139.4838912504445,35.55304417775745],[139.483890831462,35.55301674687135],[139.4838453856049,35.552527016751704],[139.4837436843559,35.55218218240947],[139.48370391977235,35.55207657542077],[139.4830646438987,35.550946389929706],[139.48305758642613,35.550928859500544],[139.48305655404178,35.550926296528694],[139.48300665024095,35.55080234855567],[139.48291842568753,35.55055022691398],[139.48288759469307,35.550317853754976],[139.48288037244137,35.5499971750642],[139.4828887214808,35.54994973786176],[139.4829852045951,35.54940212482892],[139.483047019312,35.54909306196266],[139.48304994916717,35.54907835244814],[139.48267010011128,35.54908288025381],[139.4824858352871,35.54908508810611],[139.48239756537288,35.549086145227356],[139.48252749112257,35.54891295138782],[139.4826618126558,35.54866544295225],[139.48267209947178,35.54862336165845],[139.4827001366091,35.54833891368794],[139.48267356583176,35.54828633743129],[139.48243768329618,35.54788754495207],[139.48242148658392,35.547837249417746],[139.48246341316369,35.54752439522825],[139.48267672551862,35.547560104584626],[139.48331729148484,35.54767646111766],[139.4833952133771,35.54769102533564],[139.48369960914764,35.547821405045475],[139.48389901908934,35.54791872372868],[139.4839318208124,35.54791547703412],[139.48411282157795,35.54777194044787],[139.48431999202444,35.54773907566932],[139.48458847363347,35.547746573094045],[139.48488619594397,35.547807536586255],[139.48502468047073,35.54784168310621],[139.48531985447684,35.54783922475748],[139.4853443770844,35.547852712769526],[139.48537254499368,35.5479800811739],[139.48544212674963,35.54800543088957],[139.4857952229896,35.54835489051196],[139.48597522727877,35.54844253905316],[139.4866074959537,35.54854988454178],[139.48656061920417,35.5487695950166],[139.48648686339007,35.54912316356561],[139.48648633333488,35.54912587314293],[139.48645767650382,35.54927190908577],[139.48641631013066,35.549482692129374],[139.48617943723892,35.55068306364448],[139.48625808843988,35.55069428441213],[139.4861855036049,35.55104521611933],[139.48611150870585,35.551402937982544],[139.4860299902034,35.55179704487665],[139.48594875533283,35.55218967431084],[139.48587863088795,35.55252867653211],[139.48580584439222,35.55288048715272],[139.48573371778602,35.553229166034036],[139.48565395543548,35.553614690948976]]]]}},{"type":"Feature","properties":{"area_id":"14117149004","city":"横浜市","ward":"青葉区","town":"奈良","chome":"4","num_households":1017},"geometry":{"type":"MultiPolygon","coordinates":[[[[139.48267010011128,35.54908288025381],[139.48304994916717,35.54907835244814],[139.483047019312,35.54909306196266],[139.4829852045951,35.54940212482892],[139.4828887214808,35.54994973786176],[139.48288037244137,35.5499971750642],[139.48288759469307,35.550317853754976],[139.48291842568753,35.55055022691398],[139.48300665024095,35.55080234855567],[139.48305655404178,35.550926296528694],[139.48305758642613,35.550928859500544],[139.4830646438987,35.550946389929706],[139.48370391977235,35.55207657542077],[139.4837436843559,35.55218218240947],[139.4838453856049,35.55252701675168],[139.483890831462,35.55301674687135],[139.4838912504445,35.55304417775742],[139.48389267937551,35.55313695853583],[139.48389722255482,35.55343090734181],[139.48389915549916,35.55355654321228],[139.483902316812,35.553761617139905],[139.48390916081166,35.55420556876925],[139.48391507605896,35.554590434757145],[139.48391648977812,35.554681633592665],[139.48391051546227,35.55496653663937],[139.48388074835893,35.55527777661118],[139.48386646297396,35.55542709573537],[139.4838064144448,35.5557605681538],[139.4837907175413,35.55584780731803],[139.48367165594144,35.55650905158752],[139.48364393984943,35.556660054861794],[139.48363217866148,35.55672385739446],[139.48350391117154,35.5574205644143],[139.48344563486575,35.55773714037714],[139.48344415384113,35.55793448817174],[139.4834439439772,35.55796297316765],[139.48352254404713,35.558865822982476],[139.48279118878236,35.55890548993249],[139.48269586786694,35.5589106500406],[139.48262731400374,35.558914361806465],[139.4821457556017,35.55894047937772],[139.48136105931275,35.55898303825148],[139.48121974945,35.558990708819444],[139.480595456464,35.55902455770722],[139.4805703462071,35.55902680606132],[139.48010209683716,35.55906880073456],[139.47968562531616,35.559080458874334],[139.4796545432249,35.55884804798287],[139.47981602910724,35.558656855752446],[139.4798950853727,35.55842006037659],[139.479946101152,35.558239623237576],[139.4800411590656,35.5580729448106],[139.48006172014345,35.55795850397898],[139.4800699575126,35.55791272119047],[139.4805957339504,35.55722490086604],[139.4808836338124,35.55684828366025],[139.48091979407383,35.556812337832305],[139.48114933622247,35.55673891376411],[139.48121870086823,35.55668729400991],[139.48125167138835,35.55648377391197],[139.48139396041603,35.556398853648524],[139.48150163579405,35.55629703402949],[139.48166848927758,35.55607324986329],[139.48180890722782,35.55576044367401],[139.48182804201548,35.555680643592126],[139.48179139319964,35.55546863829721],[139.48180303556146,35.55538269070413],[139.48190163886977,35.55517721907145],[139.4819020005516,35.55509430019174],[139.48183562267104,35.554802348638574],[139.48200766677658,35.554133416781],[139.4819219034567,35.55382073742319],[139.48204082001325,35.55334875183777],[139.48202320446157,35.55311873757308],[139.48199038962758,35.55269027798434],[139.4819723132667,35.55260645966988],[139.4819281276872,35.55255161039427],[139.48174451528675,35.55243130841099],[139.4817375892,35.55237459898762],[139.48178731378567,35.55225080976901],[139.48177732928758,35.55218881019274],[139.48167173173323,35.551964029764925],[139.48164998694756,35.55177802051308],[139.48176496098054,35.55173481165543],[139.4818393686708,35.551597681771916],[139.48183208915762,35.55138492079103],[139.48190434054627,35.55126788980307],[139.48198315490913,35.551058732994605],[139.4820040071098,35.55097506706226],[139.48198589457184,35.55089962857929],[139.4818799119341,35.55075860938424],[139.48190017960732,35.55034491881259],[139.48191961335982,35.550117168378584],[139.48217647295155,35.5494998308463],[139.48223456487403,35.54933920232955],[139.4823110299765,35.54919873394473],[139.4823975653729,35.54908614522734],[139.48248583528712,35.54908508810611],[139.48267010011128,35.54908288025381]]]]}},{"type":"Feature","properties":{"area_id":"14117149005","city":"横浜市","ward":"青葉区","town":"奈良","chome":"5","num_households":910},"geometry":{"type":"MultiPolygon","coordinates":[[[[139.4822588816499,35.56180008421164],[139.48204274238708,35.561966852405504],[139.4819918616804,35.5619881628104],[139.48189634520077,35.561962487247754],[139.48174023582484,35.561933389574925],[139.48149692568842,35.56187469695683],[139.4811189583429,35.56186834093849],[139.4810004460788,35.561849707660286],[139.48070792967405,35.56174537328274],[139.48054159025207,35.56176038341246],[139.4804587505819,35.561767858025895],[139.48008318647956,35.561724605249],[139.47980146878427,35.56167896070862],[139.4792233602626,35.56145576591881],[139.4791852214314,35.56144103767982],[139.4789142163039,35.561155117048905],[139.47885473337837,35.56102134909745],[139.47885166202917,35.561014227870494],[139.47881959913468,35.5608971620068],[139.47871610213662,35.5607182274487],[139.47863408479313,35.560618437761185],[139.47850235078417,35.560525187497134],[139.47838956298884,35.56047945850777],[139.47824889791673,35.56047198696974],[139.47804149840172,35.5605342050669],[139.47800048002344,35.56052277691576],[139.4779093213225,35.560497428577015],[139.47817590542223,35.5602751165449],[139.47824828969047,35.56018963623561],[139.47837689240143,35.55996665675232],[139.47841383423508,35.559876068418575],[139.47848604445346,35.55976164419843],[139.47879929073105,35.559568943314055],[139.47898197982357,35.55949077033047],[139.47921665906097,35.55947159001071],[139.4794069746435,35.559481534486466],[139.4797199913243,35.55931594191388],[139.47968562531616,35.559080458874334],[139.48010209683716,35.55906880073456],[139.4805703462071,35.55902680606132],[139.480595456464,35.55902455770722],[139.48121974945,35.558990708819444],[139.48136105931275,35.55898303825148],[139.4821457556017,35.55894047937772],[139.48262731400374,35.55891436180644],[139.48269586786697,35.5589106500406],[139.48279118878236,35.55890548993249],[139.48352254404713,35.558865822982476],[139.4834439439772,35.557962973167655],[139.48344415384113,35.55793448817174],[139.48344563486575,35.55773714037714],[139.48350391117154,35.5574205644143],[139.48400263699924,35.557477621972154],[139.4842723184153,35.557508464763075],[139.48471855500284,35.55760775949973],[139.48496720493853,35.557699700526236],[139.48513951260932,35.55776338439123],[139.48554600042362,35.557987026456196],[139.48622803666447,35.558362261230876],[139.48611050632425,35.55853155265541],[139.48610395191807,35.559037469832006],[139.48603185206625,35.55908908368398],[139.48567483946695,35.55923191846077],[139.4854660154324,35.55948614541002],[139.4853689382472,35.55955342466669],[139.48513699858273,35.55957716309671],[139.48436071373348,35.559704406524396],[139.48423568054045,35.559818992587196],[139.48409444625398,35.55988832142342],[139.4836193676974,35.559993686239885],[139.48348642909883,35.56002318068866],[139.48320888153975,35.56023867748386],[139.48295861689633,35.56049721262733],[139.48283095563653,35.56059598002322],[139.48267791170576,35.56076913918366],[139.4826387076967,35.56084574399534],[139.4826181107206,35.56102852945163],[139.48261761898678,35.56103275208993],[139.48254544098748,35.5615070977019],[139.48251462582027,35.561552250375975],[139.48248480726988,35.56159756860689],[139.48243022840043,35.56166394332038],[139.4822588816499,35.56180008421164]]]]}}]}