{"type":"FeatureCollection","features":[{"type":"Feature","properties":{"area_id":"141120010","city":"横浜市","ward":"旭区","town":"川島町","chome":"","num_households":2347},"geometry":{"type":"MultiPolygon","coordinates":[[[[139.56373392550103,35.484365631283374],[139.56324763513786,35.48419701826599],[139.56311613632312,35.484176717145736],[139.56291880704535,35.48416400790446],[139.56278285629045,35.484193939552604],[139.56263696422945,35.484279830986736],[139.56238879877313,35.484443261310375],[139.56230728370264,35.48451215391087],[139.56222909771404,35.48459615778431],[139.56216916248684,35.4846426723538],[139.5621195162578,35.48467019549077],[139.56205967465456,35.484689351454385],[139.56197555002413,35.484708135273436],[139.5618979191009,35.484730030289676],[139.56183394248276,35.48475530289724],[139.56176754151323,35.48479088666619],[139.56170829009673,35.484832366353345],[139.56163568911236,35.48488134972638],[139.56143201891052,35.48499234844476],[139.56136803756164,35.485019275426296],[139.561259622313,35.48505338721784],[139.5610780706367,35.48509123673153],[139.5609156891538,35.485119624135365],[139.56080185253794,35.48513305448524],[139.5607468635585,35.48512986361714],[139.56069088047053,35.48511575508621],[139.56060284224634,35.48508259359334],[139.5604642977019,35.4850447733544],[139.560094277518,35.484932226289565],[139.55999362095426,35.48489428303365],[139.56008023937179,35.48470618824245],[139.5602647012315,35.4842123224473],[139.56044207777924,35.48378815110914],[139.55929536317132,35.48364615887386],[139.5592218665076,35.4836370847517],[139.55910245834528,35.48392936416895],[139.55890595731904,35.48442624322691],[139.5588466516777,35.48467274658246],[139.5588386187044,35.48469889509379],[139.55850747825446,35.48467575340937],[139.55814558307713,35.48465046123635],[139.55800770372136,35.48471513107938],[139.55782833499788,35.484799875483084],[139.55778702673308,35.48481115389591],[139.55760571637867,35.48485690164397],[139.5573904114783,35.484929577779816],[139.55713290825656,35.484873893031896],[139.55702491781173,35.4847986881329],[139.5569134867391,35.484673126782646],[139.55697845496752,35.48458387976759],[139.5572312154845,35.48460402862962],[139.55734313177632,35.4844639403401],[139.55715716833492,35.484317297346],[139.5572690875387,35.48395782299124],[139.55721903503408,35.483847435688126],[139.55713703477318,35.483819998056504],[139.55712721386885,35.48358453489043],[139.55736172694677,35.48347130758394],[139.5574275112486,35.48333808611617],[139.55732384182676,35.483221732551456],[139.5572405835857,35.483203271377114],[139.55709804582364,35.483141648243944],[139.55705532077712,35.483097857696976],[139.55716251316971,35.482835126994445],[139.55736165118444,35.48261172137271],[139.5572977108685,35.48242806881985],[139.55728857723716,35.48236791154866],[139.55737340446157,35.4823051855759],[139.5572839784328,35.4821781254277],[139.55717819654498,35.482100567270805],[139.55713031916517,35.48194018767648],[139.5571951237357,35.481866784416624],[139.55745337863144,35.481826704360365],[139.55758498777158,35.48154220078187],[139.55773068302307,35.481423666744355],[139.5577520636703,35.481290343518225],[139.55771642618106,35.481138160975206],[139.55758513167876,35.481100119188106],[139.55749216044086,35.48080267643962],[139.5574707415011,35.48073467545825],[139.55753894497846,35.48059895933802],[139.5575833093882,35.48039773601708],[139.5576919897644,35.48036432386984],[139.55781608946236,35.48031615842619],[139.55787067436418,35.479658900298496],[139.557828572046,35.47964053081144],[139.55782031379917,35.47957615050512],[139.55797554936706,35.47965526543246],[139.55809855603428,35.4796430102731],[139.55814103087988,35.47962187578397],[139.5585349151156,35.479558442409854],[139.5587799002602,35.479507451101405],[139.55921871866934,35.479364299358025],[139.5595365997844,35.47922863000823],[139.55974700731372,35.47914954738247],[139.55983826175634,35.47911524821969],[139.5599081608316,35.47909963534769],[139.5601747023546,35.47900916175314],[139.5607024149789,35.47881193461342],[139.56101886770082,35.47872167799958],[139.56106399476056,35.47867953028899],[139.56114064850885,35.47872241409055],[139.5612281247942,35.47896883123802],[139.5611154744539,35.479271372231345],[139.56107877018408,35.47934251558809],[139.56139606310293,35.479355107283254],[139.56135251930652,35.479563904537706],[139.56140327531423,35.479766719201656],[139.56150347694168,35.47997566802774],[139.56153895928873,35.47998465722954],[139.56205809677505,35.48005256690405],[139.56217543033216,35.48008350359154],[139.5625559536126,35.48010532140055],[139.56274367923777,35.48010881362028],[139.5629837653782,35.48000591613477],[139.56319653833887,35.47990936270194],[139.56318950059955,35.48001765186371],[139.56319124733105,35.480055329529606],[139.56338474911914,35.4799410918048],[139.56374437594974,35.48048220231004],[139.56416011448368,35.48047934563337],[139.56430194767586,35.48044488053148],[139.5643183152901,35.48046136014403],[139.56445339749723,35.480856862388606],[139.5644828732089,35.481105863172054],[139.5644768842386,35.48119098702072],[139.5644614493581,35.481236760498426],[139.56463101442068,35.481227076662165],[139.5647437637462,35.4809742433886],[139.56477399534324,35.480861886138406],[139.5648480661239,35.480834309348694],[139.56509791975304,35.48077184954189],[139.56524364787643,35.480750490365985],[139.56534846088132,35.48076769955765],[139.56545538017832,35.48078526445176],[139.56561264308712,35.48076544548742],[139.56570017057308,35.48069180719877],[139.56593254380857,35.4805835327983],[139.56610144763354,35.48046701660691],[139.5662357735717,35.480463058604926],[139.56643379786678,35.480542904330186],[139.56679195495582,35.480761698850706],[139.56696288673305,35.48095000258153],[139.56689193037457,35.48118191482255],[139.56677144173432,35.4813098789179],[139.56670135709126,35.481420458026335],[139.56667789046818,35.48147350177132],[139.56655987640136,35.48161442932923],[139.5664124472393,35.48170666342678],[139.56629166603784,35.48180533164904],[139.56625877151612,35.48182606646309],[139.56616716777867,35.48187582184734],[139.56610980585856,35.481907487306536],[139.56604183473436,35.48193201564652],[139.56593975745162,35.48201195788948],[139.56577385056946,35.48200232065755],[139.56561120850003,35.482150010078186],[139.56519070049663,35.482722731705195],[139.56500969525376,35.48272231903531],[139.5650321835085,35.482762474504625],[139.5650204818596,35.48287656284854],[139.56499869938733,35.48297168573943],[139.56504360224397,35.48304548824141],[139.5650384336745,35.48314803765562],[139.56499108318175,35.48325612980707],[139.56493548797053,35.48348705060145],[139.56487307098627,35.48362077720947],[139.56470756251235,35.483974292145746],[139.56466830867825,35.48419084924603],[139.56456047751038,35.48456086945689],[139.56433317339759,35.48449263812651],[139.56374832692384,35.48434601744019],[139.56373392550103,35.484365631283374]]],[[[139.55844254309005,35.46877270134129],[139.55789369009474,35.46909648414176],[139.557805398574,35.46916321868932],[139.55684919572093,35.46973000892675],[139.55558062654598,35.47046821475868],[139.5555535190987,35.470483997199224],[139.5553654685097,35.470601589824064],[139.5552607662276,35.4706518762774],[139.55515874386896,35.470723471263895],[139.55494454270035,35.47094698482012],[139.55475794313614,35.4711111276235],[139.5545897605821,35.471196055637805],[139.5544744862653,35.471290505368884],[139.55416895437827,35.471467964402386],[139.55393986195375,35.47162158651474],[139.55390921165073,35.471641198256506],[139.55390267537325,35.47164558388801],[139.55317453365402,35.47121329051992],[139.5514728977054,35.47021034764859],[139.55146180896787,35.4702033151807],[139.55132794100084,35.47011842189172],[139.55109234354174,35.469969016247006],[139.55056294130551,35.46965723368935],[139.54985159359882,35.46923826660966],[139.54931555196396,35.46892590006161],[139.54913037369036,35.468813534089136],[139.54909375905874,35.46879130193753],[139.54837008936943,35.46836810893726],[139.5480600068532,35.4681832335827],[139.54736710818096,35.46777007138151],[139.5467401439259,35.467383235697234],[139.54669355277488,35.4673544879215],[139.54626212000898,35.467111933977186],[139.54602116625307,35.46696506952629],[139.54601609279993,35.46680087324259],[139.5459745110862,35.466723666150365],[139.546015886259,35.46629747727779],[139.54601887966058,35.466266710319076],[139.54607124890592,35.465509363415634],[139.54607862371293,35.46540857480353],[139.54610346336767,35.46506871623878],[139.54610843326492,35.46484570833714],[139.54610933022187,35.46480557114471],[139.54611160994133,35.46470315086533],[139.5461461615211,35.464560702472255],[139.54621739463616,35.46372653589265],[139.5462073033639,35.463236918146436],[139.54617680512447,35.46296703268935],[139.54622046110995,35.46296871989953],[139.54620635649712,35.4627359490781],[139.54673868652705,35.462688892920404],[139.54682035473772,35.46268785251025],[139.54693883447956,35.46288875733293],[139.54697865144396,35.46303831766616],[139.54687645220466,35.463051843866445],[139.54693871045265,35.46317811335633],[139.54696371814916,35.46355871998661],[139.5469773924016,35.46366505092052],[139.5470572833079,35.46368016833921],[139.54780494327554,35.46382903104708],[139.54792496639237,35.46385712776475],[139.54810746465841,35.46384114757513],[139.5482418614132,35.46381435120722],[139.54813202052463,35.46354230769828],[139.54831667864465,35.463481369059785],[139.5490430066476,35.46324159723873],[139.54915016436297,35.46320125019471],[139.5491717559822,35.46319313130288],[139.54935826248925,35.46322398775406],[139.5494012173802,35.46322922856302],[139.54998934722792,35.46304359777063],[139.54999861863075,35.463062738383606],[139.55006852104785,35.46310335729533],[139.55016624429496,35.46326160770679],[139.5503099635332,35.463435563009796],[139.55043717933137,35.463676413580195],[139.55055411714696,35.4639277674462],[139.55058752759342,35.4640899515179],[139.55060003666165,35.46446246814234],[139.5506627590651,35.46467936626279],[139.5506340162515,35.46483697007083],[139.55051406294763,35.46488630235452],[139.54988444357966,35.46492170318016],[139.54989156027204,35.46499073083186],[139.54953019907143,35.465021472115986],[139.54953168175325,35.46508960692811],[139.5495460701445,35.465116047981496],[139.5496509542376,35.46512315845606],[139.55004868280724,35.4650498979231],[139.55007520149658,35.46511566099117],[139.5507083492891,35.46505646603318],[139.55093191460122,35.465063921901596],[139.55111390399534,35.46511413049488],[139.5514165838721,35.46538369600518],[139.55158997153885,35.46553095872782],[139.5517937091207,35.46568283411782],[139.55235483567097,35.46624661169169],[139.5524950156247,35.46641407766191],[139.55261949690114,35.46667125780587],[139.55258378529666,35.46669871022788],[139.55247912628585,35.46671297517701],[139.55253283749272,35.46702273614571],[139.55167821276174,35.46721631663568],[139.55132956427505,35.4672396979473],[139.55121037468373,35.4672301265912],[139.5509476967753,35.46724849456769],[139.55093936763475,35.467248897746494],[139.55071995269896,35.46726525362501],[139.5506082818417,35.46725932523278],[139.55032842999609,35.467290257649964],[139.5498401485184,35.46732806254547],[139.5494043449613,35.467338348142135],[139.54922839333324,35.4673508944401],[139.54913548217712,35.467365008331356],[139.54894589362502,35.46739382455253],[139.5489902960955,35.46755705564063],[139.54913480334494,35.4675574991322],[139.54968372687745,35.46755765423372],[139.5497064226986,35.46757855149436],[139.55037320349717,35.46760570384208],[139.55012679270735,35.4679552573363],[139.5499890919795,35.467866805842675],[139.54983768669774,35.467746703680355],[139.54968496025188,35.467671737486775],[139.54961663083762,35.46772724560073],[139.54956733432033,35.467811000743815],[139.54947706407202,35.46788170292135],[139.54962867878712,35.46797279297077],[139.54955581759108,35.46805638691821],[139.54937766216133,35.46803410550426],[139.54932930359817,35.468120080933545],[139.5492311963553,35.46822822853542],[139.54923110875384,35.4682408681613],[139.54924147977965,35.468241420550164],[139.55023186713547,35.468295102587014],[139.55060125649115,35.468532115919174],[139.5506056810205,35.46853480217252],[139.5508143743331,35.46824420617086],[139.5513643695516,35.46854233904601],[139.55143786828435,35.46841754963558],[139.55149854519385,35.468224070842915],[139.55160956383733,35.468398194860605],[139.55174573694384,35.468567447677465],[139.55190070592198,35.46873452621942],[139.552029099456,35.46882696928692],[139.55213155484176,35.468871711907916],[139.55225586150803,35.468716968985476],[139.55197064002016,35.468379525360945],[139.55252236793092,35.46808883864628],[139.55254329104633,35.46808758365059],[139.5526593843678,35.46821407988613],[139.55273649117956,35.46831953604634],[139.55281373503522,35.46830563028725],[139.55276639315906,35.46820541930188],[139.5533067262369,35.468189200935406],[139.55341185131462,35.46836397899446],[139.55376240010574,35.46822788876366],[139.55389891655463,35.46815045868051],[139.5541240563587,35.468004185466285],[139.5542602886829,35.46792721199769],[139.55445340108744,35.467931316400936],[139.55461498825844,35.46793471555057],[139.55467784403373,35.4678677133161],[139.55494437529845,35.46784293733278],[139.55495814250892,35.467770224662125],[139.5549649926543,35.46773069933415],[139.55508491527655,35.46772776968786],[139.55537884503747,35.46760830481432],[139.55546936044297,35.46758347779031],[139.555473102768,35.46749665749192],[139.55554013479943,35.467497902148644],[139.55563085322925,35.46748867356545],[139.55597655839935,35.46747006114174],[139.5565214290253,35.46742155165831],[139.5566707975909,35.46742928459238],[139.55669642986587,35.4673410004629],[139.55669786722515,35.46733603909153],[139.556872300194,35.46737087187712],[139.55689757007468,35.46737592861895],[139.55724630668144,35.46748964055712],[139.55750176103578,35.46759486505667],[139.5578982400042,35.467750794436135],[139.55800614183764,35.46778279788993],[139.55821423331267,35.467843654464716],[139.55843544933342,35.4678924632518],[139.55880838200963,35.46794203734494],[139.55904515770033,35.46794683156509],[139.55908855941829,35.467973548438614],[139.55917177883515,35.46795518027483],[139.55932536341524,35.46796359059782],[139.5593558637202,35.46785443791985],[139.55942862829994,35.46787879173315],[139.55954541599684,35.46788701326499],[139.55952331321785,35.46795072908995],[139.55942128623124,35.46811507092668],[139.55932377345883,35.46848269188048],[139.55844254309005,35.46877270134129]]]]}},{"type":"Feature","properties":{"area_id":"14112002001","city":"横浜市","ward":"旭区","town":"鶴ケ峰","chome":"1","num_households":2701},"geometry":{"type":"MultiPolygon","coordinates":[[[[139.5503800333849,35.47352691876074],[139.54994456050636,35.47378870753525],[139.54956083469494,35.47401016025747],[139.54911111545314,35.47426972882278],[139.54885685002046,35.47441648574623],[139.54844432756747,35.474654590482764],[139.54844035925842,35.47465690499801],[139.54811928406755,35.47484036719624],[139.5475937381864,35.47493447838761],[139.54666419222025,35.47508389990657],[139.5466437122492,35.475087196816325],[139.5459911186742,35.475195519446864],[139.54583152330355,35.47522200881742],[139.5457055654498,35.475242908889406],[139.54527897462214,35.4753137172916],[139.54513728046203,35.475337236418284],[139.54506602116015,35.47534906454487],[139.54468902922932,35.4754116337994],[139.54449949545364,35.47545012831465],[139.54449088286884,35.47513262170048],[139.54447204697337,35.47476787637103],[139.5444435357133,35.474514016465555],[139.54440620230605,35.47431971212754],[139.54442107032133,35.474320732586875],[139.54455007608297,35.474290017658454],[139.54462807882658,35.474233760769664],[139.5447575091693,35.47406622182686],[139.54485765711067,35.47403452358788],[139.5449574764435,35.47388378004523],[139.5449927422191,35.473807986402605],[139.54514535607086,35.47369296372256],[139.54515567509978,35.47361211145275],[139.54508587329656,35.47349346629947],[139.5450886089475,35.47344467270029],[139.5449909830537,35.47334353090325],[139.54494727905347,35.4732332572367],[139.54492923243734,35.473182336656315],[139.54495059156287,35.472873351176645],[139.5448839206195,35.47275189696606],[139.54479365101994,35.47264615979224],[139.54476301105674,35.47263827085877],[139.54464618631934,35.472519725992775],[139.54461454810104,35.47245409020464],[139.54456551834687,35.47243693389713],[139.5445095362631,35.4723183203276],[139.54451998014667,35.47220856117877],[139.5446170263863,35.472104569952805],[139.544720909378,35.472026895922646],[139.54474865665864,35.47200713844576],[139.54490970413147,35.47186805393882],[139.54507618458265,35.47170208079996],[139.54528940196778,35.47150787509259],[139.545326403418,35.47143384548486],[139.54533239193017,35.47102268106212],[139.54530613046606,35.47089181514658],[139.54525916005238,35.470798856361455],[139.5454519673504,35.470503620543305],[139.5455219541332,35.470485441962666],[139.54560709132585,35.47049768391277],[139.54561373493897,35.47030041982685],[139.54563999728123,35.470154079972694],[139.54564160010693,35.47014517570732],[139.54566469768005,35.4699204164111],[139.54579255493212,35.46951626189529],[139.54583016733383,35.469397341127234],[139.54586451203804,35.46931341127501],[139.5458786540009,35.4692342223493],[139.54585536858002,35.46909554613234],[139.54592975997622,35.468807599435394],[139.54592547444153,35.46856133134102],[139.54592522700943,35.468340987234406],[139.54596636608147,35.468011660365576],[139.5459963576699,35.46791110057915],[139.5459883541231,35.46766922603011],[139.54596328434354,35.46718024118463],[139.54595932112838,35.46696425485209],[139.5459586357245,35.46692696539898],[139.54602116625307,35.46696506952629],[139.54626212000898,35.467111933977186],[139.54669355277488,35.4673544879215],[139.5467401439259,35.467383235697234],[139.54736710818096,35.46777007138151],[139.5480600068532,35.46818323358269],[139.54837008936943,35.468368108937256],[139.54909375905882,35.46879130193754],[139.54913037369036,35.468813534089136],[139.54931555196396,35.46892590006161],[139.54985159359887,35.46923826660966],[139.55056294130551,35.46965723368935],[139.55109234354174,35.469969016247006],[139.55132794100084,35.47011842189172],[139.55146180896787,35.4702033151807],[139.5514728977054,35.47021034764859],[139.55317453365402,35.47121329051992],[139.55390267537325,35.47164558388801],[139.5539138650549,35.47165222907857],[139.55357183028727,35.47184196160909],[139.5532029815982,35.472011702474994],[139.5529658402252,35.47210255961019],[139.55282717514902,35.47212125256659],[139.5527902930741,35.4720884222688],[139.5526029224428,35.4722004496365],[139.5525880836238,35.47220932338817],[139.5516379504368,35.472766252252626],[139.55158911481698,35.472796150238075],[139.5515718882855,35.472806695721516],[139.5515546543033,35.47281725493878],[139.55152437291622,35.472835775365866],[139.55073257818873,35.47331482784102],[139.55069666843053,35.47333653846185],[139.5503800333849,35.47352691876074]]]]}},{"type":"Feature","properties":{"area_id":"14112002002","city":"横浜市","ward":"旭区","town":"鶴ケ峰","chome":"2","num_households":2262},"geometry":{"type":"MultiPolygon","coordinates":[[[[139.55282717514902,35.47212125256659],[139.55317188152952,35.47298891292652],[139.55313141533318,35.47302702265027],[139.5531976753352,35.47319575939321],[139.55326881703772,35.47335317038427],[139.55329583183817,35.47349407177371],[139.5532955044108,35.47358815150027],[139.55329398293225,35.474025312365555],[139.55331913229313,35.47413973170583],[139.55357115108566,35.47448811568531],[139.55374948589915,35.47476062788891],[139.55381697927086,35.474878595311466],[139.55383582602744,35.47491155932175],[139.55384378073944,35.4750997034345],[139.55382432225022,35.475193634008946],[139.55378193984748,35.475268885224985],[139.5538044893896,35.47529541494049],[139.55388166165022,35.475359568373655],[139.55395767323924,35.47545449297681],[139.55410780750847,35.47554962398598],[139.55428049125558,35.47565906557573],[139.5544409364888,35.47577858510428],[139.55449068672425,35.4758562308934],[139.5546922547665,35.4762702331182],[139.55473109749764,35.47636496626989],[139.55478842523934,35.47665350131164],[139.55479799977314,35.476691901971215],[139.5548661641552,35.47704570561161],[139.55476954832037,35.4774309602662],[139.5546998517963,35.477568822376185],[139.5546859171269,35.47759639480195],[139.55447822549678,35.477929846544264],[139.5544088780263,35.47819023974918],[139.55436106584398,35.47831072197523],[139.55420623104897,35.47849535273036],[139.55410633523277,35.47846589917931],[139.55379782261585,35.47837839783484],[139.5536333462725,35.478333690203705],[139.55310808084,35.4781636479926],[139.55265658295934,35.47803535564201],[139.5526434291196,35.47797462251832],[139.55267423182823,35.47792444959285],[139.55277351933458,35.47784387374038],[139.55291397094888,35.47768586013127],[139.5529539671856,35.477579091693606],[139.55296239467302,35.47744577139329],[139.5529057224254,35.477279591198105],[139.55281041616468,35.47718789578438],[139.5526335452314,35.477062667841494],[139.5522752321013,35.4768402980215],[139.55201727596653,35.476699917114864],[139.5519479971148,35.47668028535907],[139.55192125578526,35.47661550839218],[139.5519634601914,35.47660366971271],[139.5519684233784,35.47618141171879],[139.5518816370042,35.47603568855737],[139.55181915310266,35.47598734085989],[139.5514440303084,35.475828483977125],[139.5512579183339,35.47575016678111],[139.55109845351845,35.4757143043613],[139.55086790139953,35.47576989287713],[139.55068035661733,35.47586092951171],[139.55058237799284,35.475973090922835],[139.55049111908556,35.47618223425648],[139.55040134696716,35.47635976432186],[139.55032198096885,35.47665678278823],[139.55023857507103,35.4767867939321],[139.55008549276488,35.476838898724544],[139.54972539372258,35.4768446051957],[139.54944986413284,35.4768850850976],[139.54916847871232,35.47705434747538],[139.5491498156803,35.477140427037284],[139.54921295940636,35.477257505722164],[139.54951397751012,35.4777103732214],[139.54909849352535,35.47784435848526],[139.5489600606373,35.47785530078018],[139.54894937653646,35.478284164469684],[139.5489489005274,35.47830352735749],[139.54866161515037,35.478380208130204],[139.54856665400564,35.47838614663145],[139.54846148226352,35.47840684896706],[139.5483261967436,35.47836765976049],[139.54820254229782,35.47833180743071],[139.5480647673421,35.47826613461519],[139.5479970169291,35.47825277096774],[139.5476550653457,35.478134294733906],[139.54736956269915,35.47800619776711],[139.54690812773288,35.477769696679694],[139.54656105201857,35.477569243893235],[139.54655046308872,35.47756312729021],[139.54617478048644,35.477340849023754],[139.54606722113604,35.47727722000576],[139.5459483655373,35.477206908645115],[139.54576368306505,35.477097431398846],[139.54574611931352,35.477085735210345],[139.5455919965593,35.47698308912513],[139.54542393248198,35.47690333203857],[139.54529089649895,35.47684017923448],[139.54527700976305,35.47683358766237],[139.54481502416348,35.47657645556211],[139.5446695437937,35.47645879392114],[139.5446158694543,35.476409936575934],[139.54456147086415,35.4762991799816],[139.5445268527277,35.47613966886759],[139.5444978492503,35.475476953656205],[139.54449949545364,35.47545012831465],[139.54468902922932,35.4754116337994],[139.54506602116018,35.47534906454487],[139.54513728046203,35.475337236418284],[139.54527897462214,35.47531371729165],[139.5457055654498,35.475242908889406],[139.54583152330355,35.47522200881742],[139.5459911186742,35.475195519446864],[139.5466437122492,35.475087196816325],[139.54666419222025,35.47508389990657],[139.5475937381864,35.47493447838761],[139.54811928406755,35.47484036719624],[139.54844035925842,35.47465690499801],[139.54844432756747,35.474654590482764],[139.54885685002046,35.47441648574623],[139.54911111545314,35.47426972882278],[139.54956083469494,35.47401016025747],[139.54994456050636,35.47378870753525],[139.5503800333849,35.47352691876074],[139.55069666843056,35.47333653846185],[139.55073257818873,35.47331482784102],[139.55152437291622,35.472835775365866],[139.5515546543033,35.47281725493878],[139.5515718882855,35.472806695721516],[139.55158911481698,35.472796150238075],[139.5516379504368,35.472766252252626],[139.5525880836238,35.47220932338817],[139.5526029224428,35.4722004496365],[139.5527902930741,35.4720884222688],[139.55282717514902,35.47212125256659]]]]}},{"type":"Feature","properties":{"area_id":"141120040","city":"横浜市","ward":"旭区","town":"西川島町","chome":"","num_households":1472},"geometry":{"type":"MultiPolygon","coordinates":[[[[139.56143632543566,35.47743064467069],[139.56115955310509,35.47748694935293],[139.5607727290193,35.47754462065798],[139.56052046541404,35.47755900816593],[139.56052109323596,35.47760196638148],[139.56047503207267,35.478128813692884],[139.5604738905432,35.47814166328809],[139.56067451607845,35.4781416637557],[139.56065645540116,35.47828806020986],[139.56073219027294,35.47843639276676],[139.5609236459292,35.47851904462506],[139.5610101701639,35.47865881050476],[139.56106399476056,35.47867953028899],[139.56101886770082,35.47872167799958],[139.5607024149789,35.47881193461342],[139.5601747023546,35.47900916175314],[139.5599081608316,35.47909963534769],[139.55983826175634,35.47911524821969],[139.55974700731372,35.47914954738247],[139.5595365997843,35.47922863000823],[139.55921871866934,35.479364299358046],[139.5587799002602,35.479507451101405],[139.5585349151156,35.479558442409854],[139.55814103087988,35.47962187578397],[139.55809855603428,35.4796430102731],[139.5580973086161,35.47944883141199],[139.55816735242325,35.4791710880156],[139.55819626082317,35.47908915198266],[139.55829851055228,35.47895988634533],[139.55835409344158,35.4789570911935],[139.55834396320395,35.47873553454091],[139.5582029485114,35.478620750523746],[139.5580270347909,35.478590388494005],[139.55772054044616,35.47864088547797],[139.55740716694558,35.478738581572124],[139.55720589946193,35.47874537629607],[139.5571831152205,35.47871775592861],[139.5569410890486,35.478703894868964],[139.55668324383166,35.47872728443149],[139.5563798433626,35.47872285895369],[139.55617998327142,35.47877081431402],[139.5557028740475,35.47885763909979],[139.5554000761541,35.478902928639684],[139.55515531756177,35.478895008623894],[139.5549344440976,35.478826478556975],[139.55440567441912,35.47857982044439],[139.55420623104897,35.47849535273036],[139.55436106584398,35.47831072197523],[139.5544088780263,35.47819023974918],[139.55447822549678,35.477929846544264],[139.5546859171269,35.47759639480195],[139.5546998517963,35.477568822376185],[139.55476954832037,35.47743096026617],[139.5548661641552,35.47704570561161],[139.55479799977314,35.476691901971215],[139.55478842523942,35.47665350131164],[139.55473109749764,35.47636496626989],[139.5546922547665,35.4762702331182],[139.55449068672425,35.4758562308934],[139.5544409364888,35.47577858510428],[139.55428049125558,35.47565906557573],[139.55410780750847,35.47554962398598],[139.55395767323924,35.47545449297681],[139.55388166165022,35.475359568373655],[139.5538044893896,35.47529541494049],[139.55378193984748,35.475268885224985],[139.55382432225022,35.475193634008946],[139.55384378073944,35.4750997034345],[139.55383582602744,35.47491155932175],[139.55381697927086,35.474878595311466],[139.55374948589915,35.47476062788891],[139.55357115108566,35.47448811568531],[139.55331913229313,35.47413973170583],[139.55329398293225,35.474025312365555],[139.5532955044108,35.47358815150027],[139.55329583183817,35.47349407177371],[139.55326881703772,35.47335317038427],[139.5531976753352,35.47319575939321],[139.55313141533318,35.47302702265027],[139.55317188152952,35.47298891292652],[139.55282717514902,35.47212125256659],[139.5529658402252,35.47210255961017],[139.5532029815982,35.472011702474994],[139.55357183028727,35.47184196160909],[139.5539138650549,35.47165222907857],[139.55390267537325,35.47164558388801],[139.55390921165073,35.471641198256506],[139.55393986195375,35.47162158651474],[139.55416895437827,35.471467964402386],[139.5544744862653,35.471290505368884],[139.5545897605821,35.471196055637805],[139.55475794313614,35.4711111276235],[139.5549445427003,35.47094698482012],[139.55515874386896,35.470723471263895],[139.5552607662276,35.4706518762774],[139.5553654685097,35.470601589824064],[139.5555535190987,35.470483997199224],[139.55558062654598,35.47046821475868],[139.55684919572093,35.46973000892675],[139.557805398574,35.46916321868932],[139.55789369009474,35.46909648414176],[139.55844254309005,35.46877270134129],[139.5593237734588,35.46848269188048],[139.55929230087537,35.468605962168766],[139.55922605997944,35.46886555914568],[139.55874107949927,35.46882985337525],[139.55851576789155,35.46881374548361],[139.55786127734413,35.469223026722595],[139.55810485331185,35.46946233929875],[139.5582990025839,35.46968752593222],[139.55836830864797,35.46973567436545],[139.5584040977326,35.469773535956136],[139.55858389041248,35.46996154260165],[139.55852262082533,35.47023220458693],[139.55836721659855,35.47071038972047],[139.55834442311462,35.470773821582284],[139.5579695314298,35.470758079051784],[139.55777766246402,35.47072229320482],[139.55772645861347,35.47089945883121],[139.5577996423359,35.470921208533234],[139.5577474114342,35.47111544862412],[139.55769562423146,35.4713498988183],[139.55821224566097,35.47130674156413],[139.55821002123923,35.47158559892083],[139.5582053129854,35.47171625163197],[139.55823626819574,35.47183371211132],[139.55829828984403,35.4719610659702],[139.55847916142886,35.47221847260322],[139.55852978600936,35.47232375917393],[139.55854551894143,35.47240509444683],[139.55855793348303,35.47261437443748],[139.55863990141268,35.472888071007105],[139.55865635896478,35.47303475693639],[139.55851656435397,35.47347164178492],[139.5584112208283,35.47385357190196],[139.5584382439569,35.47386891421372],[139.55870692643953,35.47391297158577],[139.55882859573686,35.47384905923259],[139.5589164876999,35.473749120507065],[139.55907745163205,35.47366086160011],[139.5592405574049,35.47353845312882],[139.55941529853322,35.47346825478602],[139.55955614833564,35.47345952656479],[139.5596576570557,35.473470075072704],[139.55982964083702,35.47352134486962],[139.56012420444952,35.47362669607766],[139.56031124948572,35.4736538450029],[139.56046791821083,35.47366476430187],[139.5605489511153,35.47368382164236],[139.56068113845646,35.47378672414976],[139.5607670871574,35.47395617368048],[139.56083859821763,35.474047284317976],[139.56119505780077,35.47437104075087],[139.56121396121733,35.474388195222545],[139.56127640472118,35.47450748854543],[139.56130512745918,35.47464402818543],[139.56144102385954,35.474745882047074],[139.5614998345817,35.47480696423221],[139.56155858769569,35.47508803932235],[139.5616013646014,35.47515517651316],[139.56182436536045,35.47529522074835],[139.56198973553973,35.47538819786501],[139.56214165886357,35.47547360995276],[139.56203731745933,35.475626185825114],[139.56197294909182,35.47580941570502],[139.56202175383936,35.475939873430754],[139.562120330653,35.47595889974014],[139.5621986816077,35.47599534331043],[139.56226743035086,35.47605863104159],[139.56241945863542,35.47633710170179],[139.56250519494364,35.47639187181069],[139.5626429787114,35.47640088021871],[139.5627488460849,35.47638425413792],[139.56288548477391,35.47630481252885],[139.56293326066944,35.47617752916916],[139.56305214361944,35.4760661460011],[139.56331366420918,35.47592096639256],[139.56351022556862,35.47585958047324],[139.56354944630263,35.47612758404533],[139.56364572523296,35.476415505160034],[139.56366497349273,35.47652917301331],[139.56364528716085,35.47667482857525],[139.56350924876838,35.47709567369493],[139.5634376494999,35.47725342923653],[139.56342056061942,35.47729031306044],[139.56340311401598,35.47732796244428],[139.5632696565116,35.477587653178894],[139.56308899125258,35.47783040720395],[139.5630526555265,35.477838282983576],[139.56291599674452,35.477806670312056],[139.56272448750073,35.47759927022568],[139.56252354539112,35.47747064921118],[139.562296648322,35.47747457080162],[139.56195634894002,35.47753576767957],[139.5617536802534,35.47749752628872],[139.5616784539609,35.47745915212353],[139.56143632543566,35.47743064467069]]]]}},{"type":"Feature","properties":{"area_id":"14112005001","city":"横浜市","ward":"旭区","town":"市沢町","chome":"","num_households":1897},"geometry":{"type":"MultiPolygon","coordinates":[[[[139.561268274941,35.46577598720643],[139.56128843059773,35.4658424740816],[139.56140068842222,35.466044516839574],[139.56123558915,35.46629896422864],[139.5611417413096,35.46641903279357],[139.56099341464756,35.46653647874501],[139.5606434554872,35.466745157191184],[139.56017639088634,35.46709620776699],[139.56009638409975,35.46716415917513],[139.5600465783367,35.467204397206324],[139.55986183939518,35.46742851668204],[139.5596930666098,35.46765337546121],[139.55954541599684,35.46788701326499],[139.55942862829994,35.46787879173315],[139.5593558637202,35.46785443791985],[139.55936144635018,35.46773772786174],[139.55914176535467,35.46750920943312],[139.55899981726702,35.467293402342385],[139.55889213877745,35.467087989070755],[139.55881465243706,35.46694014227425],[139.55861006180132,35.46680623343289],[139.55809784549183,35.46673395088832],[139.55806662852925,35.46673152172009],[139.55771893180804,35.466704256375465],[139.55755119746507,35.46664285688532],[139.55752734093616,35.46657083305339],[139.55738565051146,35.466483084716614],[139.5571815514345,35.46632026666038],[139.55716326538905,35.46630564866707],[139.55681934890677,35.46604272685185],[139.55674221789462,35.46608030131948],[139.5565011038156,35.465777732391274],[139.5566365225362,35.46570770848969],[139.55689023045872,35.46553593095835],[139.55714923590452,35.46537455240241],[139.55728362738466,35.46524271265569],[139.55747062451314,35.46491839294477],[139.55755418217464,35.46473661563034],[139.55755752006007,35.46472989858132],[139.55759259447237,35.46461705761071],[139.55781731809014,35.46442982517089],[139.55786369959526,35.46435239763732],[139.557836401811,35.464172763489465],[139.55775094741202,35.464053277189294],[139.55759554045963,35.463874444579346],[139.5572826741534,35.46366525590582],[139.55719841205865,35.46351218252154],[139.55721019038558,35.463239610855084],[139.5572839219065,35.46299256670594],[139.55728436991993,35.46285489614319],[139.55719883436873,35.46272206471546],[139.55700908533888,35.462663291705525],[139.55689177631015,35.46250862866305],[139.5568620700944,35.4623672273156],[139.55679513239713,35.46228950670217],[139.5564361224133,35.46219774400567],[139.55618334660153,35.462044849397486],[139.5565049767318,35.4617981579858],[139.55652485036433,35.4617820064074],[139.55674154816222,35.46160584904025],[139.55702493745594,35.4614017433153],[139.5574067126885,35.4611014905658],[139.55755648453274,35.46103757005503],[139.55775896445235,35.461015458047086],[139.55813780112894,35.46112940924927],[139.55819816143557,35.461123171852925],[139.55808166516462,35.46098182168515],[139.55836176880769,35.46072319997888],[139.55842461579724,35.460745030695314],[139.55845680388896,35.460771511010144],[139.55841361006998,35.461039716399114],[139.55840651560794,35.461202477781065],[139.55842299297666,35.46120424024147],[139.55869113468685,35.4612371329791],[139.55923624815412,35.46126853439032],[139.55971927551036,35.46130923279123],[139.55997556111308,35.46131082984614],[139.56022603049365,35.461288682609286],[139.5601265082458,35.46117282779313],[139.55991393733925,35.460862357719606],[139.5599312455478,35.460840918271636],[139.560021981505,35.460728660661275],[139.56015768279596,35.460606186698264],[139.56018526900561,35.46058128389455],[139.56039522380865,35.460677914425666],[139.56052017740362,35.46071808902383],[139.56083945816232,35.46076105669786],[139.5610472179353,35.46076877443019],[139.56121810687802,35.46076658568085],[139.5613416874339,35.460734890842794],[139.5614895050979,35.46096461744312],[139.56153410609338,35.46107629884615],[139.56163811676856,35.461253110750896],[139.5617475808661,35.461067514496996],[139.5617997577748,35.4609343952411],[139.56183570217394,35.46069426938658],[139.56184618747244,35.46058947134799],[139.5618677249201,35.46046167033575],[139.56185352061593,35.46019210286694],[139.56194566680028,35.45955408408968],[139.5619637476304,35.45946240121388],[139.56234208750854,35.45919089156374],[139.56248305007395,35.45911476273089],[139.56272125641203,35.459025083096805],[139.5631705187333,35.458778621937],[139.56354457569898,35.45855656821326],[139.56369717232064,35.45833282661752],[139.5637080445518,35.4582596480968],[139.56380316947408,35.4581386289123],[139.56382694012532,35.45811473892321],[139.56388788140993,35.45825677197288],[139.56390317333003,35.4584988068934],[139.5638973326244,35.45859889847433],[139.5637911384813,35.458949570602506],[139.56364890569782,35.4592471005847],[139.56360888851793,35.45938711442387],[139.56347903826745,35.45955143568254],[139.56340517810676,35.459664122068446],[139.56341545802644,35.459860302347586],[139.56340659441463,35.4599565833129],[139.5633788379669,35.46003349129344],[139.563455179642,35.46050153824644],[139.5635119909155,35.46063718814159],[139.56358013527858,35.460936839349],[139.56367202537078,35.46141477849342],[139.56380099756515,35.461864598015744],[139.56406053755427,35.46172989420791],[139.5646328635159,35.46154742941149],[139.56486524355853,35.461502696218695],[139.56495084262528,35.46151031497305],[139.5650276021957,35.46149041368702],[139.5647273996111,35.46114916048704],[139.56475596286492,35.46106915486941],[139.56486017034254,35.46093481026522],[139.56501542439605,35.460818712030594],[139.56521155836532,35.46073703275125],[139.5652740577732,35.46069523523331],[139.56545364604727,35.460469085597694],[139.56555670007123,35.46012273525158],[139.5656418184186,35.46004718515235],[139.56611421734974,35.46002093408165],[139.56640891833248,35.45988873167013],[139.56664905111174,35.45977524553349],[139.5667563655856,35.45963654025178],[139.56684289243958,35.45957099208962],[139.56723285021542,35.45934698962105],[139.56731594620845,35.45931019950853],[139.5676017625277,35.45927431007413],[139.5677659343112,35.45927185129638],[139.56798417192013,35.45933260743962],[139.56832850707147,35.45940536275687],[139.56848420233075,35.45949499600942],[139.568582123555,35.45961707219281],[139.56873729792144,35.459913847357555],[139.56877409069293,35.46006646065892],[139.56890580782286,35.4601520256976],[139.56893634099566,35.46017906330918],[139.56899586522619,35.46023176195141],[139.56908345198815,35.46038839271915],[139.56910960638413,35.46053841139049],[139.5691075532446,35.460573653837905],[139.56886269574838,35.46079114616368],[139.5687263696366,35.461063344081325],[139.56869129572158,35.46119548301297],[139.5686909588991,35.46130523365303],[139.56878653814255,35.46152631737554],[139.56890244285634,35.46174294051628],[139.56890526177446,35.46178224225978],[139.5689174809764,35.46212575390962],[139.56891742424932,35.462126855234345],[139.56888881995283,35.462677872430376],[139.56888870778732,35.46267885809777],[139.5688721456798,35.46294642657345],[139.56881586566047,35.46317848617456],[139.56881220375334,35.46319273925305],[139.56878319394013,35.46330542096472],[139.5687150160459,35.463483758664495],[139.56865633431684,35.46365256484979],[139.56854004951782,35.46398707195586],[139.56852088751378,35.4640423104589],[139.56818876855425,35.463833805068255],[139.56805605929614,35.4638528818246],[139.56793171940657,35.463827011125936],[139.56783846058764,35.46379156155611],[139.5677237986503,35.4637149375451],[139.56761804390294,35.463684389505886],[139.56768810272223,35.4635561986244],[139.5675383269093,35.463476646734144],[139.56736635453007,35.46341429895151],[139.56729970874832,35.463427075442766],[139.5672987835083,35.46342724892114],[139.5670867679849,35.463454812879256],[139.56689868825273,35.463435421222684],[139.5667617982149,35.46344276220976],[139.56659522455985,35.46351816989896],[139.56629775295593,35.46366293726641],[139.56612394227568,35.46379248311242],[139.5658738223607,35.4641292178391],[139.5656461805506,35.46435832536898],[139.56545657440992,35.464357203838354],[139.56541825354074,35.46435500548766],[139.56538067350942,35.464351261135484],[139.56520373133515,35.464436819319566],[139.56486158015895,35.46457556894528],[139.5647726440947,35.46462526465976],[139.56451029352786,35.46471584420176],[139.56445685710617,35.464697381516366],[139.56440311984653,35.46479476092476],[139.56437776292748,35.46484234427424],[139.5643739477747,35.46490067780158],[139.5643635241578,35.46505998600569],[139.56428742731748,35.46520872279419],[139.56428861924843,35.465296893647796],[139.56426256542585,35.465359405276594],[139.56402676907896,35.465643313141385],[139.56392557545044,35.46574857999532],[139.56387272790488,35.46566983645947],[139.5637981191023,35.465630023847375],[139.5636811536541,35.46560511560809],[139.5636643173715,35.46560152241565],[139.56344334627263,35.46551817981768],[139.5633016167132,35.46544652679942],[139.56314950749342,35.465223128463094],[139.56303837443815,35.465121157792325],[139.56292937121103,35.46510936510495],[139.5628677514176,35.46511796044455],[139.56229454318586,35.46526600839048],[139.56196640898332,35.46537351146813],[139.56175977346962,35.46541794153064],[139.5614521464332,35.465545065940844],[139.56133082099245,35.465639158325445],[139.5612616351496,35.46575407028158],[139.561268274941,35.46577598720643]]]]}},{"type":"Feature","properties":{"area_id":"14112005002","city":"横浜市","ward":"旭区","town":"市沢町","chome":"","num_households":1831},"geometry":{"type":"MultiPolygon","coordinates":[[[[139.55842461579724,35.460745030695314],[139.55836176880769,35.46072319997888],[139.55808166516462,35.46098182168515],[139.55819816143557,35.461123171852925],[139.55813780112894,35.46112940924927],[139.55775896445235,35.461015458047086],[139.55755648453274,35.46103757005503],[139.5574067126885,35.4611014905658],[139.55702493745594,35.4614017433153],[139.55674154816222,35.46160584904025],[139.55652485036433,35.4617820064074],[139.5565049767318,35.4617981579858],[139.55618334660153,35.462044849397486],[139.55609575116722,35.462030108895334],[139.55588128513153,35.461882054800384],[139.55564684059937,35.46178726258392],[139.55551890989497,35.4617562683024],[139.55535375381103,35.461693217581825],[139.5552140918191,35.461594838017945],[139.55514164757233,35.46151685806408],[139.5547707860511,35.46106834873245],[139.5547889404089,35.46102652469032],[139.55471562411927,35.46098963288348],[139.55473501041783,35.460846582784775],[139.55471446363563,35.460689040993465],[139.5546392665534,35.46047348757415],[139.5546027727938,35.46037925198956],[139.55453415364596,35.46016582727921],[139.55438955101843,35.4598594487131],[139.55429174790683,35.459629302172374],[139.55424047905106,35.45955777907144],[139.55412518644914,35.45938868216391],[139.5541585235943,35.45938710413675],[139.554242623663,35.45930395286761],[139.5542188105005,35.45922728091705],[139.55400387965457,35.458954754730485],[139.5538308347522,35.4590535455923],[139.5537061114352,35.45893625620639],[139.55356185707276,35.45877357116523],[139.5534658148069,35.45863293254835],[139.5537743557015,35.45858431038041],[139.55375571623003,35.45852965716427],[139.55382801771478,35.45847947163961],[139.5538097127439,35.45839045346564],[139.55378922310024,35.4580675639593],[139.55379536815383,35.45802831643141],[139.55380383313712,35.45797425511172],[139.55409157477843,35.45768566175987],[139.55378147975338,35.45754988543884],[139.5536856471206,35.457560088682115],[139.5534798429422,35.45767454312878],[139.55342021645995,35.457612576693926],[139.55320120537095,35.45734035752582],[139.55334588711872,35.457179602735174],[139.55344630760482,35.457092969409985],[139.55365081984093,35.457015271440284],[139.55386246850833,35.45695241239523],[139.5544823020167,35.456846156824085],[139.5545910726745,35.456827462646736],[139.554968651231,35.45672417215565],[139.55503787704083,35.456885557236575],[139.55507338252139,35.45698528377682],[139.55507386124398,35.45715281477321],[139.5553500187933,35.457346642707826],[139.55545761073938,35.45743332945443],[139.55556534622116,35.457497058242815],[139.55564655154657,35.45745400533094],[139.55583351255876,35.45736151055561],[139.5560799945354,35.45731193116624],[139.55627913710507,35.45721192775805],[139.55633439082308,35.45721293394955],[139.55646648615175,35.45750938747086],[139.55652405632878,35.45772046241697],[139.556501313846,35.45777012778638],[139.55649403657023,35.457790467237],[139.5565031527361,35.45782646844121],[139.55653262021988,35.4579364095727],[139.5565553690822,35.458021285533896],[139.55666114072883,35.4581114260687],[139.5566804933968,35.45813011654711],[139.55672608958926,35.458189043666735],[139.55676725930138,35.45823809800421],[139.55682561271735,35.45824904694826],[139.55687165029534,35.458249026912206],[139.5568763261414,35.458242796477094],[139.55700074012543,35.45801005584028],[139.55707719764243,35.457819530394495],[139.55702285290948,35.457671593921674],[139.55700975063309,35.4576458964908],[139.55716937541942,35.4575998851919],[139.55715214313298,35.4575481227924],[139.55712350068237,35.457309155403614],[139.5570615328246,35.457118985079376],[139.5569108110068,35.45693333201039],[139.5568651142662,35.456811823917846],[139.5568218085682,35.456582013190385],[139.55684764029527,35.456320494767844],[139.55688053844264,35.456226240245115],[139.5564946083934,35.45606755337042],[139.55648418024086,35.45604640409432],[139.55651967483234,35.45584117266068],[139.55665741162088,35.45554367642322],[139.55707071605505,35.45570664926178],[139.55714887641025,35.45569087628537],[139.55734861523598,35.45551559349967],[139.557427003816,35.4554327082826],[139.55756063296224,35.455177383461915],[139.5575894523475,35.45518132165026],[139.55800869363645,35.4552434974343],[139.558511255001,35.45531082502283],[139.55850910031202,35.45529881288897],[139.55852295650521,35.45519113552939],[139.55870481273325,35.45516080633704],[139.55889633567546,35.4551101106636],[139.5592402185359,35.45503419490884],[139.55931111163878,35.45504217071398],[139.55948135516243,35.4550613198236],[139.559637601476,35.4551413518213],[139.55978006791065,35.45526857041617],[139.55984591615885,35.45536860952271],[139.56001656784647,35.45533075373334],[139.56007185474917,35.45532165309296],[139.5605316230282,35.455241980489056],[139.56068971265137,35.455222158554825],[139.56083817483028,35.45518544854598],[139.56073702369082,35.45488445494991],[139.5607116556362,35.45479889795897],[139.56066079092426,35.45462735400126],[139.56056668020332,35.45438656002389],[139.56052525940956,35.45428058026111],[139.56038754253768,35.454008341993],[139.56028889420986,35.45384083645421],[139.5603359934818,35.45381555516877],[139.56055571424267,35.453753935565835],[139.56059965022908,35.45368340223968],[139.56072319101253,35.45365427770142],[139.56086082047386,35.45360081832985],[139.56101002083372,35.45352206941565],[139.56116121583548,35.453381987050946],[139.56133857463772,35.4532995324431],[139.56153775758492,35.45331747598173],[139.5617679495122,35.45350844256764],[139.56191549026695,35.45366908362891],[139.56223002145487,35.45403660576074],[139.5624071473297,35.45420449610467],[139.56259703863543,35.45434505492276],[139.562796955605,35.45444725794282],[139.56294428606242,35.45447944906634],[139.56306708630282,35.454775173547894],[139.5631881774338,35.45510085662435],[139.5632382856091,35.455302794133814],[139.56376403977293,35.45513392561395],[139.56391869845044,35.45508426851639],[139.56397130833233,35.45523297306749],[139.56405194501946,35.455287445774445],[139.5642021287885,35.455257110107844],[139.56430023883118,35.45526676248533],[139.56441276660178,35.45533334677175],[139.56446012795325,35.455449998018196],[139.56446493855324,35.455517612811136],[139.5645385545365,35.45564037923816],[139.564594314352,35.45569535904019],[139.56467092778956,35.45571133741412],[139.56498250141993,35.45571138981945],[139.56548326023957,35.45565696451779],[139.56550906468527,35.45567416818524],[139.56563857069546,35.45565663606561],[139.56579935957814,35.455594737845125],[139.56599823963776,35.45553024526648],[139.5662001716045,35.455486780279266],[139.56637443541615,35.45542265564355],[139.56656316396933,35.455508525821735],[139.566555337624,35.45593216106102],[139.5666020041024,35.45612465366492],[139.56661339423533,35.45627900646496],[139.5666076070464,35.45667880967992],[139.56658850202774,35.45675056274455],[139.56652519020878,35.45698830666931],[139.56653202665402,35.45716067728687],[139.56651939212082,35.457345364175495],[139.5664283699571,35.45770638985651],[139.56642204634983,35.457896054661695],[139.56642888128061,35.458068425248314],[139.56632442397884,35.458484033402996],[139.56632652023038,35.45866452776775],[139.56635840293936,35.45875191978224],[139.56641907568468,35.458853070679496],[139.56653326438078,35.45894793156622],[139.56671612953897,35.45901209826707],[139.5672741210912,35.459123809093505],[139.56747448387884,35.45917498555941],[139.5677659343112,35.45927185129638],[139.5676017625277,35.45927431007413],[139.56731594620845,35.45931019950853],[139.56723285021542,35.45934698962105],[139.56684289243958,35.45957099208962],[139.5667563655856,35.45963654025178],[139.56664905111174,35.45977524553349],[139.56640891833248,35.45988873167013],[139.56611421734974,35.46002093408165],[139.5656418184186,35.46004718515235],[139.56555670007123,35.46012273525158],[139.56545364604727,35.460469085597694],[139.5652740577732,35.46069523523331],[139.56521155836532,35.46073703275125],[139.56501542439605,35.460818712030594],[139.56486017034254,35.46093481026522],[139.56475596286492,35.46106915486941],[139.5647273996111,35.46114916048704],[139.5650276021957,35.46149041368702],[139.56495084262528,35.46151031497305],[139.56486524355853,35.461502696218695],[139.5646328635159,35.46154742941149],[139.56406053755427,35.46172989420791],[139.56380099756515,35.461864598015744],[139.56367202537078,35.46141477849342],[139.56358013527858,35.460936839349],[139.5635119909155,35.46063718814159],[139.563455179642,35.46050153824644],[139.5633788379669,35.46003349129344],[139.56340659441463,35.4599565833129],[139.56341545802644,35.459860302347586],[139.56340517810676,35.459664122068446],[139.56347903826745,35.45955143568254],[139.56360888851793,35.45938711442387],[139.56364890569782,35.4592471005847],[139.5637911384813,35.458949570602506],[139.5638973326244,35.45859889847433],[139.56390317333003,35.4584988068934],[139.56388788140993,35.45825677197288],[139.56382694012532,35.45811473892321],[139.56380316947408,35.4581386289123],[139.5637080445518,35.4582596480968],[139.56369717232064,35.45833282661752],[139.56354457569898,35.45855656821326],[139.5631705187333,35.458778621937],[139.56272125641203,35.459025083096805],[139.56248305007395,35.45911476273089],[139.56234208750854,35.45919089156374],[139.5619637476304,35.45946240121388],[139.56194566680028,35.45955408408968],[139.56185352061593,35.46019210286694],[139.5618677249201,35.46046167033575],[139.56184618747244,35.46058947134799],[139.56183570217394,35.46069426938658],[139.5617997577748,35.4609343952411],[139.5617475808661,35.461067514496996],[139.56163811676856,35.461253110750896],[139.56153410609338,35.46107629884615],[139.5614895050979,35.46096461744312],[139.5613416874339,35.460734890842794],[139.56121810687802,35.46076658568085],[139.5610472179353,35.46076877443019],[139.56083945816232,35.46076105669786],[139.56052017740362,35.46071808902383],[139.56039522380865,35.460677914425666],[139.56018526900561,35.46058128389455],[139.56015768279596,35.46060618669831],[139.560021981505,35.460728660661275],[139.55993124554774,35.460840918271636],[139.55991393733925,35.460862357719606],[139.5601265082458,35.46117282779315],[139.56022603049365,35.461288682609286],[139.55997556111308,35.46131082984614],[139.55971927551036,35.46130923279127],[139.55923624815412,35.46126853439032],[139.55869113468685,35.4612371329791],[139.55842299297666,35.46120424024147],[139.55840651560794,35.461202477781086],[139.55841361006998,35.461039716399114],[139.5584568038889,35.46077151101014],[139.55842461579724,35.460745030695314]]]]}},{"type":"Feature","properties":{"area_id":"14112006001","city":"横浜市","ward":"旭区","town":"左近山","chome":"","num_households":1601},"geometry":{"type":"MultiPolygon","coordinates":[[[[139.56068971265137,35.455222158554825],[139.5605316230282,35.455241980489056],[139.56007185474917,35.45532165309296],[139.56001656784647,35.45533075373334],[139.55984591615885,35.45536860952271],[139.55978006791065,35.45526857041617],[139.559637601476,35.4551413518213],[139.55948135516243,35.4550613198236],[139.55931111163878,35.45504217071398],[139.5592402185359,35.45503419490884],[139.55889633567546,35.4551101106636],[139.55870481273325,35.45516080633704],[139.55852295650521,35.45519113552939],[139.55850910031202,35.45529881288897],[139.558511255001,35.45531082502283],[139.55800869363645,35.4552434974343],[139.5575894523475,35.45518132165026],[139.55756063296224,35.455177383461915],[139.557427003816,35.4554327082826],[139.55734861523598,35.45551559349967],[139.55714887641025,35.45569087628537],[139.55707071605505,35.45570664926178],[139.55665741162088,35.45554367642322],[139.55651967483234,35.45584117266068],[139.55648418024086,35.45604640409432],[139.5564946083934,35.45606755337042],[139.55688053844264,35.456226240245115],[139.55684764029527,35.456320494767844],[139.5568218085682,35.456582013190385],[139.5568651142662,35.456811823917846],[139.5569108110068,35.45693333201039],[139.5570615328246,35.457118985079376],[139.55712350068237,35.457309155403614],[139.55715214313298,35.4575481227924],[139.55716937541942,35.4575998851919],[139.55700975063309,35.4576458964908],[139.55702285290948,35.457671593921674],[139.55707719764243,35.457819530394495],[139.55700074012543,35.45801005584028],[139.5568763261414,35.458242796477094],[139.55687165029534,35.458249026912206],[139.55682561271735,35.45824904694826],[139.55676725930138,35.45823809800421],[139.55672608958926,35.458189043666735],[139.5566804933968,35.45813011654711],[139.55666114072883,35.4581114260687],[139.5565553690822,35.458021285533896],[139.55653262021988,35.4579364095727],[139.5565031527361,35.45782646844121],[139.55649403657023,35.457790467237],[139.556501313846,35.45777012778638],[139.55652405632878,35.45772046241697],[139.55646648615175,35.45750938747086],[139.55633439082308,35.45721293394955],[139.55627913710507,35.45721192775805],[139.5560799945354,35.45731193116624],[139.55583351255876,35.45736151055561],[139.55564655154657,35.45745400533094],[139.55556534622116,35.457497058242765],[139.55545761073938,35.45743332945443],[139.5553500187933,35.45734664270782],[139.55507386124398,35.45715281477321],[139.55507338252139,35.45698528377682],[139.55503787704083,35.456885557236575],[139.554968651231,35.45672417215565],[139.5545910726745,35.456827462646736],[139.5544823020167,35.456846156824085],[139.55386246850833,35.45695241239523],[139.55365081984093,35.457015271440284],[139.55344630760482,35.457092969409985],[139.55334588711872,35.457179602735174],[139.55320120537095,35.45734035752582],[139.55310476932047,35.457537524062104],[139.55299557588862,35.457808427116795],[139.55297444694142,35.457862059290036],[139.552912756238,35.45801865412416],[139.552890502627,35.458057121846004],[139.5525907246239,35.457651551034544],[139.55220240641364,35.45717743221302],[139.5521664335579,35.45714516669233],[139.5520123659517,35.45701573116506],[139.55177691376744,35.45688800968269],[139.55126669436441,35.456683598701304],[139.55105062522026,35.456569863385354],[139.55128734679417,35.45620978796517],[139.55143601174325,35.45594946981876],[139.5516645956753,35.455663280793196],[139.55178971359155,35.455522270829235],[139.55194668893986,35.45538999636445],[139.5520451404995,35.45534349977159],[139.55240498820507,35.45516471963613],[139.55282175485254,35.45496490935358],[139.55320994169531,35.4548035161992],[139.55353854157673,35.45474905958568],[139.55362004512054,35.45474371821502],[139.5536855019483,35.45472411511954],[139.55393758394163,35.45471444569678],[139.55412150180817,35.454742013272224],[139.55421787441725,35.45479881582169],[139.5545400747273,35.45492782361688],[139.55468298345792,35.45491726914215],[139.55487625262546,35.45487852023202],[139.55525672542836,35.4548001989065],[139.55557270366697,35.45470549778408],[139.55573813550154,35.45448904873113],[139.5559341602329,35.45436143512539],[139.55613483916508,35.45426294844594],[139.55643748485187,35.454133497236064],[139.55652746371499,35.45410317372374],[139.55660920902739,35.454114978808455],[139.55697260914954,35.45405664775981],[139.55735635020804,35.453983256827875],[139.55755038681716,35.45395894083931],[139.55779038269256,35.45394575064511],[139.55842134578847,35.453988155790434],[139.55851095096122,35.453984871473324],[139.55872173505557,35.45396358576905],[139.5590027196645,35.453983476824895],[139.5592006294136,35.45398342791036],[139.55942617457947,35.45398171650872],[139.55964305479324,35.45396519623419],[139.55988314556163,35.45393150971564],[139.56005804401568,35.453922430128294],[139.56019848723957,35.45388940046201],[139.56028889420986,35.45384083645421],[139.56038754253768,35.45400834199297],[139.56052525940956,35.45428058026111],[139.56056668020332,35.45438656002389],[139.56066079092426,35.45462735400126],[139.5607116556362,35.45479889795897],[139.56073702369082,35.45488445494991],[139.56083817483028,35.45518544854601],[139.56068971265137,35.455222158554825]]]]}},{"type":"Feature","properties":{"area_id":"14112006002","city":"横浜市","ward":"旭区","town":"左近山","chome":"","num_households":2780},"geometry":{"type":"MultiPolygon","coordinates":[[[[139.54935826248925,35.46322398775406],[139.5491717559822,35.46319313130285],[139.54915016436294,35.463201250194686],[139.54904300664762,35.46324159723873],[139.54831667864468,35.463481369059785],[139.54813202052463,35.46354230769828],[139.5482418614132,35.46381435120722],[139.54810746465841,35.46384114757513],[139.54792496639237,35.46385712776475],[139.54780494327554,35.46382903104708],[139.5470572833079,35.46368016833921],[139.5469773924016,35.46366505092052],[139.5469637181491,35.46355871998661],[139.54693871045265,35.46317811335633],[139.54687645220466,35.463051843866445],[139.54697865144396,35.46303831766616],[139.54693883447956,35.46288875733293],[139.54682035473772,35.46268785251025],[139.54673868652705,35.462688892920404],[139.54620635649712,35.4627359490781],[139.54622046110995,35.46296871989953],[139.54617680512447,35.46296703268935],[139.54617530278517,35.46295364993057],[139.54574479602522,35.46289890479433],[139.54581131400153,35.46275357418351],[139.54580810693463,35.46265128178155],[139.54545006297735,35.46263075547865],[139.54522308540933,35.46261771949148],[139.54513304410526,35.46216234800858],[139.54509729559192,35.46215177152839],[139.54509097788429,35.46212563027948],[139.54549976892264,35.462047091580914],[139.54530401961216,35.46171424773627],[139.54584301364318,35.461552778873674],[139.54587084469532,35.46154442927233],[139.54591671437345,35.46163745649417],[139.54618684079145,35.46160010116445],[139.54626359226273,35.461589508109455],[139.5468933258342,35.46147071074304],[139.54686819814262,35.461420583029955],[139.5466644167934,35.46101406275451],[139.54658845671995,35.46086269185251],[139.5464370896718,35.46056143112882],[139.54634621556664,35.46038055531388],[139.5466490055009,35.4601907100471],[139.5469530290149,35.46001695920495],[139.5472263097221,35.459835423506995],[139.5469999035091,35.459644652780405],[139.54690979783345,35.45958032369357],[139.54680961250014,35.45948220389581],[139.5471751555017,35.45917458707327],[139.54733066552822,35.459089919597766],[139.5476891412381,35.458893583384416],[139.54782628995244,35.45879232346977],[139.54806610268932,35.45867792368667],[139.54831101950478,35.45860518882806],[139.54852606178798,35.45855241823652],[139.54909569281028,35.458409526257086],[139.5491671028506,35.45838729953953],[139.5496224443414,35.45823987770026],[139.54986783140876,35.45814245830683],[139.54989957684512,35.458196016230445],[139.55020650553152,35.45830725344948],[139.55050979190898,35.45834637113564],[139.55104804255538,35.45834606897055],[139.5510143919019,35.458443558985856],[139.551293299532,35.4584334644129],[139.5517973553801,35.4584898029251],[139.55194798258984,35.458507719741],[139.55203817092195,35.458184170122784],[139.55194768092883,35.45812442161976],[139.55175716205005,35.4579267341884],[139.55165066946677,35.45777832401528],[139.55165082300624,35.457728044245215],[139.55170205489634,35.45762348264313],[139.55191432142507,35.45734669213547],[139.55207440236893,35.457201044492],[139.5521664335579,35.45714516669233],[139.55220240641364,35.45717743221302],[139.5525907246239,35.457651551034544],[139.552890502627,35.458057121845975],[139.552912756238,35.45801865412416],[139.55297444694142,35.457862059290036],[139.55299557588862,35.457808427116795],[139.55310476932047,35.457537524062104],[139.55320120537095,35.45734035752582],[139.55342021645995,35.457612576693926],[139.5534798429422,35.45767454312878],[139.5536856471206,35.457560088682115],[139.55378147975338,35.45754988543884],[139.55409157477843,35.45768566175987],[139.55380383313712,35.45797425511172],[139.55379536815383,35.45802831643141],[139.55378922310024,35.4580675639593],[139.5538097127439,35.45839045346564],[139.55382801771478,35.45847947163961],[139.55375571623003,35.45852965716427],[139.5537743557015,35.45858431038041],[139.5534658148069,35.45863293254835],[139.55356185707276,35.45877357116523],[139.5537061114352,35.45893625620639],[139.5538308347522,35.4590535455923],[139.55400387965457,35.458954754730485],[139.5542188105005,35.45922728091705],[139.55424262366296,35.45930395286762],[139.5541585235943,35.45938710413675],[139.55412518644914,35.45938868216391],[139.55424047905106,35.45955777907144],[139.55429174790683,35.459629302172374],[139.55438955101843,35.4598594487131],[139.55453415364596,35.46016582727921],[139.5546027727938,35.46037925198956],[139.5546392665534,35.46047348757415],[139.55471446363563,35.460689040993465],[139.55473501041783,35.460846582784775],[139.55471562411927,35.46098963288348],[139.55468708916965,35.46097122368625],[139.55410580428094,35.461239850477405],[139.55378544905028,35.4613725629471],[139.55364805127408,35.461447210295994],[139.55333369491345,35.46158687108738],[139.55306754516184,35.461712135636546],[139.55289804277095,35.46181065099278],[139.5526787728121,35.4619014108811],[139.55242821903988,35.46202734409865],[139.55215844562724,35.4621541473014],[139.55186200030624,35.46228370558362],[139.55159613440583,35.46239407331395],[139.5513120464325,35.46250886935345],[139.5511923903527,35.46255475271556],[139.55085925405913,35.462708024224035],[139.55072604634935,35.46277693824321],[139.5507210887759,35.46277907565561],[139.5506567581008,35.46280663560506],[139.55038636967726,35.46288614592181],[139.55019079386426,35.46296252032538],[139.5500166579672,35.463006057537406],[139.55003991751542,35.463049701104225],[139.54999861863075,35.463062738383606],[139.54998934722792,35.46304359777059],[139.5494012173802,35.46322922856302],[139.54935826248925,35.46322398775406]]]]}},{"type":"Feature","properties":{"area_id":"141120070","city":"横浜市","ward":"旭区","town":"小高町","chome":"","num_households":330},"geometry":{"type":"MultiPolygon","coordinates":[[[[139.5565011038156,35.465777732391274],[139.5561676514619,35.465950155912864],[139.55613009736916,35.465988202474854],[139.55598798510556,35.46606815846456],[139.55543450467945,35.466481811903016],[139.5553319345681,35.46660791168519],[139.55516603772452,35.466688656697585],[139.55498373042903,35.466728731373344],[139.55490620374204,35.46679397443534],[139.55467668862028,35.46691288172433],[139.55462714425693,35.46687664259215],[139.55451940979273,35.46689660631716],[139.55440665720985,35.466680615230636],[139.55429175025125,35.466478316431015],[139.55421773664648,35.46639909931652],[139.55420924603783,35.466390030829324],[139.55345665409752,35.46592803507441],[139.5533887938931,35.465898937347546],[139.55319189917807,35.465814472309646],[139.55291413019955,35.465749503634676],[139.55258615272817,35.46561079421269],[139.55250660349697,35.46546607267104],[139.552324974209,35.465312031784364],[139.55196153788646,35.46504905303406],[139.5519092528953,35.465003757622625],[139.55175598654236,35.46462855724519],[139.55168984708322,35.464594496391285],[139.55144152002646,35.46456663381183],[139.55133959980554,35.46451213960448],[139.5513069241647,35.464385659234594],[139.551239316659,35.46398365015944],[139.55123407920448,35.463900085095105],[139.55125127289168,35.46372182060876],[139.55109986583736,35.46360397437012],[139.55105040442567,35.46354512880051],[139.55092371317446,35.46346121229161],[139.5508496906544,35.463318790899166],[139.55084730791447,35.46321269747698],[139.55072108877596,35.46277907565564],[139.55072604634933,35.46277693824321],[139.55085925405913,35.462708024224064],[139.5511923903527,35.46255475271559],[139.5513120464325,35.46250886935345],[139.55159613440583,35.46239407331395],[139.55186200030624,35.46228370558362],[139.55215844562724,35.4621541473014],[139.55242821903988,35.46202734409865],[139.5526787728121,35.4619014108811],[139.55289804277095,35.46181065099278],[139.55306754516184,35.461712135636546],[139.55333369491345,35.46158687108738],[139.55364805127408,35.461447210295994],[139.55378544905028,35.4613725629471],[139.55410580428094,35.461239850477405],[139.55468708916965,35.46097122368625],[139.55471562411927,35.46098963288348],[139.5547889404089,35.46102652469032],[139.5547707860511,35.46106834873245],[139.55514164757233,35.46151685806408],[139.5552140918191,35.461594838017945],[139.55535375381103,35.461693217581825],[139.55551890989497,35.4617562683024],[139.55564684059937,35.46178726258392],[139.55588128513153,35.461882054800384],[139.55609575116722,35.462030108895334],[139.55618334660153,35.462044849397486],[139.5564361224133,35.46219774400567],[139.55679513239713,35.46228950670217],[139.5568620700944,35.4623672273156],[139.55689177631015,35.46250862866305],[139.55700908533888,35.46266329170553],[139.5571988343687,35.46272206471546],[139.55728436991993,35.46285489614319],[139.5572839219065,35.46299256670594],[139.55721019038558,35.463239610855084],[139.55719841205865,35.46351218252154],[139.5572826741534,35.46366525590582],[139.55759554045963,35.463874444579346],[139.55775094741202,35.464053277189294],[139.557836401811,35.464172763489465],[139.55786369959526,35.46435239763732],[139.55781731809014,35.46442982517089],[139.55759259447237,35.46461705761071],[139.55755752006007,35.46472989858132],[139.55755418217464,35.46473661563034],[139.55747062451314,35.46491839294477],[139.55728362738466,35.46524271265569],[139.55714923590452,35.46537455240241],[139.55689023045872,35.46553593095835],[139.5566365225362,35.46570770848969],[139.5565011038156,35.465777732391274]]]]}},{"type":"Feature","properties":{"area_id":"141120080","city":"横浜市","ward":"旭区","town":"三反田町","chome":"","num_households":462},"geometry":{"type":"MultiPolygon","coordinates":[[[[139.55276639315906,35.46820541930188],[139.55281373503522,35.46830563028725],[139.55273649117956,35.46831953604634],[139.5526593843678,35.46821407988613],[139.55254329104633,35.46808758365059],[139.55252236793092,35.46808883864628],[139.55197064002016,35.468379525360945],[139.55225586150803,35.468716968985476],[139.55213155484176,35.468871711907916],[139.552029099456,35.468826969286894],[139.55190070592198,35.4687345262194],[139.55174573694384,35.468567447677465],[139.55160956383733,35.468398194860605],[139.55149854519388,35.468224070842915],[139.55143786828435,35.46841754963558],[139.5513643695516,35.46854233904601],[139.5508143743331,35.46824420617086],[139.55060568102053,35.468534802172535],[139.55060125649115,35.468532115919125],[139.55023186713547,35.468295102587014],[139.54924147977968,35.468241420550164],[139.54923110875384,35.4682408681613],[139.54923119635532,35.468228228535374],[139.54932930359817,35.468120080933545],[139.54937766216133,35.46803410550426],[139.54955581759108,35.46805638691821],[139.54962867878712,35.46797279297077],[139.54947706407208,35.467881702921325],[139.54956733432033,35.467811000743815],[139.54961663083765,35.46772724560073],[139.54968496025188,35.467671737486775],[139.54983768669774,35.467746703680355],[139.5499890919795,35.467866805842675],[139.55012679270735,35.4679552573363],[139.55037320349717,35.46760570384208],[139.5497064226986,35.467578551494334],[139.54968372687745,35.46755765423372],[139.54913480334494,35.4675574991322],[139.5489902960955,35.46755705564063],[139.54894589362502,35.46739382455253],[139.54913548217712,35.467365008331356],[139.54922839333324,35.4673508944401],[139.5494043449613,35.467338348142135],[139.5498401485184,35.46732806254547],[139.55032842999609,35.467290257649964],[139.5506082818417,35.46725932523278],[139.55071995269896,35.46726525362501],[139.55093936763475,35.467248897746494],[139.5509476967753,35.46724849456769],[139.55121037468373,35.4672301265912],[139.55132956427505,35.4672396979473],[139.55167821276174,35.46721631663568],[139.55253283749272,35.46702273614571],[139.55247912628585,35.46671297517703],[139.55258378529666,35.46669871022788],[139.55261949690114,35.46667125780587],[139.5524950156247,35.46641407766193],[139.55235483567097,35.46624661169169],[139.5517937091207,35.46568283411784],[139.55158997153885,35.46553095872782],[139.5514165838721,35.46538369600518],[139.55111390399534,35.46511413049488],[139.55093191460122,35.465063921901596],[139.5507083492891,35.46505646603318],[139.55007520149658,35.46511566099117],[139.55004868280724,35.4650498979231],[139.54965095423756,35.465123158456095],[139.5495460701445,35.465116047981475],[139.54953168175325,35.46508960692811],[139.54953019907143,35.465021472115986],[139.54989156027204,35.46499073083186],[139.54988444357966,35.46492170318016],[139.55051406294763,35.46488630235452],[139.5506340162515,35.46483697007083],[139.5506627590651,35.46467936626279],[139.55060003666165,35.46446246814234],[139.55058752759342,35.4640899515179],[139.55055411714696,35.4639277674462],[139.55043717933137,35.463676413580195],[139.5503099635332,35.463435563009796],[139.55016624429496,35.46326160770679],[139.55006852104785,35.46310335729533],[139.54999861863075,35.463062738383606],[139.55003991751542,35.463049701104225],[139.5500166579672,35.463006057537406],[139.55019079386426,35.46296252032538],[139.55038636967726,35.46288614592181],[139.55065675810079,35.462806635605084],[139.55072108877596,35.46277907565564],[139.55084730791447,35.46321269747698],[139.5508496906544,35.463318790899166],[139.55092371317446,35.46346121229161],[139.55105040442567,35.46354512880051],[139.55109986583736,35.46360397437012],[139.55125127289168,35.46372182060876],[139.55123407920448,35.463900085095105],[139.551239316659,35.46398365015944],[139.5513069241647,35.464385659234594],[139.55133959980554,35.46451213960448],[139.55144152002646,35.46456663381183],[139.55168984708322,35.464594496391285],[139.55175598654236,35.46462855724519],[139.5519092528953,35.465003757622625],[139.55196153788646,35.46504905303406],[139.552324974209,35.465312031784364],[139.55250660349697,35.46546607267104],[139.55258615272817,35.46561079421269],[139.55291413019955,35.465749503634676],[139.55319189917807,35.465814472309646],[139.5533887938931,35.465898937347546],[139.55345665409752,35.46592803507441],[139.55420924603783,35.466390030829324],[139.55421773664648,35.46639909931652],[139.55429175025125,35.466478316431015],[139.55440665720985,35.466680615230636],[139.55451940979273,35.46689660631716],[139.55462714425693,35.46687664259215],[139.55467668862028,35.46691288172433],[139.55490620374204,35.46679397443534],[139.55498373042903,35.466728731373344],[139.55516603772452,35.466688656697585],[139.5553319345681,35.46660791168519],[139.55543450467945,35.466481811903016],[139.55598798510556,35.46606815846456],[139.55613009736916,35.465988202474854],[139.5561676514619,35.465950155912864],[139.5565011038156,35.465777732391274],[139.55674221789462,35.46608030131948],[139.55681934890677,35.46604272685185],[139.55716326538905,35.46630564866707],[139.5571815514345,35.46632026666038],[139.55738565051146,35.466483084716614],[139.55752734093616,35.46657083305339],[139.55755119746507,35.46664285688532],[139.55771893180804,35.466704256375465],[139.55806662852925,35.46673152172009],[139.55809784549183,35.46673395088834],[139.55861006180132,35.46680623343291],[139.55881465243706,35.46694014227425],[139.55889213877745,35.467087989070755],[139.55899981726702,35.467293402342385],[139.55914176535467,35.46750920943312],[139.55936144635018,35.46773772786174],[139.5593558637202,35.46785443791985],[139.55932536341524,35.46796359059782],[139.55917177883515,35.46795518027483],[139.55908855941829,35.467973548438614],[139.55904515770033,35.46794683156509],[139.55880838200963,35.46794203734494],[139.55843544933342,35.4678924632518],[139.55821423331267,35.467843654464716],[139.55800614183764,35.46778279788993],[139.5578982400042,35.467750794436135],[139.55750176103578,35.46759486505667],[139.55724630668144,35.46748964055712],[139.55689757007468,35.46737592861895],[139.556872300194,35.46737087187712],[139.55669786722515,35.46733603909153],[139.55669642986587,35.4673410004629],[139.5566707975909,35.46742928459238],[139.5565214290253,35.467421551658326],[139.5559765583993,35.46747006114176],[139.55563085322922,35.46748867356549],[139.55554013479943,35.46749790214865],[139.555473102768,35.46749665749195],[139.55546936044294,35.46758347779034],[139.55537884503744,35.46760830481432],[139.55508491527655,35.46772776968786],[139.5549649926543,35.467730699334176],[139.55495814250892,35.467770224662154],[139.55494437529845,35.46784293733282],[139.55467784403373,35.46786771331613],[139.55461498825844,35.46793471555057],[139.55445340108744,35.467931316400936],[139.5542602886829,35.46792721199769],[139.5541240563587,35.46800418546633],[139.55389891655463,35.46815045868051],[139.55376240010574,35.46822788876366],[139.55341185131462,35.46836397899446],[139.5533067262369,35.46818920093544],[139.55276639315906,35.46820541930188]]]]}},{"type":"Feature","properties":{"area_id":"141120090","city":"横浜市","ward":"旭区","town":"白根町","chome":"","num_households":21},"geometry":{"type":"MultiPolygon","coordinates":[[[[139.55331218051555,35.498089955390206],[139.5526232267996,35.49811093664006],[139.55241594683065,35.49760848567018],[139.55164215238364,35.49783332335133],[139.5513942628154,35.497865086447206],[139.55092668829258,35.49796427306817],[139.5506861230548,35.498258485808336],[139.55042723419078,35.49845194613447],[139.55030474128202,35.49848938646375],[139.55028394737803,35.49849574200443],[139.55014153065972,35.49852942946685],[139.54985996137808,35.49858394274615],[139.54951256590053,35.49865119866753],[139.54932394367495,35.49868773002559],[139.54919936595448,35.498711857208804],[139.549025067255,35.4987456108542],[139.54894968471754,35.49876026077956],[139.54748090976932,35.49904568974495],[139.54729497711895,35.4989829374443],[139.54633617244275,35.49893015428326],[139.546117965811,35.49892345043303],[139.54577860060806,35.49879273307825],[139.5456983236955,35.49876180813436],[139.54575392037506,35.49782553074501],[139.54597792319473,35.497529221345104],[139.5460317446544,35.49728857193403],[139.54633254951855,35.49728317856617],[139.54637044082543,35.49739946385185],[139.546864673556,35.49740550218421],[139.54694518079356,35.49743160306585],[139.54702967419433,35.49737010868635],[139.5474139327121,35.49740201273628],[139.5477776949511,35.49736675800289],[139.54835566437478,35.497266462865525],[139.5483150007933,35.49683157899854],[139.54817852653912,35.49676119527847],[139.5478205667714,35.49681412520681],[139.547688423854,35.49683366370902],[139.54755105916425,35.496870989920865],[139.54740450867334,35.4968568148377],[139.54740446917413,35.49669526594016],[139.54734339898718,35.49667572375117],[139.54731168289322,35.49659751711529],[139.5472746475626,35.49637127013506],[139.54718179224923,35.49626901530542],[139.54728117854256,35.49627022935077],[139.5480283685114,35.495901094953574],[139.54816265226407,35.49568428844094],[139.5489886146304,35.49572050527633],[139.54903558886676,35.49570078763388],[139.5493229577428,35.495580102140956],[139.54946324775028,35.49539239167873],[139.5495042031158,35.49520794004296],[139.5495627738721,35.49508391737979],[139.54967663316998,35.49496378663256],[139.54980565549954,35.49492203682572],[139.5498730232212,35.49482709045825],[139.549968615334,35.49476776872376],[139.55037803751478,35.49466025228135],[139.5503933675943,35.49472141025782],[139.55043152754968,35.49503849178686],[139.5504999449827,35.49511783738825],[139.55073716388665,35.49551408456281],[139.55096806430575,35.49563196855054],[139.55124441664168,35.495792349108626],[139.55183631665972,35.49615809440796],[139.55219775985933,35.49633944236906],[139.55236874736337,35.49641542812106],[139.55249629502327,35.49645374401991],[139.5526227075415,35.496426246344264],[139.5528412529194,35.49687601025948],[139.55290271312725,35.49712974728437],[139.55289116768563,35.49732229610539],[139.5529029775244,35.497400389208885],[139.55294867625355,35.497465070781594],[139.55310883336224,35.49758793432462],[139.55322015318802,35.49764424292161],[139.55331218051555,35.498089955390206]]]]}},{"type":"Feature","properties":{"area_id":"14112010001","city":"横浜市","ward":"旭区","town":"白根","chome":"1","num_households":552},"geometry":{"type":"MultiPolygon","coordinates":[[[[139.55782031379917,35.47957615050512],[139.55782857204596,35.47964053081144],[139.5576344857028,35.47965547664007],[139.55688546059687,35.4795623694877],[139.55670960518813,35.47953957633726],[139.556632157001,35.47952890801784],[139.55468144462407,35.47928889407233],[139.55432088061224,35.47925215136455],[139.5533767452301,35.47911776556632],[139.55305110402264,35.47906567849917],[139.5522188621008,35.47894668156976],[139.55191673445478,35.478892111254815],[139.55151620210657,35.47882540961018],[139.55109345488825,35.47875925392323],[139.55061137069364,35.478680529974426],[139.55044349834054,35.47865313283409],[139.55035552622016,35.47864239937399],[139.54951438512967,35.47850998231132],[139.5490963676079,35.47844636530366],[139.54866161515037,35.478380208130204],[139.5489489005274,35.47830352735749],[139.54894937653646,35.478284164469684],[139.5489600606373,35.47785530078018],[139.54909849352535,35.47784435848526],[139.54951397751012,35.4777103732214],[139.54921295940636,35.477257505722164],[139.5491498156803,35.477140427037284],[139.54916847871232,35.47705434747538],[139.54944986413284,35.4768850850976],[139.54972539372258,35.4768446051957],[139.55008549276488,35.476838898724544],[139.55023857507103,35.4767867939321],[139.55032198096885,35.47665678278823],[139.55040134696716,35.47635976432186],[139.55049111908556,35.47618223425648],[139.55058237799284,35.475973090922835],[139.55068035661733,35.47586092951171],[139.55086790139953,35.47576989287713],[139.55109845351845,35.4757143043613],[139.5512579183339,35.47575016678111],[139.5514440303084,35.475828483977125],[139.55181915310266,35.47598734085989],[139.5518816370042,35.47603568855737],[139.5519684233784,35.47618141171879],[139.5519634601914,35.47660366971271],[139.55192125578526,35.47661550839218],[139.5519479971148,35.47668028535907],[139.55201727596653,35.476699917114864],[139.5522752321013,35.4768402980215],[139.5526335452314,35.477062667841494],[139.55281041616468,35.47718789578438],[139.5529057224254,35.477279591198105],[139.55296239467302,35.47744577139329],[139.5529539671856,35.477579091693606],[139.55291397094888,35.47768586013127],[139.55277351933458,35.47784387374038],[139.55267423182823,35.47792444959285],[139.5526434291196,35.47797462251832],[139.55265658295934,35.47803535564201],[139.55310808084,35.4781636479926],[139.5536333462725,35.478333690203705],[139.55379782261585,35.47837839783484],[139.55410633523277,35.47846589917931],[139.55420623104897,35.47849535273036],[139.55440567441912,35.47857982044439],[139.5549344440976,35.478826478556975],[139.55515531756177,35.478895008623894],[139.5554000761541,35.478902928639684],[139.5557028740475,35.47885763909979],[139.55617998327142,35.47877081431402],[139.5563798433626,35.47872285895369],[139.55668324383166,35.47872728443149],[139.5569410890486,35.478703894868964],[139.5571831152205,35.47871775592861],[139.55720589946193,35.47874537629607],[139.55740716694558,35.478738581572124],[139.55772054044616,35.47864088547797],[139.5580270347909,35.478590388494005],[139.5582029485114,35.478620750523746],[139.55834396320395,35.47873553454091],[139.55835409344158,35.4789570911935],[139.55829851055228,35.47895988634533],[139.55819626082317,35.47908915198266],[139.55816735242325,35.4791710880156],[139.5580973086161,35.47944883141199],[139.55809855603428,35.4796430102731],[139.55797554936706,35.47965526543249],[139.55782031379917,35.47957615050512]]]]}},{"type":"Feature","properties":{"area_id":"14112010002","city":"横浜市","ward":"旭区","town":"白根","chome":"2","num_households":1281},"geometry":{"type":"MultiPolygon","coordinates":[[[[139.5567603523799,35.48469386969834],[139.5566956204782,35.4847207987632],[139.55655702542927,35.48470742085521],[139.55647647615186,35.484801914170745],[139.55634623258004,35.48508758324025],[139.55635717017668,35.485142992077435],[139.5566085658457,35.48520348816091],[139.556614775643,35.485299974289106],[139.55656933458835,35.48533170035392],[139.55629839668498,35.48532034593305],[139.55587215186466,35.485148578041695],[139.55556335647842,35.48502411583195],[139.55543118368473,35.484970860255785],[139.55487328110928,35.48479744876649],[139.55464535989458,35.48477090803698],[139.55401769349274,35.48469771477426],[139.5536896828211,35.484702172321015],[139.55345503306015,35.484630651946716],[139.55335146347906,35.484541652019885],[139.55305896073793,35.48437613108291],[139.55302290819964,35.48415373792578],[139.55296595129198,35.48409283600802],[139.5525432383869,35.48396053185515],[139.55251045989283,35.483898277625606],[139.55241278289412,35.48371281689072],[139.5522662220014,35.483399258742445],[139.5522621834084,35.48339062374435],[139.55208138115015,35.483180747697666],[139.55196724370302,35.48305608896578],[139.55188735474425,35.48296844036479],[139.5518684160968,35.482947662786536],[139.55179026019326,35.4828618885834],[139.5515693496108,35.482771875353485],[139.5513720322231,35.4827236391604],[139.5511950816864,35.48266795033634],[139.55059989169294,35.48244144079635],[139.55051531144642,35.48249363525882],[139.55047122988935,35.48261577890238],[139.55055428731822,35.482660018790895],[139.54970856144396,35.482682202128466],[139.54949196345933,35.48266961928877],[139.54931774738787,35.48253513562859],[139.5492725405333,35.48239655205935],[139.5493489874951,35.48216684961204],[139.54949664759638,35.48210469821576],[139.5497238132333,35.48206808344856],[139.54997073057464,35.4820092962416],[139.55007635823438,35.48199464958633],[139.55015855822606,35.48196431481834],[139.55022894843825,35.48191363623812],[139.5504593868857,35.48168105305161],[139.55068336694094,35.48136236873646],[139.55073484651462,35.48122337771356],[139.5507667639192,35.4810891989325],[139.55072675826602,35.48086661916837],[139.55069860460398,35.48076912988514],[139.55087994918384,35.48071233653693],[139.55104584621117,35.480543260843646],[139.5511539814638,35.48046330588106],[139.55132725882584,35.480441878962395],[139.5514910326705,35.48045440708272],[139.55164592598626,35.480427585245145],[139.55182367832313,35.48032698223001],[139.55222050798633,35.48010062809042],[139.55236036418393,35.48003437168668],[139.55241761806354,35.479917187124784],[139.5524378753669,35.4797992138171],[139.55254458201568,35.47967805948679],[139.55266967748815,35.47961046650624],[139.55274637374788,35.47965124052128],[139.55344877925296,35.479440376420214],[139.55372984715578,35.479498485775935],[139.55399535339853,35.479489063549636],[139.554184784586,35.479413835094476],[139.55428301444067,35.47933462976498],[139.55432088061224,35.47925215136455],[139.55468144462407,35.47928889407233],[139.55663215700105,35.47952890801784],[139.55670960518813,35.479539576337245],[139.55688546059687,35.4795623694877],[139.5576344857028,35.47965547664007],[139.557828572046,35.47964053081144],[139.55787067436418,35.479658900298496],[139.55781608946236,35.48031615842619],[139.5576919897644,35.48036432386984],[139.5575833093882,35.480397736017075],[139.55753894497846,35.48059895933799],[139.5574707415011,35.48073467545825],[139.55749216044086,35.48080267643962],[139.55758513167876,35.481100119188106],[139.55771642618106,35.481138160975206],[139.55775206367034,35.481290343518225],[139.55773068302307,35.481423666744334],[139.55758498777158,35.48154220078184],[139.55745337863144,35.481826704360365],[139.55719512373577,35.48186678441662],[139.55713031916517,35.48194018767648],[139.55717819654498,35.482100567270805],[139.5572839784328,35.4821781254277],[139.55737340446157,35.482305185575875],[139.55728857723716,35.48236791154866],[139.5572977108685,35.482428068819814],[139.55736165118444,35.48261172137271],[139.55716251316971,35.4828351269944],[139.55705532077712,35.48309785769695],[139.55709804582364,35.483141648243944],[139.5572405835857,35.483203271377114],[139.55732384182676,35.483221732551456],[139.5574275112486,35.48333808611617],[139.55736172694677,35.48347130758394],[139.55712721386888,35.48358453489043],[139.55713703477318,35.483819998056504],[139.55721903503408,35.483847435688126],[139.5572690875387,35.48395782299124],[139.55715716833492,35.484317297346],[139.55734313177632,35.4844639403401],[139.5572312154845,35.48460402862962],[139.55697845496752,35.48458387976759],[139.5569134867391,35.484673126782646],[139.5568952020954,35.484607702622725],[139.55684037609203,35.484608106282494],[139.5567603523799,35.48469386969834]]]]}},{"type":"Feature","properties":{"area_id":"14112010003","city":"横浜市","ward":"旭区","town":"白根","chome":"3","num_households":914},"geometry":{"type":"MultiPolygon","coordinates":[[[[139.55094395410853,35.48336771210739],[139.5507356076845,35.48337096040105],[139.5506835224953,35.48344308854574],[139.55067422653738,35.48362583816775],[139.55063066478635,35.483955505264234],[139.55055828949097,35.48401941885611],[139.5504296155944,35.484019119795086],[139.55003907910267,35.48394413005901],[139.54986776803523,35.483869686178664],[139.54973444022954,35.48383430768573],[139.54946893395677,35.483858827382875],[139.54937300492372,35.483850998904146],[139.54907731774128,35.483839885990825],[139.54906596011384,35.48383799336631],[139.54890687952283,35.483793187518735],[139.548848221438,35.483769847477404],[139.54856253107178,35.48369513456619],[139.54835791476745,35.48360501203823],[139.54807230288728,35.48351466451923],[139.5477672129615,35.48353345517048],[139.5476157897538,35.48344232167189],[139.54758608345745,35.48342444366426],[139.54752460278368,35.483408138122776],[139.54744392353834,35.48350649946782],[139.5472907446406,35.483200522689096],[139.5472819841102,35.483055087436796],[139.5472591041186,35.48304302666782],[139.54706043858548,35.48293833936098],[139.5468252630621,35.48279934264113],[139.54685743653422,35.48272199247194],[139.54694705338062,35.482591928921366],[139.546952980982,35.48258331713905],[139.54699421964165,35.48252348738037],[139.5471763709378,35.48225917711952],[139.54720114062962,35.48219409866417],[139.5472440941748,35.48208117718541],[139.5473173850299,35.48190530346985],[139.54733254809474,35.48184791269762],[139.54738281541418,35.48165758360334],[139.54749275500197,35.48147718372222],[139.54766795116623,35.48126732517295],[139.54775652074866,35.48119496704747],[139.54825492913355,35.480787991324256],[139.54827383875724,35.480772544184376],[139.54849645188605,35.48059244249758],[139.5486070117443,35.4804912991477],[139.54868990284487,35.48039329598532],[139.54869546643255,35.4803781679414],[139.5487364312876,35.480266967471145],[139.54879501928949,35.480072045449155],[139.54887134154845,35.47973752502117],[139.54885790845256,35.479604015137355],[139.54885162937623,35.479541468726666],[139.54878563547956,35.47936579617023],[139.54874007623002,35.47921185987035],[139.5486813934381,35.47901352900122],[139.5485668163474,35.47862623926205],[139.54853991122894,35.478431785462014],[139.54856665400564,35.47838614663145],[139.54866161515037,35.478380208130204],[139.5490963676079,35.47844636530366],[139.5495143851297,35.47850998231132],[139.55035552622016,35.47864239937397],[139.55044349834054,35.47865313283409],[139.55061137069364,35.478680529974426],[139.55109345488825,35.47875925392323],[139.55151620210657,35.47882540961018],[139.55191673445478,35.478892111254815],[139.5522188621008,35.47894668156976],[139.55305110402264,35.47906567849917],[139.5533767452301,35.47911776556632],[139.55432088061224,35.47925215136455],[139.55428301444067,35.47933462976498],[139.554184784586,35.479413835094476],[139.55399535339853,35.479489063549636],[139.55372984715578,35.479498485775935],[139.55344877925296,35.479440376420236],[139.55274637374788,35.47965124052128],[139.55266967748815,35.47961046650624],[139.55254458201568,35.47967805948679],[139.5524378753669,35.4797992138171],[139.55241761806352,35.479917187124784],[139.55236036418393,35.48003437168668],[139.55222050798633,35.48010062809042],[139.55182367832313,35.480326982230025],[139.55164592598626,35.480427585245145],[139.5514910326705,35.48045440708274],[139.55132725882584,35.480441878962395],[139.5511539814638,35.48046330588106],[139.55104584621117,35.480543260843646],[139.55087994918384,35.48071233653695],[139.55069860460398,35.48076912988514],[139.55072675826602,35.48086661916837],[139.5507667639192,35.4810891989325],[139.55073484651462,35.48122337771356],[139.55068336694094,35.48136236873646],[139.5504593868857,35.48168105305161],[139.55022894843825,35.48191363623812],[139.55015855822606,35.48196431481834],[139.55007635823438,35.48199464958633],[139.54997073057464,35.4820092962416],[139.5497238132333,35.48206808344856],[139.54949664759638,35.48210469821576],[139.5493489874951,35.48216684961204],[139.5492725405333,35.48239655205935],[139.54931774738787,35.48253513562859],[139.54949196345933,35.48266961928877],[139.54970856144396,35.482682202128466],[139.55055428731822,35.482660018790895],[139.55090156373345,35.48285525037526],[139.55094395410853,35.48336771210739]]]]}},{"type":"Feature","properties":{"area_id":"14112010004","city":"横浜市","ward":"旭区","town":"白根","chome":"4","num_households":912},"geometry":{"type":"MultiPolygon","coordinates":[[[[139.54733254809474,35.48184791269762],[139.5473173850299,35.48190530346985],[139.54724409417483,35.48208117718541],[139.54720114062962,35.48219409866417],[139.5471763709378,35.48225917711952],[139.54699421964165,35.48252348738037],[139.546952980982,35.48258331713905],[139.54694705338062,35.482591928921366],[139.54685743653422,35.48272199247194],[139.5468252630621,35.48279934264113],[139.5465074277716,35.48315308928199],[139.54644976771735,35.48320062771431],[139.54616696912757,35.48342837037322],[139.54605401894574,35.483510708366694],[139.54600599868087,35.48353482024418],[139.54591769391473,35.48359249761371],[139.54580898013262,35.48366354366004],[139.54526440751957,35.48402186226044],[139.54484448999298,35.484340791411014],[139.54482446678088,35.48437260958992],[139.5445700807518,35.48406899969062],[139.5442521874786,35.48370320051475],[139.54402254000223,35.48345260275248],[139.5439088073574,35.48331438292411],[139.5437249296712,35.483097974933926],[139.5436863883553,35.48305989243752],[139.54359988728876,35.48297448138104],[139.54342953346628,35.482780532562955],[139.54334042759442,35.48263568186853],[139.5432653535078,35.48250955938901],[139.54309836697942,35.48224738160552],[139.54308457856115,35.48222710350149],[139.54306040174112,35.481983713346615],[139.54310753653004,35.481726864527516],[139.5432354694284,35.48159632800837],[139.5433694006812,35.48153344319395],[139.54346624674452,35.48156014950617],[139.54369537656262,35.48170121167981],[139.54372882033402,35.48175649917034],[139.5437480773977,35.48178833937723],[139.5438140499599,35.48176353136814],[139.5438703897885,35.48174232720442],[139.54413921223482,35.48181087930118],[139.5442726342737,35.48174566960289],[139.54447427613377,35.481629599489075],[139.54458408206835,35.4815116242003],[139.5446981623444,35.481390032870486],[139.5447992399464,35.48123876450465],[139.54492065869172,35.48102120754075],[139.54510605195796,35.48109044240464],[139.54516305179143,35.481070682878375],[139.54523604291828,35.48094910091824],[139.54534839312367,35.480859297641715],[139.54547526412438,35.48077776902139],[139.54554615306827,35.4807321981803],[139.5456955574676,35.48059072474719],[139.54575164512633,35.48048283303555],[139.5458389621234,35.480314877846546],[139.54591927023736,35.480102788218744],[139.54601776977853,35.47991883834207],[139.54603663503278,35.479801071717056],[139.54593187057324,35.47964108040053],[139.54583590193334,35.479471321879295],[139.54599196512646,35.47941760599098],[139.54644208769753,35.479427039889956],[139.54645093340494,35.47942713100592],[139.5466796966184,35.479429039755615],[139.546905888884,35.4794221415402],[139.54693012778378,35.47942138897379],[139.54719201492728,35.47940633903839],[139.5473062800239,35.47939541202843],[139.54759168904076,35.4793509464932],[139.54777227146008,35.47929658614228],[139.54792235870025,35.47924701266567],[139.5479912398077,35.47920893744487],[139.54813273182816,35.47913078875434],[139.54829552861707,35.47898079259941],[139.54842002116285,35.47883461451305],[139.54853073844967,35.47868840399005],[139.5485668163474,35.47862623926205],[139.5486813934381,35.47901352900122],[139.54874007623002,35.47921185987035],[139.54878563547956,35.47936579617023],[139.54885162937623,35.479541468726666],[139.54885790845256,35.479604015137355],[139.54887134154845,35.47973752502117],[139.54879501928949,35.480072045449155],[139.5487364312876,35.480266967471145],[139.54869546643255,35.4803781679414],[139.54868990284487,35.48039329598532],[139.5486070117443,35.4804912991477],[139.54849645188605,35.48059244249758],[139.54827383875724,35.480772544184376],[139.54825492913355,35.480787991324256],[139.54775652074866,35.48119496704747],[139.54766795116623,35.48126732517295],[139.547492755002,35.4814771837222],[139.54738281541418,35.481657583603315],[139.54733254809474,35.48184791269762]]]]}},{"type":"Feature","properties":{"area_id":"14112010005","city":"横浜市","ward":"旭区","town":"白根","chome":"5","num_households":832},"geometry":{"type":"MultiPolygon","coordinates":[[[[139.54330997750608,35.486934597836175],[139.54306617931246,35.48723732244923],[139.54296813565156,35.48738081886674],[139.5428019006577,35.487554012636984],[139.5426295476279,35.48781891402647],[139.54252343059167,35.48767395036451],[139.54243873742027,35.48761783692349],[139.54230469586113,35.48752903757071],[139.54224163284636,35.48748529911028],[139.54170059186742,35.48708649731222],[139.54167675735636,35.487093870225955],[139.5416366984327,35.48710627498062],[139.54142848957915,35.48696177301223],[139.54131306769565,35.48695716807356],[139.54129606247545,35.48695730381341],[139.54113357095284,35.486927272122195],[139.54080236577775,35.48676638549397],[139.54078168455314,35.48678890608543],[139.5406229485308,35.48680990154136],[139.54054116582896,35.486770764724135],[139.54048534286616,35.486785138055176],[139.54017307799498,35.48656574032843],[139.5398624716598,35.486703165032395],[139.53986390705106,35.48672271011436],[139.5396761839029,35.486741945175076],[139.5394508469384,35.486638840317596],[139.53932869740058,35.4866077750293],[139.5391908135681,35.48659462979554],[139.5389874179117,35.48664998725656],[139.53897351519296,35.4866552702233],[139.5389052103363,35.48668112731268],[139.53871698711112,35.48671912731852],[139.53860453695015,35.48672023090367],[139.53849401361305,35.4867182762542],[139.53829509988546,35.48665942122126],[139.53820560953545,35.486632940459664],[139.53815414120731,35.48660397987267],[139.53807823928156,35.486581967665536],[139.53794839681584,35.48589988762229],[139.53807320476577,35.48580959211128],[139.5382104567583,35.485688623354086],[139.53840715053045,35.48545230812471],[139.53848632141435,35.485345002212064],[139.5385979241543,35.48522185912432],[139.53873156879723,35.48515137279501],[139.53891592856732,35.48509744961381],[139.53934486550796,35.48500386664992],[139.53951999104794,35.484920415321625],[139.53959092951834,35.48488069260037],[139.53967777448912,35.48476991872894],[139.53983369703545,35.48449164130481],[139.54003590853407,35.48403816317361],[139.5401171160716,35.48383773167161],[139.54024389549383,35.483534561146286],[139.5402637279338,35.48349045650914],[139.54036948264346,35.48335828423316],[139.54060885341656,35.48313808904509],[139.54077913089182,35.48299533237485],[139.54077356913365,35.4829858119554],[139.54081111386063,35.48298392960412],[139.54120135116085,35.4827500803094],[139.54160107217518,35.48258350195315],[139.54203758524343,35.48242053125724],[139.54246610585923,35.4822527523168],[139.54280256647522,35.48210936529594],[139.54297090908156,35.48202448520717],[139.54303076735434,35.481832699712555],[139.54310753653004,35.481726864527516],[139.54306040174112,35.481983713346615],[139.54308457856115,35.48222710350149],[139.54309836697942,35.48224738160552],[139.5432653535078,35.48250955938901],[139.54334042759442,35.48263568186853],[139.54342953346628,35.482780532562955],[139.54359988728876,35.48297448138104],[139.5436863883553,35.48305989243752],[139.5437249296712,35.483097974933926],[139.5439088073574,35.48331438292411],[139.54402254000223,35.48345260275248],[139.5442521874786,35.48370320051475],[139.5445700807518,35.48406899969062],[139.54482446678088,35.48437260958992],[139.544544409645,35.48468014123973],[139.54446478655288,35.48479547672355],[139.54435931475084,35.485018069530675],[139.54430393012677,35.48509089413344],[139.54422299399002,35.485602122291475],[139.54421196003236,35.48567188164386],[139.54419293213496,35.4857919718355],[139.54359835835783,35.486576522236334],[139.54330997750608,35.486934597836175]]]]}},{"type":"Feature","properties":{"area_id":"14112010006","city":"横浜市","ward":"旭区","town":"白根","chome":"6","num_households":1164},"geometry":{"type":"MultiPolygon","coordinates":[[[[139.55094395410853,35.48336771210739],[139.55116701177914,35.484385561851724],[139.55122397998807,35.48459015316416],[139.5512413454611,35.48464064859673],[139.5514918709995,35.485021591993494],[139.55156619699028,35.48511369488223],[139.55160833219622,35.48517195774587],[139.55163901215852,35.485427681797084],[139.55163824901757,35.4854734523794],[139.55164888569084,35.48555847112522],[139.55168043313765,35.48582507726831],[139.55140238945464,35.485869150432144],[139.55066555171584,35.48620376120339],[139.55047715352958,35.48635370186908],[139.55015622277213,35.48651565834315],[139.5500044270546,35.48659533612395],[139.5496154530293,35.48676424491349],[139.54938644563202,35.48686219228205],[139.54934443815543,35.48690835945849],[139.54932362967037,35.486931197590934],[139.54920265204856,35.48725096825795],[139.5491130705826,35.487413990135664],[139.5490644824999,35.48747668997797],[139.54891623119136,35.48766802476266],[139.5486619503399,35.48780922145083],[139.54850800114397,35.48791276623498],[139.5479266303549,35.4882153069064],[139.54791555579033,35.48816334643156],[139.54772485712476,35.48789640028388],[139.54767068169292,35.48783405786876],[139.5476358826438,35.48780942780045],[139.5474519280613,35.48767922291576],[139.5473593412331,35.48755883571499],[139.5473386965305,35.48749255794291],[139.54734270254008,35.48744897768326],[139.54724096717294,35.4873534972331],[139.5472257555185,35.48733920221784],[139.5467906721276,35.48691076970028],[139.5467462734649,35.48685369746065],[139.54661220561712,35.48667119820805],[139.54660270505758,35.486658265632954],[139.5463725443096,35.48638429225544],[139.5461943693553,35.48624944815344],[139.54611671892184,35.48617972799642],[139.54587626764763,35.48596188974441],[139.5456776610094,35.48585312179786],[139.54563089062322,35.485827837790254],[139.5448702361235,35.48541685366237],[139.5448199960383,35.48536913325084],[139.54450697368992,35.485071934615114],[139.54435931475084,35.485018069530675],[139.54446478655288,35.48479547672355],[139.544544409645,35.48468014123973],[139.54482446678088,35.48437260958992],[139.54484448999298,35.484340791411014],[139.54526440751957,35.48402186226044],[139.54580898013262,35.48366354366004],[139.54591769391473,35.48359249761371],[139.54600599868087,35.48353482024418],[139.54605401894574,35.483510708366694],[139.54616696912757,35.48342837037322],[139.54644976771735,35.48320062771431],[139.5465074277716,35.48315308928199],[139.5468252630621,35.48279934264113],[139.54706043858548,35.48293833936098],[139.5472591041186,35.48304302666782],[139.5472819841102,35.483055087436796],[139.5472907446406,35.483200522689096],[139.54744392353834,35.48350649946782],[139.54752460278368,35.483408138122776],[139.54758608345745,35.48342444366426],[139.5476157897538,35.48344232167189],[139.5477672129615,35.48353345517048],[139.54807230288728,35.48351466451923],[139.54835791476745,35.48360501203823],[139.54856253107178,35.48369513456619],[139.548848221438,35.483769847477404],[139.54890687952283,35.483793187518735],[139.54906596011384,35.48383799336631],[139.54907731774128,35.483839885990825],[139.54937300492372,35.48385099890411],[139.54946893395677,35.483858827382846],[139.54973444022957,35.48383430768573],[139.54986776803528,35.48386968617865],[139.55003907910267,35.48394413005899],[139.55042961559442,35.484019119795086],[139.55055828949097,35.48401941885611],[139.55063066478635,35.483955505264234],[139.55067422653738,35.48362583816775],[139.5506835224953,35.48344308854574],[139.5507356076845,35.48337096040105],[139.55094395410853,35.48336771210739]]]]}},{"type":"Feature","properties":{"area_id":"14112010007","city":"横浜市","ward":"旭区","town":"白根","chome":"7","num_households":711},"geometry":{"type":"MultiPolygon","coordinates":[[[[139.55656933458835,35.48533170035392],[139.55653371498994,35.48549294548052],[139.55647737456522,35.48555151051644],[139.5563111509435,35.48568443321914],[139.55624947953388,35.48569753207708],[139.5560392049992,35.48561582657812],[139.55596851931247,35.4856398189598],[139.55589014172213,35.485697453967646],[139.55574776884745,35.48576128024023],[139.55548040498817,35.48574943938829],[139.55538287925825,35.48580393209872],[139.5552858409915,35.48593539129788],[139.55527546766288,35.486009587332894],[139.5552974575083,35.486223250098],[139.55522074656943,35.48633975725773],[139.5550943317994,35.4864194985782],[139.55498457794153,35.48648684910381],[139.5548667066627,35.486554849437525],[139.55462935988186,35.48671851813536],[139.55452842349396,35.4868249330062],[139.55445430714784,35.4869438013226],[139.55438622868903,35.487139895208266],[139.55459517698864,35.487213499087865],[139.55432783059885,35.48749219409442],[139.55429877212813,35.48754779277658],[139.5540911546272,35.48742546323442],[139.5539545969796,35.487574221833455],[139.55394717361472,35.48761025798063],[139.55389456867076,35.48772671191165],[139.55383275879566,35.48774206287885],[139.55365026313268,35.48774301849462],[139.55358171889404,35.487819193739114],[139.5535898149447,35.4879914853852],[139.55355740917025,35.48814851034978],[139.55350307233843,35.488261405727485],[139.55365694858753,35.48833826376033],[139.5535313989464,35.48851468670942],[139.5534737489868,35.48859025340869],[139.55306921413472,35.489084922199226],[139.55305057973015,35.489107694132684],[139.55288461012617,35.48929480049749],[139.55274163724616,35.489220571861765],[139.5527230570277,35.48924028135647],[139.55267220525147,35.489236292335626],[139.55260097785506,35.48923007328418],[139.55240697642975,35.489184211116445],[139.5523064614011,35.489107790121906],[139.55193906212358,35.48878799463107],[139.55169085063355,35.48867722228139],[139.55148019322027,35.48860589921721],[139.5514042700673,35.488569776652305],[139.55132239442594,35.48853078785649],[139.551153096438,35.48853092769353],[139.5506804831024,35.488585785236275],[139.55038099602265,35.48867248342247],[139.55005546546224,35.48888083934641],[139.5495368736507,35.48891066088751],[139.54952071331064,35.488903300021626],[139.5494449562474,35.48886872548074],[139.5494105777684,35.48881424719709],[139.5492855867025,35.488616188803775],[139.54906134138082,35.48836934454339],[139.54902203691444,35.488320487943255],[139.54897376721595,35.48818827114533],[139.54895383505342,35.488114954276796],[139.54885193699752,35.48801595486626],[139.5486496989012,35.487938376229636],[139.54850800114397,35.48791276623498],[139.5486619503399,35.48780922145083],[139.54891623119136,35.48766802476266],[139.5490644824999,35.48747668997797],[139.5491130705826,35.48741399013567],[139.54920265204856,35.48725096825795],[139.54932362967037,35.48693119759097],[139.54934443815543,35.48690835945849],[139.54938644563202,35.48686219228205],[139.5496154530293,35.48676424491349],[139.5500044270546,35.48659533612395],[139.55015622277213,35.48651565834315],[139.55047715352958,35.48635370186908],[139.55066555171584,35.48620376120339],[139.55140238945464,35.485869150432144],[139.55168043313765,35.48582507726831],[139.55164888569084,35.48555847112523],[139.55163824901757,35.4854734523794],[139.5516390121585,35.485427681797084],[139.55160833219622,35.4851719577459],[139.55156619699028,35.48511369488223],[139.5514918709995,35.485021591993494],[139.5512413454611,35.48464064859673],[139.55122397998807,35.48459015316416],[139.5511670117792,35.484385561851724],[139.55094395410853,35.48336771210739],[139.55090156373345,35.48285525037526],[139.55055428731822,35.482660018790895],[139.55047122988935,35.482615778902385],[139.55051531144642,35.48249363525882],[139.55059989169294,35.48244144079635],[139.5511950816864,35.48266795033634],[139.5513720322231,35.4827236391604],[139.5515693496108,35.482771875353485],[139.55179026019326,35.4828618885834],[139.5518684160968,35.482947662786536],[139.55188735474425,35.48296844036479],[139.55196724370302,35.48305608896578],[139.55208138115015,35.483180747697666],[139.5522621834084,35.48339062374435],[139.5522662220014,35.483399258742445],[139.55241278289412,35.48371281689072],[139.55251045989283,35.483898277625606],[139.5525432383869,35.48396053185515],[139.55296595129198,35.48409283600802],[139.55302290819964,35.48415373792578],[139.55305896073793,35.48437613108291],[139.55335146347906,35.484541652019885],[139.55345503306015,35.484630651946716],[139.5536896828211,35.484702172321015],[139.55401769349274,35.48469771477426],[139.55464535989458,35.48477090803698],[139.55487328110928,35.48479744876649],[139.55543118368473,35.484970860255785],[139.55556335647842,35.48502411583195],[139.55587215186466,35.485148578041695],[139.55629839668498,35.48532034593305],[139.55656933458835,35.48533170035392]]]]}},{"type":"Feature","properties":{"area_id":"14112010008","city":"横浜市","ward":"旭区","town":"白根","chome":"8","num_households":939},"geometry":{"type":"MultiPolygon","coordinates":[[[[139.55185762924643,35.4904735607704],[139.55182283118265,35.49052629428912],[139.55160455106125,35.49088524133493],[139.55156800261193,35.49097078545602],[139.55152279476948,35.49122436143743],[139.55142225979793,35.491269164202734],[139.55136938776434,35.49131956762213],[139.55133663548057,35.4914710312962],[139.5511712467633,35.49153325546094],[139.55111874598225,35.491575949627276],[139.5509856871337,35.491608602177976],[139.55095330196733,35.49165465185548],[139.55077986301862,35.491716822290584],[139.5505701903222,35.49187330443429],[139.55056036057948,35.4918772606046],[139.55036060068812,35.491950039115615],[139.55026775413256,35.492007359072176],[139.55016287322675,35.492179959927874],[139.55004740981616,35.49256537591445],[139.55005082652335,35.4926469283727],[139.54999019897315,35.49261281276341],[139.5498003918234,35.49250597812312],[139.54945192884048,35.49230984105476],[139.54950986413428,35.492093120952475],[139.54904903185516,35.49186721788961],[139.54868157206104,35.49168712306836],[139.54852067407336,35.49164168494521],[139.54846847418438,35.49164170565531],[139.54809008990165,35.4916417138901],[139.5478399470374,35.491651136654994],[139.54774099974767,35.49165488706008],[139.54746120022497,35.49166846581164],[139.54703397708224,35.49170437813582],[139.5468669192504,35.491751595279226],[139.5468676855499,35.491589597815754],[139.5469355395005,35.491460710442766],[139.54718859196802,35.49115138003864],[139.54727053800684,35.49103034270958],[139.54768794859848,35.49050538200181],[139.54768755523412,35.49046425625776],[139.54768730407525,35.49043763775525],[139.54768604450183,35.49030676013593],[139.54774076708262,35.48999464814051],[139.5477590935483,35.48999197949801],[139.54788911013898,35.48984517532358],[139.54794049461555,35.4897042455143],[139.54793465201016,35.4893711495005],[139.54792984687154,35.489097700307816],[139.54792318281423,35.48871696375193],[139.5479180599608,35.48842393777345],[139.54792613623292,35.488227240699935],[139.5479266303549,35.488215306906376],[139.54850800114397,35.48791276623498],[139.5486496989012,35.487938376229636],[139.54885193699752,35.48801595486626],[139.54895383505342,35.488114954276796],[139.54897376721595,35.48818827114533],[139.54902203691444,35.48832048794324],[139.54906134138082,35.48836934454339],[139.5492855867025,35.488616188803775],[139.5494105777684,35.48881424719709],[139.5494449562474,35.48886872548074],[139.54952071331064,35.488903300021626],[139.5495368736507,35.48891066088751],[139.55005546546224,35.48888083934641],[139.55038099602265,35.48867248342247],[139.5506804831024,35.488585785236275],[139.551153096438,35.48853092769353],[139.55132239442594,35.48853078785649],[139.5514042700673,35.488569776652305],[139.55148019322027,35.48860589921721],[139.55169085063355,35.48867722228139],[139.55193906212358,35.48878799463107],[139.5523064614011,35.489107790121906],[139.55240697642975,35.489184211116445],[139.552600977855,35.489230073284205],[139.55267220525147,35.489236292335626],[139.5527230570277,35.48924028135647],[139.55257916249,35.4893928624563],[139.55259501525677,35.48940302437008],[139.5525235435447,35.48949045320604],[139.55260385672656,35.489545617769075],[139.55266226883745,35.4895790581892],[139.55255073332387,35.48977910562553],[139.55249885768853,35.489760642609156],[139.5524084693493,35.4897423392389],[139.5523317207204,35.4899484154079],[139.55219592537497,35.48992676919634],[139.55214040506354,35.490045260016515],[139.55185762924643,35.4904735607704]]]]}},{"type":"Feature","properties":{"area_id":"14112018001","city":"横浜市","ward":"旭区","town":"上白根町","chome":"","num_households":1539},"geometry":{"type":"MultiPolygon","coordinates":[[[[139.53138295599922,35.502304364418784],[139.53142632347203,35.5024772849369],[139.5314105148463,35.502617807735994],[139.53110369723805,35.50303521155463],[139.53107653530475,35.50322440184514],[139.53113507829815,35.50343419075529],[139.5312160710321,35.50356970404488],[139.53162796954447,35.503826032590815],[139.53228448759953,35.504031556095626],[139.5325512712721,35.504365904094044],[139.53263367182626,35.504505398841],[139.5323615474765,35.50451779306776],[139.5322022916404,35.504499512330554],[139.5311237765926,35.50422432165273],[139.5306060712207,35.50396413548167],[139.53039207156013,35.503827341511155],[139.5300084714867,35.503401225912036],[139.52969431923262,35.503107915338276],[139.52955684116216,35.50305225827061],[139.52886793955042,35.503175612857646],[139.52875534289092,35.50324335947366],[139.52870806479385,35.50327179845134],[139.52869789612345,35.50325071602018],[139.52749407728749,35.50364766133102],[139.52730638932275,35.50380067303881],[139.52713446682137,35.503986677651234],[139.52677573926013,35.50420390639542],[139.52648423432356,35.50430366038593],[139.5263060666596,35.50437461905415],[139.52595321931972,35.50443989110812],[139.52566203347664,35.50446028291098],[139.5249730281973,35.50445854428836],[139.52479057202794,35.504363122949115],[139.52405733565993,35.50366675444215],[139.5236479381306,35.50329668447213],[139.52348376229943,35.503084688897516],[139.5234517187185,35.50300788464476],[139.52352659984285,35.50287846226648],[139.5235394549597,35.502793039040405],[139.52352503855136,35.50263835655905],[139.5232460225979,35.50235487182639],[139.5230377771755,35.502278467160686],[139.52298868831483,35.502284607637],[139.52284844798675,35.50205827137969],[139.5226968479917,35.501627890345596],[139.52247205787972,35.501201482241555],[139.52243582764584,35.50116684783814],[139.52233081895076,35.50113041791113],[139.52220145175394,35.50118016000888],[139.52220093725902,35.50112346800527],[139.52228471400755,35.50109357664739],[139.52215914209143,35.500889421706475],[139.5221633448236,35.50075936407508],[139.52233716448615,35.499963692440936],[139.52248801313104,35.49936954387313],[139.52256466867314,35.49903435619271],[139.52259571523146,35.498752749398164],[139.52262360512788,35.498620920948014],[139.52260702531692,35.4984022906703],[139.52264908029184,35.497949975025186],[139.52265861627353,35.4977703541588],[139.52271912411598,35.49748005521002],[139.52283123251064,35.497235202934206],[139.5229368760144,35.496851145561436],[139.52306213482325,35.49653924996915],[139.52311784582974,35.49634277461121],[139.52315917816802,35.49628689551224],[139.52311714478282,35.496188268134176],[139.52324856037984,35.49628701605757],[139.5233776729611,35.49612642983861],[139.5235428608749,35.49597829440078],[139.5238188236632,35.49575276485347],[139.52397921177817,35.49566025016093],[139.52432015058275,35.49558519681841],[139.5244397224305,35.49554902061479],[139.52453033191236,35.495503899142726],[139.52458696922673,35.49540788051758],[139.5247199640388,35.49458784441863],[139.52475406511684,35.49445173666345],[139.5247359971692,35.49437436903641],[139.52453837048472,35.493681880730456],[139.52454308095554,35.493541930731205],[139.52469016388608,35.49297383007824],[139.52471854592517,35.49290348089557],[139.5251222315464,35.49239021573025],[139.52537360521646,35.49210518690697],[139.52567603312477,35.491673987242905],[139.5258295969458,35.49148849764522],[139.52591657776216,35.49139945734279],[139.5259827092459,35.491308077006174],[139.5260659680979,35.4911618812744],[139.526175755573,35.49108138378022],[139.52632278082012,35.49092196857047],[139.5265585344759,35.49069488949634],[139.52666442953995,35.49060195249846],[139.52685434152838,35.49046859421633],[139.5269058080795,35.49044643441067],[139.52697286271837,35.4903781538547],[139.52708507199318,35.49036255439314],[139.5276653323496,35.49023573475052],[139.52789918248794,35.49017515781713],[139.52817134297052,35.4900876354915],[139.5284777658259,35.48993291024177],[139.52865034992521,35.489815314281],[139.52874916033167,35.48976218132052],[139.52879552738943,35.4896933206084],[139.5288994731635,35.489602102058996],[139.52915127569463,35.48930009412812],[139.52929498310635,35.48910985723209],[139.52937083724063,35.4890532512775],[139.52945340387376,35.48899162685362],[139.52965409874722,35.488873502304116],[139.52983120056103,35.488790175030296],[139.53002555270027,35.488710272113664],[139.53024331010366,35.48866296077184],[139.53073703016787,35.488602881485264],[139.5309434661925,35.48856645556246],[139.53110752610007,35.48851672124476],[139.53135914648357,35.488410337953454],[139.53158947638317,35.48825781168605],[139.53168100921886,35.48819236932972],[139.53219939397562,35.487986856298015],[139.53248095956351,35.487867128037855],[139.53272609564203,35.48778410620784],[139.5328825090555,35.487740582914554],[139.5331064518359,35.48770743560641],[139.53364035659638,35.48766318202991],[139.53377050237438,35.487685472033405],[139.53402022457016,35.48768351328726],[139.53411661637404,35.487665756468026],[139.53424174966858,35.48761697842532],[139.53447720228877,35.487503046315624],[139.53461092340595,35.487472033935916],[139.53463121704263,35.48739719051014],[139.5347103942739,35.487342524068644],[139.53505528411665,35.4873264940037],[139.53510986995147,35.48732092209624],[139.53534848086238,35.48730199359474],[139.53558657374992,35.487259576937745],[139.53563619994424,35.4872507182436],[139.53567077085927,35.48724456955721],[139.53590313389395,35.4871209443943],[139.5360202359003,35.48700763787582],[139.5361584069872,35.486895298145846],[139.53638459284355,35.48677126947541],[139.53672130610283,35.48662447918688],[139.53674974783044,35.48661049876634],[139.5368443861736,35.48676554660348],[139.53695404489886,35.486998446431336],[139.5370094254226,35.4871351595041],[139.5370628902969,35.487324614104445],[139.537099086709,35.487486281381415],[139.53716463377876,35.487999101372914],[139.53720570319592,35.48807011366566],[139.5373797710214,35.48836094704402],[139.53750887694167,35.488592130403994],[139.53764247590397,35.488831001253885],[139.53773046358955,35.48903444605348],[139.53772596649569,35.489057427044685],[139.5377227875552,35.48907365136955],[139.53771912326118,35.489092374461805],[139.5377099780868,35.48913897096811],[139.53773101810887,35.48943168990258],[139.53774661080047,35.48964834042493],[139.5377997632952,35.490096096684965],[139.53783516936255,35.490339378346526],[139.53783931886898,35.490458998154814],[139.53781328325812,35.49051555339716],[139.53811876391353,35.49065550584933],[139.53834750286126,35.49077861959726],[139.53854711911302,35.49088360043985],[139.5384899927081,35.491054269466055],[139.53824267266225,35.49141176634689],[139.53821787336025,35.49144762154461],[139.53780875442573,35.49193043287618],[139.5377025437791,35.49203704136726],[139.5374568455404,35.4923254949248],[139.53726155257678,35.49244516460866],[139.53601798331252,35.49288934979811],[139.5359953511388,35.49289742838623],[139.53541472603342,35.493088736363504],[139.5352045035349,35.493151502480565],[139.5342781908714,35.49349545078922],[139.5342572669806,35.49350321910841],[139.5341449517444,35.493558260636846],[139.53401089978402,35.49360609950937],[139.53336997566302,35.4939380781168],[139.5331424605145,35.494076530814816],[139.5333597159275,35.49418639213225],[139.53385512108719,35.494436931525456],[139.53386527635905,35.494443914846954],[139.53410124970299,35.49460619122382],[139.5341316693569,35.49462711020221],[139.53416700407652,35.49465140984072],[139.53446396000956,35.49485562373436],[139.53449873007932,35.494891640520336],[139.53520394972205,35.49562215304328],[139.53523095560828,35.495649436658624],[139.53545034664378,35.49587108874938],[139.53552592318619,35.495955529746155],[139.53594512035596,35.49642392783925],[139.53599113676677,35.496467699403695],[139.53625185078153,35.496753499329174],[139.53628478951245,35.496782486581985],[139.53632137694885,35.49681468678054],[139.53692304189772,35.4972506322761],[139.53710035269043,35.49738464734835],[139.5378307678737,35.49792639033314],[139.5378863606191,35.497967623149464],[139.53790277940178,35.49797980080161],[139.53832430739632,35.4982928114803],[139.53881777626384,35.49868637945845],[139.53985718815065,35.49955306976711],[139.5406980646982,35.50017910889322],[139.5406161705387,35.5003832776751],[139.5405815490588,35.50043823348268],[139.5405064210036,35.5005574196461],[139.54038704456053,35.500593719095384],[139.5402491587803,35.50055568231289],[139.5398080915823,35.500354143825035],[139.53959422534098,35.50031870613222],[139.53880045291157,35.50055575616144],[139.53873880735966,35.50055839078105],[139.53866314612372,35.5005606748443],[139.53840052506422,35.50053525961008],[139.5383612206233,35.50052994039793],[139.5381049507733,35.50049525741708],[139.53774213613315,35.50039238355953],[139.53762415906974,35.50037921392484],[139.53757677549464,35.50037392500141],[139.53707102009196,35.50031676424842],[139.53681971770985,35.50027170609095],[139.53646912675032,35.50020884113276],[139.536379652907,35.50026113783062],[139.53633497695282,35.50028725053703],[139.53627095217126,35.50026934806488],[139.53604523007593,35.50019109507893],[139.53558699664296,35.50014389893803],[139.5352766062204,35.50005251913529],[139.53526082698235,35.500034628068356],[139.5356047643603,35.49973391238136],[139.53598055568756,35.49943233251725],[139.53601743936457,35.49940273252282],[139.53597728043988,35.499358828075714],[139.53589503489613,35.499277716118925],[139.5357782792753,35.499055606716105],[139.53567798405842,35.498764594103974],[139.5356852346524,35.49848806574675],[139.535637235102,35.49840316188751],[139.53555934163003,35.49830987677274],[139.53539277982466,35.498339510087156],[139.53529701262133,35.49834815224972],[139.53512658811067,35.49832717848261],[139.53492064671428,35.498281118484854],[139.53456499048173,35.49832025844916],[139.534398683539,35.498009437865996],[139.5343491852846,35.497916889787525],[139.53421009496054,35.497745849176496],[139.53426940501498,35.49769870612403],[139.5346605977905,35.49754866891171],[139.53503279864773,35.497440554605866],[139.53522066087072,35.49738438942046],[139.53536950487683,35.497307283963806],[139.5354519357771,35.497201005103996],[139.53556358673436,35.496855716112854],[139.53556940858863,35.49684150440863],[139.53504953715614,35.49647092434663],[139.5348373179105,35.49641798327892],[139.53479940405276,35.49614243755828],[139.53504135765039,35.49604601675325],[139.53495558190954,35.49587817000588],[139.53478609959512,35.495859874421775],[139.53457666604336,35.495428704682304],[139.53415663442848,35.49545567882268],[139.5339522967142,35.49563725338994],[139.53346720212173,35.49602183519432],[139.5330993185175,35.496331245458286],[139.53292394759634,35.49647873483416],[139.53276420402904,35.49642218118037],[139.53265548522188,35.49635297124629],[139.53261787966989,35.49642812479552],[139.53257055493634,35.496418043230605],[139.53229139218035,35.49703361611072],[139.53225974825492,35.49714381838123],[139.53117368536118,35.49680540520382],[139.53108489086424,35.49709926617922],[139.5311361254348,35.49744826167723],[139.53113839449063,35.49752741999823],[139.53117010710767,35.497822988244764],[139.5307974755501,35.498141638778115],[139.53072756239968,35.49818533840834],[139.53064815768343,35.498372885685235],[139.52976515277203,35.49879871876807],[139.52969637884223,35.498848232034895],[139.52956629761383,35.49894188479915],[139.52903434645626,35.498896020498755],[139.5287141444101,35.498806105327965],[139.5286068190875,35.49875580287052],[139.52860795043748,35.49881013587695],[139.52861657344297,35.49922089074772],[139.52862007272034,35.4994894914442],[139.52862162422574,35.49960860941132],[139.52859991296955,35.49972633524032],[139.52867772418068,35.500000644245496],[139.52842262881543,35.500075078171086],[139.52832911387085,35.49990667786221],[139.5278736833204,35.50000075067346],[139.52763056148217,35.500050952082304],[139.52765821921153,35.500127464847836],[139.52760062511146,35.50014555889229],[139.5276341946331,35.50018983286189],[139.52772307882074,35.500307024600986],[139.5278113489177,35.500495729395325],[139.5277473207784,35.500530462654],[139.5274891723118,35.50074027110096],[139.5268847556756,35.50119906729349],[139.52688687884554,35.50122981157974],[139.52693000063138,35.50130446077956],[139.5270360653803,35.501341487135505],[139.52715498941816,35.50133685555787],[139.52743061850023,35.501402966585275],[139.5277115581787,35.50150514660178],[139.5277517311616,35.501528662715835],[139.52816307209312,35.50176936915864],[139.52846398394271,35.5020986360913],[139.52864981847546,35.50235384903993],[139.52893166985595,35.50231198198544],[139.5303339210468,35.502988271793946],[139.5303138872327,35.50308962905243],[139.53039025847818,35.50320414758947],[139.5311760808971,35.50240237204835],[139.53130561332753,35.502277517923915],[139.53138295599922,35.502304364418784]]]]}},{"type":"Feature","properties":{"area_id":"14112018002","city":"横浜市","ward":"旭区","town":"上白根町","chome":"","num_households":2756},"geometry":{"type":"MultiPolygon","coordinates":[[[[139.5311760808971,35.50240237204835],[139.53039025847818,35.50320414758944],[139.53031388723272,35.503089629052404],[139.5303339210468,35.502988271793924],[139.52893166985595,35.50231198198544],[139.52864981847546,35.50235384903993],[139.52846398394271,35.5020986360913],[139.52816307209312,35.50176936915864],[139.5277517311616,35.501528662715835],[139.5277115581787,35.50150514660174],[139.52743061850023,35.501402966585275],[139.52715498941816,35.50133685555783],[139.5270360653803,35.501341487135505],[139.52693000063138,35.50130446077956],[139.52688687884554,35.50122981157974],[139.5268847556756,35.50119906729349],[139.5274891723118,35.50074027110096],[139.5277473207784,35.500530462654],[139.5278113489177,35.500495729395325],[139.52772307882074,35.500307024600986],[139.5276341946331,35.50018983286189],[139.5276006251115,35.50014555889228],[139.52765821921153,35.500127464847836],[139.52763056148217,35.500050952082304],[139.52787368332048,35.50000075067346],[139.52832911387085,35.499906677862185],[139.52842262881543,35.500075078171086],[139.52867772418068,35.500000644245496],[139.52859991296955,35.49972633524032],[139.52862162422574,35.49960860941132],[139.52862007272034,35.4994894914442],[139.52861657344297,35.49922089074772],[139.52860795043748,35.49881013587695],[139.5286068190875,35.49875580287052],[139.52871414441015,35.498806105327965],[139.52903434645626,35.498896020498755],[139.52956629761383,35.49894188479915],[139.52969637884223,35.498848232034895],[139.52976515277203,35.49879871876807],[139.53064815768343,35.498372885685235],[139.53072756239968,35.49818533840834],[139.5307974755501,35.498141638778115],[139.53117010710767,35.497822988244764],[139.53113839449063,35.49752741999823],[139.5311361254348,35.49744826167723],[139.53108489086418,35.4970992661792],[139.53117368536118,35.49680540520382],[139.53225974825492,35.49714381838123],[139.53229139218035,35.49703361611072],[139.53257055493634,35.496418043230605],[139.5326178796699,35.49642812479552],[139.53265548522188,35.49635297124629],[139.53276420402904,35.49642218118037],[139.53292394759634,35.49647873483416],[139.53309931851754,35.496331245458286],[139.53346720212173,35.49602183519432],[139.5339522967142,35.49563725338994],[139.53415663442848,35.49545567882268],[139.53457666604336,35.495428704682304],[139.53478609959512,35.495859874421775],[139.53495558190954,35.49587817000588],[139.53504135765039,35.49604601675325],[139.53479940405276,35.49614243755828],[139.5348373179105,35.49641798327892],[139.53504953715614,35.49647092434663],[139.53556940858863,35.49684150440863],[139.53556358673436,35.496855716112854],[139.5354519357771,35.497201005103996],[139.53536950487683,35.497307283963806],[139.53522066087072,35.49738438942046],[139.53503279864776,35.49744055460584],[139.5346605977905,35.49754866891171],[139.53426940501498,35.49769870612403],[139.53421009496054,35.497745849176496],[139.5343491852846,35.497916889787525],[139.534398683539,35.498009437865996],[139.53456499048173,35.49832025844916],[139.53492064671428,35.498281118484854],[139.53512658811067,35.49832717848261],[139.53529701262133,35.49834815224972],[139.53539277982466,35.498339510087156],[139.53555934163003,35.49830987677274],[139.535637235102,35.49840316188751],[139.5356852346524,35.49848806574675],[139.53567798405842,35.49876459410394],[139.5357782792753,35.499055606716105],[139.53589503489613,35.499277716118925],[139.53597728043988,35.499358828075714],[139.53601743936457,35.49940273252282],[139.53598055568756,35.49943233251725],[139.5356047643603,35.49973391238136],[139.53526082698235,35.500034628068356],[139.5350022845204,35.49996601219704],[139.53460476804113,35.499810970220956],[139.5342269928108,35.49968558204611],[139.53396936441578,35.499637065011655],[139.53378337800913,35.49963657639491],[139.53356346373099,35.49968860408864],[139.53341492152185,35.49976285205136],[139.53307407001108,35.49996342268297],[139.5328362671785,35.50014325814833],[139.5326681549275,35.50022900510394],[139.5315888529287,35.500318528254205],[139.53133965672998,35.500376538949595],[139.53125936713224,35.50044852431959],[139.53118300478948,35.500883010190286],[139.53120483842991,35.501178519025125],[139.53126496858212,35.50145169120162],[139.5314037950591,35.501781887306095],[139.53145126913205,35.50190936254405],[139.53144135966568,35.502044652426704],[139.53138295599922,35.502304364418784],[139.53130561332753,35.502277517923915],[139.5311760808971,35.50240237204835]]]]}},{"type":"Feature","properties":{"area_id":"14112019001","city":"横浜市","ward":"旭区","town":"上白根","chome":"1","num_households":944},"geometry":{"type":"MultiPolygon","coordinates":[[[[139.53794839681584,35.48589988762229],[139.53807823928156,35.486581967665536],[139.53815414120731,35.48660397987267],[139.53820560953545,35.486632940459664],[139.53829509988546,35.48665942122126],[139.53849401361305,35.4867182762542],[139.53860453695015,35.48672023090367],[139.53871698711112,35.48671912731852],[139.5389052103363,35.48668112731268],[139.53897351519296,35.4866552702233],[139.5389874179117,35.48664998725656],[139.5391908135681,35.48659462979554],[139.53932869740058,35.4866077750293],[139.5394508469384,35.486638840317596],[139.5396761839029,35.486741945175076],[139.53986390705106,35.48672271011436],[139.5398624716598,35.486703165032395],[139.54017307799498,35.48656574032843],[139.54048534286616,35.486785138055176],[139.54054116582896,35.486770764724135],[139.5406229485308,35.48680990154136],[139.54078168455314,35.48678890608543],[139.54080236577775,35.48676638549397],[139.54113357095284,35.486927272122195],[139.54129606247545,35.48695730381341],[139.54131306769565,35.48695716807356],[139.54142848957915,35.48696177301223],[139.5416366984327,35.48710627498062],[139.54167675735636,35.487093870225955],[139.54170059186742,35.48708649731222],[139.54224163284636,35.48748529911028],[139.54230469586113,35.48752903757071],[139.54243873742027,35.48761783692349],[139.54252343059167,35.48767395036451],[139.5426295476279,35.48781891402647],[139.54264842666637,35.48786631607331],[139.54229667719963,35.48838416568585],[139.54221684848375,35.48850168452208],[139.54208309004648,35.48860354833083],[139.5420518998481,35.48862731243977],[139.5415200786839,35.48903238031815],[139.54146595499373,35.48908256640543],[139.54139176829761,35.489175099618635],[139.5412082613503,35.48931895680469],[139.54118165542866,35.48932501981078],[139.54109095884692,35.48934572035584],[139.54108323876,35.48934996029207],[139.541037081335,35.48937530951113],[139.54069428159434,35.489436290081045],[139.54035697640748,35.489513303957],[139.5402329529973,35.48957479770974],[139.5400811694129,35.48965005582318],[139.54004134013866,35.48966980318291],[139.53998888104204,35.48968200148086],[139.53982447124545,35.48978245244641],[139.5394527650366,35.48987156494591],[139.53927036711698,35.489916234665806],[139.5392472928448,35.48992181330741],[139.53894456174245,35.49001489200446],[139.53883191550554,35.49011627459874],[139.5386689464089,35.490494994207104],[139.538548490422,35.49087923819438],[139.53854711911302,35.49088360043985],[139.53834750286126,35.49077861959726],[139.53811876391353,35.49065550584933],[139.53781328325812,35.49051555339716],[139.53783931886903,35.490458998154814],[139.53783516936255,35.490339378346526],[139.5377997632952,35.490096096684965],[139.53774661080047,35.48964834042493],[139.53773101810887,35.48943168990258],[139.5377099780868,35.48913897096811],[139.53771912326118,35.489092374461805],[139.5377227875552,35.48907365136955],[139.53772596649569,35.489057427044685],[139.53773046358955,35.48903444605348],[139.53764247590397,35.488831001253885],[139.53750887694167,35.488592130403994],[139.5373797710214,35.48836094704402],[139.53720570319592,35.48807011366566],[139.53716463377876,35.487999101372914],[139.537099086709,35.487486281381415],[139.5370628902969,35.487324614104445],[139.5370094254226,35.4871351595041],[139.53695404489886,35.486998446431336],[139.5368443861736,35.48676554660348],[139.53674974783044,35.48661049876634],[139.53692515908216,35.486520995358894],[139.53721188106474,35.486365423156926],[139.53724354782426,35.48634676875057],[139.537459088265,35.48621968518609],[139.53787231881358,35.48594945601782],[139.53794839681584,35.48589988762229]]]]}},{"type":"Feature","properties":{"area_id":"14112019002","city":"横浜市","ward":"旭区","town":"上白根","chome":"2","num_households":1161},"geometry":{"type":"MultiPolygon","coordinates":[[[[139.53941546066545,35.49595969272449],[139.53901725703335,35.49589769075305],[139.53893509143458,35.49587263631688],[139.5388023247742,35.49586904566988],[139.53792619100597,35.49606396101121],[139.5378663624098,35.49607726867367],[139.53758230633758,35.49613155509326],[139.53643883555705,35.496191454404844],[139.53627761847554,35.49622641950633],[139.53613492953212,35.49629913918687],[139.53599113676677,35.496467699403695],[139.53594512035596,35.49642392783925],[139.53552592318619,35.495955529746155],[139.53545034664378,35.49587108874938],[139.53523095560828,35.495649436658624],[139.53520394972205,35.49562215304328],[139.53449873007932,35.494891640520336],[139.53446396000956,35.49485562373436],[139.53416700407652,35.49465140984072],[139.5341316693569,35.49462711020221],[139.53410124970299,35.49460619122382],[139.53386527635905,35.494443914846954],[139.53385512108719,35.494436931525456],[139.5333597159275,35.49418639213225],[139.5331424605145,35.494076530814816],[139.53336997566302,35.4939380781168],[139.53401089978402,35.49360609950937],[139.5341449517444,35.493558260636846],[139.5342572669806,35.49350321910841],[139.5342781908714,35.49349545078922],[139.5352045035349,35.493151502480565],[139.53541472603342,35.493088736363504],[139.5359953511388,35.49289742838623],[139.53601798331252,35.49288934979811],[139.53726155257678,35.49244516460866],[139.5374568455404,35.49232549492482],[139.5377025437791,35.49203704136726],[139.53780875442573,35.49193043287618],[139.53821787336025,35.49144762154461],[139.53824267266225,35.49141176634689],[139.5384899927081,35.491054269466055],[139.53854711911302,35.49088360043985],[139.538548490422,35.49087923819438],[139.5386689464089,35.490494994207104],[139.53883191550554,35.49011627459874],[139.53894456174245,35.49001489200446],[139.5392472928448,35.48992181330741],[139.53927036711698,35.489916234665806],[139.5394527650366,35.48987156494591],[139.53982447124545,35.48978245244641],[139.53998888104204,35.48968200148086],[139.54004134013866,35.48966980318291],[139.54002469227555,35.4896841640193],[139.54013143960393,35.48980874539996],[139.5404266275133,35.49015330828119],[139.54055528144124,35.490291813918006],[139.54101168776123,35.490783196601804],[139.5410185538052,35.49078937462818],[139.54112682361003,35.490886775060254],[139.5414518151831,35.49115799244918],[139.5414759339357,35.4911793867656],[139.54173326769984,35.49144551382792],[139.5419306154388,35.49172836484206],[139.54210245200892,35.491975944082235],[139.54210703494832,35.491982539164304],[139.54227963280792,35.49225839403217],[139.54228609668485,35.49226872579828],[139.5424361572359,35.492538858407876],[139.5424472142679,35.49255877864948],[139.5427626334833,35.49310171903259],[139.54286546530406,35.493378324569555],[139.54286761811937,35.493384104067616],[139.54292209114828,35.49371193154431],[139.54163089289958,35.4937850880648],[139.5413240679474,35.493780596102354],[139.5412005723777,35.49383350750352],[139.5408587581601,35.493950512798556],[139.54087268777377,35.49417074975042],[139.5408927887246,35.4944886388916],[139.5405121418789,35.49458636226866],[139.5403416628943,35.494630111697504],[139.54032089999407,35.494633513129266],[139.540282191681,35.49463990068339],[139.5399662380065,35.494801435627174],[139.54006631799143,35.49589377309969],[139.5399844640056,35.49588960020221],[139.53941546066545,35.49595969272449]]]]}},{"type":"Feature","properties":{"area_id":"14112019003","city":"横浜市","ward":"旭区","town":"上白根","chome":"3","num_households":780},"geometry":{"type":"MultiPolygon","coordinates":[[[[139.54292209114828,35.49371193154431],[139.54294119466547,35.494039781003345],[139.54294264763894,35.49404900998509],[139.54298446615263,35.494351878386546],[139.54300728912747,35.49462702821065],[139.5430334082081,35.49495007152186],[139.54303489314395,35.49496841942403],[139.5430914007408,35.495193691543754],[139.54316302448862,35.495253401944794],[139.54330607869235,35.49537317319777],[139.54359321399454,35.495468986016384],[139.54349697443482,35.495490767626116],[139.54339088988223,35.495581644898664],[139.54332498652903,35.49560251205996],[139.5432139956386,35.4956258785704],[139.54299909743366,35.495696535655085],[139.54262274863655,35.495887517772374],[139.5425261752421,35.49600309946447],[139.54244369967856,35.49615607367548],[139.5424456972333,35.49615695919804],[139.54234502369104,35.49640260066239],[139.54222493411902,35.49664168335861],[139.54210269100736,35.4969167107215],[139.54199591467955,35.49712874602901],[139.5417809023423,35.497562074376035],[139.54176648348138,35.497591159893936],[139.54206970680053,35.49820729281539],[139.5420417417454,35.4982436714417],[139.54187286469283,35.49842820060054],[139.5416902997667,35.49864178256483],[139.54138963692023,35.49904086071977],[139.54123677478702,35.499352468939435],[139.54121346030635,35.499399981677705],[139.540845548187,35.499831503853976],[139.5407696227148,35.499920546494],[139.5406980646982,35.50017910889322],[139.53985718815065,35.49955306976711],[139.53881777626384,35.49868637945845],[139.53832430739627,35.498292811480255],[139.53790277940178,35.49797980080161],[139.5378863606191,35.497967623149464],[139.5378307678737,35.49792639033314],[139.53710035269043,35.49738464734837],[139.53692304189772,35.49725063227611],[139.53632137694885,35.49681468678054],[139.53628478951242,35.496782486581985],[139.53625185078153,35.496753499329174],[139.53599113676677,35.496467699403695],[139.53613492953212,35.49629913918687],[139.53627761847554,35.49622641950633],[139.53643883555705,35.496191454404844],[139.53758230633758,35.49613155509326],[139.5378663624098,35.49607726867367],[139.53792619100597,35.49606396101121],[139.5388023247742,35.49586904566988],[139.53893509143458,35.49587263631688],[139.53901725703335,35.49589769075305],[139.53941546066545,35.49595969272449],[139.53998446400556,35.495889600202254],[139.54006631799143,35.49589377309969],[139.5399662380065,35.494801435627174],[139.540282191681,35.49463990068339],[139.54032089999407,35.494633513129266],[139.5403416628943,35.494630111697504],[139.5405121418789,35.49458636226866],[139.5408927887246,35.4944886388916],[139.54087268777377,35.49417074975042],[139.5408587581601,35.493950512798556],[139.5412005723777,35.49383350750352],[139.5413240679474,35.493780596102354],[139.54163089289958,35.4937850880648],[139.54292209114828,35.49371193154431]]]]}},{"type":"Feature","properties":{"area_id":"14112022001","city":"横浜市","ward":"旭区","town":"中白根","chome":"1","num_households":657},"geometry":{"type":"MultiPolygon","coordinates":[[[[139.54435931475084,35.485018069530675],[139.54450697368992,35.48507193461513],[139.5448199960383,35.48536913325084],[139.5448702361235,35.48541685366237],[139.54563089062322,35.485827837790254],[139.5456776610094,35.48585312179786],[139.54587626764763,35.48596188974441],[139.54611671892184,35.48617972799642],[139.5461943693553,35.48624944815344],[139.54637254430958,35.486384292255465],[139.54660270505752,35.48665826563293],[139.54661220561712,35.48667119820805],[139.5467462734649,35.48685369746065],[139.5467906721276,35.48691076970028],[139.5472257555185,35.48733920221786],[139.54724096717294,35.4873534972331],[139.54734270254008,35.48744897768326],[139.5473386965305,35.48749255794291],[139.5473593412331,35.48755883571499],[139.5474519280613,35.48767922291576],[139.5476358826438,35.48780942780045],[139.54767068169292,35.48783405786876],[139.54772485712476,35.48789640028388],[139.54791555579033,35.48816334643156],[139.5479266303549,35.4882153069064],[139.54792613623292,35.488227240699935],[139.5479180599608,35.48842393777345],[139.54792318281423,35.48871696375193],[139.54792984687154,35.489097700307816],[139.54793465201016,35.4893711495005],[139.5479404946155,35.489704245514304],[139.54788911013898,35.48984517532358],[139.5477590935483,35.489991979498015],[139.54774076708262,35.48999464814051],[139.54768604450183,35.49030676013593],[139.54768730407525,35.49043763775525],[139.54768755523412,35.49046425625776],[139.54768794859848,35.49050538200181],[139.54727053800684,35.49103034270958],[139.54718859196802,35.49115138003864],[139.5469355395005,35.491460710442766],[139.5468676855499,35.491589597815754],[139.5468669192504,35.491751595279226],[139.54686630533044,35.49188246927152],[139.5468719885859,35.492004167512796],[139.54688425576876,35.49226700130037],[139.5468751468827,35.492773262019774],[139.5468701696116,35.49304866216225],[139.54620509264308,35.493266091048945],[139.54616511695212,35.49327828594775],[139.5458028463212,35.493405644701184],[139.5457994112131,35.492911465653805],[139.54579053434858,35.49244639247158],[139.54578365655644,35.492267581283585],[139.54577993691845,35.4921510273936],[139.54588151507522,35.49181212214166],[139.54604277995924,35.49160239981997],[139.54606564390397,35.491546645332384],[139.54617819579929,35.49126945321109],[139.54621028252555,35.49099232054438],[139.5462958068407,35.489958371032195],[139.546335122285,35.489554393498935],[139.54630917467014,35.48924691637738],[139.54622895319548,35.489093742333985],[139.54620569298365,35.48905495735327],[139.54608092975346,35.488921679262354],[139.54576870269366,35.48872764962634],[139.54566479297458,35.48869269095651],[139.5451266715377,35.48850703996323],[139.54458056586108,35.48832196670799],[139.5436864004807,35.48800326143748],[139.543466914954,35.487910847466864],[139.5432929793137,35.487823680880105],[139.54304736281148,35.487532866956364],[139.54296813565156,35.48738081886674],[139.54306617931246,35.48723732244923],[139.54330997750608,35.486934597836175],[139.54359835835783,35.48657652223637],[139.54419293213496,35.4857919718355],[139.54421196003236,35.48567188164386],[139.54422299399002,35.48560212229149],[139.54430393012677,35.48509089413344],[139.54435931475084,35.485018069530675]]]]}},{"type":"Feature","properties":{"area_id":"14112022002","city":"横浜市","ward":"旭区","town":"中白根","chome":"2","num_households":1078},"geometry":{"type":"MultiPolygon","coordinates":[[[[139.54292209114828,35.49371193154431],[139.54286761811937,35.493384104067616],[139.54286546530406,35.493378324569555],[139.5427626334833,35.49310171903259],[139.5424472142679,35.49255877864948],[139.5424361572359,35.492538858407876],[139.54228609668485,35.49226872579828],[139.54227963280792,35.49225839403217],[139.54210703494832,35.491982539164304],[139.54210245200892,35.491975944082235],[139.5419306154388,35.49172836484206],[139.54173326769984,35.49144551382792],[139.5414759339357,35.49117938676559],[139.5414518151831,35.49115799244918],[139.54112682361003,35.490886775060254],[139.5410185538052,35.49078937462818],[139.54101168776123,35.490783196601804],[139.54055528144124,35.490291813918006],[139.5404266275133,35.49015330828119],[139.54013143960393,35.48980874539996],[139.54002469227555,35.4896841640193],[139.54004134013866,35.48966980318291],[139.5400811694129,35.489650055823205],[139.5402329529973,35.48957479770974],[139.54035697640748,35.489513303957],[139.54069428159434,35.489436290081045],[139.541037081335,35.48937530951113],[139.54108323876,35.48934996029207],[139.54109095884692,35.48934572035584],[139.54118165542866,35.48932501981078],[139.5412082613503,35.48931895680469],[139.54139176829761,35.489175099618635],[139.54146595499373,35.48908256640543],[139.5415200786839,35.48903238031815],[139.5420518998481,35.48862731243977],[139.54208309004648,35.48860354833083],[139.54221684848375,35.48850168452208],[139.54229667719963,35.48838416568585],[139.54264842666637,35.48786631607331],[139.5426295476279,35.48781891402647],[139.5428019006577,35.487554012636984],[139.54296813565156,35.48738081886674],[139.54304736281148,35.487532866956364],[139.5432929793137,35.487823680880105],[139.543466914954,35.487910847466864],[139.5436864004807,35.48800326143748],[139.54458056586108,35.48832196670799],[139.5451266715377,35.48850703996323],[139.54566479297458,35.48869269095651],[139.54576870269366,35.48872764962634],[139.54608092975346,35.488921679262354],[139.54620569298365,35.48905495735327],[139.54622895319548,35.489093742333985],[139.54630917467014,35.48924691637738],[139.546335122285,35.489554393498935],[139.5462958068407,35.489958371032195],[139.54621028252555,35.49099232054438],[139.54617819579929,35.49126945321109],[139.54606564390397,35.491546645332384],[139.54604277995924,35.49160239981997],[139.54588151507522,35.49181212214166],[139.54577993691845,35.4921510273936],[139.54578365655644,35.492267581283585],[139.54579053434858,35.49244639247158],[139.5457994112131,35.492911465653805],[139.5458028463212,35.493405644701184],[139.54555210600702,35.4934902332926],[139.54525859682792,35.49351866934672],[139.54498789060102,35.49356345894504],[139.5446799699751,35.493588374823794],[139.54446938315087,35.49362826855034],[139.54439151920303,35.49361692517504],[139.54428273685235,35.49360107250952],[139.54401991223548,35.493638626292245],[139.54398702351605,35.49363164822413],[139.54292209114828,35.49371193154431]]]]}},{"type":"Feature","properties":{"area_id":"14112022003","city":"横浜市","ward":"旭区","town":"中白根","chome":"3","num_households":463},"geometry":{"type":"MultiPolygon","coordinates":[[[[139.5460317446544,35.49728857193403],[139.54597792319473,35.497529221345104],[139.54575392037506,35.49782553074501],[139.5456983236955,35.49876180813436],[139.54460814708537,35.49813592387509],[139.5442185335279,35.497953745775014],[139.543841722074,35.497870197573235],[139.54339555584434,35.49777126923069],[139.54302972676848,35.497690152919986],[139.54267119940636,35.4977096286338],[139.54246373986066,35.4980057217771],[139.54227262879076,35.498128897989176],[139.54206970680053,35.49820729281539],[139.54176648348138,35.497591159893936],[139.5417809023423,35.497562074376035],[139.54199591467955,35.49712874602903],[139.54210269100736,35.4969167107215],[139.54222493411902,35.49664168335861],[139.54234502369104,35.49640260066239],[139.5424456972333,35.49615695919804],[139.54244369967856,35.49615607367548],[139.5425261752421,35.49600309946447],[139.54262274863655,35.495887517772374],[139.54299909743366,35.495696535655085],[139.5432139956386,35.4956258785704],[139.54332498652903,35.49560251205996],[139.54339088988223,35.495581644898664],[139.54349697443482,35.495490767626116],[139.54359321399454,35.495468986016384],[139.54330607869235,35.49537317319777],[139.54316302448862,35.495253401944794],[139.5430914007408,35.495193691543754],[139.54303489314395,35.49496841942403],[139.5430334082081,35.49495007152186],[139.54300728912747,35.49462702821065],[139.54298446615263,35.494351878386546],[139.54294264763894,35.49404900998509],[139.54294119466547,35.494039781003345],[139.54292209114828,35.49371193154431],[139.54398702351605,35.49363164822413],[139.54401991223548,35.493638626292245],[139.54428273685235,35.49360107250952],[139.54439151920303,35.49361692517504],[139.54446938315087,35.49362826855034],[139.5446799699751,35.493588374823794],[139.54498789060102,35.49356345894504],[139.54525859682792,35.49351866934672],[139.54555210600702,35.4934902332926],[139.5458028463212,35.493405644701184],[139.54581314976465,35.49342017456206],[139.54587352272827,35.49372023191721],[139.54596921649232,35.4943071207995],[139.54601731614264,35.49453546325527],[139.5460723192106,35.494844556744745],[139.5461460946939,35.49511975927624],[139.5463285152275,35.496091694279755],[139.5464076091794,35.49635564454298],[139.54643996954323,35.49663131685144],[139.54643649971794,35.49690961789614],[139.54642751735298,35.49718794135473],[139.5460465094637,35.4971851916074],[139.5460317446544,35.49728857193403]]]]}},{"type":"Feature","properties":{"area_id":"14112022004","city":"横浜市","ward":"旭区","town":"中白根","chome":"4","num_households":1120},"geometry":{"type":"MultiPolygon","coordinates":[[[[139.54740450867334,35.4968568148377],[139.54755105916425,35.496870989920865],[139.547688423854,35.49683366370902],[139.5478205667714,35.49681412520681],[139.54817852653912,35.49676119527847],[139.5483150007933,35.49683157899854],[139.54835566437478,35.497266462865525],[139.5477776949511,35.49736675800289],[139.5474139327121,35.49740201273628],[139.54702967419433,35.49737010868635],[139.54694518079356,35.49743160306585],[139.546864673556,35.49740550218421],[139.54637044082543,35.49739946385185],[139.54633254951855,35.49728317856617],[139.5460317446544,35.49728857193403],[139.5460465094637,35.4971851916074],[139.54642751735298,35.49718794135473],[139.54643649971794,35.49690961789614],[139.54643996954323,35.49663131685144],[139.5464076091794,35.49635564454298],[139.5463285152275,35.496091694279755],[139.5461460946939,35.49511975927624],[139.5460723192106,35.494844556744745],[139.54601731614264,35.49453546325527],[139.54596921649232,35.4943071207995],[139.54587352272827,35.49372023191721],[139.54581314976465,35.49342017456206],[139.5458028463212,35.493405644701184],[139.54616511695212,35.49327828594775],[139.54620509264308,35.493266091048945],[139.5468701696116,35.49304866216225],[139.5468751468827,35.492773262019774],[139.54688425576876,35.49226700130037],[139.5468719885859,35.492004167512796],[139.54686630533044,35.49188246927152],[139.5468669192504,35.491751595279226],[139.54703397708226,35.49170437813583],[139.54746120022497,35.491668465811614],[139.54774099974767,35.49165488706008],[139.5478399470374,35.49165113665499],[139.5480900899017,35.4916417138901],[139.54846847418438,35.49164170565531],[139.54852067407336,35.49164168494521],[139.54868157206104,35.49168712306836],[139.54904903185516,35.49186721788961],[139.54950986413428,35.49209312095246],[139.54945192884048,35.49230984105476],[139.5498003918234,35.49250597812312],[139.54999019897315,35.49261281276341],[139.55005082652335,35.4926469283727],[139.55005297278495,35.492698337900066],[139.55004927431108,35.49276403006126],[139.54990900102945,35.49296281676548],[139.54979863153608,35.49313607541255],[139.54977441991062,35.49322566255545],[139.54981543314943,35.49331589129781],[139.55000433443476,35.493479445619094],[139.55007860565883,35.49362453440304],[139.55005386968108,35.4937908407688],[139.5501848711116,35.49403781270047],[139.55029379779734,35.49426367955904],[139.55036917690194,35.4945168619609],[139.55037803751478,35.49466025228135],[139.549968615334,35.49476776872376],[139.5498730232212,35.49482709045825],[139.54980565549954,35.49492203682572],[139.54967663316998,35.49496378663256],[139.5495627738721,35.49508391737979],[139.54950420311584,35.495207940042924],[139.54946324775028,35.49539239167873],[139.5493229577428,35.495580102140956],[139.54903558886676,35.49570078763388],[139.5489886146304,35.49572050527633],[139.54816265226407,35.49568428844094],[139.5480283685114,35.495901094953574],[139.54728117854256,35.49627022935077],[139.54718179224926,35.49626901530542],[139.5472746475626,35.49637127013506],[139.54731168289322,35.49659751711529],[139.54734339898718,35.49667572375114],[139.54740446917413,35.49669526594013],[139.54740450867334,35.4968568148377]]]]}},{"type":"Feature","properties":{"area_id":"141120260","city":"横浜市","ward":"旭区","town":"今宿町","chome":"","num_households":1191},"geometry":{"type":"MultiPolygon","coordinates":[[[[139.51555288747153,35.473259643001505],[139.51559483349592,35.47340186185917],[139.51571012359923,35.47370828071889],[139.51572849174156,35.4737496303626],[139.51582645177828,35.47397002089743],[139.51602602630928,35.47445662036693],[139.5163049477427,35.4751366598694],[139.516961539261,35.475114955495876],[139.51696709318807,35.47557608411133],[139.5169712971759,35.47592566197525],[139.51693830840748,35.475973885121036],[139.51641452453742,35.47599547741596],[139.5163767936792,35.47604527139834],[139.51649747699915,35.47638342905239],[139.51621781705754,35.47649825910618],[139.51586807500627,35.47659780078973],[139.5153348032495,35.4768848488268],[139.5151715015592,35.47704072020448],[139.5148426875467,35.477251683657805],[139.5148348744475,35.477191770007224],[139.51471994257582,35.47700672056704],[139.51449766493963,35.476803397526595],[139.51420850175526,35.476680529352976],[139.51411527878585,35.476612328178796],[139.51400082886042,35.476452807305336],[139.51399211794043,35.476440671540175],[139.5138170654838,35.4761933534744],[139.51366343972546,35.475992003480734],[139.51347161769004,35.475800483149264],[139.51336822952578,35.475609477627955],[139.5133355621913,35.47554756847262],[139.51316546463698,35.47522522178011],[139.5131383634045,35.47511251334844],[139.51312793250747,35.47496414454457],[139.51312835374762,35.47485791688805],[139.51316480005207,35.47469805275591],[139.51316481583024,35.4743901034027],[139.51314991152836,35.474268096376896],[139.5131216873104,35.474037042761076],[139.51312204182946,35.47399105855501],[139.51312246016633,35.47394000479048],[139.5131250408319,35.47361484489392],[139.5131258641189,35.47351034357546],[139.51312607185622,35.473484922318214],[139.5130870433438,35.47334633754591],[139.5129909686739,35.47317883563048],[139.51257181781827,35.47251757244986],[139.5125432574591,35.47242587997692],[139.51246549017895,35.47208216394837],[139.51243365568934,35.47179071443734],[139.5124315076591,35.47172486612536],[139.512428322446,35.47162729117735],[139.51242778565742,35.471610844916654],[139.512408605019,35.47155957049226],[139.5123995054912,35.47153524423155],[139.51227065107523,35.471315509322984],[139.51216175319183,35.47106163729352],[139.5121247155275,35.47097520329941],[139.5120100359153,35.47065032314945],[139.51200705259026,35.47064187360126],[139.51199160298128,35.47059813736636],[139.51183152477816,35.47006977129998],[139.51181650351774,35.46997800881569],[139.5118299553116,35.46980473838414],[139.51187477889036,35.46969760656023],[139.51196380575936,35.46942267202906],[139.51197061293448,35.46937234023227],[139.51201261208564,35.46925020070563],[139.5120861450921,35.46906691250286],[139.5121130948396,35.468924909699744],[139.51215040919718,35.46869265531933],[139.5122413390271,35.46818783679434],[139.51224388448927,35.46809974759822],[139.51228923804942,35.46775093159858],[139.51228078618234,35.467662812791964],[139.51218362024724,35.467220102384786],[139.5121226830277,35.467067092296716],[139.5120549665223,35.466957198119026],[139.51226620187597,35.46690920074053],[139.5124345191678,35.466868484398276],[139.51253684527478,35.4668469598981],[139.51256477129542,35.46683542298731],[139.5126595593677,35.466796263370156],[139.5129715624248,35.466733849036686],[139.51325950687715,35.46668774282877],[139.5132657933593,35.46668705463027],[139.51356377613152,35.46665460057792],[139.51380695761642,35.466657951524844],[139.51396808929277,35.46665992550732],[139.51429080347432,35.46668049112027],[139.51440454447263,35.466716421544575],[139.51460271238184,35.46685415700247],[139.5147215498066,35.46695112065406],[139.5149196785422,35.467093961510116],[139.51505499783252,35.46716970091911],[139.5150499418832,35.467207433216956],[139.51543731867037,35.46747027111255],[139.51559732473575,35.46757311657875],[139.51600308376715,35.467890225134724],[139.51613768569163,35.46801222836448],[139.51627189733028,35.468272079567825],[139.51627559566566,35.46827835611171],[139.51642829428886,35.46853814914833],[139.5164794212274,35.46862169580347],[139.51661039181002,35.468852665598966],[139.51671530557454,35.46897828727139],[139.51677357861692,35.46901755831021],[139.51681395182192,35.46920941851896],[139.51685398247355,35.46929124599209],[139.5168753625953,35.46933235693243],[139.51694741123742,35.46950887794701],[139.51707829306721,35.469735410388964],[139.517073536428,35.4697628615394],[139.51703265969886,35.46999595324545],[139.51699513052276,35.47013828123259],[139.51696791041928,35.470329508468836],[139.51677464630924,35.47045241742154],[139.51672260071908,35.470471048414026],[139.51654660787258,35.47038231771286],[139.51635878542925,35.47034679387066],[139.51621645993873,35.47035476750952],[139.51608780229733,35.47036200202445],[139.51600329338186,35.47036674609733],[139.51590665992268,35.47041195138158],[139.51560000927378,35.470559983019214],[139.51528766290033,35.470716978681686],[139.51516437956195,35.47063813767725],[139.51487034338538,35.47055589055436],[139.51481604593596,35.47066500579014],[139.51460863682482,35.47072308724445],[139.5144111345642,35.47080615896852],[139.5144085693029,35.470807243756575],[139.5145427405775,35.471033575272195],[139.51460977515396,35.47131243984851],[139.51475856717084,35.47159711767267],[139.51481237642753,35.47177003605756],[139.51481791722412,35.47190944749933],[139.51476290587502,35.472221407179426],[139.51476884774928,35.472444410494916],[139.51478189958488,35.47258936907074],[139.5148565057699,35.472678752192905],[139.51492411416677,35.472812694237405],[139.51504932401713,35.472943932866634],[139.5152226955679,35.4731256140039],[139.51535124539805,35.473360064009704],[139.51552622801228,35.47327478413114],[139.51555288747153,35.473259643001505]]]]}},{"type":"Feature","properties":{"area_id":"14112027001","city":"横浜市","ward":"旭区","town":"鶴ケ峰本町","chome":"1","num_households":1047},"geometry":{"type":"MultiPolygon","coordinates":[[[[139.5446695437937,35.47645879392114],[139.54446145806574,35.47652657451907],[139.5441517292897,35.476724284359356],[139.54401145196863,35.476794196759094],[139.54397074205994,35.4768271618852],[139.5438400129806,35.476905335758445],[139.5437892612237,35.47693570732859],[139.54356597988487,35.47706925758574],[139.54338443183997,35.477184245193314],[139.54294023351804,35.47745694807969],[139.54266990238443,35.477600148912195],[139.54244937310904,35.477716968347096],[139.54224620091378,35.47784137459189],[139.54203267437597,35.47797209478527],[139.54178843757435,35.47813161138822],[139.5416087563113,35.478217377106546],[139.54144171701017,35.47831855926975],[139.54134799338613,35.478363580927486],[139.54126464100491,35.47840359116381],[139.54117609657834,35.47846281458288],[139.54102678556077,35.478470486201],[139.54100707982997,35.47848575486329],[139.54073704396612,35.47855964920188],[139.54049178004303,35.47860958915527],[139.54018440553696,35.47865849979412],[139.53995215477687,35.47870463200265],[139.5396839577124,35.47874000906941],[139.5395514479418,35.47876162819564],[139.53915947819635,35.47881846586025],[139.53880385271043,35.47887169376533],[139.5387782701032,35.47887550534604],[139.5383511573546,35.478936834416835],[139.5379422551347,35.479015317981215],[139.53769269284035,35.479068868902395],[139.53763131684076,35.47909632537262],[139.5374088965402,35.47919645469238],[139.53740656555183,35.47910430355434],[139.53734960032563,35.47897279766216],[139.53733931286516,35.47887267093923],[139.53740307497125,35.47874068317691],[139.53739004649898,35.478554213958],[139.53744248390012,35.478504941103616],[139.53743412619016,35.478436578417245],[139.53741613317905,35.47828911091529],[139.53736531166237,35.47814423991331],[139.53735948322975,35.47811940279284],[139.5373003693592,35.47789958483499],[139.53727715667637,35.47777326571634],[139.53708301452312,35.47758748589705],[139.53707610546266,35.47757563861938],[139.536954814295,35.47736735956363],[139.53689753812458,35.4771632845388],[139.53713845722407,35.47705911811953],[139.53736201753108,35.476946212981424],[139.53768093836104,35.476870049561164],[139.53784425146443,35.476793827141314],[139.53798115745624,35.47671099229164],[139.53820293119645,35.47652695629281],[139.5382572752002,35.47646244190339],[139.53828018854477,35.47643521000479],[139.53838345047018,35.476335849511365],[139.53850531788154,35.4762454424572],[139.53866583163725,35.47616283992538],[139.53891033971564,35.47611790220286],[139.53909400473665,35.47615517311683],[139.53940916893177,35.47631180605138],[139.53951536739783,35.47638061424471],[139.53967378002494,35.47647359600378],[139.53981787245624,35.476467463119945],[139.5399023455015,35.476385521634455],[139.5400246897983,35.476175541077055],[139.54012464896354,35.47596591831428],[139.5401807744231,35.47584821750612],[139.54018814263986,35.47584020676439],[139.54035391495026,35.47566036519932],[139.54043512814746,35.47560454027225],[139.54057925608774,35.47556495736343],[139.54074787459857,35.475561242398214],[139.5408984204348,35.475603360207245],[139.54092194702335,35.4757034481498],[139.54094602570203,35.47580589535859],[139.54097793773676,35.47587878611676],[139.5411607696131,35.476021399649326],[139.5412912324735,35.47606459671057],[139.541442683327,35.47614231409621],[139.5415323677427,35.47605887062355],[139.54152644138756,35.47592417842157],[139.54152417494998,35.47587255488529],[139.54140926092154,35.47568390875844],[139.5413472219854,35.47561598178263],[139.54126145457994,35.47547374003772],[139.54128921755597,35.475396379935866],[139.54137518711667,35.47530447630784],[139.541735983204,35.475156399632105],[139.5418635717312,35.47511924112438],[139.54189198149268,35.475130821889145],[139.54194218327973,35.4751512927835],[139.54199829672373,35.475400078580144],[139.5420298610122,35.47543863806362],[139.54213673536665,35.475481566821045],[139.54239001550624,35.475610825523816],[139.54254567128646,35.47566267233361],[139.54257812394363,35.475651552769634],[139.54269741449147,35.47552842604498],[139.54288018346955,35.475288905710805],[139.54304041530835,35.47509172478768],[139.543044454914,35.475087755675176],[139.54325197069636,35.47488441945191],[139.54344547544787,35.474722947682075],[139.54347692312317,35.47471605070931],[139.54357934150846,35.474693513316765],[139.54376598243456,35.47471082092817],[139.54386787994287,35.47469546484769],[139.54395902668008,35.47463547088724],[139.54397845675112,35.474552563342506],[139.54393554521909,35.47446771144819],[139.54380927017093,35.474313651629984],[139.5438250222101,35.47429006321378],[139.54384296104305,35.474263206021234],[139.5439459994447,35.474223662458634],[139.5440683165366,35.47422145262206],[139.54440620230605,35.47431971212754],[139.5444435357133,35.474514016465555],[139.54447204697337,35.47476787637103],[139.54449088286884,35.47513262170048],[139.54449949545364,35.47545012831465],[139.5444978492503,35.475476953656205],[139.5445268527277,35.47613966886759],[139.54456147086415,35.4762991799816],[139.5446158694543,35.476409936575934],[139.5446695437937,35.47645879392114]]]]}},{"type":"Feature","properties":{"area_id":"14112027002","city":"横浜市","ward":"旭区","town":"鶴ケ峰本町","chome":"2","num_households":1244},"geometry":{"type":"MultiPolygon","coordinates":[[[[139.54645093340494,35.47942713100592],[139.54644208769753,35.479427039889956],[139.54599196512646,35.47941760599098],[139.54583590193334,35.479471321879295],[139.54593187057324,35.47964108040053],[139.54603663503278,35.479801071717056],[139.54601776977853,35.47991883834207],[139.54591927023736,35.480102788218744],[139.5458389621234,35.480314877846546],[139.54575164512633,35.48048283303555],[139.5456955574676,35.48059072474719],[139.54554615306827,35.4807321981803],[139.54547526412438,35.48077776902139],[139.54534839312367,35.480859297641715],[139.54523604291828,35.48094910091824],[139.54516305179143,35.481070682878375],[139.54510605195796,35.48109044240464],[139.54492065869172,35.48102120754075],[139.5447992399464,35.48123876450465],[139.5446981623444,35.481390032870486],[139.54458408206835,35.4815116242003],[139.54447427613377,35.481629599489075],[139.5442726342737,35.48174566960289],[139.54413921223482,35.48181087930118],[139.5438703897885,35.48174232720442],[139.5438140499599,35.48176353136814],[139.5437480773977,35.48178833937723],[139.54372882033402,35.48175649917034],[139.54369537656262,35.48170121167981],[139.54346624674452,35.48156014950617],[139.5433694006812,35.48153344319395],[139.5432354694284,35.48159632800837],[139.54312350903524,35.48142114264157],[139.54286143088342,35.48111768427786],[139.54267042897212,35.48096312005478],[139.5424255122735,35.48081948289453],[139.5423009843173,35.4807697532332],[139.54213255892304,35.48074717097044],[139.54205722148282,35.48075438671793],[139.54194939457958,35.480764693034324],[139.54182810737203,35.48084299348017],[139.54151332885434,35.48063373338092],[139.54126504697504,35.4804514598518],[139.5412128974845,35.480403556081114],[139.54113282939113,35.48031460220452],[139.54097598690612,35.480023501682865],[139.54088840681794,35.47981016774895],[139.54079432440884,35.479615409463115],[139.54071492165454,35.47941403144213],[139.5406490567912,35.4792250448174],[139.54063480594394,35.479184166915424],[139.5405723269415,35.47895184451459],[139.5405180456634,35.47874999806691],[139.54049178004303,35.47860958915527],[139.54073704396612,35.47855964920188],[139.54100707982997,35.47848575486329],[139.54102678556077,35.478470486201],[139.54117609657834,35.47846281458288],[139.54126464100491,35.47840359116381],[139.54134799338613,35.478363580927486],[139.54144171701017,35.47831855926975],[139.5416087563113,35.478217377106546],[139.54178843757435,35.47813161138822],[139.54203267437597,35.47797209478527],[139.54224620091378,35.47784137459189],[139.54244937310904,35.477716968347096],[139.54266990238443,35.477600148912195],[139.54294023351804,35.47745694807969],[139.54338443183997,35.477184245193314],[139.54356597988487,35.47706925758574],[139.5437892612237,35.47693570732859],[139.5438400129806,35.476905335758445],[139.54397074205994,35.4768271618852],[139.54401145196863,35.476794196759094],[139.5441517292897,35.476724284359356],[139.54446145806574,35.47652657451907],[139.5446695437937,35.47645879392114],[139.54481502416348,35.47657645556211],[139.54527700976305,35.47683358766237],[139.54529089649895,35.47684017923448],[139.54542393248198,35.47690333203857],[139.5455919965593,35.47698308912513],[139.54574611931352,35.477085735210345],[139.54576368306505,35.477097431398846],[139.5459483655373,35.477206908645115],[139.54606722113604,35.47727722000576],[139.54617478048644,35.477340849023754],[139.54655046308872,35.47756312729021],[139.54656105201857,35.477569243893235],[139.54690812773288,35.477769696679694],[139.54736956269915,35.47800619776709],[139.54765506534577,35.478134294733906],[139.5479970169291,35.47825277096774],[139.54806476734214,35.478266134615176],[139.54820254229782,35.47833180743071],[139.5483261967436,35.47836765976049],[139.54846148226352,35.47840684896706],[139.54856665400564,35.47838614663145],[139.54853991122894,35.478431785462014],[139.54856681634737,35.47862623926205],[139.54853073844967,35.47868840399005],[139.54842002116283,35.47883461451305],[139.54829552861707,35.478980792599415],[139.54813273182816,35.47913078875434],[139.5479912398077,35.47920893744487],[139.54792235870025,35.47924701266567],[139.5477722714601,35.479296586142326],[139.54759168904076,35.4793509464932],[139.5473062800239,35.479395412028474],[139.54719201492722,35.47940633903839],[139.54693012778378,35.479421388973805],[139.546905888884,35.4794221415402],[139.54667969661838,35.479429039755615],[139.54645093340494,35.47942713100592]]]]}},{"type":"Feature","properties":{"area_id":"14112027003","city":"横浜市","ward":"旭区","town":"鶴ケ峰本町","chome":"3","num_households":451},"geometry":{"type":"MultiPolygon","coordinates":[[[[139.54049178004303,35.47860958915527],[139.5405180456634,35.47874999806691],[139.5405723269415,35.47895184451459],[139.54063480594394,35.479184166915424],[139.5406490567912,35.4792250448174],[139.54071492165454,35.47941403144213],[139.54079432440884,35.479615409463115],[139.54088840681794,35.47981016774895],[139.54097598690612,35.480023501682865],[139.54113282939113,35.48031460220452],[139.5412128974845,35.480403556081114],[139.54126504697504,35.4804514598518],[139.54151332885434,35.48063373338092],[139.54182810737203,35.48084299348017],[139.54194939457958,35.480764693034324],[139.54205722148282,35.48075438671793],[139.54213255892304,35.48074717097044],[139.5423009843173,35.4807697532332],[139.5424255122735,35.48081948289453],[139.54267042897212,35.48096312005478],[139.54286143088342,35.48111768427786],[139.54312350903524,35.48142114264157],[139.5432354694284,35.48159632800837],[139.54310753653004,35.481726864527516],[139.54303076735434,35.481832699712555],[139.54297090908156,35.48202448520717],[139.54280256647522,35.48210936529594],[139.54246610585923,35.4822527523168],[139.54203758524343,35.48242053125724],[139.54160107217518,35.48258350195315],[139.54120135116085,35.4827500803094],[139.54081111386063,35.48298392960412],[139.54077356913365,35.4829858119554],[139.5406215948896,35.48275841761113],[139.54082234442654,35.48199906986371],[139.5408288251524,35.481974544671395],[139.54078034998508,35.48176200886168],[139.5403292888811,35.48155661144019],[139.54016450672964,35.4815023459283],[139.53999419911324,35.48142866746815],[139.53978773751265,35.481383105297894],[139.53965665019544,35.48129656288517],[139.53949295762186,35.48123293532633],[139.53947148581443,35.48122460850337],[139.53921017105844,35.48111131099801],[139.53907270849425,35.481032111382625],[139.53881691444215,35.48074506605585],[139.53868895674026,35.48063874188987],[139.53861867934665,35.48050995087616],[139.53854580813183,35.480248307275524],[139.53848537542004,35.4801523559214],[139.53836921822264,35.48006267866876],[139.53829992037396,35.47998990970814],[139.5382764009959,35.47997657843159],[139.53816176796101,35.47991169234606],[139.5379477698366,35.479738824434165],[139.53766435030587,35.479603780624544],[139.53757016801308,35.47950264174093],[139.53744854572454,35.47933647362367],[139.53740912245192,35.47920511578232],[139.5374088965402,35.47919645469238],[139.53763131684076,35.47909632537262],[139.53769269284035,35.479068868902395],[139.5379422551347,35.479015317981215],[139.5383511573546,35.478936834416835],[139.5387782701032,35.47887550534604],[139.53880385271043,35.47887169376533],[139.53915947819635,35.47881846586025],[139.5395514479418,35.47876162819564],[139.5396839577124,35.47874000906941],[139.53995215477687,35.47870463200265],[139.54018440553696,35.47865849979412],[139.54049178004303,35.47860958915527]]]]}},{"type":"Feature","properties":{"area_id":"141120280","city":"横浜市","ward":"旭区","town":"今宿東町","chome":"","num_households":2986},"geometry":{"type":"MultiPolygon","coordinates":[[[[139.5331064518359,35.48770743560641],[139.5328825090555,35.487740582914554],[139.53272609564203,35.48778410620784],[139.53248095956351,35.487867128037855],[139.53219939397562,35.487986856298015],[139.53168100921886,35.48819236932972],[139.53158947638317,35.48825781168605],[139.53157491317432,35.488046970201125],[139.53155450008109,35.48759735269004],[139.53157709709052,35.487488397378506],[139.53156659171427,35.48744816057094],[139.53129626923118,35.487329222187896],[139.5308430631404,35.48710779019136],[139.5307602523189,35.48708008661515],[139.53061285125347,35.486986801606605],[139.5304025700702,35.48688388858952],[139.5301579224467,35.486789869276116],[139.5300117835309,35.48682010496522],[139.52982701744912,35.4866059192755],[139.52952749230073,35.48618332277359],[139.52955253107623,35.486049903194704],[139.5297819773628,35.48608082389168],[139.52991069370847,35.486001075288414],[139.53011736412574,35.486004158591705],[139.53032030920974,35.48609367269294],[139.5305321406935,35.48608627488162],[139.53066584016287,35.48604368399666],[139.5306800674437,35.48588868891261],[139.53083636859884,35.48581108556494],[139.5308670805907,35.48570866476897],[139.530877321554,35.485600560282215],[139.53095664812918,35.4854198813231],[139.5310004084226,35.48530432416062],[139.53095197772367,35.484774572859926],[139.5309828187175,35.48455666307138],[139.5309661597015,35.48438958493188],[139.5309322054139,35.48428851881211],[139.53096209809382,35.48399603101787],[139.53098274212869,35.48393224605448],[139.53111682975174,35.48370381716511],[139.53117290579326,35.4834950187096],[139.5312128967083,35.48337420641941],[139.53132276470524,35.4831468794381],[139.53132903277947,35.483133937585755],[139.53128135995172,35.48262594801572],[139.53128060168822,35.482592672545756],[139.53106260602218,35.48257590182805],[139.5310183969872,35.48249480913547],[139.53097594350552,35.48243389618678],[139.53072849468302,35.48209709773659],[139.53061411018453,35.481961008864005],[139.530602847468,35.48191654573043],[139.53060158225585,35.48182918615699],[139.530576432753,35.48171085288514],[139.53059007200733,35.481649374496826],[139.5308801261574,35.48153942654045],[139.53118442955446,35.48140620457373],[139.53114186978326,35.481206739387176],[139.53112132440768,35.48098482986823],[139.53113788787016,35.48083772698944],[139.53122117878772,35.48068311439136],[139.5313061925521,35.4805802291898],[139.53142039032355,35.48052403375968],[139.53153644309663,35.48052407398911],[139.5316569961585,35.48057574331135],[139.5319622667118,35.480614910890885],[139.53209521826324,35.480706890744365],[139.53220016513114,35.48078813330303],[139.532367564877,35.480836677424776],[139.53260119254517,35.480798451023304],[139.53293959911318,35.48075368623567],[139.53318932652502,35.48053511681323],[139.5334140373132,35.48031250678493],[139.53359294489286,35.48012457218511],[139.53381184666935,35.47997634623624],[139.53386185280533,35.479875486194985],[139.53379198805223,35.47978806425636],[139.53365174828303,35.47974046836604],[139.5335641365215,35.479708880661946],[139.53346534051903,35.479611669523344],[139.53344196939932,35.479407358201534],[139.53350331919384,35.479340926436194],[139.53360266306893,35.47933676895345],[139.5338141109576,35.47946323416445],[139.53396024379438,35.479453663095825],[139.53412998038038,35.47940538442579],[139.53423907181616,35.479279527828446],[139.53425571507805,35.479149714226644],[139.53420870136654,35.47908206611715],[139.53419018178218,35.47905543658036],[139.53395384026166,35.47900288745351],[139.53380750865873,35.47893224932666],[139.53367630596853,35.478792530644],[139.53365149218067,35.478728211283084],[139.53367828688604,35.47853064256779],[139.53370475044204,35.478335644473745],[139.53369942284195,35.47822813379091],[139.5337083807139,35.478029536060056],[139.53371716985762,35.478009980798554],[139.5339702181074,35.478008065656795],[139.53421865089564,35.47803219471165],[139.53436470663152,35.47809533154021],[139.5344185886757,35.47808690705398],[139.5345195675787,35.47807116927522],[139.53464856779206,35.47802669572664],[139.5349447519159,35.47786728253112],[139.53509207439458,35.47779725659803],[139.53523480453774,35.47781739231224],[139.53537024626633,35.47790546553112],[139.53539073982435,35.47792759211721],[139.53540816865868,35.47794636683495],[139.53548470009446,35.47802894458612],[139.5356019857019,35.47820813158123],[139.5356371920345,35.478261913058844],[139.53575223565207,35.47831944367339],[139.53570862161428,35.47836292825154],[139.53578964784518,35.4783882293628],[139.53590708683143,35.47834474914482],[139.53619955262656,35.47810705156224],[139.5362810820673,35.478024893147804],[139.536317494033,35.47795611178493],[139.53624330128673,35.47769939097828],[139.53627794018126,35.47756824727726],[139.53619277890334,35.47739741277649],[139.53610308717137,35.477171075607444],[139.53615094180054,35.47708668774463],[139.53628748576085,35.477056034431655],[139.5364519945547,35.477047068323586],[139.5365347701132,35.47707061279906],[139.53667174665802,35.4771393233184],[139.53686968913783,35.47717483693177],[139.53689753812458,35.4771632845388],[139.536954814295,35.47736735956363],[139.53707610546266,35.47757563861938],[139.53708301452312,35.47758748589705],[139.53727715667637,35.47777326571634],[139.5373003693592,35.47789958483499],[139.53735948322975,35.47811940279284],[139.53736531166237,35.47814423991331],[139.53741613317905,35.47828911091529],[139.53743412619016,35.478436578417245],[139.53744248390012,35.478504941103616],[139.53739004649898,35.478554213958],[139.53740307497125,35.47874068317691],[139.53733931286516,35.47887267093923],[139.53734960032563,35.47897279766216],[139.53740656555183,35.47910430355434],[139.5374088965402,35.47919645469238],[139.53740912245192,35.47920511578232],[139.53744854572454,35.47933647362367],[139.53757016801308,35.47950264174093],[139.53766435030587,35.479603780624544],[139.5379477698366,35.479738824434165],[139.53816176796101,35.47991169234606],[139.5382764009959,35.47997657843159],[139.53829992037396,35.47998990970814],[139.53836921822264,35.48006267866876],[139.53848537542004,35.4801523559214],[139.53854580813183,35.480248307275524],[139.53861867934665,35.48050995087616],[139.53868895674026,35.48063874188987],[139.53881691444215,35.48074506605585],[139.53907270849425,35.481032111382625],[139.53921017105844,35.48111131099801],[139.53947148581443,35.48122460850337],[139.53949295762186,35.48123293532633],[139.53965665019544,35.48129656288517],[139.53978773751265,35.481383105297894],[139.53999419911324,35.48142866746815],[139.54016450672964,35.4815023459283],[139.5403292888811,35.48155661144019],[139.54078034998508,35.48176200886168],[139.5408288251524,35.481974544671395],[139.54082234442654,35.48199906986371],[139.5406215948896,35.48275841761113],[139.54077356913365,35.4829858119554],[139.54077913089182,35.48299533237485],[139.54060885341656,35.48313808904509],[139.54036948264346,35.48335828423316],[139.5402637279338,35.48349045650914],[139.54024389549383,35.483534561146286],[139.5401171160716,35.48383773167161],[139.54003590853407,35.48403816317361],[139.53983369703545,35.48449164130481],[139.53967777448912,35.48476991872894],[139.53959092951834,35.48488069260037],[139.53951999104794,35.484920415321625],[139.53934486550796,35.48500386664992],[139.53891592856732,35.48509744961381],[139.53873156879723,35.48515137279501],[139.5385979241543,35.48522185912432],[139.53848632141435,35.485345002212064],[139.53840715053045,35.48545230812471],[139.5382104567583,35.485688623354086],[139.53807320476577,35.48580959211128],[139.53794839681584,35.48589988762229],[139.53787231881358,35.48594945601782],[139.537459088265,35.48621968518609],[139.53724354782426,35.48634676875057],[139.53721188106474,35.486365423156926],[139.53692515908216,35.486520995358894],[139.53674974783044,35.48661049876634],[139.53672130610283,35.48662447918688],[139.53638459284355,35.48677126947541],[139.5361584069872,35.486895298145846],[139.5360202359003,35.48700763787582],[139.53590313389395,35.4871209443943],[139.53567077085927,35.48724456955721],[139.53563619994424,35.4872507182436],[139.53558657374992,35.487259576937745],[139.53534848086238,35.48730199359474],[139.53510986995147,35.48732092209624],[139.53505528411665,35.4873264940037],[139.5347103942739,35.487342524068644],[139.53463121704263,35.48739719051014],[139.53461092340595,35.487472033935916],[139.53447720228877,35.48750304631561],[139.53424174966858,35.48761697842532],[139.53411661637404,35.487665756468026],[139.53402022457018,35.48768351328726],[139.53377050237438,35.48768547203337],[139.5336403565964,35.48766318202991],[139.5331064518359,35.48770743560641]]]]}},{"type":"Feature","properties":{"area_id":"141120290","city":"横浜市","ward":"旭区","town":"今宿西町","chome":"","num_households":1438},"geometry":{"type":"MultiPolygon","coordinates":[[[[139.52955253107623,35.486049903194704],[139.52952749230073,35.48618332277359],[139.52982701744912,35.4866059192755],[139.5300117835309,35.48682010496522],[139.5301579224467,35.486789869276116],[139.5304025700702,35.48688388858952],[139.53061285125347,35.486986801606605],[139.5307602523189,35.48708008661515],[139.5308430631404,35.48710779019136],[139.53129626923118,35.487329222187896],[139.53156659171427,35.48744816057094],[139.53157709709052,35.487488397378506],[139.53155450008109,35.48759735269004],[139.53157491317432,35.488046970201125],[139.53158947638317,35.48825781168605],[139.53135914648357,35.488410337953454],[139.53110752610007,35.48851672124476],[139.5309434661925,35.48856645556246],[139.53073703016787,35.488602881485264],[139.53024331010366,35.48866296077184],[139.53002555270027,35.488710272113664],[139.52983120056103,35.488790175030296],[139.52965409874722,35.48887350230413],[139.52945340387376,35.48899162685362],[139.52937083724063,35.4890532512775],[139.52929498310635,35.48910985723209],[139.52915127569463,35.48930009412812],[139.5288994731635,35.489602102058996],[139.52879552738943,35.4896933206084],[139.5287491603316,35.48976218132052],[139.52865034992521,35.48981531428103],[139.5284777658259,35.48993291024177],[139.52817134297052,35.4900876354915],[139.52789918248794,35.49017515781713],[139.5276653323496,35.49023573475052],[139.52708507199318,35.49036255439314],[139.52697286271837,35.4903781538547],[139.526740975434,35.49034046104519],[139.52648211092432,35.49027604582318],[139.52629642041833,35.49020970112904],[139.52613675990983,35.4901303936715],[139.52590490878183,35.48997597623884],[139.52569209503196,35.489751362546166],[139.52557269388265,35.48958464888604],[139.52553154486077,35.48952719635629],[139.52529768882053,35.48914277819827],[139.52525100881815,35.48906604273522],[139.52526011908228,35.48905927006859],[139.52528194332254,35.48904302260607],[139.52546545317796,35.48890627013825],[139.5250538909028,35.48801004349778],[139.52504826037355,35.48796238903763],[139.52508385246733,35.487795686899666],[139.52506546709256,35.48754747795378],[139.52505010587643,35.48733610563687],[139.5245978347468,35.48751242555347],[139.52431671006119,35.48760967109189],[139.52429271623606,35.4875687317075],[139.5241141289768,35.48749884483712],[139.52402590849735,35.487524114685606],[139.52393932762362,35.48742970780018],[139.52371411401805,35.48711875793725],[139.52348605732175,35.4867299853859],[139.5233692815763,35.48654532731618],[139.52383535587072,35.486181341626576],[139.52351123126917,35.48580602430374],[139.52332767446697,35.48562500127432],[139.52316058908883,35.485425885294646],[139.52314677245872,35.48540831551549],[139.52283001802198,35.485015620819006],[139.52262685218554,35.48476278810997],[139.52244697009198,35.4845561743867],[139.5223964121514,35.48444914725887],[139.5221595551091,35.48417041763319],[139.5221249793017,35.484110965540566],[139.521884368885,35.483918631888436],[139.52180522697964,35.48387336097333],[139.52174501321187,35.48389267778832],[139.5216220419736,35.48382084956939],[139.52170553379798,35.483670610358935],[139.52180566177026,35.48358196127993],[139.5220402271055,35.48347136521305],[139.5220940457034,35.483407911851],[139.52231479998773,35.483295237368154],[139.52239872185652,35.48322245987811],[139.52246317699263,35.4831409710796],[139.52250947046952,35.48297458026054],[139.52256777439615,35.482930890569094],[139.52267423012356,35.48292580980613],[139.52270872341154,35.48295065034468],[139.52311805211573,35.48312795235428],[139.52344191575625,35.483220074292596],[139.52362291151272,35.48318634440528],[139.52369350249714,35.48313765080367],[139.52372885290615,35.48311326974281],[139.52371284549284,35.482999217664975],[139.52367449936392,35.482867504927896],[139.52368672393536,35.482788945939326],[139.52375126851553,35.482711928460496],[139.52397113874832,35.482272180908495],[139.52404412853372,35.48220398670534],[139.52440698639725,35.48217909542827],[139.5245125623204,35.482088097196154],[139.52463231663276,35.48202160640675],[139.52466108452126,35.48201294637636],[139.52472344379686,35.48203380753634],[139.5248574129586,35.482128403752725],[139.52497136110526,35.48215622579106],[139.52509251300935,35.482185826403104],[139.52535481625773,35.482227226591895],[139.52556495968224,35.482276028746625],[139.52570020977623,35.48229439694645],[139.52599490173233,35.48242221280824],[139.52627764824726,35.48254453975287],[139.5264462017039,35.4825781663716],[139.526655359366,35.482575452029494],[139.5268328865373,35.482519455325686],[139.52695592193047,35.482466807599366],[139.52704829198885,35.482424046858604],[139.5271832200884,35.48240273172072],[139.52738086721817,35.482421042481086],[139.52754145079035,35.48242271192897],[139.52789196917246,35.4823307384839],[139.52799138872274,35.48234735965668],[139.52816345992477,35.48241905545006],[139.528382911292,35.482431750150724],[139.52849207038958,35.48241719950064],[139.52879071326893,35.482342911017014],[139.52889721959878,35.48232972604741],[139.52893993136047,35.48232173352778],[139.52941228969834,35.48218516723943],[139.52965307485687,35.48222541185668],[139.52976330986317,35.48221653104348],[139.53014091779076,35.48221211635384],[139.53059337388152,35.481998104235686],[139.53060361814872,35.48196943331876],[139.53061411018453,35.481961008864005],[139.53072849468302,35.48209709773659],[139.53097594350552,35.48243389618678],[139.5310183969872,35.48249480913547],[139.53106260602218,35.48257590182805],[139.53128060168822,35.482592672545756],[139.53128135995172,35.48262594801572],[139.53132903277947,35.483133937585755],[139.53132276470524,35.4831468794381],[139.5312128967083,35.48337420641941],[139.53117290579326,35.4834950187096],[139.53111682975174,35.48370381716511],[139.53098274212869,35.48393224605448],[139.53096209809382,35.48399603101787],[139.5309322054139,35.48428851881211],[139.5309661597015,35.48438958493188],[139.5309828187175,35.48455666307138],[139.53095197772367,35.484774572859926],[139.5310004084226,35.48530432416062],[139.53095664812918,35.4854198813231],[139.530877321554,35.485600560282215],[139.5308670805907,35.48570866476897],[139.53083636859884,35.48581108556494],[139.5306800674437,35.48588868891261],[139.53066584016287,35.48604368399666],[139.5305321406935,35.48608627488161],[139.53032030920974,35.48609367269294],[139.53011736412574,35.48600415859169],[139.52991069370847,35.486001075288414],[139.52978197736286,35.48608082389168],[139.52955253107623,35.486049903194704]]]]}},{"type":"Feature","properties":{"area_id":"141120300","city":"横浜市","ward":"旭区","town":"今宿南町","chome":"","num_households":1534},"geometry":{"type":"MultiPolygon","coordinates":[[[[139.52362291151272,35.48318634440528],[139.52344191575625,35.483220074292596],[139.52311805211573,35.48312795235428],[139.52270872341154,35.48295065034468],[139.52267423012356,35.48292580980613],[139.52256777439615,35.482930890569094],[139.52250947046952,35.48297458026054],[139.52246317699263,35.4831409710796],[139.52239872185652,35.48322245987811],[139.52231479998773,35.483295237368154],[139.5220940457034,35.483407911851],[139.5220402271055,35.48347136521305],[139.52180566177026,35.48358196127993],[139.52170553379798,35.483670610358935],[139.5216220419736,35.48382084956939],[139.52158992453337,35.48382724626412],[139.52151203573573,35.483769476571084],[139.52154343828056,35.48368617923626],[139.5213019715546,35.48344285397676],[139.52123281856828,35.483391761369745],[139.5210338357853,35.48324470383984],[139.52066583530558,35.48298925569042],[139.52051828038472,35.482941271500984],[139.52038135715733,35.482876624339184],[139.5201521091559,35.48270325526902],[139.51995401501023,35.482533629277356],[139.5197742518887,35.48245450450932],[139.51975970716788,35.48241436240903],[139.51956423322477,35.48213013265984],[139.51944598886195,35.481995006713746],[139.51932848044484,35.48189794488618],[139.51925679617918,35.48185614084586],[139.51872784798513,35.48186765769773],[139.51844392355713,35.48184671062981],[139.51843222564784,35.48183280799144],[139.51841692394552,35.48161678812109],[139.51833463565202,35.48142988988877],[139.51830209845386,35.481317801673285],[139.51825261534535,35.481069512027766],[139.51821189720891,35.48095800059157],[139.51796676130385,35.480793671652535],[139.5179443651353,35.480647808459686],[139.51792971602688,35.48043615636851],[139.5172589897164,35.480434236682214],[139.51722137156065,35.4803780131276],[139.51712675367327,35.4801748156851],[139.51752422227938,35.48012046439044],[139.51796169145825,35.47980435656536],[139.51836075232404,35.47963339011212],[139.51861085901967,35.479526541537965],[139.51874189109782,35.47957652746196],[139.5190717027409,35.47948488386581],[139.5194464856452,35.47937399041801],[139.52019602999792,35.47908473566254],[139.52079034311055,35.478846307645945],[139.5208470629189,35.478744202163085],[139.5209518986834,35.478705881754074],[139.52127043583755,35.478589449796644],[139.52146428289595,35.47850832986033],[139.52152163161762,35.478460660808054],[139.5215327299931,35.478451429510095],[139.52193393082516,35.47837478257218],[139.52244359123446,35.47820615593696],[139.52254624083707,35.47815930597808],[139.52273810752828,35.4780717334281],[139.52398501562828,35.4775052681226],[139.52401303129975,35.477501361457456],[139.52428523674686,35.47738036429792],[139.52466430788138,35.47723477783579],[139.52484350866754,35.477166077377625],[139.52513562844067,35.47705410729914],[139.5251805014339,35.47703710896192],[139.5253886786558,35.47686425913207],[139.52580405295402,35.476566125007494],[139.52584096875725,35.476542133662655],[139.5260574405474,35.47642289360245],[139.52625913351724,35.4763809376402],[139.52641109204555,35.47636604959498],[139.5264914230752,35.47635817796346],[139.52650795982856,35.47634480443878],[139.52664813320385,35.4762313220717],[139.52699516409672,35.47588854180837],[139.5272049563588,35.4756456247451],[139.52733683940514,35.47549293131921],[139.52754899180073,35.47556395386145],[139.52766881118933,35.475681609611335],[139.52776346626231,35.47570966323046],[139.52786757187144,35.475805589938886],[139.52816662859715,35.475991156324184],[139.52833096645568,35.47605522710024],[139.52856286446303,35.47617580265054],[139.52880799167522,35.476286798352916],[139.52891912414708,35.47636865698949],[139.52930803303317,35.47657912675317],[139.52961149220576,35.4766547741421],[139.52980010641468,35.47678238827174],[139.53024071647695,35.47705072698477],[139.53024956258056,35.47705617241044],[139.53040555487274,35.4771769777525],[139.53051825936865,35.47724232515383],[139.5307789599996,35.47727106913922],[139.53109847979235,35.47732347909549],[139.53130022428238,35.477434643248124],[139.53156564296089,35.47749121319213],[139.5316711691943,35.477652032194236],[139.53182139964773,35.47766859989285],[139.53217660967252,35.47752926966134],[139.53236155499175,35.477580533864966],[139.53254604365105,35.477644507510774],[139.5329688712436,35.47764540851131],[139.53307707924554,35.47765908912232],[139.53327771104387,35.477792500468134],[139.53365456999802,35.47799003912108],[139.53371716985762,35.478009980798554],[139.5337083807139,35.478029536060056],[139.53369942284195,35.47822813379091],[139.53370475044204,35.478335644473745],[139.53367828688604,35.47853064256779],[139.53365149218067,35.478728211283084],[139.53367630596853,35.478792530644],[139.53380750865873,35.47893224932666],[139.53395384026166,35.47900288745351],[139.53419018178218,35.47905543658036],[139.53420870136654,35.47908206611715],[139.53425571507805,35.479149714226644],[139.53423907181616,35.479279527828446],[139.53412998038038,35.47940538442579],[139.53396024379438,35.479453663095825],[139.5338141109576,35.47946323416445],[139.53360266306893,35.47933676895345],[139.53350331919384,35.479340926436194],[139.53344196939932,35.479407358201534],[139.53346534051903,35.479611669523344],[139.5335641365215,35.479708880661946],[139.53365174828303,35.47974046836604],[139.53379198805223,35.47978806425636],[139.53386185280533,35.479875486194985],[139.53381184666935,35.47997634623624],[139.53359294489286,35.48012457218511],[139.5334140373132,35.48031250678493],[139.53318932652502,35.48053511681323],[139.53293959911318,35.48075368623567],[139.53260119254517,35.480798451023304],[139.532367564877,35.480836677424776],[139.53220016513114,35.48078813330303],[139.53209521826324,35.480706890744365],[139.5319622667118,35.480614910890885],[139.5316569961585,35.48057574331135],[139.53153644309663,35.48052407398911],[139.53142039032355,35.48052403375968],[139.5313061925521,35.4805802291898],[139.53122117878772,35.48068311439136],[139.53113788787016,35.48083772698944],[139.53112132440768,35.48098482986823],[139.53114186978326,35.481206739387176],[139.53118442955446,35.48140620457373],[139.5308801261574,35.48153942654045],[139.53059007200733,35.481649374496826],[139.530576432753,35.48171085288514],[139.53060158225585,35.48182918615699],[139.530602847468,35.48191654573043],[139.53061411018453,35.481961008864005],[139.53060361814872,35.48196943331876],[139.53059337388152,35.481998104235686],[139.53014091779076,35.48221211635384],[139.52976330986317,35.48221653104348],[139.52965307485687,35.48222541185668],[139.52941228969834,35.48218516723943],[139.52893993136047,35.48232173352778],[139.52889721959878,35.48232972604741],[139.52879071326893,35.482342911017014],[139.52849207038958,35.48241719950064],[139.528382911292,35.482431750150724],[139.52816345992477,35.48241905545006],[139.52799138872274,35.48234735965668],[139.52789196917246,35.4823307384839],[139.52754145079035,35.48242271192897],[139.52738086721817,35.482421042481086],[139.52718322008843,35.48240273172074],[139.52704829198885,35.482424046858554],[139.52695592193055,35.482466807599366],[139.5268328865373,35.482519455325686],[139.526655359366,35.482575452029494],[139.5264462017039,35.4825781663716],[139.52627764824726,35.48254453975287],[139.52599490173233,35.48242221280824],[139.52570020977623,35.48229439694645],[139.52556495968224,35.482276028746625],[139.52535481625773,35.482227226591895],[139.52509251300935,35.482185826403104],[139.52497136110526,35.48215622579106],[139.52485741295857,35.48212840375273],[139.52472344379686,35.48203380753634],[139.52466108452126,35.48201294637636],[139.52463231663276,35.48202160640675],[139.5245125623204,35.482088097196154],[139.52440698639725,35.48217909542827],[139.52404412853372,35.48220398670534],[139.5239711387483,35.482272180908495],[139.52375126851553,35.482711928460496],[139.52368672393536,35.482788945939326],[139.5236744993639,35.482867504927896],[139.52371284549284,35.48299921766499],[139.52372885290615,35.48311326974281],[139.5236935024971,35.48313765080367],[139.52362291151272,35.48318634440528]]]]}},{"type":"Feature","properties":{"area_id":"141120310","city":"横浜市","ward":"旭区","town":"都岡町","chome":"","num_households":1124},"geometry":{"type":"MultiPolygon","coordinates":[[[[139.52471854592517,35.49290348089557],[139.52469016388608,35.49297383007824],[139.52454308095554,35.493541930731205],[139.52453837048472,35.493681880730456],[139.5247359971692,35.49437436903641],[139.52475406511684,35.49445173666345],[139.5247199640388,35.49458784441863],[139.52458696922673,35.49540788051758],[139.52453033191236,35.495503899142726],[139.5244397224305,35.49554902061479],[139.52432015058275,35.49558519681841],[139.52397921177817,35.49566025016093],[139.5238188236632,35.49575276485347],[139.5235428608749,35.49597829440078],[139.5233776729611,35.49612642983861],[139.52324856037984,35.49628701605757],[139.52311714478282,35.496188268134176],[139.52310492523156,35.496000458832604],[139.52304386074658,35.49573333607786],[139.52299172384326,35.49559183319539],[139.52291919366502,35.49551404350996],[139.5228279064358,35.495471770642375],[139.52266695897197,35.49536132769417],[139.52255474294356,35.49526963544099],[139.52259112060653,35.495197546441645],[139.52228973464338,35.495074316601354],[139.52202483303472,35.49501441794806],[139.52185344600517,35.49496067294397],[139.52183800484184,35.49496767520183],[139.52181128564638,35.494196886594864],[139.52174119925547,35.49413343337119],[139.52130506156777,35.49414381729227],[139.5212629802342,35.49410920210252],[139.52118181164016,35.49327489385047],[139.52113275828802,35.49322297290501],[139.52093581032054,35.493228237002754],[139.52091518045708,35.49310163704674],[139.52094140491897,35.49274907354199],[139.5209524428248,35.49256100853402],[139.52089737165198,35.49225024028629],[139.52088431494198,35.49199134008955],[139.52092044311033,35.49173834175948],[139.52098488480343,35.491445136025526],[139.52095447922352,35.49140857995882],[139.52068888015918,35.49122662887692],[139.52028826526785,35.49095059864262],[139.52016196940266,35.49086728043787],[139.51989046751908,35.49079273939693],[139.51969134409035,35.49073866750947],[139.51957798491924,35.49066147492164],[139.51922541905353,35.49039225588118],[139.519061315531,35.49047791740303],[139.51886516611924,35.49058948087338],[139.51871300582107,35.49062626649504],[139.51852798785023,35.49062064361939],[139.51823841435584,35.4905109135059],[139.51812116438177,35.49042726567299],[139.51808345562938,35.49037642888808],[139.51796528794694,35.49020249923504],[139.5178481581262,35.48987280210819],[139.51783741342732,35.48981291738907],[139.51783364230124,35.48979188654734],[139.5179126679647,35.48962544385099],[139.51802318117402,35.48942700620162],[139.51799859628557,35.489361168973325],[139.5179845819546,35.48927307240385],[139.51800052681114,35.48920258808475],[139.51809950708167,35.489024611898365],[139.5182531652246,35.488735303209175],[139.5183555908658,35.488600926328],[139.5185126645258,35.488517992777716],[139.51862284839044,35.488402895712255],[139.5181926538953,35.48830512441597],[139.51826337435503,35.488252880681905],[139.5194986753146,35.4873885810774],[139.51980557523595,35.48717385355547],[139.51981399357598,35.48716796057489],[139.51987221674784,35.486907414877926],[139.5199225789186,35.48675888625006],[139.52013621193305,35.48659870430694],[139.5202909481085,35.48656730881841],[139.52037568823047,35.48657928799262],[139.52045495921865,35.486536501546716],[139.52050561965564,35.48646652814903],[139.5205201890688,35.48638410328226],[139.52047024326654,35.48596926868674],[139.52048476361315,35.4859213844274],[139.52040956296963,35.48579203892918],[139.52041632339393,35.48565790465029],[139.52052495514977,35.485436571536844],[139.52057678429816,35.48533156736327],[139.5205889945214,35.48502428342389],[139.52065001727837,35.48498525179059],[139.52090822391997,35.484780218953375],[139.52091407054965,35.484598620352806],[139.52085333160994,35.48433047706683],[139.52087444970536,35.484212929058415],[139.52139111127644,35.48408190427783],[139.5214856790476,35.484062464942525],[139.52158992453337,35.48382724626412],[139.5216220419736,35.48382084956939],[139.52174501321187,35.48389267778832],[139.52180522697964,35.48387336097333],[139.521884368885,35.483918631888436],[139.5221249793017,35.484110965540566],[139.5221595551091,35.48417041763319],[139.5223964121514,35.48444914725887],[139.52244697009198,35.4845561743867],[139.52262685218554,35.48476278810997],[139.52283001802198,35.485015620819006],[139.52314677245872,35.48540831551549],[139.52316058908883,35.485425885294646],[139.52332767446697,35.48562500127432],[139.52351123126917,35.48580602430374],[139.52383535587072,35.486181341626576],[139.5233692815763,35.48654532731618],[139.52348605732175,35.4867299853859],[139.52371411401805,35.48711875793725],[139.52393932762362,35.48742970780018],[139.52402590849735,35.487524114685606],[139.5241141289768,35.48749884483712],[139.52429271623606,35.4875687317075],[139.52431671006119,35.48760967109189],[139.5245978347468,35.48751242555347],[139.52505010587643,35.48733610563687],[139.52506546709256,35.48754747795378],[139.52508385246733,35.487795686899666],[139.52504826037355,35.48796238903763],[139.5250538909028,35.48801004349778],[139.52546545317796,35.48890627013825],[139.52528194332254,35.48904302260607],[139.52526011908228,35.48905927006859],[139.52525100881815,35.48906604273522],[139.52529768882053,35.48914277819827],[139.52553154486077,35.48952719635629],[139.52557269388265,35.48958464888604],[139.52569209503196,35.489751362546166],[139.52590490878183,35.48997597623884],[139.52613675990983,35.4901303936715],[139.52629642041833,35.49020970112904],[139.52648211092432,35.49027604582318],[139.526740975434,35.49034046104519],[139.52697286271837,35.4903781538547],[139.5269058080795,35.49044643441067],[139.52685434152838,35.49046859421633],[139.52666442953995,35.49060195249846],[139.5265585344759,35.49069488949634],[139.52632278082012,35.49092196857047],[139.526175755573,35.49108138378022],[139.5260659680979,35.4911618812744],[139.5259827092459,35.491308077006174],[139.52591657776216,35.49139945734279],[139.5258295969458,35.49148849764522],[139.52567603312477,35.491673987242905],[139.5253736052165,35.49210518690697],[139.52512223154642,35.49239021573025],[139.52471854592517,35.49290348089557]]]]}},{"type":"Feature","properties":{"area_id":"141120320","city":"横浜市","ward":"旭区","town":"川井宿町","chome":"","num_households":825},"geometry":{"type":"MultiPolygon","coordinates":[[[[139.52311714478282,35.496188268134176],[139.52315917816802,35.49628689551224],[139.52311784582974,35.49634277461121],[139.52306213482325,35.49653924996915],[139.5229368760144,35.496851145561436],[139.52283123251064,35.497235202934206],[139.52271912411598,35.49748005521002],[139.52265861627353,35.4977703541588],[139.52264908029184,35.497949975025186],[139.52260702531692,35.4984022906703],[139.52262360512788,35.498620920948014],[139.52259571523146,35.498752749398164],[139.52256466867314,35.49903435619271],[139.52248801313104,35.49936954387313],[139.52233716448615,35.499963692440936],[139.5221633448236,35.50075936407508],[139.52215914209143,35.500889421706475],[139.52228471400755,35.50109357664739],[139.52220093725902,35.50112346800527],[139.52220145175394,35.50118016000888],[139.52215527520653,35.501207224741556],[139.5219708626117,35.501361929165476],[139.52155013263538,35.50156506209581],[139.52135227721072,35.50168302799867],[139.52120580541188,35.501735673582445],[139.52110840658065,35.50174119204861],[139.5208244860046,35.5017950951515],[139.52076272392213,35.50183887605746],[139.52060705270662,35.5019034670925],[139.52053413355077,35.50192021207456],[139.5203263419693,35.50193449090317],[139.5200923696885,35.50187658784809],[139.51979924884924,35.50178177196765],[139.5196434669201,35.50168034300789],[139.5195125354097,35.50148961695562],[139.51933943292056,35.50122228657269],[139.51932448165996,35.50119919672008],[139.51909748159815,35.50092603717132],[139.51877483155093,35.500819132626404],[139.51866878851024,35.50078399583868],[139.51834248534465,35.500697539925895],[139.51819347742764,35.50072636996267],[139.51780369581886,35.5007375595305],[139.5175447576736,35.50077342437484],[139.51728755497274,35.500755488788734],[139.5171076638284,35.500720966594656],[139.51686491881281,35.50059560890522],[139.51662435225188,35.50040296972713],[139.51644884376802,35.50023388320024],[139.51630130385706,35.500047374719145],[139.51597938691,35.49982638712174],[139.5157037548867,35.49970044921864],[139.51529801339743,35.49952740300437],[139.51473059878876,35.49926625743195],[139.5147432081179,35.49922386186043],[139.51502176962154,35.4981654191843],[139.5150330504085,35.49810668440257],[139.51507620807874,35.49788198387274],[139.51511011960636,35.49778753587727],[139.51513698528365,35.49771270582244],[139.51522672107865,35.497462751645095],[139.51552828619975,35.49687012197834],[139.51574798738997,35.49641202301688],[139.51618501152888,35.49559524856016],[139.51628608185834,35.49539200099092],[139.51648726336842,35.49501064261921],[139.51665894728671,35.49460262297447],[139.51671096202418,35.49439797888321],[139.51674190960586,35.493910964275706],[139.51671899691385,35.49351158718301],[139.51663697336866,35.49284773315901],[139.5166288156844,35.49278169293743],[139.51662165965098,35.49269607857635],[139.5164568347316,35.491216649396286],[139.51644786983576,35.49108733412518],[139.5164449386915,35.49107725636544],[139.5164141418357,35.490971193367685],[139.51629187638608,35.49077235831355],[139.51615298921328,35.49061883005245],[139.516128662475,35.490591936135004],[139.51600407121592,35.49044855116463],[139.51586813843448,35.490288480905924],[139.51580830782083,35.49019755341982],[139.51574431080525,35.49014291425311],[139.51562727934197,35.490075884187284],[139.51532576762025,35.4898887241034],[139.51524661742096,35.48981189893215],[139.51514441972853,35.48962945422259],[139.5151031932593,35.48951022992783],[139.515077015566,35.48951079477733],[139.51504929633415,35.48943815412509],[139.5150932925357,35.489323802491],[139.51526775790518,35.48925303251851],[139.51532091709532,35.48918447831842],[139.51540642801402,35.489017560475794],[139.5154558470694,35.4888871676464],[139.51555281102586,35.48875260299653],[139.51568376937954,35.48867154213418],[139.51592342127134,35.488636538274484],[139.5162127726713,35.48862458759509],[139.5164833702796,35.488630367046234],[139.51662012985304,35.48865618101072],[139.5169215945681,35.4887282005943],[139.51726732919147,35.48860953064197],[139.51754728866484,35.48861026191985],[139.51771331639944,35.48863787805786],[139.5181926538953,35.48830512441597],[139.51862284839044,35.488402895712255],[139.5185126645258,35.488517992777716],[139.5183555908658,35.488600926328],[139.5182531652246,35.488735303209175],[139.51809950708167,35.489024611898365],[139.51800052681114,35.48920258808475],[139.5179845819546,35.48927307240385],[139.51799859628557,35.489361168973325],[139.51802318117402,35.48942700620162],[139.5179126679647,35.48962544385099],[139.51783364230124,35.48979188654734],[139.51783741342732,35.48981291738907],[139.5178481581262,35.48987280210819],[139.51796528794694,35.49020249923504],[139.51808345562938,35.49037642888808],[139.51812116438177,35.49042726567299],[139.51823841435584,35.4905109135059],[139.51852798785023,35.49062064361939],[139.51871300582107,35.49062626649504],[139.51886516611924,35.49058948087338],[139.519061315531,35.49047791740303],[139.51922541905353,35.49039225588118],[139.51957798491924,35.49066147492164],[139.51969134409035,35.49073866750947],[139.51989046751908,35.49079273939693],[139.52016196940266,35.49086728043787],[139.52028826526785,35.49095059864262],[139.52068888015918,35.49122662887692],[139.52095447922352,35.49140857995882],[139.52098488480345,35.491445136025526],[139.52092044311033,35.49173834175946],[139.520884314942,35.49199134008955],[139.52089737165196,35.49225024028629],[139.5209524428248,35.49256100853402],[139.52094140491897,35.49274907354199],[139.52091518045708,35.49310163704674],[139.52093581032054,35.493228237002754],[139.52113275828802,35.49322297290501],[139.52118181164016,35.49327489385047],[139.5212629802342,35.49410920210252],[139.52130506156777,35.49414381729227],[139.52174119925547,35.49413343337119],[139.52181128564638,35.494196886594864],[139.52183800484184,35.49496767520183],[139.52185344600517,35.49496067294397],[139.52202483303472,35.49501441794806],[139.52228973464338,35.495074316601354],[139.52259112060653,35.495197546441645],[139.52255474294356,35.49526963544099],[139.52266695897197,35.49536132769417],[139.5228279064358,35.495471770642375],[139.52291919366502,35.49551404350996],[139.52299172384326,35.49559183319539],[139.52304386074658,35.49573333607786],[139.52310492523156,35.496000458832604],[139.52311714478282,35.496188268134176]]]]}},{"type":"Feature","properties":{"area_id":"141120330","city":"横浜市","ward":"旭区","town":"川井本町","chome":"","num_households":1602},"geometry":{"type":"MultiPolygon","coordinates":[[[[139.51562727934197,35.490075884187284],[139.51574431080525,35.49014291425311],[139.51580830782083,35.49019755341982],[139.51586813843448,35.490288480905924],[139.51600407121592,35.49044855116463],[139.516128662475,35.490591936135004],[139.51615298921328,35.49061883005245],[139.51629187638608,35.49077235831355],[139.5164141418357,35.490971193367685],[139.5164449386915,35.49107725636544],[139.51644786983576,35.49108733412518],[139.5164568347316,35.491216649396286],[139.51662165965098,35.49269607857635],[139.5166288156844,35.49278169293743],[139.51663697336866,35.49284773315901],[139.51671899691385,35.49351158718301],[139.51674190960586,35.493910964275706],[139.51671096202418,35.49439797888321],[139.51665894728674,35.49460262297447],[139.51648726336842,35.49501064261921],[139.51628608185834,35.49539200099092],[139.51618501152888,35.49559524856016],[139.51574798738997,35.49641202301688],[139.51552828619975,35.49687012197834],[139.5153912120674,35.4967948322651],[139.51513495579547,35.49659423206449],[139.51504136471974,35.49647606555463],[139.5148411325888,35.49637810904787],[139.51458453774373,35.49626975675379],[139.51456887319165,35.49625686360198],[139.51445954394794,35.49616689405586],[139.51427802594714,35.49609465517707],[139.51399016932777,35.495960585826175],[139.51349588035404,35.49571319085221],[139.513403081025,35.49565692532295],[139.513344644709,35.495621489713066],[139.51305787477816,35.49550182323137],[139.51293280283588,35.49541945217584],[139.5126739344385,35.49514718509394],[139.51263950557103,35.49511097323027],[139.51259556302122,35.49509043453814],[139.51232003948653,35.49501280267396],[139.5121759733362,35.49498164459481],[139.51185047519647,35.49485771855432],[139.5112303171054,35.49473303758962],[139.5111426941446,35.49469692504786],[139.51109630304646,35.49469431859628],[139.5110499106063,35.49469171212372],[139.51085437781964,35.49468076588676],[139.51061094575928,35.494640272241234],[139.51029052164606,35.49458696985444],[139.51015277686022,35.49453711315141],[139.51011646784193,35.49452397054517],[139.50957060836416,35.49432867557974],[139.50947109456598,35.4941335943882],[139.50937119093993,35.494030795659306],[139.5092210062815,35.49396373747698],[139.5089157013204,35.49374460943071],[139.50886737018106,35.493803734892325],[139.50756994879433,35.494232075749416],[139.50742099247375,35.49406857904815],[139.50735783545485,35.4940302748585],[139.50708513961325,35.49389872713343],[139.50695189853812,35.493884736682176],[139.50686632757981,35.49382063371564],[139.50680716821222,35.49369875390492],[139.50675046428634,35.49358191519549],[139.50670377637633,35.49349027897748],[139.5065276416414,35.493144466264354],[139.50648457012855,35.492957177541435],[139.50647395235896,35.49282025564258],[139.5064653995761,35.492710203366876],[139.50641114229475,35.492228887953935],[139.50637722435334,35.49195050285392],[139.50630959708545,35.49164554851448],[139.506226408585,35.49137660584874],[139.50613585641975,35.49136882373478],[139.50604010602106,35.4910925938611],[139.5060838045545,35.49102377452706],[139.506010788091,35.49084816325606],[139.50569567826133,35.49039859979549],[139.5056860033314,35.490385053124136],[139.50608835593246,35.49041632518529],[139.50654731869764,35.490262691852],[139.50726212141376,35.49002345395463],[139.50763917119662,35.489891316481256],[139.50796514805273,35.489804811640695],[139.50841825834055,35.489739458002695],[139.50882053132034,35.489661465115645],[139.50897325575036,35.48964110421767],[139.50916719244043,35.489596243486055],[139.50960317232244,35.4895175234127],[139.5096357255014,35.48961271210485],[139.51051302004132,35.4893634856391],[139.51105984963314,35.48918840481125],[139.5111765625642,35.48916677918275],[139.51179679432832,35.489018332034775],[139.5118394135057,35.48900812837714],[139.5118824413996,35.48899782126046],[139.51237582847955,35.488928430292475],[139.51280892454616,35.48893419161047],[139.5130408807531,35.48901131712526],[139.51306952545286,35.489029314784574],[139.51328432172195,35.489172976190716],[139.51331346125414,35.48922879044744],[139.51335319642777,35.489517369553546],[139.51408087430963,35.489186174005184],[139.51421234902142,35.48918176725239],[139.5143295097901,35.4892320744907],[139.51455425245493,35.48927220805313],[139.5145938601267,35.48928854425635],[139.51461138299203,35.48931563165872],[139.51461556478552,35.48937423195083],[139.51463284965737,35.48946170369846],[139.51463672761764,35.48946632642028],[139.51476671638167,35.48950078750223],[139.5148777369113,35.48951407253572],[139.51507701556596,35.489510794777345],[139.5151031932593,35.48951022992783],[139.5151444197285,35.48962945422255],[139.51524661742096,35.48981189893215],[139.51532576762025,35.48988872410342],[139.51562727934197,35.490075884187284]]]]}},{"type":"Feature","properties":{"area_id":"141120340","city":"横浜市","ward":"旭区","town":"上川井町","chome":"","num_households":1409},"geometry":{"type":"MultiPolygon","coordinates":[[[[139.49475565213552,35.502689399125416],[139.49472997641928,35.50270235219393],[139.49418731971898,35.503255474870805],[139.49405633333993,35.50339747543793],[139.49398646263796,35.503418819938666],[139.49387442134787,35.503376949652164],[139.49369395774028,35.50349803350703],[139.4933814589548,35.503631232061714],[139.49341038586508,35.503833268930755],[139.49332218888242,35.50403404823413],[139.49327292521926,35.504039397379664],[139.49303393062553,35.50406535432519],[139.49262596266504,35.503984068806055],[139.4923860875125,35.50388193636243],[139.4922565870499,35.503788469133596],[139.49198962071262,35.50353028719303],[139.49195832113983,35.50358497951236],[139.49179975782667,35.50360264862084],[139.49171081814052,35.50390682873137],[139.49163436774782,35.50397666911534],[139.49161024186654,35.50399458971677],[139.49152045610523,35.50406129165949],[139.49137987193495,35.50419547932663],[139.49115901281164,35.50445297580883],[139.49050286960787,35.50456314622323],[139.4905042945661,35.50457124868401],[139.49055160033626,35.50485349821151],[139.48990916931854,35.50503429259554],[139.4893119745616,35.505202924481644],[139.48930884910718,35.50518570538754],[139.4889941882038,35.50383549025556],[139.4888930065687,35.503696651235],[139.488423455311,35.502853427849395],[139.48839480245346,35.502803576106814],[139.48821927568966,35.502498186509285],[139.4883372817449,35.502277751460824],[139.4882790866683,35.5020211315575],[139.48821323481133,35.5018327560982],[139.4879994348816,35.50140203697698],[139.48794528118555,35.501257880815544],[139.48792248937644,35.501024989795305],[139.4875218549482,35.499997913783446],[139.48747939813268,35.499817564217295],[139.48745080263706,35.499642993690436],[139.487435617593,35.49934897078681],[139.48745303499712,35.498932770087805],[139.4885121122458,35.49879685162253],[139.48861219976547,35.499139850972554],[139.48914988293248,35.499077843421176],[139.4892426485399,35.499331148828134],[139.48958144154844,35.49921405695911],[139.4896568555648,35.4991445675346],[139.48978788865213,35.49899183442483],[139.490119258396,35.49897470733521],[139.4901263686117,35.49792706690722],[139.48985272816878,35.49774671099961],[139.48761916611113,35.49780705798873],[139.4878333007292,35.49724377671648],[139.48785961224374,35.49717791125494],[139.48787569507235,35.49705733979495],[139.4887143566852,35.49352986074461],[139.48880276044906,35.492863575209086],[139.4887344660542,35.49253344930481],[139.48854023667482,35.49175564767258],[139.48839973733274,35.491104888210614],[139.4883346206766,35.49008928693035],[139.48847808434383,35.489258075759736],[139.48878760794264,35.48894390847785],[139.4888483033106,35.488881029228935],[139.48903906882023,35.48872582876703],[139.48940568691552,35.48828845937157],[139.48977192648584,35.487933614330515],[139.49094007298888,35.4869389456197],[139.49115140222466,35.4867706663617],[139.4913147798163,35.486604890191884],[139.49148991760535,35.48628922132456],[139.49174362548166,35.485937371914986],[139.49197366507556,35.48567428515944],[139.49214165114208,35.48553199625479],[139.49235649451208,35.485304002735106],[139.49268221311286,35.48508139773419],[139.49271357495957,35.48501532946398],[139.49326186176847,35.48470195768686],[139.4933817856398,35.484644382397484],[139.49381450010546,35.48428388207023],[139.49396219886404,35.48421427385867],[139.4949459753615,35.48365401332278],[139.49591051072562,35.48305879427294],[139.49667255981706,35.48264100771746],[139.4972051001489,35.48247954615666],[139.49735211167416,35.482448407430034],[139.49748821925,35.4823629101374],[139.49760499441916,35.48226785119953],[139.49771047109624,35.482099807274416],[139.49798050071252,35.481557482589515],[139.49835747980302,35.48051072206959],[139.49864335446875,35.47989228061368],[139.498909792483,35.47928332573711],[139.49899161304455,35.479197746557745],[139.49912778921902,35.479099535998344],[139.49926772385595,35.479023587690065],[139.49942381446206,35.47897627530054],[139.4997014150759,35.47890500301752],[139.4999626772678,35.478849987675055],[139.50012088472852,35.47884721892715],[139.50084576304613,35.47895392992771],[139.50112702078624,35.4789981173301],[139.5011940668401,35.4790033366742],[139.50120729931018,35.479004359476995],[139.5016841548744,35.478934897178036],[139.50176843172224,35.47892122117046],[139.50168728205446,35.47911704668466],[139.50146800113833,35.47957885439523],[139.50143213158466,35.4799067709539],[139.50135403133302,35.480214254803975],[139.50127983835614,35.48041868967341],[139.50116217440956,35.48119305205609],[139.5009627028687,35.48157752282703],[139.50091174206975,35.481701250031186],[139.50091316710058,35.48174755537258],[139.50080600462815,35.482007672426924],[139.500723474205,35.48217701542221],[139.5007225553561,35.4824999558839],[139.5007058212147,35.48265937486481],[139.50078320075536,35.4835703246273],[139.5008261539199,35.483761385547865],[139.5009012957854,35.48429047849748],[139.500937082269,35.4843292016244],[139.50092342095988,35.48440085109449],[139.50107305798906,35.4846688221731],[139.5012814951681,35.484891252602566],[139.5017687705599,35.485375564846],[139.50209526796553,35.48572084891841],[139.50226796012143,35.486016133816655],[139.50237218496753,35.48617898386561],[139.5023160223882,35.48701976387261],[139.50238171429538,35.48805873523289],[139.50239153925048,35.48837106200107],[139.5024387801961,35.488472697438084],[139.5025193112143,35.48858248775325],[139.50270172037128,35.48869790991762],[139.50288150970334,35.488781073752804],[139.5030829072335,35.48884377075165],[139.5034531546666,35.488985445112796],[139.50397116557042,35.48918364762275],[139.50432147875037,35.48933170948897],[139.50461226178226,35.48947242472207],[139.50490119349175,35.48955511090552],[139.50536980461902,35.490050759943585],[139.5054021467685,35.49007503795892],[139.5056380002059,35.49039562550155],[139.50569567826133,35.49039859979549],[139.506010788091,35.49084816325606],[139.5060838045545,35.49102377452706],[139.50604010602106,35.4910925938611],[139.50613585641975,35.49136882373478],[139.506226408585,35.49137660584874],[139.50630959708545,35.49164554851448],[139.50637722435334,35.49195050285392],[139.50641114229475,35.492228887953935],[139.5064653995761,35.492710203366876],[139.50647395235896,35.49282025564258],[139.50648457012855,35.492957177541435],[139.5065276416414,35.493144466264354],[139.50670377637633,35.49349027897748],[139.50675046428634,35.493581915195534],[139.50680716821222,35.49369875390492],[139.50686632757981,35.49382063371564],[139.50695189853812,35.493884736682176],[139.50708513961325,35.49389872713343],[139.50735783545485,35.4940302748585],[139.50742099247375,35.49406857904815],[139.50756994879433,35.494232075749416],[139.50886737018106,35.493803734892325],[139.5089157013204,35.49374460943071],[139.5092210062815,35.49396373747698],[139.50937119093993,35.494030795659306],[139.50947109456598,35.4941335943882],[139.50957060836416,35.49432867557974],[139.51011646784193,35.49452397054517],[139.51015277686022,35.49453711315141],[139.51029052164606,35.49458696985444],[139.51061094575928,35.494640272241234],[139.51085437781964,35.49468076588676],[139.5110499106063,35.49469171212372],[139.51109630304646,35.49469431859628],[139.5111426941446,35.49469692504786],[139.5112303171054,35.49473303758962],[139.51185047519647,35.49485771855432],[139.5121759733362,35.49498164459481],[139.51232003948653,35.49501280267396],[139.51259556302122,35.49509043453814],[139.51263950557103,35.49511097323027],[139.5126739344385,35.49514718509394],[139.51293280283588,35.49541945217584],[139.51305787477816,35.49550182323137],[139.513344644709,35.495621489713066],[139.513403081025,35.49565692532295],[139.51349588035404,35.49571319085221],[139.51399016932777,35.495960585826175],[139.51427802594714,35.49609465517707],[139.51445954394794,35.49616689405586],[139.51456887319165,35.49625686360198],[139.51458453774373,35.49626975675379],[139.5148411325888,35.49637810904787],[139.51504136471974,35.49647606555463],[139.51513495579547,35.49659423206449],[139.5153912120674,35.4967948322651],[139.51552828619975,35.49687012197834],[139.51522672107865,35.497462751645095],[139.51513698528365,35.49771270582244],[139.51511011960636,35.49778753587727],[139.51507620807874,35.49788198387274],[139.5150330504085,35.49810668440257],[139.51502176962154,35.4981654191843],[139.5147432081179,35.49922386186043],[139.51456302767423,35.49909969234645],[139.51430953286967,35.49895690751103],[139.5140021037881,35.49883204502343],[139.51372910085766,35.49877748262786],[139.51348212766874,35.498744216833636],[139.51329858766928,35.49874714181105],[139.51314313253343,35.49879035046708],[139.5129363351142,35.49889243338189],[139.51281963464686,35.49911890583479],[139.51269423794653,35.49931359728174],[139.51261171798737,35.49941660952905],[139.51250895818166,35.49949397113036],[139.51239537697114,35.49953049843834],[139.51200598328,35.499624129348604],[139.5118253271374,35.49967519116007],[139.51116524674848,35.49986182227066],[139.5107037122855,35.50006795882183],[139.5085492253361,35.50108644278047],[139.5080461760564,35.50125459035686],[139.50783824229958,35.501292853210686],[139.50762989337727,35.50129981456111],[139.5072126274695,35.50135841361116],[139.5064455113089,35.50153727077004],[139.5062745487256,35.501599855646404],[139.50602708849166,35.501759051958864],[139.5057799701572,35.501962161845775],[139.505740138672,35.50187284689323],[139.50574103200663,35.501867237975176],[139.50574135993472,35.50186517807209],[139.50574205698882,35.501864839470265],[139.50574173549626,35.501862819576786],[139.50576122766378,35.50173544158045],[139.5057833882627,35.50153676551574],[139.50577649132404,35.50147049781647],[139.50576959507262,35.501404229570745],[139.50573717214453,35.50124460223435],[139.5057384384913,35.501204045254205],[139.50576971543816,35.50110227956726],[139.50570973912042,35.501092793534674],[139.5054855005256,35.501057326382295],[139.50548080700372,35.50112761805095],[139.5051928007569,35.5010443356179],[139.50514351241625,35.50103598476216],[139.5049265294467,35.500985104411505],[139.5049587442171,35.50089329978043],[139.50494372567212,35.5008699493935],[139.504679290676,35.500761053993656],[139.50461253377372,35.500711752467225],[139.50436965517179,35.5005806300241],[139.50431516252416,35.50058632258997],[139.50423144718505,35.50075241516273],[139.50384896146207,35.50057639980383],[139.50354435578177,35.500446512045386],[139.50347242661053,35.500388146583205],[139.50338554217987,35.50037033536532],[139.50309292014603,35.50018471004787],[139.5029331560718,35.50006240894453],[139.50289249156293,35.50017732035123],[139.5028330087326,35.50026070393174],[139.50272290323926,35.50035648026714],[139.50297729950356,35.50053964129713],[139.50320161751822,35.50069155755929],[139.50331186220168,35.500651446321164],[139.50365056667235,35.50082484190736],[139.50369059753123,35.500854669462164],[139.50372579298454,35.500887476262804],[139.50363485037144,35.50102513404901],[139.50346306631022,35.501188692007396],[139.50337495557054,35.5013180486347],[139.50332014217753,35.50140211379483],[139.50272387116559,35.50160360094492],[139.50256504111522,35.50165727188675],[139.5022974074316,35.5017248966974],[139.50210185268134,35.50162527250604],[139.50196218835583,35.50175124428778],[139.5019120714484,35.50172409897229],[139.50187335632538,35.50177226045671],[139.5018202727384,35.50174912108503],[139.50172286997304,35.501938514398034],[139.5016645675818,35.502179527573254],[139.50157215259827,35.502218138008196],[139.50101187201588,35.50260712842507],[139.5008718096057,35.502651095925145],[139.50074624159853,35.50273062966392],[139.50071545519398,35.502751140269595],[139.50073762312064,35.50286298815986],[139.50071573507847,35.50285563839323],[139.50055491665097,35.50293134095302],[139.50048818008975,35.50290879560548],[139.50021874545345,35.50297299400158],[139.5000950643557,35.50272023792835],[139.49991096470103,35.502761123446795],[139.4997444801756,35.50251451352251],[139.49969252266095,35.50246884271561],[139.4995436308583,35.5024873281853],[139.49942927591476,35.5024166950317],[139.49944706538804,35.502378896125734],[139.49945415965755,35.50236585399514],[139.4995427858982,35.502317024447784],[139.49962765723177,35.502254488813996],[139.49970260375784,35.50216576491132],[139.49977666962985,35.50196190800726],[139.49973881119175,35.501943246484174],[139.49943433672513,35.50194816072285],[139.4993719866455,35.501922071427],[139.49920032965272,35.50153225596748],[139.49919920533634,35.50147102549521],[139.4992734293696,35.50135913285748],[139.49924402725924,35.50121159858732],[139.49910635137644,35.50119990785288],[139.49881593779128,35.501309076590495],[139.498710417284,35.50132553707131],[139.49857976572434,35.50131731595937],[139.49839253992099,35.50127678966844],[139.49816826396702,35.50122020897412],[139.4981554457776,35.50121696873298],[139.49736182251914,35.50141807758858],[139.4970964941009,35.501500026609925],[139.49707338702964,35.50147542163441],[139.49696519099646,35.5015087720104],[139.4969632185451,35.50153242601896],[139.49683798770195,35.5015306267609],[139.49671413925614,35.50155826161457],[139.49660955636975,35.50158162059416],[139.49659597639695,35.50158527836379],[139.4964799923805,35.50161656138251],[139.49640812575635,35.50171398565839],[139.49633889922598,35.5017775833969],[139.49617792129,35.50182817066033],[139.4960259286461,35.501830690960126],[139.49572595358126,35.501880489819996],[139.49557022443398,35.501906340867926],[139.49549467736682,35.501931542855964],[139.49534693255814,35.50205057598515],[139.49533097342322,35.50207218315469],[139.49500890463335,35.502379107649894],[139.49495414909563,35.50243126786248],[139.49475565213552,35.502689399125416]]]]}},{"type":"Feature","properties":{"area_id":"14112035001","city":"横浜市","ward":"旭区","town":"若葉台","chome":"1","num_households":1269},"geometry":{"type":"MultiPolygon","coordinates":[[[[139.50320161751822,35.50069155755929],[139.50297729950356,35.50053964129713],[139.50272290323926,35.50035648026714],[139.5028330087326,35.50026070393174],[139.50289249156293,35.50017732035123],[139.5029331560718,35.50006240894453],[139.50309292014603,35.50018471004787],[139.50338554217987,35.50037033536532],[139.50347242661053,35.500388146583205],[139.50354435578177,35.500446512045386],[139.50384896146207,35.50057639980383],[139.50423144718505,35.50075241516273],[139.50431516252416,35.50058632258997],[139.50436965517179,35.5005806300241],[139.50461253377372,35.500711752467225],[139.504679290676,35.500761053993656],[139.50494372567212,35.5008699493935],[139.5049587442171,35.50089329978043],[139.5049265294467,35.500985104411505],[139.50514351241625,35.50103598476216],[139.5051928007569,35.5010443356179],[139.50548080700372,35.50112761805095],[139.5054855005256,35.501057326382295],[139.50570973912042,35.501092793534674],[139.50576971543816,35.50110227956726],[139.5057384384913,35.501204045254205],[139.50573717214453,35.50124460223435],[139.50576959507262,35.501404229570745],[139.50577649132404,35.50147049781647],[139.5057833882627,35.50153676551574],[139.50576122766378,35.50173544158045],[139.50574173549626,35.501862819576786],[139.50574205698882,35.501864839470265],[139.50574135993472,35.50186517807209],[139.50574103200663,35.501867237975176],[139.505740138672,35.50187284689323],[139.5057799701572,35.501962161845775],[139.50577903543714,35.50196292852852],[139.50572332670083,35.50209850267573],[139.5057677117895,35.50226562311332],[139.50587773675142,35.50300827025081],[139.5059052338303,35.50358309323223],[139.50582070444423,35.50414383846673],[139.50581849955017,35.50429551086112],[139.5058293807235,35.504490598807216],[139.50578725093575,35.504595895556406],[139.5057255312854,35.504828348035836],[139.50567293019662,35.505197048054754],[139.50559441460078,35.50536048160596],[139.50555963855209,35.50557420603156],[139.505507666189,35.50589351064829],[139.5054696382418,35.50600642410489],[139.50526988303073,35.50626447522463],[139.50498029934485,35.50655970132646],[139.50497204118923,35.506568128353514],[139.5048105394549,35.50680114651093],[139.50444854929415,35.50734864928525],[139.50439232304666,35.50748883513767],[139.5042906860099,35.50801065731835],[139.5042400068455,35.50817384804263],[139.50301321516855,35.50878074515682],[139.50302401841856,35.50671681783451],[139.50302206810414,35.50667762529734],[139.5032235202907,35.50620037595803],[139.5034108652219,35.505903882108655],[139.50360985101014,35.50558168284591],[139.5036726830253,35.50547993000254],[139.503975930217,35.5049327569574],[139.50409645857832,35.504747192480245],[139.50429654442436,35.50443914792601],[139.50436406226015,35.5042804399089],[139.50446633303514,35.50395124348974],[139.50446819496952,35.50366197399624],[139.50440941691141,35.50342827120937],[139.50437622156105,35.503342269574034],[139.50421031455326,35.503076369770056],[139.50417867437673,35.50304272718709],[139.50405175633665,35.50293086756203],[139.50392931820764,35.50284032156532],[139.5038869019846,35.502808938538145],[139.5038125895634,35.50275398126886],[139.50369322980526,35.5026897445254],[139.50354384273834,35.50260848909314],[139.50346302483538,35.502564534901445],[139.5031344113177,35.50238577727789],[139.50196218835583,35.50175124428778],[139.50210185268134,35.50162527250604],[139.5022974074316,35.5017248966974],[139.50256504111522,35.50165727188672],[139.50272387116559,35.50160360094492],[139.50332014217753,35.50140211379483],[139.50337495557054,35.5013180486347],[139.50346306631022,35.501188692007396],[139.50363485037144,35.50102513404901],[139.50372579298454,35.500887476262804],[139.50369059753123,35.500854669462164],[139.50365056667235,35.50082484190736],[139.50331186220168,35.50065144632119],[139.50320161751822,35.50069155755929]]]]}},{"type":"Feature","properties":{"area_id":"14112035002","city":"横浜市","ward":"旭区","town":"若葉台","chome":"2","num_households":1772},"geometry":{"type":"MultiPolygon","coordinates":[[[[139.49934540942132,35.50894014655623],[139.4993050359604,35.50897671868259],[139.49920718917315,35.50898844692365],[139.49915773951426,35.5089865100792],[139.49918534440482,35.50894444497536],[139.49918313417774,35.508755159523105],[139.49914406494543,35.508627382996075],[139.49906332927796,35.508437522124225],[139.49891783513073,35.508282016224214],[139.4987807700906,35.50819202139789],[139.49854000611143,35.50800902815769],[139.49844115719057,35.507925268141854],[139.49835320222294,35.50782087195574],[139.49828563321495,35.50765527226953],[139.49825192510494,35.50750747765056],[139.49823173421868,35.507381270016154],[139.49822918023492,35.50696890534789],[139.49821916783245,35.50690145329791],[139.49823437718607,35.506779992865916],[139.49848085359284,35.506772843078934],[139.49888051671812,35.50676271308269],[139.49890816965316,35.50674025844881],[139.49915743334233,35.506720440769804],[139.49937682957992,35.506680749680676],[139.49949928930505,35.50655800977975],[139.49950663971308,35.50652975843153],[139.49957798464456,35.50625547691772],[139.49958255178845,35.5060095609585],[139.49958884951266,35.50582952338382],[139.4996054575407,35.505488402699555],[139.49964660543174,35.50535733394356],[139.49968740615716,35.50513827822097],[139.49974914925593,35.505004097836974],[139.49978377964413,35.50492881501056],[139.49982539682048,35.504861332958384],[139.4998590607322,35.50481171416769],[139.4999244368646,35.50474162345358],[139.5000104189885,35.504608497741415],[139.5000928865307,35.50438241267555],[139.50009711630634,35.50435372988558],[139.5001172265669,35.50421760055194],[139.50011662631132,35.50418559452868],[139.50011533476717,35.50411770986393],[139.50010658741584,35.50365378027853],[139.50010727903668,35.503606075559105],[139.50011093539263,35.50335600144602],[139.50007615671694,35.50315937106865],[139.500048774652,35.503106023325586],[139.49955250723036,35.50270983295458],[139.4994297630749,35.50259551748907],[139.4994012899099,35.50242654402905],[139.49941613851104,35.50238680147565],[139.49945415965755,35.50236585399514],[139.49944706538804,35.502378896125734],[139.49942927591476,35.50241669503168],[139.49954363085834,35.5024873281853],[139.49969252266095,35.50246884271561],[139.4997444801756,35.50251451352251],[139.49991096470106,35.50276112344677],[139.5000950643557,35.50272023792835],[139.50021874545342,35.50297299400156],[139.50048818008975,35.50290879560548],[139.50055491665097,35.50293134095302],[139.50071573507847,35.50285563839323],[139.50073762312064,35.50286298815986],[139.50071545519398,35.502751140269595],[139.50074624159853,35.50273062966392],[139.5008718096057,35.502651095925145],[139.50101187201588,35.50260712842507],[139.50157215259827,35.502218138008196],[139.5016645675818,35.502179527573254],[139.50172286997304,35.501938514398034],[139.5018202727384,35.50174912108503],[139.50187335632538,35.50177226045671],[139.5019120714484,35.50172409897229],[139.50196218835583,35.50175124428778],[139.5031344113177,35.50238577727789],[139.50346302483538,35.502564534901445],[139.50354384273834,35.50260848909314],[139.50369322980526,35.5026897445254],[139.5038125895634,35.50275398126886],[139.5038869019846,35.502808938538145],[139.50392931820764,35.50284032156532],[139.50405175633665,35.50293086756203],[139.50417867437673,35.50304272718709],[139.50421031455326,35.503076369770056],[139.50437622156105,35.50334226957403],[139.50440941691141,35.50342827120937],[139.50446819496952,35.50366197399624],[139.50446633303514,35.503951243489695],[139.50436406226015,35.5042804399089],[139.50429654442436,35.50443914792601],[139.50409645857832,35.504747192480245],[139.503975930217,35.5049327569574],[139.5036726830253,35.50547993000254],[139.50360985101014,35.50558168284591],[139.5034108652219,35.505903882108655],[139.5032235202907,35.50620037595806],[139.50302206810414,35.50667762529734],[139.50302401841856,35.50671681783451],[139.50301321516855,35.50878074515682],[139.50295890615908,35.50892994769309],[139.50293763104528,35.50898840341247],[139.50111256126095,35.508961107730194],[139.49994329470945,35.50894360551652],[139.49934540942132,35.50894014655623]]]]}},{"type":"Feature","properties":{"area_id":"14112035003","city":"横浜市","ward":"旭区","town":"若葉台","chome":"3","num_households":943},"geometry":{"type":"MultiPolygon","coordinates":[[[[139.49977666962985,35.50196190800726],[139.49970260375784,35.502165764911304],[139.4996276572318,35.50225448881396],[139.4995427858982,35.502317024447784],[139.49945415965755,35.50236585399514],[139.49941613851104,35.50238680147565],[139.4994012899099,35.50242654402905],[139.4994297630749,35.50259551748907],[139.49955250723036,35.50270983295458],[139.500048774652,35.503106023325586],[139.50007615671694,35.50315937106865],[139.50011093539263,35.50335600144602],[139.50010727903668,35.503606075559105],[139.50010658741584,35.50365378027853],[139.50011533476717,35.50411770986393],[139.50011662631132,35.50418559452868],[139.5001172265669,35.50421760055194],[139.50009711630634,35.50435372988558],[139.5000928865307,35.50438241267555],[139.5000104189885,35.504608497741415],[139.4999244368646,35.50474162345358],[139.4998590607322,35.50481171416769],[139.49982539682048,35.504861332958384],[139.49978377964413,35.50492881501056],[139.49974914925593,35.505004097836974],[139.49968740615716,35.50513827822097],[139.49964660543174,35.50535733394356],[139.4996054575407,35.505488402699555],[139.49958884951266,35.50582952338382],[139.49958255178845,35.5060095609585],[139.49957798464456,35.50625547691772],[139.49950663971308,35.50652975843153],[139.49949928930505,35.50655800977975],[139.49937682957992,35.506680749680676],[139.49915743334233,35.506720440769804],[139.49890816965316,35.50674025844881],[139.49888051671812,35.50676271308269],[139.49848085359284,35.506772843078934],[139.49823437718607,35.506779992865916],[139.49816701355263,35.506798708323245],[139.4981097345537,35.50673809230123],[139.49796255381062,35.506736018174486],[139.4976416407094,35.506681693124726],[139.49753573885667,35.506627170052205],[139.4975115669263,35.506583866142584],[139.49746781988264,35.50644808468815],[139.49743671500906,35.506099295388864],[139.49743688891454,35.5060886977109],[139.4974418744983,35.505842185138405],[139.49744652411698,35.50561433296222],[139.49744642400648,35.50552444540763],[139.49745911749383,35.50529397443954],[139.49746349927815,35.50502158271634],[139.49746398522151,35.50491500874854],[139.49746432528786,35.50484353790153],[139.49743407457137,35.50459488223723],[139.4973472805924,35.50443528325069],[139.4971881017208,35.50424453062451],[139.49707861808696,35.504156937773274],[139.49682431060765,35.50399390347316],[139.49663952676008,35.503871446224835],[139.49645236011082,35.50373697584241],[139.49631019554514,35.50366393207941],[139.49603131312946,35.5034717732261],[139.49571216442942,35.50327076561565],[139.495616498433,35.503210494963625],[139.49553012884456,35.50315609734239],[139.49549082095888,35.50313387288835],[139.49537826732154,35.50307024394208],[139.49495356236517,35.50279679131663],[139.49475565213552,35.502689399125416],[139.49495414909563,35.50243126786248],[139.49500890463335,35.502379107649894],[139.49533097342322,35.50207218315469],[139.49534693255814,35.50205057598515],[139.49549467736682,35.501931542855964],[139.49557022443398,35.501906340867926],[139.49572595358126,35.501880489819996],[139.4960259286461,35.501830690960126],[139.49617792129,35.50182817066033],[139.49633889922598,35.5017775833969],[139.49640812575635,35.50171398565839],[139.4964799923805,35.50161656138251],[139.49659597639695,35.50158527836379],[139.49660955636975,35.50158162059416],[139.49671413925614,35.50155826161457],[139.49683798770195,35.5015306267609],[139.4969632185451,35.50153242601896],[139.49696519099646,35.5015087720104],[139.49707338702964,35.50147542163441],[139.4970964941009,35.501500026609925],[139.49736182251914,35.50141807758858],[139.4981554457776,35.50121696873298],[139.49816826396702,35.50122020897412],[139.49839253992099,35.50127678966842],[139.49857976572434,35.50131731595937],[139.498710417284,35.50132553707131],[139.49881593779128,35.501309076590495],[139.49910635137644,35.50119990785288],[139.49924402725924,35.501211598587304],[139.4992734293696,35.50135913285748],[139.49919920533637,35.50147102549521],[139.49920032965272,35.50153225596748],[139.4993719866455,35.50192207142696],[139.49943433672513,35.501948160722826],[139.49973881119175,35.501943246484174],[139.49977666962985,35.50196190800726]]]]}},{"type":"Feature","properties":{"area_id":"14112035004","city":"横浜市","ward":"旭区","town":"若葉台","chome":"4","num_households":2155},"geometry":{"type":"MultiPolygon","coordinates":[[[[139.49823437718607,35.506779992865916],[139.49821916783245,35.50690145329791],[139.49822918023492,35.50696890534789],[139.49823173421868,35.507381270016154],[139.49825192510494,35.50750747765056],[139.49828563321495,35.50765527226953],[139.49835320222294,35.50782087195574],[139.49844115719057,35.507925268141854],[139.49854000611143,35.50800902815769],[139.4987807700906,35.50819202139789],[139.49891783513073,35.508282016224214],[139.49906332927796,35.508437522124225],[139.49914406494543,35.508627382996075],[139.49918313417774,35.508755159523105],[139.49918534440482,35.50894444497536],[139.49915773951426,35.5089865100792],[139.49886439055308,35.50897032547351],[139.4987906330621,35.508883714090025],[139.49883706930166,35.50866203442729],[139.49879097940976,35.50858173479986],[139.49847874282835,35.508415896999196],[139.49842219191854,35.508356022881],[139.49833669998625,35.50803073792079],[139.49816849011583,35.5080111377118],[139.49771590233757,35.50815427055688],[139.49740073890464,35.508191325139606],[139.49718107171682,35.50820189442803],[139.4969827049804,35.50818509501901],[139.4965936747345,35.508131023353705],[139.49594000951288,35.50794407932804],[139.4953751865582,35.5076857429198],[139.49479424699055,35.50744119328263],[139.49462322337214,35.50741936237822],[139.49438446056183,35.507444017198196],[139.49425583923482,35.507457303924845],[139.49337803180808,35.50763483602641],[139.4929348134346,35.50761097446008],[139.4928242330705,35.50758811872405],[139.49263830766438,35.50752149202972],[139.49240332133635,35.50736557536904],[139.49209144741343,35.507107329740876],[139.49174236118532,35.506764617838],[139.49154419536953,35.50688920067979],[139.49129813028213,35.50662530420801],[139.49110562382833,35.506663713638666],[139.4910383234885,35.50667714327682],[139.49083493143087,35.50667841320757],[139.49076869783585,35.506668323328434],[139.4906574418437,35.50661842456876],[139.4902542321673,35.50633695389492],[139.48976503480296,35.50586697400571],[139.48939708585615,35.505513499926344],[139.48934538410103,35.50542874425391],[139.4892832940591,35.505260798033596],[139.48932050338433,35.50524992230077],[139.4893119745616,35.505202924481644],[139.48990916931854,35.50503429259554],[139.49055160033626,35.50485349821151],[139.49050429456616,35.50457124868401],[139.49050286960795,35.50456314622323],[139.49115901281166,35.50445297580883],[139.49137987193495,35.50419547932663],[139.49152045610523,35.50406129165949],[139.49161024186654,35.50399458971677],[139.49163436774782,35.50397666911534],[139.49171081814052,35.50390682873137],[139.49179975782667,35.50360264862084],[139.49195832113983,35.50358497951236],[139.49198962071262,35.50353028719303],[139.4922565870499,35.503788469133596],[139.4923860875125,35.50388193636243],[139.49262596266504,35.503984068806055],[139.49303393062553,35.50406535432519],[139.49327292521926,35.504039397379664],[139.49332218888242,35.50403404823413],[139.49341038586508,35.503833268930755],[139.4933814589548,35.503631232061714],[139.49369395774028,35.50349803350703],[139.49387442134787,35.503376949652164],[139.49398646263796,35.503418819938666],[139.49405633333993,35.50339747543793],[139.49418731971898,35.503255474870805],[139.49472997641928,35.50270235219393],[139.49475565213552,35.502689399125416],[139.49495356236517,35.50279679131663],[139.49537826732154,35.50307024394208],[139.49549082095888,35.50313387288835],[139.49553012884456,35.50315609734239],[139.495616498433,35.503210494963625],[139.49571216442942,35.50327076561565],[139.49603131312946,35.5034717732261],[139.49631019554514,35.50366393207941],[139.49645236011082,35.50373697584241],[139.49663952676008,35.503871446224835],[139.49682431060765,35.50399390347316],[139.49707861808696,35.50415693777328],[139.4971881017208,35.50424453062454],[139.4973472805924,35.50443528325069],[139.49743407457137,35.50459488223723],[139.49746432528786,35.50484353790153],[139.49746398522151,35.50491500874854],[139.49746349927815,35.50502158271634],[139.49745911749383,35.50529397443954],[139.49744642400648,35.50552444540763],[139.49744652411698,35.50561433296223],[139.4974418744983,35.50584218513838],[139.49743688891454,35.50608869771092],[139.49743671500906,35.506099295388864],[139.49746781988264,35.50644808468815],[139.4975115669263,35.506583866142584],[139.49753573885667,35.506627170052205],[139.4976416407094,35.506681693124726],[139.49796255381062,35.506736018174486],[139.4981097345537,35.50673809230123],[139.49816701355263,35.506798708323245],[139.49823437718607,35.506779992865916]]]]}},{"type":"Feature","properties":{"area_id":"141120390","city":"横浜市","ward":"旭区","town":"下川井町","chome":"","num_households":553},"geometry":{"type":"MultiPolygon","coordinates":[[[[139.51408087430963,35.489186174005184],[139.51335319642777,35.489517369553546],[139.51331346125414,35.48922879044744],[139.51328432172195,35.489172976190716],[139.51306952545286,35.489029314784574],[139.5130408807531,35.48901131712526],[139.51280892454616,35.48893419161047],[139.51237582847955,35.488928430292475],[139.5118824413996,35.48899782126046],[139.5118394135057,35.48900812837714],[139.51179679432832,35.489018332034775],[139.5111765625642,35.48916677918275],[139.51105984963314,35.48918840481125],[139.51051302004132,35.4893634856391],[139.5096357255014,35.48961271210485],[139.50960317232244,35.4895175234127],[139.50916719244043,35.489596243486055],[139.50897325575036,35.48964110421767],[139.50882053132034,35.489661465115645],[139.50841825834055,35.489739458002695],[139.50796514805273,35.489804811640695],[139.50763917119662,35.489891316481256],[139.50726212141376,35.49002345395463],[139.50654731869764,35.490262691852],[139.50608835593246,35.49041632518529],[139.5056860033314,35.490385053124136],[139.50569567826133,35.49039859979549],[139.5056380002059,35.49039562550155],[139.5054021467685,35.49007503795892],[139.50536980461902,35.490050759943585],[139.50490119349175,35.48955511090552],[139.50461226178226,35.48947242472207],[139.50432147875037,35.48933170948897],[139.50397116557042,35.48918364762275],[139.5034531546666,35.488985445112796],[139.5030829072335,35.48884377075165],[139.50288150970334,35.488781073752804],[139.50270172037128,35.48869790991762],[139.5025193112143,35.48858248775325],[139.5024387801961,35.488472697438084],[139.50239153925048,35.48837106200107],[139.50238171429538,35.48805873523289],[139.5023160223882,35.48701976387261],[139.50237218496753,35.48617898386561],[139.50226796012143,35.486016133816655],[139.50209526796553,35.48572084891841],[139.5017687705599,35.485375564846],[139.5012814951681,35.484891252602566],[139.50107305798906,35.4846688221731],[139.50092342095988,35.48440085109449],[139.500937082269,35.4843292016244],[139.50124766444037,35.484271256769176],[139.50139038107446,35.48418020899743],[139.50217971968803,35.483910382067734],[139.50221321388383,35.483867869549194],[139.5023602588373,35.483839224739555],[139.50242083836176,35.48387361475222],[139.50257997494893,35.48385658684466],[139.5025641571081,35.48383503031241],[139.5026861458315,35.48384325152124],[139.50283780237046,35.48388155259537],[139.50306255847997,35.48401959164767],[139.50307711264057,35.484081918172535],[139.50319504874363,35.484155124556075],[139.50331228028787,35.484206041644285],[139.5034956878544,35.484259886396764],[139.50363741937363,35.484272420459696],[139.50372845270718,35.48430816058327],[139.50392766598776,35.48433930231461],[139.503987791812,35.48431119235391],[139.5040599974644,35.4843452259974],[139.5042570473313,35.48437935357666],[139.5045002921389,35.48431213251909],[139.50477921375807,35.4842159588576],[139.5052244195633,35.484032987750865],[139.50544418041903,35.48391242727254],[139.5056875990542,35.483801614393215],[139.50578247316656,35.483787330202794],[139.50591310125597,35.48372465949494],[139.50651219801549,35.48358572409786],[139.5068788622178,35.4834113710464],[139.50742291660885,35.483325767577774],[139.5080339816494,35.483228052840026],[139.5082019306181,35.483219033813505],[139.50828287617523,35.48324766673095],[139.50847956499805,35.4832908353602],[139.50875706804638,35.483395767359454],[139.5089130368024,35.48348614793726],[139.50903980907495,35.48363803203536],[139.5091258619619,35.483837163992355],[139.5091720296912,35.48387517385148],[139.50927040365505,35.483889663349004],[139.50935712084072,35.48392302793968],[139.50950130144602,35.484065485153],[139.5096282604505,35.484165291687134],[139.51020690145353,35.48425679670877],[139.51042699688276,35.48423844018154],[139.51100662204777,35.48408372075569],[139.51126153301595,35.48404651278705],[139.51156272595836,35.48401889748429],[139.5118116202451,35.48403850184321],[139.51195057977893,35.484038870260484],[139.512529974014,35.4839409352338],[139.51295865854325,35.48388523967297],[139.51312094767403,35.48384306475378],[139.51329502240065,35.483748809279255],[139.51346467096633,35.483587079369194],[139.51364344914512,35.483424669028466],[139.51397535039254,35.4832509719098],[139.51410829415212,35.48313393092316],[139.5143558147872,35.48288476650599],[139.51456062658903,35.48271323369158],[139.51459720413735,35.48273290607155],[139.514859429018,35.48267877263409],[139.51532725843913,35.482327546498695],[139.51540467402853,35.48231845500908],[139.515782751446,35.4821075147029],[139.51587185476097,35.48209802930738],[139.51602065926699,35.482111974996165],[139.51622843333325,35.482099912378665],[139.51628855721827,35.482059542588715],[139.51661724279907,35.48204966183689],[139.51666061837537,35.48177383286792],[139.51672602346477,35.481758792724136],[139.51681719318873,35.4817875166842],[139.5169676954986,35.481796604945394],[139.5171267807109,35.48178466078898],[139.51767244585153,35.48182460187687],[139.51802904582112,35.48182647904215],[139.51827490475054,35.48183384273395],[139.51843403988957,35.48185858659486],[139.51843222564784,35.48183280799144],[139.51844392355713,35.48184671062981],[139.51872784798513,35.48186765769773],[139.51925679617918,35.48185614084586],[139.51932848044484,35.48189794488618],[139.51944598886195,35.481995006713746],[139.51956423322477,35.48213013265984],[139.51975970716788,35.48241436240903],[139.5197742518887,35.48245450450932],[139.51995401501023,35.482533629277356],[139.5201521091559,35.48270325526902],[139.52038135715733,35.482876624339184],[139.52051828038472,35.482941271500984],[139.52066583530558,35.48298925569042],[139.5210338357853,35.48324470383984],[139.52123281856828,35.483391761369745],[139.5213019715546,35.48344285397676],[139.52154343828056,35.48368617923626],[139.52151203573573,35.483769476571084],[139.52158992453337,35.48382724626412],[139.5214856790476,35.484062464942525],[139.52139111127644,35.48408190427783],[139.52087444970536,35.484212929058415],[139.52085333160994,35.48433047706683],[139.52091407054965,35.484598620352806],[139.52090822391997,35.484780218953375],[139.52065001727837,35.48498525179059],[139.5205889945214,35.48502428342389],[139.52057678429816,35.48533156736327],[139.52052495514977,35.485436571536844],[139.52041632339393,35.48565790465029],[139.52040956296963,35.485792038929226],[139.52048476361315,35.4859213844274],[139.52047024326654,35.48596926868674],[139.5205201890688,35.4863841032823],[139.52050561965564,35.48646652814903],[139.5204549592186,35.486536501546716],[139.52037568823047,35.48657928799262],[139.5202909481085,35.48656730881843],[139.52013621193305,35.48659870430694],[139.51992257891857,35.48675888625006],[139.51987221674784,35.486907414877926],[139.51981399357598,35.48716796057489],[139.51980557523595,35.48717385355547],[139.5194986753146,35.4873885810774],[139.51826337435503,35.488252880681905],[139.5181926538953,35.48830512441602],[139.5177133163994,35.48863787805786],[139.51754728866484,35.48861026191985],[139.51726732919147,35.48860953064197],[139.51692159456806,35.488728200594295],[139.51662012985304,35.48865618101074],[139.5164833702796,35.488630367046234],[139.51621277267128,35.4886245875951],[139.51592342127134,35.488636538274484],[139.51568376937954,35.48867154213418],[139.51555281102586,35.48875260299653],[139.5154558470694,35.4888871676464],[139.51540642801402,35.489017560475794],[139.51532091709532,35.48918447831842],[139.51526775790518,35.48925303251855],[139.5150932925357,35.489323802491],[139.51504929633415,35.48943815412509],[139.51507701556596,35.489510794777345],[139.5148777369113,35.48951407253572],[139.51476671638167,35.48950078750223],[139.51463672761764,35.48946632642028],[139.51463284965737,35.48946170369846],[139.51461556478552,35.48937423195083],[139.51461138299203,35.48931563165872],[139.5145938601267,35.48928854425635],[139.51455425245493,35.48927220805313],[139.5143295097901,35.4892320744907],[139.51421234902136,35.48918176725242],[139.51408087430963,35.489186174005184]]]]}},{"type":"Feature","properties":{"area_id":"141120400","city":"横浜市","ward":"旭区","town":"矢指町","chome":"","num_households":51},"geometry":{"type":"MultiPolygon","coordinates":[[[[139.51456062658903,35.48271323369158],[139.5143558147872,35.48288476650599],[139.51410829415212,35.48313393092316],[139.51397535039254,35.4832509719098],[139.51364344914512,35.483424669028466],[139.51346467096633,35.483587079369194],[139.51329502240065,35.483748809279255],[139.51312094767403,35.48384306475378],[139.51295865854325,35.48388523967297],[139.512529974014,35.4839409352338],[139.51195057977893,35.484038870260484],[139.5118116202451,35.48403850184321],[139.51156272595836,35.48401889748429],[139.51126153301595,35.48404651278705],[139.51100662204777,35.48408372075569],[139.51042699688276,35.48423844018154],[139.51020690145353,35.48425679670877],[139.5096282604505,35.484165291687134],[139.50950130144602,35.484065485153],[139.50935712084072,35.48392302793968],[139.50927040365505,35.483889663349004],[139.5091720296912,35.48387517385148],[139.5091258619619,35.483837163992355],[139.50903980907495,35.48363803203536],[139.5089130368024,35.48348614793726],[139.50875706804638,35.483395767359454],[139.50847956499805,35.4832908353602],[139.50828287617523,35.48324766673095],[139.5082019306181,35.483219033813505],[139.5080339816494,35.483228052840026],[139.50742291660885,35.483325767577774],[139.5068788622178,35.4834113710464],[139.50651219801549,35.48358572409786],[139.50591310125597,35.48372465949494],[139.50578247316656,35.483787330202794],[139.5056875990542,35.483801614393215],[139.50544418041903,35.48391242727254],[139.5052244195633,35.484032987750865],[139.50477921375807,35.4842159588576],[139.5045002921389,35.48431213251909],[139.5042570473313,35.48437935357666],[139.5040599974644,35.4843452259974],[139.503987791812,35.48431119235391],[139.50392766598776,35.48433930231461],[139.50372845270718,35.48430816058327],[139.50363741937363,35.484272420459696],[139.5034956878544,35.484259886396764],[139.50331228028787,35.484206041644285],[139.50319504874363,35.484155124556075],[139.50307711264057,35.484081918172535],[139.50306255847997,35.48401959164767],[139.50283780237046,35.48388155259537],[139.5026861458315,35.48384325152124],[139.5025641571081,35.48383503031241],[139.50257997494893,35.48385658684466],[139.50242083836176,35.48387361475222],[139.5023602588373,35.483839224739555],[139.50221321388383,35.483867869549194],[139.50217971968803,35.483910382067734],[139.50139038107446,35.48418020899743],[139.50124766444037,35.484271256769176],[139.500937082269,35.4843292016244],[139.5009012957854,35.48429047849748],[139.5008261539199,35.483761385547865],[139.50078320075536,35.4835703246273],[139.5007058212147,35.48265937486481],[139.5007225553561,35.4824999558839],[139.500723474205,35.48217701542221],[139.50080600462815,35.482007672426924],[139.50091316710058,35.48174755537258],[139.50091174206975,35.481701250031186],[139.5009627028687,35.48157752282703],[139.50116217440956,35.48119305205609],[139.50127983835614,35.48041868967341],[139.50135403133302,35.480214254803975],[139.50143213158466,35.4799067709539],[139.50146800113833,35.47957885439523],[139.50168728205446,35.47911704668466],[139.50176843172224,35.47892122117046],[139.5016841548744,35.478934897178036],[139.50192468968896,35.47872729169783],[139.5020679908811,35.478564662657135],[139.50163421376715,35.477236762544614],[139.50130758119857,35.47626213503161],[139.5009500599039,35.475159116587974],[139.50091451249858,35.4749638143861],[139.50098247565953,35.474509159493834],[139.50106063081125,35.47425610838104],[139.5010946578594,35.474145959432335],[139.50125567218552,35.47423344157572],[139.50129404808493,35.47426960190083],[139.50142158891785,35.474395369206725],[139.5014920895447,35.474464891029236],[139.5016043710057,35.47464343129207],[139.5016755511542,35.474715525774876],[139.50186939652892,35.47479027914655],[139.50192266459675,35.47479021382881],[139.5022065131576,35.47477680203413],[139.50236610094146,35.474755866279715],[139.50244891988262,35.47476088084113],[139.5028940396626,35.4748833965547],[139.5031277343998,35.47495579216638],[139.50335938226624,35.47498177550139],[139.50369233632532,35.47503895003217],[139.50411879440233,35.47514676159046],[139.50459280057498,35.47520054897605],[139.50503631740142,35.47524217473796],[139.505071553509,35.47526755121257],[139.50556394827527,35.47562221990206],[139.5058393339937,35.47576426410134],[139.50624850744353,35.475911423047954],[139.50684706419827,35.47612666045236],[139.50707127737147,35.476225079414604],[139.50733498707615,35.476376208468416],[139.50736538656312,35.47641146592449],[139.50742825046484,35.4766524029977],[139.5075390369183,35.47707694770538],[139.50756444693377,35.477217962452606],[139.50762548000623,35.477337031637795],[139.50772604380938,35.47743078556802],[139.50790639907171,35.47752338165377],[139.508248215942,35.47761190390634],[139.5085927740037,35.47771472849934],[139.50892192904496,35.477821243657694],[139.50915203753416,35.477932843720254],[139.50938624588488,35.47808413444973],[139.5097251396866,35.478262074518746],[139.50993664846123,35.47839023917927],[139.51016556241302,35.478729920393384],[139.51039311997823,35.479080793922655],[139.51046482836412,35.47921700127875],[139.5106250514262,35.4794043921388],[139.51083842933622,35.479760684959224],[139.51089154195088,35.479897406122525],[139.51109796895435,35.480253785818356],[139.51131326866843,35.48041533829955],[139.51175750780155,35.48070280738165],[139.51218182978317,35.48098730763582],[139.5122933286599,35.4810620652135],[139.51259258751182,35.48152910887969],[139.51259549108025,35.48153167808423],[139.5127183830189,35.48164045746152],[139.51302533082432,35.481803551178935],[139.51327701935193,35.48188248725112],[139.51378530803572,35.48202258977712],[139.5140189027828,35.48219784676811],[139.51427128198276,35.48239632102536],[139.51456062658903,35.48271323369158]]]]}},{"type":"Feature","properties":{"area_id":"14112041101","city":"横浜市","ward":"旭区","town":"金が谷","chome":"1","num_households":619},"geometry":{"type":"MultiPolygon","coordinates":[[[[139.51312246016633,35.47394000479048],[139.51312204182946,35.47399105855501],[139.5131216873104,35.474037042761076],[139.51314991152836,35.474268096376896],[139.51316481583024,35.4743901034027],[139.51316480005207,35.47469805275591],[139.51312835374762,35.47485791688805],[139.51312793250747,35.47496414454457],[139.5131383634045,35.47511251334844],[139.51316546463698,35.47522522178011],[139.5133355621913,35.47554756847262],[139.51336822952578,35.475609477627955],[139.51347161769004,35.475800483149264],[139.51366343972546,35.475992003480734],[139.5133601733726,35.47608916021807],[139.5131292463681,35.47614703724511],[139.51310402453132,35.47615189966502],[139.5127834778458,35.47619383495365],[139.51252162195843,35.476214129214256],[139.51249431292047,35.47603487221445],[139.512499505897,35.47577316767092],[139.51238196757498,35.4756177913922],[139.51230045383082,35.475544233693604],[139.51208284551538,35.47559795224867],[139.51199128004723,35.47563302656558],[139.51189860269832,35.47561235951492],[139.51176878902714,35.47555082012235],[139.5111902536133,35.4758747013168],[139.5110789160428,35.475821449910825],[139.51090322470225,35.475779823088715],[139.51079054164006,35.47572438481482],[139.51069786383155,35.47570371629322],[139.5105177224181,35.475757848924964],[139.5103923590801,35.475816423628366],[139.51000735664732,35.47541650256959],[139.51000120245607,35.47539472572214],[139.51011215223122,35.47517875965628],[139.51021367982577,35.47500456351733],[139.50991282423578,35.47462870430167],[139.50984343666815,35.474537500052335],[139.50980741394218,35.474412759923396],[139.51026907678548,35.47402030247668],[139.5102748160892,35.47399531956484],[139.5104075808848,35.47386659114521],[139.51048574222358,35.47388405128566],[139.5105575624557,35.47392649435497],[139.51081316921034,35.473658554598984],[139.51112891181933,35.473577774789256],[139.51112084544488,35.47352817737668],[139.5110916016375,35.47340870189322],[139.5111039026867,35.47331933514285],[139.51111626554956,35.472982546688584],[139.51111339227958,35.47297972225072],[139.51093801566557,35.47274760891456],[139.51067114428577,35.472749648175856],[139.51042429209934,35.472723182328586],[139.5103498130728,35.47274851184345],[139.51033982986004,35.472715388229545],[139.51032598271334,35.47266936629444],[139.5103222407287,35.47250710752814],[139.5104061972026,35.472264767233895],[139.5105099856718,35.472094238038046],[139.51042188326716,35.47188841132889],[139.51042198069544,35.471864046093266],[139.51042614965817,35.47179039732157],[139.51052355775818,35.47160087281473],[139.51065952504297,35.471439935691414],[139.51086895531122,35.47127602441032],[139.51108108927767,35.47103821358481],[139.51121062640794,35.470913208981926],[139.511446013848,35.47075869561714],[139.51151682908042,35.47071793414756],[139.51173727526378,35.47069953928436],[139.51199160298128,35.47059813736636],[139.51200705259026,35.47064187360126],[139.5120100359153,35.47065032314945],[139.5121247155275,35.47097520329941],[139.51216175319183,35.47106163729352],[139.51227065107523,35.47131550932296],[139.5123995054912,35.47153524423155],[139.512408605019,35.47155957049226],[139.51242778565742,35.471610844916654],[139.512428322446,35.47162729117735],[139.5124315076591,35.47172486612536],[139.51243365568934,35.47179071443734],[139.51246549017895,35.47208216394837],[139.5125432574591,35.47242587997692],[139.51257181781827,35.47251757244986],[139.5129909686739,35.47317883563048],[139.5130870433438,35.47334633754591],[139.51312607185622,35.473484922318214],[139.5131258641189,35.47351034357546],[139.5131250408319,35.47361484489389],[139.51312246016633,35.47394000479048]]]]}},{"type":"Feature","properties":{"area_id":"14112041102","city":"横浜市","ward":"旭区","town":"金が谷","chome":"2","num_households":568},"geometry":{"type":"MultiPolygon","coordinates":[[[[139.51334676941244,35.47916220000061],[139.5129550040844,35.47952647175534],[139.5127553102919,35.479364260199866],[139.51250392625997,35.47921645359979],[139.51238674845732,35.47914759060894],[139.51229474202265,35.47908161030418],[139.51229130131222,35.47908610809621],[139.51209948176447,35.479336647984695],[139.51204616013868,35.47930675501116],[139.51180347560438,35.47916351217119],[139.51152778076005,35.47876522568624],[139.51129876203743,35.47826678380584],[139.51116077915626,35.47773823007174],[139.51101620965784,35.47726944450975],[139.5110126987843,35.47715690332048],[139.51090402250267,35.47676574682596],[139.51087013840612,35.47664375855364],[139.51066036504147,35.47609328833758],[139.5103923590801,35.475816423628366],[139.5105177224181,35.475757848924964],[139.51069786383155,35.47570371629322],[139.51079054164006,35.47572438481482],[139.51090322470225,35.475779823088715],[139.5110789160428,35.475821449910825],[139.5111902536133,35.4758747013168],[139.51176878902714,35.47555082012235],[139.51189860269832,35.47561235951492],[139.51199128004723,35.47563302656558],[139.51208284551538,35.47559795224867],[139.51230045383082,35.475544233693604],[139.51238196757498,35.4756177913922],[139.512499505897,35.47577316767092],[139.51249431292047,35.47603487221445],[139.51252162195843,35.476214129214256],[139.5127834778458,35.47619383495365],[139.51310402453132,35.47615189966502],[139.5131292463681,35.47614703724511],[139.5133601733726,35.47608916021807],[139.51366343972546,35.475992003480734],[139.5138170654838,35.4761933534744],[139.51399211794043,35.476440671540175],[139.51400082886042,35.476452807305336],[139.51411527878585,35.476612328178796],[139.51420850175526,35.476680529352976],[139.51449766493963,35.476803397526595],[139.51471994257582,35.47700672056704],[139.5148348744475,35.477191770007224],[139.5148426875467,35.477251683657805],[139.51491381005633,35.47739616162105],[139.514991812132,35.47741129458784],[139.51507850008966,35.4777019720429],[139.51517347352222,35.47802048556184],[139.5151787207526,35.47803813908057],[139.51536213437234,35.478055203751566],[139.51553506956205,35.478301176532206],[139.5155464573648,35.47831736778033],[139.51572534462395,35.47857719359734],[139.51573518887903,35.47859133915832],[139.5155785995325,35.478654131962635],[139.51532253938694,35.47870930528835],[139.51532958852317,35.47872288019881],[139.51478235529967,35.47880792153701],[139.51473599305905,35.47848090908566],[139.51472129906128,35.478386578366255],[139.51401981534207,35.478476494399715],[139.51416791427914,35.47904306215052],[139.51341605868768,35.479209458949775],[139.51334676941244,35.47916220000061]]]]}},{"type":"Feature","properties":{"area_id":"141120412","city":"横浜市","ward":"旭区","town":"金が谷","chome":"","num_households":154},"geometry":{"type":"MultiPolygon","coordinates":[[[[139.51843222564784,35.48183280799144],[139.51843403988957,35.48185858659486],[139.51827490475054,35.48183384273395],[139.51802904582112,35.48182647904215],[139.51767244585153,35.48182460187687],[139.5171267807109,35.48178466078898],[139.5169676954986,35.481796604945394],[139.51681719318873,35.4817875166842],[139.51672602346477,35.481758792724136],[139.51666061837537,35.48177383286792],[139.51661724279907,35.48204966183689],[139.51628855721827,35.482059542588715],[139.51622843333325,35.482099912378665],[139.51602065926699,35.482111974996165],[139.51587185476097,35.48209802930738],[139.515782751446,35.4821075147029],[139.51540467402853,35.48231845500908],[139.51532725843913,35.482327546498695],[139.514859429018,35.48267877263409],[139.51459720413735,35.48273290607155],[139.51456062658903,35.48271323369158],[139.51427128198276,35.48239632102536],[139.5140189027828,35.48219784676811],[139.51378530803572,35.48202258977712],[139.51327701935193,35.48188248725112],[139.51302533082432,35.481803551178935],[139.5127183830189,35.48164045746152],[139.51259549108025,35.48153167808423],[139.51259258751182,35.48152910887969],[139.5122933286599,35.4810620652135],[139.51218182978317,35.48098730763582],[139.51175750780155,35.48070280738165],[139.51131326866843,35.48041533829955],[139.51109796895435,35.480253785818356],[139.51089154195088,35.479897406122525],[139.51083842933622,35.479760684959224],[139.5106250514262,35.4794043921388],[139.51046482836412,35.47921700127875],[139.51039311997823,35.479080793922655],[139.51016556241308,35.47872992039338],[139.50993664846126,35.47839023917924],[139.5097251396866,35.478262074518746],[139.50938624588488,35.47808413444973],[139.50915203753416,35.477932843720254],[139.50892192904496,35.477821243657694],[139.5085927740037,35.47771472849934],[139.508248215942,35.47761190390634],[139.5084322633829,35.47755764698085],[139.50862208453103,35.47739474771487],[139.50891292344616,35.477298524047995],[139.50905981367163,35.47719237212446],[139.5093236036046,35.477078469333826],[139.50949379438381,35.477075542883185],[139.50968018135435,35.47708037092422],[139.50979596632672,35.477060398205936],[139.50969435912575,35.476947524773514],[139.5095454043756,35.47682354060393],[139.50938825048604,35.476763651101855],[139.50917806168988,35.47673111805296],[139.50904127316704,35.476723111142164],[139.5094067215897,35.47649437737647],[139.5095404318169,35.476410687518495],[139.5101888360317,35.47644227193251],[139.5104093140954,35.4763607120766],[139.51032607143105,35.476203629813206],[139.51031850824515,35.476103295221456],[139.51019443647954,35.475973250857],[139.5103923590801,35.475816423628366],[139.51066036504147,35.47609328833758],[139.51087013840612,35.47664375855364],[139.51090402250267,35.47676574682596],[139.5110126987843,35.47715690332048],[139.51101620965784,35.47726944450975],[139.51116077915626,35.47773823007174],[139.51129876203743,35.47826678380584],[139.51152778076005,35.47876522568624],[139.51180347560438,35.47916351217121],[139.51204616013868,35.47930675501118],[139.51209948176447,35.479336647984695],[139.51229130131216,35.47908610809621],[139.51229474202265,35.47908161030418],[139.51238674845723,35.47914759060897],[139.51250392625997,35.47921645359979],[139.5127553102919,35.479364260199866],[139.5129550040844,35.47952647175534],[139.51334676941244,35.47916220000061],[139.51341605868768,35.47920945894978],[139.51416791427914,35.47904306215052],[139.51401981534207,35.478476494399715],[139.51472129906128,35.478386578366255],[139.51473599305905,35.47848090908566],[139.51478235529967,35.47880792153701],[139.51532958852317,35.47872288019881],[139.51532253938694,35.47870930528835],[139.5155785995325,35.478654131962635],[139.51573518887903,35.47859133915832],[139.5159016983941,35.478830252805444],[139.51611382621505,35.479088544842845],[139.5163080715084,35.479350832498405],[139.51631281382188,35.479355160874135],[139.51654085845414,35.47956326435997],[139.51665688463655,35.479649363174694],[139.51669688685223,35.479679047885604],[139.51682816709126,35.47992366467613],[139.5169471818588,35.48020520582337],[139.51708484681814,35.48018055089334],[139.51712675367327,35.4801748156851],[139.51722137156065,35.4803780131276],[139.5172589897164,35.480434236682214],[139.51792971602688,35.48043615636851],[139.5179443651353,35.480647808459686],[139.51796676130385,35.480793671652535],[139.51821189720891,35.48095800059157],[139.51825261534535,35.481069512027766],[139.51830209845386,35.481317801673285],[139.51833463565202,35.48142988988877],[139.51841692394552,35.48161678812109],[139.51843222564784,35.48183280799144]]]]}},{"type":"Feature","properties":{"area_id":"14112042101","city":"横浜市","ward":"旭区","town":"笹野台","chome":"1","num_households":1394},"geometry":{"type":"MultiPolygon","coordinates":[[[[139.50772399285069,35.468405625861166],[139.5077267301509,35.46840992943193],[139.50801710265517,35.46886545137576],[139.50806160787906,35.469036516801594],[139.50804969096677,35.469222044239494],[139.50798846529216,35.46969144535716],[139.50794868013034,35.46996196608119],[139.50796174189858,35.46996235270444],[139.50780452145085,35.470471809475015],[139.5077970760361,35.47046640285948],[139.5076432911893,35.47086506141474],[139.5075743004897,35.47090107199669],[139.5077784519026,35.47112524079153],[139.50780069681505,35.47116466557994],[139.50786031603982,35.47127028034654],[139.5079187093818,35.47143965802952],[139.50792331907502,35.47148688674728],[139.50793650708286,35.47162160175795],[139.5079335317506,35.47175648350018],[139.50784531392767,35.47198634508362],[139.50767790510355,35.47220838819993],[139.5076814990245,35.47225114303762],[139.50772315778065,35.47234920982433],[139.50715634302043,35.4723537766744],[139.50702316276625,35.47235454455178],[139.50680827824968,35.472405653212185],[139.50653683794187,35.47247664340705],[139.50621898602824,35.47256078288947],[139.5061215513532,35.47259403909589],[139.50584487307864,35.47264568367109],[139.50569247448928,35.47265696109142],[139.5055738968236,35.47266572433557],[139.50524293956659,35.47265915905305],[139.50513794311433,35.47265707874767],[139.5047763234211,35.47256962190189],[139.50459809157482,35.472514034845226],[139.50423388857922,35.472400443575054],[139.504193936094,35.47216463817813],[139.5041325894511,35.471802652677],[139.50407796027702,35.47147181113404],[139.5040723089922,35.47143760678677],[139.50398060661757,35.47084607576692],[139.50393221532312,35.470500320986915],[139.50387886721532,35.47011923811486],[139.50376758444312,35.470028727282696],[139.50362284435477,35.46990481702528],[139.50335517596844,35.46970191057277],[139.50303964257844,35.469462713898984],[139.5027900191728,35.46927348137747],[139.50267607193004,35.46918250419199],[139.50277724151806,35.46906169211315],[139.50278403496293,35.46899995241741],[139.5030470826031,35.46888461646641],[139.50316417578622,35.46882183867335],[139.50343634835335,35.4685798400938],[139.5038376736184,35.46819823096315],[139.50406260001094,35.467999622727824],[139.5042837483571,35.467761250205676],[139.5047741147914,35.46760804118872],[139.50493454258668,35.4675517524502],[139.5051620846363,35.46750821409829],[139.50538130466995,35.467446801705115],[139.50609025360993,35.46764902899388],[139.50619911790884,35.46768294860337],[139.50648187928365,35.46775145579125],[139.50694983090784,35.467920071102],[139.50710710078653,35.467990210869154],[139.5071259381867,35.46800416909959],[139.50739669514,35.468200209248295],[139.5074958685395,35.4682518829784],[139.5076659403024,35.468370858666425],[139.50772399285069,35.468405625861166]]]]}},{"type":"Feature","properties":{"area_id":"14112042102","city":"横浜市","ward":"旭区","town":"笹野台","chome":"2","num_households":673},"geometry":{"type":"MultiPolygon","coordinates":[[[[139.50335938226624,35.47498177550139],[139.5031277343998,35.47495579216638],[139.5028940396626,35.4748833965547],[139.50244891988262,35.47476088084113],[139.50236610094146,35.474755866279715],[139.5022065131576,35.47477680203413],[139.50192266459675,35.47479021382881],[139.50186939652892,35.47479027914655],[139.5016755511542,35.474715525774876],[139.5016043710057,35.47464343129207],[139.5014920895447,35.474464891029236],[139.5014215889179,35.474395369206725],[139.50129404808493,35.47426960190083],[139.50125567218552,35.47423344157572],[139.5010946578594,35.474145959432335],[139.50110425488106,35.47411482496716],[139.5012278463422,35.473818696876165],[139.50124527315083,35.47364202531667],[139.50127237151068,35.47348971147028],[139.50128841906286,35.473444299608715],[139.50146458433323,35.47313849045685],[139.50149597383484,35.4730415381753],[139.50162496415774,35.472493496359164],[139.50169451548297,35.47220144396691],[139.50175514550872,35.47193316846146],[139.50177493203637,35.471899773509755],[139.50178106787664,35.47188841766404],[139.501828495458,35.471800663352795],[139.5018876778929,35.471559812336004],[139.50207654169665,35.47055353453591],[139.50209978050316,35.47045983325238],[139.50219028731453,35.4700948471233],[139.50222499377668,35.46995487649655],[139.5022564597953,35.46985433234892],[139.5024742352004,35.46947518478434],[139.50258154876843,35.469288335288425],[139.50267607193004,35.46918250419199],[139.5027900191728,35.46927348137747],[139.50303964257844,35.469462713898984],[139.50335517596844,35.46970191057279],[139.50362284435477,35.46990481702528],[139.50376758444312,35.470028727282696],[139.50387886721532,35.47011923811486],[139.50393221532312,35.470500320986915],[139.50398060661757,35.47084607576692],[139.5040723089922,35.47143760678677],[139.50407796027702,35.47147181113404],[139.5041325894511,35.471802652677],[139.504193936094,35.47216463817813],[139.50423388857922,35.472400443575054],[139.50427100024683,35.472604903728254],[139.504338111039,35.47306323963795],[139.50435543471167,35.473137615190915],[139.5044659301332,35.47344910157134],[139.50440746567787,35.4735311230121],[139.50438694631305,35.47355990429406],[139.50425696710894,35.47371472226965],[139.50418077593363,35.473805462117305],[139.50405662274574,35.473993710005345],[139.5039922389283,35.474123178776296],[139.50380223630714,35.47438300349691],[139.50375315814,35.47443216443554],[139.50358584924993,35.47466828428305],[139.50352782876075,35.474741222166145],[139.50335938226624,35.47498177550139]]]]}},{"type":"Feature","properties":{"area_id":"14112042103","city":"横浜市","ward":"旭区","town":"笹野台","chome":"3","num_households":870},"geometry":{"type":"MultiPolygon","coordinates":[[[[139.5103923590801,35.475816423628366],[139.51019443647954,35.475973250857],[139.51031850824515,35.476103295221456],[139.51032607143105,35.476203629813206],[139.5104093140954,35.4763607120766],[139.5101888360317,35.47644227193251],[139.5095404318169,35.476410687518495],[139.5094067215897,35.47649437737647],[139.50904127316704,35.476723111142164],[139.50917806168988,35.47673111805296],[139.50938825048604,35.476763651101855],[139.5095454043756,35.47682354060393],[139.50969435912575,35.476947524773514],[139.50979596632672,35.477060398205936],[139.50968018135435,35.47708037092422],[139.50949379438381,35.477075542883185],[139.5093236036046,35.477078469333826],[139.50905981367163,35.47719237212446],[139.50891292344616,35.477298524047995],[139.50862208453103,35.47739474771487],[139.5084322633829,35.47755764698085],[139.508248215942,35.47761190390634],[139.50790639907171,35.47752338165377],[139.50772604380938,35.47743078556802],[139.50762548000623,35.477337031637795],[139.50756444693377,35.477217962452606],[139.5075390369183,35.47707694770538],[139.50742825046484,35.4766524029977],[139.50736538656312,35.47641146592449],[139.50733498707615,35.47637620846842],[139.50707127737147,35.47622507941458],[139.50684706419827,35.47612666045236],[139.50624850744353,35.475911423047954],[139.5058393339937,35.47576426410134],[139.50556394827527,35.47562221990206],[139.505071553509,35.47526755121257],[139.50503631740142,35.47524217473796],[139.50459280057498,35.47520054897605],[139.50411879440233,35.47514676159046],[139.50369233632532,35.47503895003217],[139.50335938226624,35.47498177550139],[139.50352782876075,35.474741222166145],[139.50358584924993,35.47466828428305],[139.50375315814,35.47443216443554],[139.50380223630714,35.47438300349691],[139.5039922389283,35.474123178776296],[139.50405662274574,35.473993710005345],[139.50418077593363,35.473805462117305],[139.50425696710894,35.47371472226961],[139.50438694631305,35.47355990429406],[139.50440746567787,35.4735311230121],[139.5044659301332,35.47344910157134],[139.50435543471167,35.473137615190915],[139.504338111039,35.47306323963795],[139.50427100024683,35.472604903728254],[139.50423388857922,35.472400443575054],[139.50459809157482,35.472514034845226],[139.5047763234211,35.47256962190189],[139.50513794311433,35.47265707874767],[139.50524293956659,35.47265915905305],[139.5055738968236,35.47266572433557],[139.50569247448928,35.47265696109142],[139.50584487307864,35.47264568367109],[139.5061215513532,35.47259403909589],[139.50621898602824,35.47256078288947],[139.50627901189503,35.47261354845896],[139.50645670177312,35.47272927170662],[139.5066316181873,35.472812311122254],[139.506843799617,35.4729247473233],[139.5077097758928,35.473372874855606],[139.50803045714602,35.473543134502805],[139.5081155481826,35.47360902909746],[139.50818141470378,35.473670929551815],[139.50842018173185,35.4738952964526],[139.50864926913908,35.47412382756713],[139.50876755926527,35.47421414166731],[139.50899927984486,35.47439856090415],[139.50901800686125,35.474418998370794],[139.50916903929775,35.47456675680883],[139.50949265522996,35.47488581602413],[139.51000735664732,35.47541650256959],[139.5103923590801,35.475816423628366]]]]}},{"type":"Feature","properties":{"area_id":"14112042104","city":"横浜市","ward":"旭区","town":"笹野台","chome":"4","num_households":1062},"geometry":{"type":"MultiPolygon","coordinates":[[[[139.51108108927767,35.47103821358481],[139.51086895531122,35.47127602441032],[139.51065952504297,35.471439935691414],[139.51052355775818,35.47160087281473],[139.51042614965817,35.47179039732157],[139.51042198069544,35.471864046093266],[139.51042188326716,35.47188841132889],[139.5105099856718,35.472094238038046],[139.5104061972026,35.472264767233895],[139.5103222407287,35.47250710752814],[139.51032598271334,35.47266936629444],[139.51033982986004,35.472715388229545],[139.5103498130728,35.47274851184345],[139.51042429209934,35.472723182328586],[139.51067114428577,35.472749648175856],[139.51093801566557,35.47274760891456],[139.51111339227958,35.47297972225072],[139.51111626554956,35.472982546688584],[139.5111039026867,35.47331933514285],[139.5110916016375,35.47340870189322],[139.51112084544488,35.47352817737668],[139.51112891181933,35.473577774789256],[139.51081316921034,35.473658554598984],[139.5105575624557,35.47392649435497],[139.51048574222358,35.47388405128566],[139.5104075808848,35.47386659114521],[139.5102748160892,35.47399531956484],[139.51026907678548,35.47402030247668],[139.50980741394218,35.474412759923396],[139.50984343666815,35.474537500052335],[139.50991282423578,35.47462870430167],[139.51021367982577,35.47500456351733],[139.51011215223122,35.47517875965628],[139.51000120245607,35.47539472572214],[139.51000735664732,35.47541650256959],[139.50949265522996,35.47488581602413],[139.50916903929775,35.47456675680883],[139.50901800686125,35.474418998370794],[139.50899927984486,35.47439856090415],[139.50876755926527,35.47421414166731],[139.50864926913908,35.47412382756713],[139.50842018173185,35.4738952964526],[139.50818141470378,35.473670929551815],[139.5081155481826,35.47360902909746],[139.50803045714602,35.473543134502805],[139.5077097758928,35.473372874855606],[139.506843799617,35.4729247473233],[139.5066316181873,35.472812311122254],[139.50645670177312,35.47272927170662],[139.50627901189503,35.47261354845896],[139.50621898602824,35.47256078288947],[139.50653683794187,35.47247664340705],[139.50680827824968,35.472405653212185],[139.50702316276625,35.47235454455178],[139.50715634302043,35.4723537766744],[139.50772315778065,35.47234920982433],[139.5076814990245,35.47225114303762],[139.50767790510355,35.47220838819993],[139.50784531392767,35.47198634508362],[139.5079335317506,35.47175648350018],[139.50793650708286,35.47162160175795],[139.50792331907502,35.47148688674728],[139.5079187093818,35.47143965802952],[139.50786031603982,35.47127028034654],[139.50780069681505,35.47116466557994],[139.5077784519026,35.47112524079153],[139.5075743004897,35.47090107199669],[139.5076432911893,35.47086506141474],[139.5077970760361,35.47046640285948],[139.50780452145085,35.470471809475015],[139.50796174189858,35.46996235270444],[139.50794868013034,35.46996196608119],[139.50798846529216,35.46969144535716],[139.50804969096677,35.469222044239494],[139.50806160787906,35.469036516801594],[139.50801710265517,35.46886545137576],[139.5077267301509,35.46840992943193],[139.50772399285069,35.468405625861166],[139.50791950771716,35.46851269747608],[139.508145857943,35.468583303109575],[139.50819510602713,35.46858653481198],[139.50833698507932,35.46856719738805],[139.5085152143921,35.468520527161246],[139.5087358351719,35.46842675461176],[139.5092252988351,35.46818655497571],[139.50924862611808,35.468176124610764],[139.50951955752484,35.46805477306534],[139.50981539055624,35.467921409214796],[139.5101425148345,35.467771719273756],[139.51043567129423,35.467644896527275],[139.51065054810863,35.46754279368201],[139.51068064637542,35.46752850719576],[139.51106775070414,35.4673552433446],[139.51148776497922,35.46715269886449],[139.51172791353005,35.467042809176185],[139.51188228052993,35.46698705702113],[139.5120549665223,35.466957198119026],[139.5121226830277,35.467067092296716],[139.51218362024724,35.467220102384786],[139.51228078618234,35.467662812791964],[139.51228923804942,35.46775093159858],[139.51224388448927,35.46809974759822],[139.5122413390271,35.46818783679434],[139.51215040919718,35.46869265531933],[139.5121130948396,35.468924909699744],[139.5120861450921,35.46906691250286],[139.51201261208564,35.46925020070563],[139.51197061293448,35.46937234023227],[139.51196380575936,35.46942267202906],[139.51187477889036,35.46969760656023],[139.5118299553116,35.46980473838414],[139.51181650351774,35.46997800881569],[139.51183152477816,35.47006977129998],[139.51199160298128,35.47059813736636],[139.51173727526378,35.47069953928436],[139.51151682908042,35.47071793414756],[139.511446013848,35.47075869561714],[139.51121062640794,35.470913208981905],[139.51108108927767,35.47103821358481]]]]}},{"type":"Feature","properties":{"area_id":"141120430","city":"横浜市","ward":"旭区","town":"今川町","chome":"","num_households":494},"geometry":{"type":"MultiPolygon","coordinates":[[[[139.536317494033,35.47795611178493],[139.5362810820673,35.478024893147804],[139.53619955262656,35.47810705156224],[139.53590708683143,35.47834474914482],[139.53578964784518,35.4783882293628],[139.53570862161428,35.478362928251556],[139.53575223565207,35.47831944367339],[139.5356371920345,35.478261913058844],[139.5356019857019,35.47820813158123],[139.53548470009446,35.47802894458609],[139.53540816865868,35.47794636683496],[139.53539073982435,35.47792759211721],[139.53537024626633,35.47790546553112],[139.53523480453774,35.47781739231224],[139.53509207439458,35.47779725659803],[139.5349447519159,35.47786728253112],[139.53464856779206,35.478026695726676],[139.53451956757863,35.47807116927522],[139.5344185886757,35.47808690705398],[139.53436470663152,35.47809533154021],[139.53421865089564,35.47803219471165],[139.5339702181074,35.478008065656795],[139.53371716985762,35.478009980798554],[139.53365456999802,35.47799003912108],[139.53327771104387,35.477792500468134],[139.53307707924554,35.47765908912232],[139.5329688712436,35.47764540851131],[139.53254604365105,35.477644507510774],[139.53236155499175,35.477580533864966],[139.53217660967252,35.47752926966134],[139.53182139964773,35.47766859989285],[139.5316711691943,35.477652032194236],[139.53156564296089,35.47749121319213],[139.53130022428238,35.477434643248124],[139.53109847979235,35.47732347909549],[139.5307789599996,35.47727106913922],[139.53051825936865,35.47724232515383],[139.53040555487274,35.4771769777525],[139.53024956258056,35.47705617241044],[139.53024071647695,35.47705072698477],[139.52980010641468,35.47678238827174],[139.52961149220576,35.4766547741421],[139.52930803303317,35.47657912675317],[139.52891912414708,35.47636865698949],[139.52880799167522,35.476286798352916],[139.52856286446303,35.47617580265054],[139.52833096645568,35.47605522710024],[139.52816662859715,35.475991156324184],[139.52786757187144,35.475805589938886],[139.52776346626231,35.47570966323046],[139.52766881118933,35.475681609611335],[139.52754899180073,35.47556395386145],[139.52787693296204,35.47544703208361],[139.52851113400226,35.474986555248485],[139.5291258895865,35.47449873669066],[139.5295489612912,35.47412677375062],[139.53017387718603,35.47354271245996],[139.5305283782393,35.47317483582411],[139.5308236137276,35.47286850009549],[139.53091753427043,35.47275866642578],[139.53146083310972,35.47325517241328],[139.53175087232768,35.47345757339388],[139.5320695513815,35.47360437706319],[139.53229747516724,35.47366465592682],[139.53240660351278,35.473678022689775],[139.53242666832955,35.47369930443822],[139.53248696178062,35.473707656498256],[139.53261610528367,35.47366910276795],[139.532792662004,35.47365288382764],[139.53324404114326,35.47367899319117],[139.53354610352636,35.473688081434915],[139.53378823254496,35.47366712678163],[139.53382325513746,35.47365355064889],[139.53408716148377,35.473566316795974],[139.5341678470016,35.473539646515874],[139.53437353653075,35.47349175074695],[139.53461631442144,35.4734352190478],[139.53482523800255,35.473402632860164],[139.53494916697818,35.473383288430846],[139.53516645731168,35.47336991052092],[139.53536004841385,35.47333985690206],[139.5355603167845,35.47334312635157],[139.53572410242288,35.47338257295623],[139.5360996778068,35.473447182455565],[139.5362965876272,35.47343931665651],[139.53646657112034,35.47336754929952],[139.53656184482927,35.473303910904505],[139.53671139916935,35.47325152845022],[139.53720660791035,35.47317065605465],[139.53744808183328,35.47314099642043],[139.5375230778656,35.47311343204777],[139.5378295929272,35.47313047623671],[139.5381407095342,35.47308943375337],[139.53843904674082,35.47301744585156],[139.5385272750447,35.47296135812412],[139.53857392196684,35.47289407941041],[139.53857465669194,35.47302847702413],[139.53859472233916,35.473156126861085],[139.53882448195242,35.473187207518215],[139.53912102082123,35.473289890073566],[139.53941732254452,35.47341676046464],[139.53963375486234,35.47347298359363],[139.53974754963247,35.47345287056943],[139.53976586970782,35.47344962796845],[139.5397995579093,35.473443664364744],[139.54000669362162,35.473387438730754],[139.54040711612268,35.473266045176054],[139.54076671069072,35.47326338590152],[139.54098784927277,35.473238494333735],[139.5414221918412,35.47321104765422],[139.5418755406298,35.4731949130258],[139.5423373631892,35.473174183313866],[139.54244430548835,35.473507804784326],[139.54253935958295,35.473689114378836],[139.54265075905565,35.473825606029486],[139.54279534648967,35.473962036146666],[139.54295546052583,35.47408396019642],[139.54300091859,35.474118574293875],[139.54326388259818,35.47415187326568],[139.5438250222101,35.47429006321378],[139.54380927017093,35.474313651629984],[139.54393554521909,35.47446771144819],[139.54397845675112,35.474552563342506],[139.54395902668008,35.47463547088724],[139.54386787994287,35.47469546484769],[139.54376598243456,35.47471082092817],[139.54357934150846,35.474693513316765],[139.54347692312317,35.47471605070931],[139.54344547544787,35.474722947682075],[139.54325197069636,35.47488441945191],[139.543044454914,35.475087755675176],[139.54304041530835,35.47509172478768],[139.54288018346955,35.475288905710805],[139.54269741449147,35.47552842604498],[139.54257812394363,35.475651552769634],[139.54254567128646,35.47566267233361],[139.54239001550624,35.475610825523816],[139.54213673536665,35.475481566821045],[139.5420298610122,35.47543863806362],[139.54199829672373,35.475400078580144],[139.54194218327973,35.4751512927835],[139.54189198149268,35.475130821889145],[139.5418635717312,35.47511924112438],[139.541735983204,35.475156399632105],[139.54137518711667,35.47530447630784],[139.54128921755597,35.475396379935866],[139.54126145457994,35.47547374003772],[139.5413472219854,35.47561598178263],[139.54140926092154,35.47568390875844],[139.54152417494998,35.47587255488529],[139.54152644138756,35.47592417842157],[139.54153236774263,35.47605887062355],[139.54144268332698,35.47614231409621],[139.54129123247347,35.476064596710586],[139.5411607696131,35.476021399649326],[139.54097793773676,35.47587878611676],[139.54094602570203,35.47580589535859],[139.54092194702335,35.4757034481498],[139.5408984204348,35.475603360207245],[139.54074787459857,35.475561242398214],[139.54057925608774,35.47556495736343],[139.54043512814746,35.47560454027225],[139.54035391495026,35.47566036519932],[139.54018814263986,35.47584020676439],[139.5401807744231,35.47584821750612],[139.54012464896354,35.47596591831428],[139.5400246897983,35.476175541077055],[139.5399023455015,35.476385521634455],[139.53981787245624,35.476467463119945],[139.53967378002494,35.47647359600378],[139.53951536739783,35.47638061424471],[139.53940916893177,35.47631180605138],[139.53909400473665,35.47615517311683],[139.53891033971564,35.47611790220286],[139.53866583163725,35.47616283992538],[139.53850531788154,35.4762454424572],[139.53838345047018,35.476335849511365],[139.53828018854477,35.47643521000479],[139.5382572752002,35.4764624419034],[139.53820293119645,35.47652695629281],[139.53798115745622,35.47671099229164],[139.53784425146443,35.476793827141314],[139.53768093836104,35.476870049561164],[139.53736201753108,35.476946212981424],[139.53713845722407,35.47705911811953],[139.53689753812458,35.4771632845388],[139.53686968913783,35.47717483693177],[139.53667174665802,35.4771393233184],[139.5365347701132,35.47707061279906],[139.5364519945547,35.477047068323586],[139.53628748576085,35.477056034431705],[139.53615094180054,35.47708668774463],[139.53610308717137,35.477171075607444],[139.53619277890334,35.47739741277649],[139.53627794018126,35.477568247277304],[139.53624330128673,35.477699390978295],[139.536317494033,35.47795611178493]]]]}},{"type":"Feature","properties":{"area_id":"141120440","city":"横浜市","ward":"旭区","town":"四季美台","chome":"","num_households":1856},"geometry":{"type":"MultiPolygon","coordinates":[[[[139.5447575091693,35.47406622182686],[139.54462807882663,35.47423376076965],[139.54455007608303,35.47429001765844],[139.54442107032133,35.47432073258684],[139.54440620230605,35.474319712127496],[139.5440683165366,35.47422145262206],[139.5439459994447,35.474223662458634],[139.54384296104305,35.474263206021234],[139.54382502221011,35.47429006321378],[139.54326388259824,35.47415187326568],[139.54300091859,35.474118574293875],[139.54295546052583,35.47408396019642],[139.54279534648967,35.473962036146666],[139.54265075905565,35.473825606029486],[139.54253935958295,35.473689114378836],[139.54244430548835,35.473507804784326],[139.5423373631892,35.473174183313866],[139.5418755406298,35.4731949130258],[139.5414221918412,35.47321104765422],[139.54098784927277,35.473238494333735],[139.54076671069072,35.47326338590152],[139.54040711612268,35.473266045176054],[139.54000669362162,35.473387438730754],[139.5397995579093,35.473443664364744],[139.53976586970782,35.47344962796845],[139.53974754963247,35.47345287056943],[139.53963375486234,35.47347298359363],[139.53941732254452,35.47341676046464],[139.53912102082123,35.473289890073566],[139.53882448195242,35.473187207518215],[139.53859472233916,35.473156126861085],[139.53857465669194,35.47302847702413],[139.53857392196684,35.47289407941041],[139.53852727504471,35.47296135812409],[139.53843904674082,35.47301744585156],[139.5381407095342,35.47308943375333],[139.5378295929272,35.47313047623671],[139.5375230778656,35.47311343204777],[139.53744808183328,35.47314099642043],[139.53720660791035,35.47317065605465],[139.53671139916932,35.47325152845024],[139.53656184482927,35.473303910904505],[139.53646657112034,35.47336754929952],[139.5362965876272,35.47343931665651],[139.5360996778068,35.473447182455565],[139.53572410242288,35.47338257295623],[139.5355603167845,35.47334312635157],[139.53536004841385,35.47333985690206],[139.53516645731168,35.47336991052092],[139.53494916697818,35.473383288430846],[139.53482523800255,35.473402632860164],[139.53461631442144,35.4734352190478],[139.53437353653075,35.47349175074695],[139.5341678470016,35.473539646515874],[139.53408716148377,35.473566316795974],[139.53382325513746,35.47365355064889],[139.53378823254496,35.47366712678163],[139.53354610352636,35.473688081434915],[139.53324404114326,35.47367899319117],[139.532792662004,35.47365288382764],[139.53261610528367,35.47366910276795],[139.53248696178062,35.473707656498256],[139.53242666832955,35.47369930443822],[139.53240660351278,35.473678022689775],[139.53229747516724,35.47366465592682],[139.5320695513815,35.47360437706319],[139.53175087232768,35.47345757339388],[139.53146083310972,35.47325517241328],[139.53091753427043,35.47275866642578],[139.53122743727985,35.4723962064438],[139.5317348021152,35.471771740484634],[139.5320156007659,35.47140420684332],[139.53219327401885,35.47109254255068],[139.53219607667143,35.47109121093208],[139.53219960710823,35.47108551559839],[139.53224721241992,35.47103274741702],[139.5323468386185,35.47090951117891],[139.5323664915599,35.47088515956604],[139.53241658578642,35.47082313663744],[139.53254074868164,35.470617921620715],[139.5325962097126,35.47051890651507],[139.53273934364304,35.47025247128035],[139.53304469130723,35.47065976050542],[139.533094809405,35.47059710358854],[139.5331394346378,35.470547214976094],[139.53327902959202,35.4703408752988],[139.53336252790137,35.47028882877213],[139.53344869331292,35.47026633007487],[139.53370131317848,35.47028057718129],[139.53374061404455,35.470290989736085],[139.53385948496012,35.47031047115654],[139.5342308274068,35.4703145868945],[139.53482825039933,35.47035485218894],[139.5352499253764,35.47036869948684],[139.5355092060764,35.47022366928571],[139.53560927111027,35.470196660452835],[139.5357258921157,35.47019694510924],[139.5358589612633,35.47025402843398],[139.53613870296866,35.47041456419073],[139.53638265238803,35.470564238326254],[139.53662729817378,35.470601065358544],[139.53663826786703,35.47060271115309],[139.53714902521082,35.47067951366992],[139.53739512362785,35.47070165837559],[139.5374849707056,35.470708285077585],[139.53793654547317,35.470703146662935],[139.53820236685647,35.470710762167904],[139.53850727052384,35.47073054800792],[139.53897721493044,35.470774849643824],[139.53913192407293,35.47074106972251],[139.5392476440105,35.470658077222865],[139.53935489626664,35.47054819849974],[139.53948987059854,35.47047289277061],[139.53996183090385,35.470258579849414],[139.54000075992266,35.47024166653981],[139.54059648443146,35.46998011566283],[139.54100985227404,35.46977970608078],[139.54150829343047,35.47030383655122],[139.54150931894978,35.47030609243449],[139.54173364904747,35.47023575205143],[139.5418977600308,35.47011900116255],[139.54225780107316,35.46997092282806],[139.54242168801193,35.46990983747258],[139.54259169000287,35.46977637540458],[139.54263449601132,35.46972281701961],[139.54290347197318,35.46972007766367],[139.5430052172996,35.46973345373808],[139.54303503331633,35.469784684124576],[139.54316825063947,35.46986739281311],[139.5432201664724,35.46985318533741],[139.54329859246104,35.46992995335734],[139.54344552139153,35.46998801200514],[139.54348232756823,35.469980704875624],[139.54356900808344,35.4701018563372],[139.5435903385713,35.47016701039023],[139.54372982682787,35.4703796211904],[139.5438270702109,35.47046012965064],[139.54396006380793,35.470498049708006],[139.5441729956824,35.4704910900834],[139.54425334046118,35.470513392180806],[139.5445778736461,35.470676512082115],[139.54481580118164,35.47068517311691],[139.54493185561827,35.470657737437676],[139.54505852902702,35.47066345960827],[139.54520566606166,35.47072454382355],[139.54525916005238,35.470798856361455],[139.54530613046606,35.47089181514658],[139.5453323919302,35.47102268106209],[139.545326403418,35.47143384548484],[139.54528940196778,35.47150787509259],[139.54507618458265,35.471702080799936],[139.54490970413147,35.47186805393882],[139.54474865665864,35.47200713844576],[139.544720909378,35.472026895922646],[139.5446170263863,35.472104569952805],[139.54451998014667,35.47220856117877],[139.54450953626306,35.4723183203276],[139.54456551834687,35.47243693389713],[139.54461454810104,35.47245409020464],[139.54464618631934,35.472519725992775],[139.54476301105674,35.47263827085877],[139.54479365101994,35.47264615979224],[139.5448839206195,35.47275189696606],[139.54495059156287,35.472873351176645],[139.54492923243734,35.473182336656315],[139.54494727905347,35.4732332572367],[139.5449909830537,35.47334353090325],[139.5450886089475,35.47344467270029],[139.54508587329659,35.47349346629947],[139.5451556750998,35.47361211145275],[139.54514535607086,35.47369296372256],[139.5449927422191,35.473807986402605],[139.5449574764435,35.47388378004523],[139.54485765711075,35.47403452358788],[139.5447575091693,35.47406622182686]]]]}},{"type":"Feature","properties":{"area_id":"14112047001","city":"横浜市","ward":"旭区","town":"二俣川","chome":"1","num_households":2249},"geometry":{"type":"MultiPolygon","coordinates":[[[[139.5302871802878,35.46694278709437],[139.53028635446995,35.46694493230216],[139.53027404686148,35.46701331423515],[139.5301136154493,35.46726526540643],[139.52999805813812,35.46740715592421],[139.52975237799046,35.46760407244454],[139.5295136366553,35.46775861294062],[139.52937071035635,35.467795896076524],[139.52914530219735,35.46783818428689],[139.52891220850267,35.46788119285717],[139.52868207362425,35.46793290473239],[139.5286363562709,35.46794081833579],[139.52831595938375,35.46797149466768],[139.52807502923721,35.467941455217975],[139.52794776215086,35.46789557503469],[139.52784243636634,35.46785760101691],[139.52774093110654,35.46781111563311],[139.52734971629516,35.467562923619916],[139.52725542457088,35.46750976596669],[139.52722697165754,35.467493743747475],[139.5269632336505,35.46732720588811],[139.52675028661073,35.467199385520615],[139.52650596693397,35.4671163440015],[139.5263692982928,35.467104240059086],[139.52613543463846,35.46710660709737],[139.52594474665827,35.467157744750644],[139.5256352337239,35.46725812168347],[139.52528621136454,35.46734082919635],[139.52527233481212,35.46729477383039],[139.52493010918047,35.46671987590242],[139.5253811182814,35.4665504588552],[139.52539868370383,35.46649811049437],[139.52515855621655,35.46606765691282],[139.52514335931718,35.466040400960466],[139.5255071771141,35.465778336250025],[139.5256306315924,35.465621295041736],[139.52575744086985,35.46540757160483],[139.5258714575233,35.46536610087413],[139.52593620293305,35.46536788404228],[139.5258495243251,35.465006267202625],[139.52573191559168,35.465019209642946],[139.52554447617794,35.46508295924189],[139.5254477067689,35.46514433182751],[139.52530902148638,35.46526109012923],[139.5252809300904,35.46539302211711],[139.52524016298045,35.46548006421998],[139.52518831943848,35.46550352440133],[139.52489957863602,35.46564285893425],[139.5247011783407,35.4657815779363],[139.52450707328927,35.46588847640596],[139.52440241233217,35.465959089102725],[139.52426299540556,35.465996305172695],[139.52416438654922,35.465790391815005],[139.52409474758008,35.46564493749151],[139.52378916531686,35.46568616620863],[139.52343051047245,35.465734266487445],[139.52343151002427,35.46537857491096],[139.52335736819825,35.46511159791413],[139.52335687393685,35.46511142060406],[139.52353931239907,35.46511181464582],[139.52367736218108,35.465099561193895],[139.52384391062415,35.46506875272519],[139.5240772887642,35.46496706066635],[139.52414300469846,35.464911841348275],[139.52436868595,35.464667421573544],[139.52452719842262,35.46449800490155],[139.52460325934734,35.464438481321764],[139.5247005844051,35.4643217950045],[139.52482409483508,35.46424934295012],[139.52491699223614,35.46419484743668],[139.52512949743877,35.46410320549545],[139.52534941306834,35.4640377431604],[139.52589122472511,35.46390034993875],[139.52637720149266,35.463789045155885],[139.52690983338505,35.46368817315312],[139.52697512028007,35.46367721059843],[139.5269549936075,35.46336738089565],[139.5269711452768,35.463063839526235],[139.52687834876835,35.46286766118208],[139.52687405645474,35.46279103303603],[139.52687273703344,35.46271353322514],[139.5269287297965,35.46261691565023],[139.52698646004868,35.46242558818001],[139.52699426204293,35.462235226445905],[139.5271692194963,35.462334149890744],[139.52716952115355,35.4623455587433],[139.5272624582849,35.46240248104331],[139.52746111066062,35.46245558481045],[139.52752409671137,35.46246077825984],[139.52795410657558,35.46243133158136],[139.52805964063447,35.462423815092],[139.528375197512,35.462410206379616],[139.52852192301572,35.46238430691045],[139.52861156013745,35.46235259596274],[139.52893792021325,35.46217912323153],[139.52905918496802,35.462125731849476],[139.5291360555046,35.4619930759031],[139.52942726793697,35.46177546626866],[139.52970100810506,35.46183125392756],[139.52996227510798,35.461942642287234],[139.53033218211286,35.46209017871961],[139.53033546935524,35.46209719371242],[139.53036983408253,35.46206854792043],[139.5305908151953,35.46221000943611],[139.5308719951818,35.46242239129439],[139.5309102239698,35.462455430851826],[139.53132753717784,35.46281609967919],[139.5314727629546,35.462941611958],[139.53174073432993,35.46315466337859],[139.53165359536783,35.46322631206919],[139.53184169274746,35.463397898406434],[139.53181670857745,35.463421285809446],[139.53187691031428,35.46347495418411],[139.532004092842,35.46358829441164],[139.53227187117318,35.463663742699296],[139.53233275407766,35.46363938661157],[139.5328511022001,35.46400783834286],[139.53304139896068,35.46412774021769],[139.5332899301037,35.4642525023485],[139.53347722859223,35.464374614275066],[139.53378117867095,35.46458447445613],[139.5337658634164,35.46459993024041],[139.53372218903854,35.46473629536912],[139.53368199726742,35.464861825501686],[139.53364139112776,35.46498862216542],[139.5335420771962,35.46494316810049],[139.53344083797737,35.46499879695073],[139.5334205706893,35.465009205481365],[139.53324128510954,35.46508678786057],[139.53317440102145,35.465110495888666],[139.5330247772265,35.46511065508474],[139.5329776156409,35.46510817968461],[139.5325837521982,35.46500964004572],[139.53235170197064,35.46497723733166],[139.53213271020033,35.464969054625385],[139.53207203862783,35.465069217763315],[139.53192733946028,35.465260331564686],[139.53180511803833,35.46540724248862],[139.5316829688021,35.465495105230865],[139.5314341698073,35.46565367362115],[139.53141725893244,35.46566444116676],[139.53100322091342,35.465900764116235],[139.5307430554422,35.46606000779953],[139.53065207634617,35.466144531163195],[139.53059472026422,35.466197837433434],[139.5304754933754,35.466377816389624],[139.53044147562252,35.46647941892738],[139.5304171662935,35.46655210240562],[139.5304128229525,35.46656240759431],[139.53032125221267,35.466855303387106],[139.5302871802878,35.46694278709437]]]]}},{"type":"Feature","properties":{"area_id":"14112047002","city":"横浜市","ward":"旭区","town":"二俣川","chome":"2","num_households":2598},"geometry":{"type":"MultiPolygon","coordinates":[[[[139.53458978440625,35.4645382585168],[139.53448710225587,35.46453592895506],[139.53419428874554,35.46458218111182],[139.53409835091543,35.464566347329985],[139.53388859196122,35.464488967708405],[139.53379668767596,35.464563034558516],[139.53378117867095,35.46458447445613],[139.53347722859223,35.464374614275066],[139.5332899301037,35.4642525023485],[139.53304139896068,35.46412774021769],[139.5328511022001,35.46400783834286],[139.53233275407766,35.46363938661157],[139.53227187117318,35.463663742699296],[139.532004092842,35.46358829441164],[139.53187691031428,35.46347495418411],[139.53181670857745,35.463421285809446],[139.53184169274746,35.463397898406434],[139.53165359536783,35.46322631206919],[139.53174073432993,35.46315466337859],[139.5314727629546,35.462941611958],[139.53132753717784,35.46281609967919],[139.5309102239698,35.462455430851826],[139.5308719951818,35.46242239129441],[139.5305908151953,35.46221000943608],[139.53036983408253,35.46206854792043],[139.5304754510264,35.46198730026693],[139.53051694134447,35.46196958675359],[139.53030999577638,35.46168989119278],[139.53013984167157,35.46150317102614],[139.52997156442493,35.46141254243745],[139.52998426444643,35.46132535815857],[139.53003928719724,35.46095300835097],[139.53013910123545,35.4609785030051],[139.530371129437,35.46105362184594],[139.53040163609992,35.460957820260205],[139.5304998908925,35.460859652358025],[139.5311054189277,35.4604904679794],[139.5313894911713,35.4600678441839],[139.5314318897277,35.45970341985461],[139.53145024769682,35.45953023145683],[139.5314980173158,35.45937496819275],[139.53157482096637,35.45912551974763],[139.5316407288359,35.45870002972038],[139.5317215817303,35.45856491779286],[139.53179061085407,35.458455480904206],[139.53182649117682,35.45838930414645],[139.5323128550532,35.45811210519772],[139.53235235343163,35.45791816120689],[139.53235663099144,35.4578965523042],[139.53265764067532,35.45792479725398],[139.53315948856118,35.45797258735582],[139.53319771476836,35.45798099087659],[139.53374216983843,35.45809757903513],[139.53375698915053,35.45809926992139],[139.5340067460821,35.45812752631107],[139.53428902360318,35.45814237520931],[139.5345282937237,35.45814373634116],[139.53467475223633,35.4581353283418],[139.53502958857953,35.458114929361145],[139.53547738146307,35.45804775273042],[139.53558515604465,35.45804382479121],[139.53566483251208,35.45812644634425],[139.53568478980065,35.458135085730106],[139.5357636431211,35.45838812142923],[139.5358156598086,35.458625069979114],[139.53582284170201,35.458946942293515],[139.535851508064,35.45926076760796],[139.5358820613113,35.45946548295097],[139.53593726462728,35.45971349567078],[139.53594401405192,35.45977998852528],[139.53596657098427,35.45985401909477],[139.53601913346168,35.45991970818657],[139.53612141130213,35.46012375271078],[139.53612411093835,35.46013238572892],[139.53629917204492,35.46038097200845],[139.53664351798443,35.460822040315506],[139.53670374771085,35.460909824411715],[139.53695185173854,35.46121506473796],[139.53719712485233,35.461459841102254],[139.53754825910664,35.46176589421168],[139.53769091381275,35.46188116537494],[139.53769499558038,35.461884842055284],[139.53784606689837,35.46202090124635],[139.53785743863793,35.46203213711292],[139.53785682925744,35.46203272265194],[139.53770200847228,35.46218918675642],[139.53767636062543,35.46221834496699],[139.5375911238271,35.46231524616672],[139.53756754226418,35.46234205525086],[139.53749939109545,35.46246000879853],[139.5373718076723,35.462715937272996],[139.53729315545175,35.46287370854401],[139.53729294002065,35.462874139892776],[139.53723280479943,35.4629676897039],[139.5370702084303,35.463220627995234],[139.53704588121843,35.46324490609892],[139.53700737359952,35.463239964011564],[139.5369743063076,35.463233915568374],[139.53696885238205,35.463232507119976],[139.53695669358692,35.46322936589143],[139.53692918597676,35.46321938413595],[139.53688958247375,35.46320306269011],[139.536844486094,35.46318222155541],[139.53655257945658,35.4635457471205],[139.53655423733008,35.46355492444096],[139.53635593720156,35.46364855832344],[139.5360125934878,35.46390042214158],[139.53594178095304,35.463973979032524],[139.535869717378,35.46404883614635],[139.53580785308685,35.46409987988666],[139.53573046204355,35.46410796535744],[139.5356072304574,35.46411125593982],[139.53546996813023,35.46416109539743],[139.5352543602579,35.46423824104703],[139.53516498159112,35.46429872441971],[139.5351187562279,35.46430484352954],[139.534972776337,35.46441930595999],[139.53474069921157,35.46441644921371],[139.53472331598743,35.46440366065273],[139.53458978440625,35.4645382585168]]]]}},{"type":"Feature","properties":{"area_id":"141120490","city":"横浜市","ward":"旭区","town":"本村町","chome":"","num_households":2534},"geometry":{"type":"MultiPolygon","coordinates":[[[[139.54100985227404,35.46977970608078],[139.54059648443146,35.46998011566283],[139.54000075992266,35.47024166653981],[139.53996183090385,35.470258579849414],[139.53948987059854,35.47047289277061],[139.53935489626664,35.47054819849974],[139.5392476440105,35.470658077222865],[139.53913192407293,35.47074106972251],[139.53897721493044,35.470774849643824],[139.53850727052384,35.47073054800792],[139.53820236685647,35.470710762167904],[139.53793654547317,35.470703146662935],[139.5374849707056,35.470708285077585],[139.53739512362785,35.47070165837559],[139.53714902521082,35.47067951366992],[139.53663826786703,35.47060271115309],[139.53662729817378,35.470601065358544],[139.53638265238803,35.470564238326254],[139.53613870296866,35.47041456419073],[139.5358589612633,35.47025402843398],[139.5357258921157,35.47019694510924],[139.53560927111027,35.470196660452835],[139.5355092060764,35.47022366928571],[139.5352499253764,35.47036869948684],[139.53482825039933,35.47035485218894],[139.5342308274068,35.4703145868945],[139.53385948496012,35.47031047115654],[139.53374061404455,35.470290989736085],[139.53370131317848,35.47028057718129],[139.53344869331292,35.47026633007487],[139.53336252790137,35.47028882877213],[139.53327902959202,35.4703408752988],[139.5331394346378,35.470547214976094],[139.533094809405,35.47059710358854],[139.53304469130723,35.47065976050542],[139.53273934364304,35.47025247128035],[139.53298210995717,35.469826146660466],[139.53279397856514,35.46976843244061],[139.53256301778362,35.46966600074508],[139.53249764070355,35.46963094644435],[139.53241853665608,35.46952033289211],[139.53233595371037,35.469430906525126],[139.53211765174677,35.46936500847763],[139.5320916954738,35.46935717286257],[139.53185683104724,35.46929201681844],[139.5316776580247,35.46917559205645],[139.53161330420684,35.469103358008745],[139.5315269191335,35.46900638718836],[139.53131838332408,35.46872130368132],[139.5312155115523,35.46856204045846],[139.5311761463407,35.468529057307215],[139.5309683779831,35.46847540970033],[139.53082408994285,35.4684284694294],[139.53080134972583,35.46836355615586],[139.53076061993312,35.46824733189299],[139.53074173086335,35.468119683915],[139.5306136694595,35.46796961771283],[139.5305629461369,35.46786108061177],[139.53039514087948,35.467149913427505],[139.53034398768978,35.46702408641401],[139.5302871802878,35.46694278709437],[139.53032125221267,35.466855303387106],[139.5304128229525,35.46656240759431],[139.5304171662935,35.46655210240562],[139.53044147562252,35.46647941892738],[139.5304754933754,35.466377816389624],[139.53059472026422,35.466197837433434],[139.53065207634617,35.466144531163195],[139.5307430554422,35.46606000779953],[139.53100322091342,35.465900764116235],[139.53141725893244,35.46566444116676],[139.5314341698073,35.46565367362115],[139.5316829688021,35.465495105230865],[139.53180511803833,35.46540724248862],[139.53192733946028,35.465260331564686],[139.53207203862783,35.465069217763315],[139.53213271020033,35.464969054625385],[139.53235170197064,35.46497723733166],[139.5325837521982,35.46500964004572],[139.5329776156409,35.46510817968461],[139.5330247772265,35.46511065508474],[139.53317440102145,35.465110495888666],[139.53324128510954,35.46508678786057],[139.5334205706893,35.465009205481365],[139.53344083797737,35.46499879695073],[139.5335420771962,35.46494316810049],[139.53364139112776,35.46498862216542],[139.53368199726742,35.464861825501686],[139.53372218903854,35.46473629536915],[139.53376586341633,35.46459993024041],[139.53378117867095,35.46458447445613],[139.53379668767596,35.464563034558516],[139.53388859196122,35.464488967708405],[139.53409835091543,35.464566347329985],[139.53419428874554,35.46458218111182],[139.53448710225587,35.46453592895506],[139.53458978440625,35.4645382585168],[139.53469825493312,35.46454074245778],[139.5348134391173,35.46458345191432],[139.5349303192129,35.464680072344635],[139.53522363530604,35.464649559171384],[139.5352907995642,35.46466623626101],[139.5355482754411,35.46481854965732],[139.5357510195549,35.464909007058786],[139.5359407548702,35.46493897476606],[139.53624147346912,35.46487907689484],[139.53634867906538,35.46484550131652],[139.5365544914647,35.46485716339853],[139.53659757073657,35.46485772596762],[139.53679067426518,35.46477932551351],[139.5368458466309,35.464756925326675],[139.53699734229005,35.4647572935813],[139.53728647839114,35.46478053023025],[139.53739653279885,35.464814598886726],[139.5375813614351,35.46488564373027],[139.53775474640437,35.4649728917732],[139.53779557680562,35.465035030605456],[139.53780683871435,35.46512702564622],[139.53783108973775,35.46519173036816],[139.537941987358,35.46530153654274],[139.53806040853783,35.46541882698284],[139.5381428085047,35.465653277470324],[139.53813670109835,35.465810826487996],[139.53819490286085,35.46589511960038],[139.53826399379452,35.46597115094964],[139.53845383933364,35.46618006547932],[139.53859775345413,35.46625368576117],[139.53876295199845,35.466297639573504],[139.53889631382856,35.46639073974653],[139.53899000439387,35.46662817506006],[139.53906449817336,35.46670092190477],[139.53915742238755,35.4667418140895],[139.539226443244,35.46681687203447],[139.53924061563845,35.46683690488885],[139.53938646302743,35.467047565279984],[139.5394196487658,35.46721781472616],[139.5394603480191,35.46727548154874],[139.53959857905278,35.467344685141065],[139.53980495381882,35.46747517699723],[139.53995027851514,35.46758809219428],[139.5401474997673,35.46775658867997],[139.540273589051,35.4678800202073],[139.54032788081057,35.46792842453034],[139.5405163555394,35.46800563368445],[139.5406481080256,35.46804573768601],[139.54100120028244,35.46806126708903],[139.54110695197048,35.46808482893063],[139.541145353457,35.46814160942351],[139.54120877676866,35.46838995536517],[139.5412706105389,35.46850115601782],[139.5414405501477,35.46869342102694],[139.5415543215904,35.46877886600087],[139.54177381914909,35.46887121833019],[139.54201761157336,35.469291361959385],[139.54212531547003,35.46937686231348],[139.5423907441406,35.46958755797864],[139.54259527882328,35.46972416769628],[139.54263449601132,35.46972281701961],[139.54259169000287,35.46977637540462],[139.5424216880118,35.46990983747258],[139.54225780107316,35.46997092282806],[139.5418977600308,35.47011900116255],[139.54173364904747,35.47023575205145],[139.54150931894972,35.47030609243449],[139.54150829343047,35.470303836551246],[139.54100985227404,35.46977970608078]]]]}},{"type":"Feature","properties":{"area_id":"141120500","city":"横浜市","ward":"旭区","town":"本宿町","chome":"","num_households":3082},"geometry":{"type":"MultiPolygon","coordinates":[[[[139.54525916005238,35.470798856361455],[139.54520566606166,35.47072454382355],[139.54505852902702,35.47066345960827],[139.54493185561827,35.470657737437676],[139.54481580118164,35.47068517311691],[139.5445778736461,35.470676512082115],[139.54425334046118,35.470513392180806],[139.5441729956824,35.4704910900834],[139.54396006380793,35.470498049708006],[139.5438270702109,35.47046012965064],[139.54372982682787,35.4703796211904],[139.5435903385713,35.47016701039023],[139.54356900808344,35.4701018563372],[139.54348232756823,35.469980704875624],[139.54344552139153,35.46998801200514],[139.54329859246104,35.46992995335734],[139.5432201664724,35.46985318533741],[139.54316825063947,35.46986739281311],[139.54303503331633,35.469784684124576],[139.5430052172996,35.46973345373808],[139.54290347197318,35.46972007766367],[139.54263449601132,35.46972281701961],[139.54259527882328,35.46972416769628],[139.5423907441406,35.46958755797864],[139.54212531547003,35.46937686231348],[139.54201761157336,35.469291361959385],[139.54177381914909,35.46887121833019],[139.5415543215904,35.46877886600087],[139.54144055014774,35.46869342102694],[139.5412706105389,35.46850115601782],[139.54120877676866,35.46838995536513],[139.541145353457,35.46814160942351],[139.54110695197048,35.46808482893063],[139.54100120028244,35.46806126708903],[139.5406481080256,35.46804573768601],[139.5405163555394,35.46800563368445],[139.54032788081057,35.46792842453034],[139.540273589051,35.4678800202073],[139.5401474997673,35.46775658867997],[139.53995027851514,35.46758809219428],[139.53980495381882,35.46747517699723],[139.53959857905278,35.467344685141065],[139.5394603480191,35.46727548154874],[139.5394196487658,35.46721781472616],[139.53938646302743,35.467047565279984],[139.53924061563845,35.46683690488885],[139.539226443244,35.46681687203447],[139.53915742238755,35.4667418140895],[139.53906449817336,35.46670092190477],[139.53899000439387,35.46662817506006],[139.53889631382856,35.46639073974653],[139.53876295199845,35.466297639573504],[139.53859775345413,35.46625368576117],[139.53845383933364,35.46618006547932],[139.53826399379452,35.46597115094964],[139.53819490286085,35.46589511960038],[139.53813670109835,35.465810826487996],[139.5381428085047,35.465653277470324],[139.53806040853783,35.46541882698284],[139.537941987358,35.46530153654274],[139.53783108973775,35.46519173036816],[139.53780683871435,35.46512702564622],[139.53779557680562,35.465035030605456],[139.53775474640437,35.4649728917732],[139.5375813614351,35.464885643730284],[139.53739653279885,35.464814598886726],[139.53728647839114,35.46478053023025],[139.53699734229005,35.4647572935813],[139.5368458466309,35.464756925326675],[139.53679067426518,35.46477932551351],[139.53659757073652,35.46485772596762],[139.5365544914647,35.46485716339856],[139.53634867906538,35.4648455013165],[139.53624147346903,35.46487907689484],[139.5359407548702,35.46493897476606],[139.5357510195549,35.464909007058786],[139.5355482754411,35.46481854965732],[139.5352907995642,35.46466623626101],[139.53522363530604,35.464649559171384],[139.5349303192129,35.464680072344635],[139.5348134391173,35.46458345191432],[139.53469825493312,35.46454074245778],[139.53458978440625,35.4645382585168],[139.53472331598743,35.46440366065273],[139.53474069921157,35.46441644921371],[139.534972776337,35.46441930595999],[139.5351187562279,35.46430484352954],[139.53516498159112,35.46429872441971],[139.5352543602579,35.46423824104703],[139.53546996813023,35.46416109539743],[139.53560723045743,35.46411125593982],[139.53573046204355,35.46410796535744],[139.53580785308685,35.46409987988666],[139.53586971737795,35.46404883614635],[139.53594178095304,35.46397397903253],[139.5360125934878,35.46390042214158],[139.53635593720156,35.46364855832344],[139.53655423733008,35.46355492444096],[139.53655257945658,35.4635457471205],[139.536844486094,35.46318222155541],[139.53688958247375,35.46320306269011],[139.53692918597676,35.46321938413595],[139.53695669358692,35.46322936589143],[139.53696885238205,35.463232507119976],[139.5369743063076,35.463233915568374],[139.53700737359952,35.463239964011564],[139.53704588121843,35.46324490609892],[139.5370702084303,35.463220627995234],[139.53723280479943,35.4629676897039],[139.53729294002065,35.462874139892776],[139.5372931554517,35.46287370854401],[139.5373718076723,35.462715937272996],[139.53749939109545,35.46246000879853],[139.53756754226418,35.46234205525086],[139.5375911238271,35.46231524616672],[139.53767636062543,35.46221834496699],[139.53770200847228,35.46218918675642],[139.53785682925744,35.46203272265194],[139.53785743863793,35.46203213711292],[139.53784606689837,35.46202090124635],[139.53769499558038,35.46188484205531],[139.53769091381275,35.46188116537494],[139.53754825910664,35.46176589421168],[139.53719712485236,35.46145984110228],[139.53695185173854,35.46121506473796],[139.53670374771085,35.460909824411715],[139.53664351798443,35.460822040315506],[139.53629917204492,35.46038097200845],[139.53612411093835,35.46013238572892],[139.5362441262499,35.460159472937235],[139.536386563368,35.46025636554747],[139.53659181718191,35.460381790085584],[139.53694637714787,35.4605856377209],[139.53715882532344,35.46069713565602],[139.53731687115558,35.46074575703575],[139.53786653423558,35.46086972686228],[139.53817681431906,35.46092656714119],[139.5384074445104,35.46095120872425],[139.5386145830577,35.4609566394285],[139.5388125935475,35.46095127238336],[139.53894314829455,35.46096236240404],[139.5391455006609,35.46094633667276],[139.5391922430331,35.460939231374084],[139.53926351830123,35.46108506690559],[139.53931537619445,35.46124508096143],[139.53934721323003,35.46138353234095],[139.53988390442,35.46195142341326],[139.54008614546132,35.4621440856984],[139.5400893353629,35.46213676970287],[139.54021184357612,35.46227825604346],[139.54025296456757,35.462325747439365],[139.54040931508536,35.46259329602833],[139.54059203960716,35.46281605026549],[139.54136068098114,35.46251170731289],[139.5415251614502,35.462508228427986],[139.54181339247802,35.462559620020166],[139.54188428228198,35.46254588207297],[139.54228252729231,35.4624935241606],[139.5423967801112,35.46244925619594],[139.54241570006295,35.46244194245136],[139.54276890887508,35.462418420264505],[139.54281926908854,35.46241670876327],[139.5436121365838,35.46240908803689],[139.54361904202958,35.46241565293654],[139.54393482397336,35.46235763722939],[139.54458725333524,35.46223718162038],[139.54482470408456,35.46219741877713],[139.54509729559192,35.46215177152839],[139.54513304410526,35.46216234800858],[139.54522308540933,35.46261771949148],[139.54545006297735,35.46263075547865],[139.54580810693463,35.46265128178155],[139.54581131400153,35.46275357418351],[139.54574479602522,35.46289890479433],[139.54617530278517,35.46295364993057],[139.54617680512447,35.46296703268935],[139.5462073033639,35.463236918146436],[139.54621739463616,35.46372653589265],[139.5461461615211,35.464560702472255],[139.54611160994133,35.46470315086533],[139.54610933022187,35.46480557114471],[139.54610843326492,35.46484570833714],[139.54610346336767,35.46506871623875],[139.54607862371293,35.4654085748035],[139.54607124890592,35.465509363415634],[139.54601887966058,35.466266710319076],[139.546015886259,35.46629747727779],[139.54597451108623,35.46672366615035],[139.54601609279993,35.46680087324259],[139.54602116625307,35.466965069526275],[139.5459586357245,35.46692696539894],[139.54595932112838,35.46696425485209],[139.54596328434354,35.46718024118463],[139.54598835412315,35.46766922603011],[139.5459963576699,35.46791110057915],[139.54596636608147,35.46801166036554],[139.54592522700943,35.468340987234406],[139.54592547444153,35.468561331341],[139.54592975997625,35.468807599435394],[139.54585536858002,35.46909554613234],[139.5458786540009,35.46923422234925],[139.54586451203804,35.469313411275],[139.54583016733383,35.469397341127234],[139.54579255493212,35.46951626189529],[139.54566469768005,35.4699204164111],[139.54564160010693,35.47014517570732],[139.54563999728123,35.470154079972694],[139.54561373493897,35.47030041982685],[139.54560709132585,35.47049768391276],[139.5455219541332,35.470485441962666],[139.5454519673504,35.470503620543305],[139.54525916005238,35.470798856361455]]]]}},{"type":"Feature","properties":{"area_id":"141120510","city":"横浜市","ward":"旭区","town":"南本宿町","chome":"","num_households":1895},"geometry":{"type":"MultiPolygon","coordinates":[[[[139.54228252729231,35.4624935241606],[139.54188428228198,35.46254588207297],[139.54181339247802,35.462559620020166],[139.5415251614502,35.462508228427986],[139.54136068098114,35.46251170731289],[139.54059203960716,35.46281605026549],[139.54040931508536,35.46259329602833],[139.54025296456757,35.462325747439365],[139.54021184357612,35.46227825604346],[139.5400893353629,35.46213676970287],[139.54008614546132,35.4621440856984],[139.53988390442,35.46195142341326],[139.53934721323003,35.46138353234095],[139.53931537619445,35.46124508096143],[139.53926351830123,35.46108506690559],[139.5391922430331,35.460939231374084],[139.5391455006609,35.46094633667276],[139.53894314829455,35.46096236240404],[139.5388125935475,35.46095127238333],[139.5386145830577,35.4609566394285],[139.53840744451037,35.46095120872425],[139.53817681431906,35.46092656714117],[139.53786653423558,35.46086972686227],[139.5373168711556,35.46074575703575],[139.53715882532344,35.46069713565602],[139.53694637714787,35.46058563772089],[139.53659181718191,35.460381790085584],[139.536386563368,35.46025636554747],[139.5362441262499,35.460159472937235],[139.53612411093835,35.46013238572892],[139.53612141130213,35.46012375271078],[139.53601913346168,35.45991970818657],[139.53596657098427,35.45985401909477],[139.53594401405192,35.45977998852528],[139.53593726462728,35.45971349567078],[139.5358820613113,35.45946548295097],[139.535851508064,35.45926076760796],[139.53582284170201,35.458946942293515],[139.5358156598086,35.458625069979114],[139.5357636431211,35.45838812142923],[139.53568478980065,35.458135085730106],[139.5359058613366,35.458181855710336],[139.53615161071906,35.458223826995116],[139.53640214862494,35.458256512909216],[139.53707549793126,35.458304204919386],[139.5371202394233,35.45829663835991],[139.537170869843,35.45826165641419],[139.53714616559964,35.458203429553365],[139.53718317881209,35.458085460387444],[139.53725318924418,35.45794693826185],[139.5373677542898,35.45778162378167],[139.5376235808163,35.457545387815976],[139.53751629349784,35.45716426078028],[139.53771605291104,35.45703735532057],[139.53771619151587,35.45699954013469],[139.5376204805554,35.456900333445],[139.537614015633,35.45675609768095],[139.53760299867332,35.45658009092209],[139.53750936351233,35.45658975735085],[139.5374220051721,35.456565919578246],[139.53745949673393,35.456364327724316],[139.53750516023794,35.45615768542772],[139.53760323213012,35.45586504652426],[139.53769180657105,35.45573906859787],[139.5378198399551,35.45567807819901],[139.53793926204983,35.45555400626411],[139.53826685537535,35.455383572786],[139.53829076219338,35.455230361485555],[139.53824084898983,35.455022924307436],[139.53824683921235,35.45469119018361],[139.53829313001523,35.45463591679852],[139.5383670422717,35.45420561746391],[139.5387102593664,35.45421539001774],[139.5388445366522,35.454205397634254],[139.53911219737196,35.45425385906922],[139.53925180729047,35.454262715896036],[139.53931566903523,35.4541505152006],[139.53953071761853,35.45398135558047],[139.5396921320446,35.45376347833678],[139.54003566544395,35.45386887771406],[139.5403480795535,35.45322384073381],[139.54041825230792,35.45302514328729],[139.54049444898607,35.452790968571314],[139.54061066006923,35.45254586955843],[139.54087417314784,35.45227006704128],[139.5411675871231,35.45201891359591],[139.5413265648266,35.4519003187766],[139.54165131904332,35.4517165587865],[139.54179031337986,35.45161418365488],[139.54209679179448,35.45134238881439],[139.54227425353176,35.45115662176867],[139.54246121296936,35.45076986178862],[139.54247754744458,35.450684516878596],[139.5425924639128,35.45041398941254],[139.54266902848812,35.45029016289791],[139.5427813513107,35.45005258559457],[139.5428321671965,35.449927147353776],[139.54305943396335,35.44978251579605],[139.54324400877098,35.44970545727757],[139.5433095565947,35.449756103554094],[139.54335855918106,35.449824844279135],[139.54349241784266,35.450092547730755],[139.54362086325997,35.450032360876264],[139.54365895132716,35.45004875344431],[139.54365756792524,35.44999047802792],[139.54369745586172,35.44989423779012],[139.5439062734598,35.44983068484752],[139.54433860232078,35.44971512736128],[139.54471195610094,35.449672560392344],[139.54477164044482,35.44978720463313],[139.54481657374984,35.45002684515658],[139.54489471955523,35.450098858282644],[139.54492392310183,35.45003076042028],[139.5449662785255,35.450214199481344],[139.54506083597883,35.450457443417505],[139.54514005789053,35.45069339674837],[139.54520601142872,35.45075728263816],[139.54548297139058,35.45079624414506],[139.5456719475512,35.45083133713986],[139.54578350566052,35.45090990712531],[139.5460522412371,35.45122475419349],[139.5462033506127,35.45136292146941],[139.5464656167182,35.45142096546776],[139.54659267808455,35.451466368034886],[139.5467407675372,35.451540833547085],[139.5467805034886,35.45170616754166],[139.5467487567231,35.45193513572555],[139.54675137661806,35.45222893492794],[139.54677686639593,35.45228589437152],[139.54686371002498,35.4524798595171],[139.54684104379973,35.45260480246864],[139.54671128566355,35.452907727916525],[139.54673212625448,35.4529164390939],[139.54684299051476,35.45300437194863],[139.54683105041306,35.453040363949754],[139.54679803813195,35.45313989608731],[139.54663949988588,35.453390924029634],[139.5465501179803,35.45351310478959],[139.54625832174062,35.45371089796708],[139.5461163250973,35.45385277678669],[139.54593188731326,35.454009802553216],[139.54594340347526,35.454032821836186],[139.5457880336684,35.45408689009121],[139.54553698001772,35.45419544952702],[139.5453062336281,35.454280888692004],[139.54512800453645,35.45437972507346],[139.54502662541722,35.45446219402939],[139.5448846132595,35.45460738213723],[139.5445805173798,35.45485475187752],[139.54442638069088,35.45499663619187],[139.5443208343992,35.45511877582145],[139.54426391639944,35.455204659682366],[139.5442353017677,35.45529388400095],[139.5442020866379,35.455538586027124],[139.54414891651084,35.45570718597058],[139.54403473346227,35.45598144849433],[139.5439195742018,35.45631792359081],[139.54392042831503,35.45631975708827],[139.543995718664,35.45648116236065],[139.54404324199697,35.45667580989353],[139.54411181314975,35.45704328344544],[139.54413799806696,35.4571580955336],[139.54419865801194,35.4575360070948],[139.54424265973967,35.457758815305006],[139.54426769672995,35.457935769775894],[139.54442581359328,35.45839126847407],[139.54446481645368,35.458495969796324],[139.54480211288046,35.459271212878164],[139.54496671198905,35.45963648346414],[139.54511563645562,35.45999861831289],[139.54514364773502,35.460066639268476],[139.5452903996205,35.46042299432524],[139.54562076818354,35.461033506321535],[139.54574201725552,35.461277304688636],[139.54584301364318,35.461552778873674],[139.54530401961216,35.46171424773627],[139.54549976892264,35.462047091580914],[139.54509097788429,35.46212563027948],[139.54509729559192,35.46215177152839],[139.54482470408456,35.46219741877713],[139.54458725333524,35.46223718162038],[139.54393482397336,35.46235763722939],[139.54361904202958,35.46241565293654],[139.5436121365838,35.46240908803689],[139.54281926908854,35.46241670876327],[139.54276890887508,35.46241842026454],[139.54241570006295,35.46244194245136],[139.54239678011118,35.46244925619594],[139.54228252729231,35.4624935241606]]]]}},{"type":"Feature","properties":{"area_id":"141120520","city":"横浜市","ward":"旭区","town":"大池町","chome":"","num_households":2},"geometry":{"type":"MultiPolygon","coordinates":[[[[139.54365756792524,35.44999047802792],[139.54365895132716,35.45004875344431],[139.54362086325997,35.450032360876264],[139.54349241784266,35.45009254773076],[139.5433585591811,35.449824844279135],[139.54330955659464,35.44975610355411],[139.54324400877098,35.44970545727757],[139.54305943396335,35.44978251579606],[139.5428321671965,35.449927147353776],[139.54278135131068,35.45005258559457],[139.54266902848812,35.45029016289791],[139.5425924639128,35.45041398941254],[139.54247754744455,35.450684516878574],[139.54246121296936,35.45076986178862],[139.5422742535318,35.45115662176866],[139.54209679179448,35.45134238881439],[139.54179031337986,35.45161418365488],[139.54165131904332,35.45171655878654],[139.54132656482662,35.4519003187766],[139.5411675871231,35.45201891359591],[139.54087417314784,35.45227006704128],[139.54061066006923,35.452545869558456],[139.54049444898598,35.4527909685713],[139.54041825230792,35.45302514328726],[139.5403480795535,35.45322384073381],[139.54003566544395,35.45386887771407],[139.5396921320446,35.45376347833678],[139.53953071761853,35.45398135558047],[139.53931566903523,35.45415051520061],[139.53925180729047,35.454262715896036],[139.53911219737196,35.454253859069226],[139.53884453665214,35.454205397634254],[139.5387102593664,35.45421539001772],[139.5383670422717,35.454205617463955],[139.5380074360127,35.454188058618286],[139.53780100785167,35.454123335763484],[139.5376287389245,35.45400813324025],[139.5374871224989,35.45383064899263],[139.53737107760492,35.453603861640694],[139.53730446031116,35.453428917045066],[139.5372256137405,35.45329123067776],[139.53712210440233,35.45316644204456],[139.53696270040052,35.45301680037873],[139.53660024616997,35.452692446625534],[139.5363599618106,35.452707918404954],[139.53587011049888,35.45271257079838],[139.5357747508589,35.45273022437074],[139.53577702049822,35.453013914952365],[139.53575710372047,35.453111362397955],[139.53568825531954,35.453262421225816],[139.53540826132698,35.45323409817297],[139.5351541384044,35.45318619063697],[139.5348929475271,35.45314653905229],[139.53449748174734,35.45307634923611],[139.53426322066827,35.45301021352382],[139.5341123258251,35.45296406814086],[139.53405765612976,35.45295717279686],[139.53369200076588,35.45297056398227],[139.5332330593034,35.45295854795155],[139.53319784337594,35.45285828867946],[139.53318788804518,35.45259542303546],[139.5332151443571,35.45242278572974],[139.53316500214044,35.45227460400602],[139.53316307500174,35.45203478546333],[139.53301739448517,35.451911505953625],[139.53283561276737,35.45183390996869],[139.53258254366284,35.45169451923403],[139.53219730573505,35.45149585763554],[139.5319842081653,35.45140420385915],[139.53189242413225,35.45138619532559],[139.53174153246962,35.45127054088053],[139.5314550037696,35.451103389399854],[139.5312748463811,35.451012519966405],[139.53111557331874,35.45097529252557],[139.5309080549652,35.45091108012391],[139.53083270897872,35.45083568207512],[139.53074679247612,35.45078483574576],[139.53068927237032,35.450712194437465],[139.5304604235107,35.450431807016116],[139.53031649845389,35.45031282441931],[139.5300523933372,35.45011723947856],[139.5299374046651,35.45006786761041],[139.52972071890903,35.44994187072424],[139.5296367262203,35.44991771634482],[139.52946036864057,35.44989864701953],[139.52936651306885,35.449854258154296],[139.52934533487723,35.44984423989253],[139.52928330140256,35.449793839076015],[139.529224234446,35.44970939752181],[139.5291738489227,35.44958237355374],[139.52915079915508,35.449440630659865],[139.52943533806535,35.44935571562041],[139.5299284737493,35.449160482688086],[139.53035768837307,35.44897586147677],[139.53086747201883,35.44874637305122],[139.53117575509256,35.448495674318764],[139.531272223777,35.448330077159966],[139.53118354426056,35.448178416597194],[139.5311596009406,35.4481026205403],[139.53115218107885,35.448026899937695],[139.53114803962075,35.44795477950705],[139.5311361285137,35.44790066714294],[139.53109127333332,35.447813128433424],[139.5308303490844,35.447694908654626],[139.5306030133506,35.44759286343954],[139.5306723284184,35.44754860221797],[139.5307688986571,35.44733276100733],[139.53084478525787,35.447268622543696],[139.5310654174059,35.4471834736798],[139.53156961219406,35.44706523292844],[139.53194474070378,35.447067226804585],[139.53222284391504,35.44711908116665],[139.53248185310122,35.44729581258868],[139.53261229121563,35.447413316287886],[139.53300948444587,35.4470707976225],[139.53337023313517,35.4468658932703],[139.53393659832338,35.446637977851566],[139.5341343665537,35.446480200905654],[139.53435670491834,35.4463682195654],[139.5344685111781,35.44634592333198],[139.53456146914408,35.44635868460032],[139.5347564042297,35.446330887694415],[139.53485886586122,35.44628124488933],[139.53529111123353,35.44599400065404],[139.5354257152104,35.44587394658411],[139.53547133651605,35.44567839592503],[139.53555196046372,35.44545296738002],[139.53556428624734,35.44526057545602],[139.53560008617703,35.44513193639368],[139.53585904004967,35.44479268055038],[139.536572330509,35.44356139673112],[139.53662778843142,35.443384244409636],[139.53802094155412,35.443082726033424],[139.5381353317382,35.44312944590733],[139.53818086380417,35.44334810894758],[139.53833975931275,35.443712959655684],[139.53849494725512,35.44386547980913],[139.53871636144845,35.44397995631378],[139.53883469415877,35.44414506303655],[139.5389343736326,35.44437079264575],[139.5390400171423,35.444487347503376],[139.5392268092854,35.44444226907112],[139.53955434042322,35.44430224855539],[139.5397622825127,35.44425060134412],[139.54007688750633,35.44424755277121],[139.540499171515,35.44422511354937],[139.54064913066043,35.44419258581424],[139.5411671281132,35.44436910136718],[139.54154241685262,35.44462721232816],[139.5418740447365,35.44503880310676],[139.5420264155021,35.44520968761513],[139.54216164806803,35.44526458527915],[139.54275793869033,35.44544712332186],[139.54302000861108,35.4454626740508],[139.54324958176204,35.44544515616362],[139.54361575075745,35.44534211817596],[139.54388614457818,35.445189453325916],[139.54411414497034,35.4449367962418],[139.54428708933415,35.44479801708034],[139.5444405179037,35.444751583873995],[139.54453979216288,35.44474857875646],[139.5445598739858,35.44485552541281],[139.5445331408917,35.44525886638295],[139.5445894940352,35.445419839511686],[139.54486423921978,35.44593099948495],[139.54496858264554,35.44618535591315],[139.54500239314748,35.44633349479365],[139.5451862138935,35.44677525125955],[139.54527387780942,35.447025661843405],[139.54533910395776,35.44713658682308],[139.5454566923006,35.44726045096369],[139.54570229869913,35.44740091896585],[139.54619762258048,35.44760911742181],[139.5463125816791,35.447619562982666],[139.546503413945,35.44758944930631],[139.54683510138304,35.44745646197504],[139.546801006632,35.447692431294115],[139.5467262384479,35.44779788669045],[139.54648605192145,35.44794298867478],[139.54641625813588,35.448058983330235],[139.54632632534555,35.44814500201751],[139.54616355089829,35.448246588530544],[139.54605013801205,35.448352057712846],[139.54603685529258,35.44834199215886],[139.5458373990417,35.44850422895373],[139.54544875527648,35.4488017556883],[139.5452203725777,35.448990049639804],[139.5451229109803,35.44911073149357],[139.5450345655793,35.44940308412241],[139.544972353585,35.44949103364929],[139.54491948277314,35.44966914199176],[139.5449239231019,35.450030760420304],[139.54489471955532,35.45009885828262],[139.54481657374984,35.45002684515658],[139.54477164044482,35.44978720463313],[139.54471195610094,35.449672560392344],[139.54433860232078,35.44971512736128],[139.5439062734598,35.44983068484752],[139.54369745586172,35.44989423779013],[139.54365756792524,35.44999047802792]]]]}},{"type":"Feature","properties":{"area_id":"141120530","city":"横浜市","ward":"旭区","town":"万騎が原","chome":"","num_households":2146},"geometry":{"type":"MultiPolygon","coordinates":[[[[139.5383670422717,35.45420561746391],[139.53829313001523,35.45463591679852],[139.53824683921235,35.45469119018361],[139.53824084898983,35.455022924307436],[139.53829076219338,35.455230361485555],[139.53826685537535,35.455383572786],[139.53793926204983,35.45555400626411],[139.5378198399551,35.45567807819901],[139.53769180657105,35.45573906859787],[139.53760323213012,35.45586504652426],[139.53750516023794,35.45615768542772],[139.53745949673393,35.456364327724316],[139.5374220051721,35.456565919578246],[139.53750936351233,35.45658975735085],[139.53760299867332,35.45658009092209],[139.537614015633,35.45675609768095],[139.5376204805554,35.456900333445],[139.53771619151587,35.45699954013469],[139.53771605291104,35.45703735532057],[139.53751629349784,35.45716426078028],[139.5376235808163,35.457545387815976],[139.5373677542898,35.45778162378167],[139.53725318924418,35.45794693826185],[139.53718317881209,35.458085460387444],[139.53714616559964,35.458203429553365],[139.537170869843,35.45826165641419],[139.5371202394233,35.45829663835991],[139.53707549793126,35.458304204919386],[139.53640214862494,35.458256512909216],[139.53615161071906,35.458223826995116],[139.5359058613366,35.458181855710336],[139.53568478980065,35.458135085730106],[139.53566483251208,35.45812644634425],[139.53558515604465,35.45804382479121],[139.53547738146307,35.45804775273042],[139.53502958857953,35.458114929361145],[139.53467475223633,35.4581353283418],[139.5345282937237,35.45814373634116],[139.53428902360318,35.45814237520931],[139.5340067460821,35.45812752631107],[139.53375698915053,35.45809926992139],[139.53374216983843,35.45809757903513],[139.53319771476836,35.45798099087659],[139.53315948856118,35.45797258735582],[139.53265764067532,35.45792479725398],[139.53235663099144,35.4578965523042],[139.53235235343163,35.45791816120689],[139.53201510140508,35.4578915156123],[139.53201121504253,35.457892172205675],[139.53176729986927,35.45793339825647],[139.53131298757967,35.45805201880592],[139.53107759285635,35.458101678290326],[139.53083337518865,35.45814004647906],[139.5306774778024,35.4581524045347],[139.53064805423332,35.45789071962966],[139.53008610964872,35.45755101885837],[139.53000476188785,35.457502824186165],[139.52967608232288,35.45730859246598],[139.52955960592155,35.45744072629984],[139.52947509641317,35.45747787325396],[139.52942100046275,35.457449604898464],[139.52942256600772,35.457399540543385],[139.52953277240536,35.45722394126548],[139.5294389495978,35.457168496839536],[139.52890800271317,35.4568393593694],[139.52851893966152,35.456607931911286],[139.5278497072827,35.4562107322895],[139.5273040000081,35.455884331017735],[139.52726089117945,35.455858800439],[139.5269926737301,35.455701894803674],[139.52679381130417,35.45559474041585],[139.52678363949332,35.45555351980209],[139.52687746954066,35.45534513567097],[139.52705236460028,35.45504252298548],[139.52721411775755,35.454789628484626],[139.52743460616898,35.454509313028346],[139.52758215240956,35.45430881203885],[139.52777468828472,35.45409113450105],[139.52807297983836,35.45378178932896],[139.5281717115002,35.45369837910556],[139.52826525625906,35.45364396842193],[139.52837867140857,35.45360344475255],[139.52858038396062,35.45355349662221],[139.52881234127523,35.45345943486005],[139.52884565568144,35.45342941332972],[139.52891057701,35.45328468655512],[139.52907609357393,35.453040779560204],[139.52910941321485,35.45299737880329],[139.52933163595117,35.45271012966156],[139.52931522552004,35.45270839838158],[139.52947861428163,35.45250342871743],[139.52951640254196,35.45247320712758],[139.52975843050885,35.45205639906882],[139.52994510018254,35.4517128649861],[139.53002889880273,35.45160522669035],[139.53051178801763,35.451540663710134],[139.53077900099706,35.45151076982358],[139.53189242413225,35.451386195325604],[139.53198420816534,35.45140420385915],[139.53219730573505,35.45149585763553],[139.53258254366284,35.45169451923403],[139.53283561276737,35.451833909968684],[139.53301739448517,35.451911505953625],[139.53316307500174,35.45203478546333],[139.53316500214044,35.45227460400601],[139.5332151443571,35.45242278572974],[139.53318788804518,35.45259542303546],[139.53319784337594,35.452858288679465],[139.5332330593034,35.45295854795153],[139.53369200076585,35.45297056398223],[139.53405765612976,35.45295717279686],[139.5341123258251,35.452964068140844],[139.53426322066827,35.45301021352382],[139.53449748174728,35.45307634923611],[139.53489294752714,35.45314653905229],[139.5351541384044,35.45318619063697],[139.53540826132698,35.45323409817297],[139.53568825531954,35.4532624212258],[139.53575710372047,35.453111362397955],[139.53577702049822,35.453013914952365],[139.5357747508589,35.45273022437076],[139.53587011049888,35.4527125707984],[139.5363599618106,35.452707918404954],[139.53660024616997,35.45269244662551],[139.53696270040052,35.45301680037876],[139.53712210440233,35.45316644204456],[139.53722561374045,35.45329123067776],[139.53730446031116,35.453428917045066],[139.53737107760492,35.453603861640694],[139.5374871224989,35.45383064899263],[139.53762873892447,35.45400813324023],[139.53780100785167,35.45412333576347],[139.53800743601263,35.454188058618286],[139.5383670422717,35.45420561746391]]]]}},{"type":"Feature","properties":{"area_id":"141120540","city":"横浜市","ward":"旭区","town":"柏町","chome":"","num_households":2255},"geometry":{"type":"MultiPolygon","coordinates":[[[[139.52915079915508,35.449440630659865],[139.52917384892268,35.44958237355376],[139.52922423444602,35.449709397521794],[139.52928330140256,35.449793839076015],[139.52934533487723,35.44984423989253],[139.52936651306882,35.44985425815431],[139.5294603686406,35.44989864701955],[139.5296367262203,35.44991771634482],[139.52972071890903,35.44994187072424],[139.5299374046651,35.45006786761038],[139.5300523933372,35.45011723947856],[139.53031649845389,35.450312824419335],[139.5304604235107,35.45043180701613],[139.53068927237032,35.450712194437465],[139.53074679247612,35.450784835745736],[139.53083270897872,35.450835682075116],[139.5309080549652,35.45091108012388],[139.53111557331874,35.45097529252557],[139.5312748463811,35.451012519966426],[139.53145500376957,35.451103389399876],[139.53174153246962,35.45127054088054],[139.53189242413225,35.451386195325604],[139.53077900099706,35.45151076982358],[139.53051178801763,35.451540663710134],[139.53002889880273,35.45160522669035],[139.52994510018254,35.4517128649861],[139.52975843050885,35.45205639906882],[139.52951640254196,35.45247320712758],[139.52947861428163,35.45250342871743],[139.52931522552004,35.45270839838158],[139.52933163595117,35.45271012966156],[139.52910941321485,35.45299737880329],[139.52907609357393,35.453040779560204],[139.52891057701,35.45328468655512],[139.52884565568144,35.45342941332972],[139.52881234127523,35.45345943486005],[139.52858038396062,35.45355349662221],[139.52837867140857,35.45360344475255],[139.52826525625906,35.45364396842193],[139.5281717115002,35.45369837910556],[139.52807297983836,35.45378178932896],[139.52777468828472,35.45409113450105],[139.52758215240956,35.45430881203885],[139.52743460616898,35.454509313028346],[139.52721411775755,35.454789628484626],[139.52705236460028,35.45504252298548],[139.52687746954066,35.45534513567097],[139.52678363949332,35.45555351980209],[139.52569933448348,35.454914593490656],[139.5255806338788,35.454833448786715],[139.52483650461485,35.45440864593406],[139.5245992993825,35.45426910242852],[139.5242661742608,35.45407294088987],[139.52333960822477,35.453527349163906],[139.52265485170471,35.45311609661542],[139.52244214186624,35.45298639941386],[139.52243230955972,35.452980423056346],[139.52239380120716,35.45281008161151],[139.52205424786138,35.45260907344155],[139.5220293860623,35.45257809526876],[139.52192685547737,35.452528993561955],[139.5217824348912,35.45237246344386],[139.52177510127945,35.45234927715293],[139.52168779745037,35.452223209435964],[139.52156254019653,35.45198482791427],[139.52149106513778,35.451759930164016],[139.52137375536557,35.45131794682634],[139.52135895998558,35.4512824769625],[139.52130890015923,35.45116246584432],[139.5211745432952,35.45095796835089],[139.5210267784117,35.45081635723157],[139.5209211051951,35.45071752984866],[139.52080071615012,35.45047877272192],[139.5207149476373,35.45021750030294],[139.52074356573425,35.45005451363318],[139.5207820535629,35.44986486398719],[139.5208054317719,35.449749645611206],[139.52083078443783,35.44962467736662],[139.52098437816187,35.44944124080284],[139.52120404943517,35.44919484128965],[139.52124572669572,35.44909357782457],[139.52132593103684,35.44844425612321],[139.52141878173788,35.44841277136298],[139.5216500650854,35.44829622329568],[139.52167500569706,35.4482732952154],[139.52174572588643,35.44821668375817],[139.52181569654357,35.44817073855749],[139.52274828948964,35.44797560970638],[139.52319620660285,35.44788190476734],[139.52357163163316,35.44780121566572],[139.52394288086836,35.447703894929845],[139.52395613039394,35.44773315352355],[139.52429793340605,35.44848788332634],[139.5243182874203,35.448532828640126],[139.52450583753748,35.44892879119963],[139.52452852632737,35.448976701184506],[139.52457275153088,35.44907005015855],[139.52472722803537,35.449377057133006],[139.52477816451233,35.44959552601585],[139.52481130396197,35.449588604311224],[139.52558688834213,35.44942664259646],[139.52564235495058,35.44941505825937],[139.5257379998523,35.44939583046337],[139.52593947415556,35.44935532371353],[139.5260097544321,35.44934117134329],[139.52628258520102,35.44928063427999],[139.5263633792232,35.44926270627904],[139.52663606427402,35.449200935756615],[139.52670047158577,35.4491863461368],[139.52691982667184,35.449139544867954],[139.52733310664135,35.449051370167695],[139.52766903743122,35.44898025037839],[139.52807800636387,35.448893646337915],[139.52796010865467,35.448445967943435],[139.52795465709139,35.44842528633787],[139.527995510963,35.44842074134408],[139.52835375287574,35.44841189335529],[139.52839452915873,35.44844477697074],[139.52868969537855,35.44961344180069],[139.52908877628857,35.44953061238479],[139.52915079915508,35.449440630659865]]]]}},{"type":"Feature","properties":{"area_id":"141120550","city":"横浜市","ward":"旭区","town":"さちが丘","chome":"","num_households":4446},"geometry":{"type":"MultiPolygon","coordinates":[[[[139.52893792021325,35.46217912323153],[139.52861156013745,35.46235259596274],[139.52852192301572,35.46238430691045],[139.528375197512,35.462410206379616],[139.52805964063447,35.462423815092],[139.52795410657558,35.46243133158136],[139.52752409671137,35.46246077825984],[139.52746111066062,35.46245558481045],[139.5272624582849,35.46240248104331],[139.52716952115355,35.4623455587433],[139.5271692194963,35.462334149890744],[139.52699426204293,35.462235226445905],[139.52698646004868,35.46242558818001],[139.5269287297965,35.46261691565023],[139.52687273703344,35.46271353322514],[139.52687405645474,35.46279103303603],[139.52687834876835,35.46286766118208],[139.5269711452768,35.463063839526235],[139.5269549936075,35.46336738089565],[139.52697512028007,35.4636772105984],[139.52690983338505,35.46368817315312],[139.52637720149266,35.463789045155885],[139.52589122472511,35.46390034993875],[139.52534941306834,35.4640377431604],[139.52512949743877,35.46410320549545],[139.52491699223614,35.46419484743668],[139.52482409483508,35.46424934295012],[139.5247005844051,35.4643217950045],[139.52460325934734,35.464438481321764],[139.52452719842262,35.46449800490155],[139.52436868595,35.464667421573544],[139.52414300469846,35.464911841348275],[139.5240772887642,35.46496706066635],[139.52384391062415,35.46506875272519],[139.52367736218108,35.465099561193895],[139.52353931239907,35.46511181464582],[139.52335687393685,35.46511142060406],[139.52328782150838,35.46508828763535],[139.52311671068793,35.46496824233569],[139.52293034664896,35.464841538318076],[139.5227352373388,35.46473396714821],[139.52240524564178,35.46464886515744],[139.52150485469795,35.46446748038889],[139.5213659148261,35.46446497641376],[139.52154325215224,35.46441539777769],[139.52178079151102,35.46437333169422],[139.52196936917028,35.464265472825716],[139.52172590619205,35.46402492666315],[139.52164684915246,35.463901099280065],[139.52143050618676,35.463642522675315],[139.52135406932223,35.46353173072281],[139.52121516346563,35.46322569092543],[139.5210358478615,35.4628306145028],[139.5212148883081,35.46270118429778],[139.52155489808914,35.46251318872107],[139.52180985541207,35.46238349529951],[139.52213692454959,35.46230310201885],[139.5223819631614,35.46221728701715],[139.5226032266288,35.46211401745268],[139.52257725307356,35.461890506405894],[139.52256498153716,35.46165182005541],[139.5225554204143,35.46157524834045],[139.52258130270476,35.46138003717221],[139.5227209290774,35.46123589120832],[139.52271506410688,35.46115485768671],[139.52235181343343,35.461106917959555],[139.52221045031297,35.460909283296694],[139.5221859848202,35.46086990934624],[139.52224179096586,35.46060866450987],[139.52221655823848,35.460571051863646],[139.522149006117,35.46045664257241],[139.5220576245825,35.46049219382655],[139.52176572693793,35.46008167222545],[139.52178889909794,35.46003571773579],[139.52156294015788,35.45967211744406],[139.52152409806786,35.45966730000372],[139.52145096017014,35.45942651915592],[139.52150020449005,35.45932295098094],[139.5215728968713,35.45926570955271],[139.52196573536622,35.45916833942127],[139.5220981024082,35.45913170835894],[139.52215179419244,35.45909702286003],[139.5224853260131,35.45880387025143],[139.5224479350819,35.45875743762802],[139.52234926114969,35.45868841900595],[139.5220254549611,35.458433088250096],[139.5217738475121,35.45818751841312],[139.52139297576403,35.4576876074335],[139.52120079073939,35.45746757627737],[139.52115344622206,35.45741337113375],[139.52075065634173,35.45696339991978],[139.5206135813581,35.45680988028122],[139.52055883934062,35.45672125621456],[139.52040433812022,35.45636646336244],[139.5200042084006,35.455948255053],[139.51992799457207,35.455885770040375],[139.52019995987004,35.455641263861935],[139.52023826472413,35.455606825192746],[139.52031198683449,35.4552701089602],[139.52047423033332,35.45510610766687],[139.52058704357523,35.455193814486094],[139.52069102908447,35.455274657113456],[139.5207347705036,35.45511931568514],[139.52073625720146,35.45509717872758],[139.52074154976302,35.45501838416417],[139.52067198278752,35.45455620780794],[139.52071469769467,35.454421461882625],[139.52072160310723,35.454405107927975],[139.5207432801318,35.45445269693498],[139.52096595614125,35.45459781098418],[139.52102860967543,35.45462684458126],[139.5213159252925,35.45474339279335],[139.52144719136223,35.45478190997813],[139.52147935355052,35.45479134720943],[139.52179806628868,35.454834631073204],[139.52221379519204,35.45487295203621],[139.52247900334623,35.45489169539462],[139.52255230678853,35.454887376421375],[139.5225637168698,35.45481272381869],[139.52260531336054,35.454817372602406],[139.5226228435791,35.454583233030206],[139.52264354878517,35.45430692005933],[139.52264570338224,35.45427812345759],[139.5226516771828,35.45426912490458],[139.52281304723363,35.45405721968781],[139.52284366132605,35.4540132146941],[139.52286175606974,35.453828441583426],[139.5228538526573,35.45377395081567],[139.5228335404514,35.453634042979935],[139.5226609383363,35.45333026212297],[139.52244119166014,35.4532349129397],[139.52244214186624,35.45298639941386],[139.52265485170471,35.45311609661542],[139.52333960822477,35.453527349163906],[139.5242661742608,35.45407294088987],[139.5245992993825,35.45426910242852],[139.52483650461485,35.45440864593406],[139.5255806338788,35.454833448786715],[139.52569933448348,35.454914593490656],[139.52678363949332,35.45555351980209],[139.52679381130417,35.45559474041585],[139.5269926737301,35.455701894803674],[139.52726089117945,35.455858800439],[139.5273040000081,35.455884331017735],[139.5278497072827,35.4562107322895],[139.52851893966152,35.456607931911286],[139.52890800271317,35.4568393593694],[139.5294389495978,35.457168496839536],[139.52953277240536,35.45722394126548],[139.52942256600772,35.457399540543385],[139.52942100046275,35.457449604898464],[139.52947509641317,35.45747787325396],[139.52955960592155,35.45744072629984],[139.52967608232288,35.45730859246598],[139.53000476188785,35.457502824186165],[139.53008610964872,35.45755101885837],[139.53064805423332,35.45789071962966],[139.5306774778024,35.45815240453473],[139.53083337518865,35.45814004647906],[139.53107759285635,35.458101678290326],[139.53131298757967,35.45805201880592],[139.53176729986927,35.45793339825647],[139.53201121504253,35.457892172205675],[139.53201510140508,35.4578915156123],[139.53235235343163,35.45791816120689],[139.5323128550532,35.45811210519772],[139.53182649117682,35.45838930414645],[139.53179061085407,35.458455480904206],[139.5317215817303,35.45856491779286],[139.5316407288359,35.45870002972038],[139.53157482096637,35.459125519747595],[139.5314980173158,35.45937496819275],[139.53145024769682,35.45953023145679],[139.5314318897277,35.4597034198546],[139.5313894911713,35.4600678441839],[139.5311054189277,35.4604904679794],[139.5304998908925,35.460859652358025],[139.53040163609992,35.460957820260205],[139.530371129437,35.46105362184594],[139.53013910123545,35.4609785030051],[139.53003928719724,35.46095300835097],[139.52998426444643,35.46132535815857],[139.52997156442493,35.46141254243745],[139.53013984167157,35.46150317102614],[139.53030999577638,35.46168989119278],[139.53051694134444,35.46196958675359],[139.5304754510264,35.46198730026693],[139.53036983408253,35.46206854792043],[139.53033546935524,35.46209719371242],[139.53033218211286,35.46209017871961],[139.52996227510798,35.461942642287234],[139.52970100810506,35.46183125392756],[139.52942726793697,35.46177546626866],[139.5291360555046,35.4619930759031],[139.52905918496802,35.46212573184943],[139.52893792021325,35.46217912323153]]]]}},{"type":"Feature","properties":{"area_id":"14112056001","city":"横浜市","ward":"旭区","town":"東希望が丘","chome":"","num_households":2635},"geometry":{"type":"MultiPolygon","coordinates":[[[[139.5213659148261,35.46446497641376],[139.52132922729086,35.464464318835184],[139.52113659067737,35.46445273215741],[139.5211057251054,35.464454589405356],[139.5208693041495,35.46446884088526],[139.52064530459674,35.46451498868357],[139.52037777151574,35.46459464926645],[139.51991804915565,35.46476349492704],[139.51959560863205,35.464862272770205],[139.519529316876,35.46488766427758],[139.51936484689017,35.46489283780024],[139.5190741832302,35.46488286228271],[139.51865459823028,35.464883535636865],[139.51850361795658,35.46494479782668],[139.51845551354472,35.464980200967545],[139.51834328710524,35.465058358743434],[139.51818050667126,35.46522050230854],[139.51799027442686,35.46539190571737],[139.51778390447052,35.46560066034458],[139.51762805987426,35.465738526618864],[139.51760121994744,35.46576754064134],[139.51740692959442,35.46593562286454],[139.5172778850031,35.46607123505972],[139.5169871086625,35.466346808823594],[139.51692451104796,35.46639548317551],[139.51677392838056,35.46646934965019],[139.51659055479806,35.46656379841358],[139.5159890716887,35.46700408413551],[139.51579508300546,35.467137764697235],[139.51566229112186,35.4671741068489],[139.51541035549488,35.46716408146897],[139.51505499783252,35.46716970091911],[139.5149196785422,35.467093961510116],[139.5147215498066,35.46695112065406],[139.51460271238184,35.46685415700247],[139.51440454447263,35.466716421544575],[139.51429080347432,35.46668049112027],[139.51396808929277,35.46665992550732],[139.51380695761642,35.466657951524844],[139.51356377613152,35.46665460057792],[139.5132657933593,35.46668705463027],[139.51325950687718,35.46668774282877],[139.5129715624248,35.466733849036686],[139.5126595593677,35.466796263370156],[139.51256477129542,35.46683542298731],[139.51253684527478,35.4668469598981],[139.51245350177996,35.466678539072404],[139.5122054617456,35.46623046536823],[139.51227821654652,35.466182665829585],[139.5126260047806,35.46600126423222],[139.51266275536776,35.466002628813776],[139.51257433133796,35.465780323213416],[139.5124977703022,35.46564382146962],[139.51240869668612,35.465455386433604],[139.51235921904666,35.465337476812365],[139.51235141725053,35.4652379515071],[139.5123769117992,35.46494696994957],[139.5124092455198,35.46484114238054],[139.51241578564125,35.46481975171284],[139.51246705144393,35.4642929623765],[139.5125017071203,35.464111755912576],[139.51251438644775,35.46393172265715],[139.51255081591725,35.46371038040633],[139.51255496187622,35.463685110258616],[139.51257322878902,35.46354495051902],[139.51257267776103,35.46322851335274],[139.5125791306351,35.4628283983356],[139.51258172575996,35.46273854867796],[139.51258593263273,35.46244888342883],[139.51277617983914,35.46242678011705],[139.51282738189371,35.46225653191097],[139.5128608761878,35.461895572372626],[139.5128529586579,35.46162411411593],[139.51285032177654,35.461567383452675],[139.51284321702894,35.46148627442887],[139.51263034050575,35.46089607304534],[139.5128893612693,35.46082904796573],[139.51319948298826,35.46075729586371],[139.51344064105356,35.460690750168474],[139.51374115012223,35.46062274006156],[139.51396647940874,35.46058104510217],[139.51443828996977,35.46044823856344],[139.51453757485643,35.46042068240311],[139.51455819315007,35.4603649980783],[139.5146524981975,35.46033957770526],[139.51491585718088,35.46026280492679],[139.51523985090552,35.46018686009838],[139.51536973841635,35.46016913739873],[139.51554967881353,35.46013971596113],[139.51574890679166,35.460119532510305],[139.5159885594035,35.460084772721416],[139.51627237771484,35.46007491668069],[139.51657133845006,35.46009386600775],[139.51661507638119,35.46009388167565],[139.51672624688857,35.46009391756129],[139.51708586924687,35.46014006555666],[139.51723705405772,35.460152077239925],[139.51725632440804,35.46015360847109],[139.51737314671354,35.460175601809794],[139.51753860846978,35.46020624365055],[139.5176747220033,35.46024719549667],[139.51797731851417,35.46028333346955],[139.51806934437317,35.4603020223073],[139.51852304225164,35.46037626172638],[139.51870942274422,35.46041181464931],[139.5188425514549,35.46042381432262],[139.51899429481395,35.460474277271366],[139.5193205033348,35.460542337859984],[139.519765594425,35.46061735999134],[139.52035360990337,35.46074243148877],[139.52044631164404,35.46075872586152],[139.5205973198094,35.46079950189642],[139.52081174425942,35.46084512342899],[139.520950723529,35.46087470576934],[139.52125333836335,35.460951432360595],[139.52161521624453,35.46102813480662],[139.52168752751973,35.46102550359611],[139.52185702241687,35.461087908704364],[139.5220730897376,35.46114881289574],[139.5227209290774,35.46123589120832],[139.52258130270476,35.46138003717221],[139.5225554204143,35.46157524834045],[139.52256498153716,35.46165182005541],[139.52257725307356,35.461890506405894],[139.5226032266288,35.46211401745268],[139.5223819631614,35.46221728701716],[139.52213692454959,35.46230310201885],[139.52180985541207,35.462383495299555],[139.52155489808914,35.46251318872107],[139.5212148883081,35.46270118429778],[139.5210358478615,35.4628306145028],[139.52121516346563,35.46322569092543],[139.52135406932223,35.46353173072281],[139.52143050618676,35.463642522675315],[139.52164684915246,35.463901099280065],[139.52172590619205,35.46402492666315],[139.52196936917028,35.464265472825716],[139.52178079151102,35.46437333169422],[139.52154325215224,35.46441539777769],[139.5213659148261,35.46446497641376]]]]}},{"type":"Feature","properties":{"area_id":"14112056002","city":"横浜市","ward":"旭区","town":"東希望が丘","chome":"","num_households":2265},"geometry":{"type":"MultiPolygon","coordinates":[[[[139.5120549665223,35.466957198119026],[139.51188228052993,35.46698705702113],[139.51172791353005,35.467042809176185],[139.51148776497922,35.46715269886449],[139.51106775070414,35.4673552433446],[139.51068064637542,35.46752850719576],[139.51065054810863,35.46754279368201],[139.51043567129423,35.467644896527275],[139.5101425148345,35.467771719273756],[139.50981539055624,35.467921409214796],[139.50951955752484,35.46805477306534],[139.50924862611808,35.468176124610764],[139.5092252988351,35.46818655497571],[139.5087358351719,35.46842675461176],[139.5085152143921,35.468520527161246],[139.50833698507932,35.46856719738805],[139.50819510602713,35.46858653481198],[139.508145857943,35.468583303109575],[139.50791950771716,35.46851269747608],[139.50772399285069,35.468405625861166],[139.5076659403024,35.468370858666425],[139.5074958685395,35.4682518829784],[139.50739669514,35.468200209248295],[139.5071259381867,35.46800416909959],[139.50710710078653,35.467990210869154],[139.50694983090784,35.467920071101986],[139.50648187928365,35.46775145579125],[139.50619911790884,35.46768294860337],[139.50609025360993,35.46764902899388],[139.50538130466995,35.467446801705115],[139.5051620846363,35.46750821409829],[139.50493454258668,35.4675517524502],[139.50496558471983,35.46748057026064],[139.50499323077952,35.46742423817154],[139.50515668506117,35.467242784015994],[139.5054641547091,35.46694946838354],[139.50549336511565,35.466512974271254],[139.50550032524868,35.466446762968445],[139.50542261051402,35.4663843709203],[139.50542619837,35.46638071929193],[139.50559576239957,35.4662199492772],[139.50569756902578,35.46609395935922],[139.50594040619154,35.46583310748204],[139.50604474044448,35.46570430772959],[139.5064590405578,35.465205614142945],[139.50674033919145,35.464846309374906],[139.50683089852274,35.46471764717908],[139.50704898251362,35.46440299479578],[139.507232240746,35.4641536692996],[139.5075037766054,35.46375898524433],[139.50775339787356,35.463418817788295],[139.50816767380388,35.46301726101589],[139.50841035152638,35.46280816174719],[139.50892043620684,35.46242520330808],[139.50928720757543,35.46217953213144],[139.50957044478093,35.46200536250509],[139.5098027331987,35.461871723526144],[139.5100258045813,35.46175059505878],[139.51038957086845,35.461584313229615],[139.51071319288044,35.461446760523955],[139.51128326579354,35.461242643130035],[139.51138823239828,35.46120985917496],[139.51146635474774,35.46118545289874],[139.51184497932405,35.461079309828065],[139.51207990040112,35.4610065882985],[139.51263034050575,35.46089607304534],[139.51284321702894,35.46148627442887],[139.51285032177654,35.461567383452675],[139.5128529586579,35.46162411411593],[139.5128608761878,35.461895572372626],[139.51282738189371,35.46225653191097],[139.51277617983914,35.46242678011705],[139.51258593263273,35.46244888342883],[139.51258172575996,35.46273854867796],[139.5125791306351,35.4628283983356],[139.51257267776103,35.46322851335274],[139.51257322878902,35.46354495051902],[139.51255496187622,35.463685110258616],[139.51255081591725,35.46371038040633],[139.51251438644775,35.46393172265715],[139.5125017071203,35.464111755912576],[139.51246705144393,35.4642929623765],[139.51241578564125,35.46481975171284],[139.5124092455198,35.46484114238054],[139.5123769117992,35.46494696994957],[139.51235141725053,35.4652379515071],[139.51235921904666,35.465337476812365],[139.51240869668612,35.465455386433604],[139.5124977703022,35.46564382146962],[139.51257433133793,35.46578032321344],[139.5126627553677,35.466002628813776],[139.5126260047806,35.46600126423222],[139.51227821654652,35.466182665829585],[139.5122054617456,35.46623046536823],[139.51245350177996,35.466678539072404],[139.51253684527478,35.4668469598981],[139.5124345191678,35.466868484398276],[139.51226620187597,35.46690920074053],[139.5120549665223,35.466957198119026]]]]}},{"type":"Feature","properties":{"area_id":"14112057001","city":"横浜市","ward":"旭区","town":"中希望が丘","chome":"","num_households":2840},"geometry":{"type":"MultiPolygon","coordinates":[[[[139.51992799457207,35.455885770040375],[139.5200042084006,35.455948255053],[139.52040433812022,35.45636646336244],[139.52055883934062,35.45672125621456],[139.5206135813581,35.45680988028122],[139.52075065634173,35.45696339991978],[139.52115344622206,35.45741337113375],[139.52120079073939,35.45746757627737],[139.52139297576403,35.4576876074335],[139.5217738475121,35.45818751841312],[139.5220254549611,35.458433088250096],[139.52234926114969,35.45868841900595],[139.5224479350819,35.45875743762802],[139.5224853260131,35.45880387025143],[139.52215179419244,35.45909702286003],[139.5220981024082,35.45913170835894],[139.52196573536622,35.45916833942127],[139.5215728968713,35.45926570955271],[139.52150020449005,35.45932295098094],[139.52145096017014,35.45942651915592],[139.52152409806786,35.45966730000372],[139.52156294015788,35.45967211744406],[139.52178889909794,35.46003571773579],[139.52176572693793,35.46008167222545],[139.5220576245825,35.46049219382655],[139.522149006117,35.46045664257241],[139.52221655823848,35.460571051863646],[139.52224179096586,35.46060866450987],[139.5221859848202,35.46086990934624],[139.52221045031297,35.460909283296694],[139.52235181343343,35.461106917959555],[139.52271506410688,35.46115485768671],[139.5227209290774,35.46123589120832],[139.5220730897376,35.46114881289574],[139.52185702241687,35.461087908704364],[139.52168752751973,35.46102550359611],[139.52161521624447,35.46102813480663],[139.52125333836335,35.460951432360595],[139.520950723529,35.46087470576934],[139.52081174425942,35.46084512342899],[139.5205973198094,35.46079950189642],[139.52044631164404,35.46075872586152],[139.52035360990337,35.46074243148877],[139.519765594425,35.46061735999134],[139.5193205033348,35.460542337859984],[139.51899429481395,35.460474277271366],[139.5188425514549,35.46042381432262],[139.51870942274422,35.46041181464931],[139.51852304225164,35.46037626172638],[139.51806934437317,35.4603020223073],[139.51797731851417,35.46028333346955],[139.5176747220033,35.46024719549667],[139.51753860846978,35.46020624365055],[139.51737314671354,35.460175601809794],[139.51725632440804,35.46015360847109],[139.51723705405772,35.460152077239925],[139.51708586924687,35.46014006555666],[139.51672624688857,35.46009391756129],[139.51661507638119,35.46009388167565],[139.51657133845006,35.46009386600775],[139.51627237771476,35.46007491668069],[139.5159885594035,35.460084772721416],[139.51574890679166,35.460119532510305],[139.5155496788135,35.46013971596113],[139.51536973841635,35.46016913739873],[139.51523985090552,35.46018686009838],[139.51491585718088,35.46026280492679],[139.5146524981975,35.46033957770526],[139.51455819315007,35.4603649980783],[139.51453757485643,35.46042068240311],[139.51443828996977,35.46044823856344],[139.51396647940874,35.46058104510217],[139.51374115012223,35.46062274006156],[139.51344064105356,35.460690750168474],[139.51319948298826,35.46075729586371],[139.5128893612693,35.46082904796573],[139.51263034050575,35.46089607304534],[139.5125853159252,35.460762047698914],[139.5120969231014,35.46084797319575],[139.51173320151605,35.460902467599475],[139.51170189983327,35.46058499436863],[139.511663607631,35.460321269945524],[139.5116501028448,35.46022116572183],[139.51162977319777,35.460062311300135],[139.51156866180634,35.45980109612189],[139.51156462739706,35.45978829511318],[139.51151115670478,35.45961865857637],[139.5111168268472,35.45961680107343],[139.51106596213086,35.45961064549036],[139.51105237042083,35.459244557520975],[139.51097427203402,35.45923104034688],[139.51047584500645,35.459097920856095],[139.51035930522588,35.459059864646974],[139.51027837572687,35.45903324158959],[139.5100222102467,35.458918651552764],[139.50993035032212,35.45888076685429],[139.5099502613274,35.458862721024744],[139.51001538286604,35.45885504315969],[139.51019733358046,35.4587692257488],[139.51027855121225,35.45875588592727],[139.51042647781054,35.45873047030201],[139.51121845808214,35.458594373791755],[139.51134196806555,35.45857311808509],[139.51177836168105,35.45849815014493],[139.51174603650105,35.45846693757112],[139.5116626728049,35.45810890464745],[139.5116505969724,35.45793063568273],[139.51166172664315,35.45773887267368],[139.5116702887134,35.457690198337176],[139.51175325662547,35.457283135407096],[139.5116847175876,35.45726805997375],[139.5116264501476,35.45720237755776],[139.51164548892532,35.45711095047831],[139.51170678513253,35.457063579123066],[139.51176888545925,35.45705233502939],[139.51188203663094,35.457081824858754],[139.51206621768043,35.45719273406939],[139.51223499853376,35.45727441245255],[139.5124069501914,35.457338352747136],[139.51258139236438,35.45735430766826],[139.51274692023512,35.45728467556132],[139.51305362760385,35.45705548971948],[139.51331105386834,35.45692599662841],[139.51333619170342,35.45687535954902],[139.51334162770078,35.45685019713183],[139.51355268168498,35.45681959371178],[139.5136506982017,35.45678520380898],[139.5137912103016,35.45670194887175],[139.51400320207782,35.456700887856954],[139.51409913740054,35.45668698585916],[139.51424274598858,35.456620710703916],[139.51444256958175,35.456474196758315],[139.51468241254832,35.45628444341171],[139.514930603289,35.456133091787244],[139.51503859854324,35.45610538189692],[139.51506937328918,35.45613148340713],[139.51513715417227,35.45625729305368],[139.51517369787913,35.45636538010376],[139.51521972685902,35.45636423389267],[139.51523095865582,35.456347961385944],[139.51576903831398,35.45598466004108],[139.51597811789114,35.455869469837616],[139.5162962725799,35.45569748886613],[139.51646526261706,35.45561610140781],[139.51685650060926,35.455440824369894],[139.51719992153693,35.45529982218548],[139.51772251766636,35.45514122299198],[139.51784407783674,35.455143652249276],[139.51791843413469,35.45513983185516],[139.5181531404137,35.45517297781196],[139.5184540768356,35.45525002586704],[139.5188898189319,35.45538228219567],[139.5191557336188,35.455519060193446],[139.51976416228058,35.45575982129756],[139.5198037029206,35.455783866757415],[139.51992799457207,35.455885770040375]]]]}},{"type":"Feature","properties":{"area_id":"14112057002","city":"横浜市","ward":"旭区","town":"中希望が丘","chome":"","num_households":2013},"geometry":{"type":"MultiPolygon","coordinates":[[[[139.51263034050575,35.46089607304534],[139.51207990040112,35.4610065882985],[139.51184497932405,35.461079309828065],[139.51146635474774,35.46118545289874],[139.51138823239828,35.46120985917496],[139.51128326579354,35.461242643130035],[139.51071319288044,35.461446760523955],[139.51038957086845,35.461584313229615],[139.5100258045813,35.46175059505878],[139.5098027331987,35.461871723526144],[139.50957044478093,35.46200536250509],[139.50928720757543,35.46217953213144],[139.50892043620684,35.46242520330808],[139.50841035152635,35.46280816174719],[139.50816767380388,35.46301726101589],[139.50775339787356,35.463418817788295],[139.5075037766054,35.46375898524433],[139.507232240746,35.4641536692996],[139.50704898251362,35.46440299479578],[139.50683089852274,35.46471764717908],[139.50674033919145,35.464846309374906],[139.5064590405578,35.46520561414298],[139.50604474044448,35.46570430772961],[139.50594040619154,35.46583310748204],[139.50569756902578,35.46609395935922],[139.50559576239957,35.4662199492772],[139.50542619837,35.46638071929193],[139.50542261051396,35.46638437092031],[139.50537370392843,35.46634505016196],[139.50523996228927,35.46623764912433],[139.50531616394258,35.466147646269576],[139.50533628653082,35.466089286709874],[139.5052682776451,35.465825447800505],[139.50521449299313,35.4655405557885],[139.50512431978288,35.465191906168165],[139.5050812511226,35.46509302468535],[139.50506720051416,35.4650607686722],[139.5049423743267,35.46476681199306],[139.5049301601071,35.464734956508444],[139.504923359299,35.46471721960253],[139.5048522359065,35.46453182133588],[139.50483578065766,35.46407471085745],[139.50481115103312,35.46393450761601],[139.50473791497518,35.463517524660055],[139.5047350669154,35.463466602251756],[139.5047635670423,35.462908631200655],[139.50478369944872,35.46255637039186],[139.5048147311464,35.46231793942001],[139.50482354970717,35.46225018389459],[139.50485989755094,35.46195852920352],[139.50491027958068,35.4614691693997],[139.50493545501348,35.461224488690725],[139.50495201770224,35.46118889970601],[139.50495644672617,35.461179369584],[139.50505421589156,35.46096935561707],[139.50510090716705,35.460869061440874],[139.50519622167465,35.46072347618576],[139.5052630621736,35.4606214042473],[139.50527228491768,35.46060730965592],[139.50549664525806,35.460264645945436],[139.50565726695214,35.46003311089283],[139.5059578080911,35.45966674372565],[139.5059682868707,35.45965606787814],[139.50599458350055,35.459629307917744],[139.50607584742647,35.459546535153],[139.50651985140473,35.45908784115446],[139.5065704825977,35.45903480896084],[139.5069511324952,35.4585488666896],[139.50709770310536,35.45836922660381],[139.50751364633234,35.45785946786441],[139.50778245090797,35.45748769219507],[139.50784456428852,35.45729078346301],[139.50780655106306,35.45689603974506],[139.50782068901805,35.45691271354598],[139.50783315021377,35.456927412708765],[139.5080485746168,35.4571833729746],[139.50827694051176,35.45743183186278],[139.50836102379552,35.45747730226227],[139.50841691101965,35.45747583120114],[139.50845121878106,35.45747377491016],[139.50875390349682,35.45744873761631],[139.5090595060355,35.45736113764589],[139.50945021671637,35.45736281325214],[139.50971263443137,35.45737566178125],[139.51025160785824,35.45735234610922],[139.51035425078936,35.457338767998905],[139.5103736619015,35.45733865741113],[139.51052949502775,35.45749140873011],[139.51072902637293,35.45741373882171],[139.51088368434242,35.45735353596411],[139.5109895359163,35.45732783188427],[139.51115310557097,35.45731812597589],[139.5113379025686,35.45726224446648],[139.51145475468397,35.457259139328805],[139.51168958807233,35.45728247355303],[139.5116847175876,35.45726805997375],[139.51175325662547,35.457283135407096],[139.5116702887134,35.457690198337176],[139.51166172664315,35.45773887267368],[139.5116505969724,35.45793063568273],[139.5116626728049,35.45810890464745],[139.51174603650105,35.45846693757112],[139.51177836168105,35.45849815014493],[139.51134196806555,35.45857311808509],[139.51121845808214,35.458594373791755],[139.51042647781054,35.45873047030201],[139.51027855121225,35.45875588592727],[139.51019733358046,35.4587692257488],[139.51001538286604,35.45885504315969],[139.50995026132745,35.458862721024765],[139.50993035032212,35.45888076685429],[139.5100222102467,35.458918651552764],[139.51027837572687,35.45903324158959],[139.51035930522588,35.459059864646974],[139.51047584500645,35.459097920856095],[139.51097427203402,35.45923104034688],[139.51105237042083,35.459244557520975],[139.51106596213086,35.45961064549036],[139.5111168268472,35.45961680107343],[139.51151115670478,35.45961865857637],[139.51156462739706,35.45978829511318],[139.51156866180634,35.45980109612189],[139.51162977319777,35.460062311300135],[139.5116501028448,35.46022116572183],[139.511663607631,35.460321269945524],[139.51170189983327,35.46058499436863],[139.51173320151605,35.460902467599475],[139.5120969231014,35.46084797319575],[139.5125853159252,35.460762047698914],[139.51263034050575,35.46089607304534]]]]}},{"type":"Feature","properties":{"area_id":"141120580","city":"横浜市","ward":"旭区","town":"南希望が丘","chome":"","num_households":2215},"geometry":{"type":"MultiPolygon","coordinates":[[[[139.5113379025686,35.45726224446648],[139.51115310557097,35.45731812597589],[139.5109895359163,35.45732783188427],[139.51088368434242,35.45735353596411],[139.51072902637293,35.45741373882171],[139.51052949502775,35.45749140873011],[139.5103736619015,35.45733865741113],[139.51035425078936,35.457338767998905],[139.51025160785824,35.45735234610922],[139.50971263443137,35.45737566178125],[139.50945021671637,35.45736281325214],[139.5090595060355,35.45736113764589],[139.50875390349682,35.45744873761631],[139.50845121878106,35.45747377491016],[139.50841691101965,35.45747583120114],[139.50836102379552,35.45747730226227],[139.50827694051176,35.45743183186278],[139.5080485746168,35.4571833729746],[139.50783315021377,35.456927412708765],[139.50782068901805,35.45691271354598],[139.50780655106306,35.45689603974506],[139.50777844234062,35.4568597321288],[139.50777711123663,35.45661691489968],[139.50777659698937,35.45652501333696],[139.50775018688427,35.45596192312367],[139.50776611338847,35.455772882578565],[139.50779923475076,35.45551829133511],[139.50781539577093,35.455394146548564],[139.50782290664208,35.45506015742652],[139.507753417011,35.45495518440661],[139.5071948039896,35.454263734078836],[139.5071924495264,35.4542608056501],[139.507103625503,35.45414299876324],[139.50700040369645,35.45394599981292],[139.50689651503993,35.45374850607705],[139.50682737165985,35.45356857043977],[139.5067406617168,35.45313330809759],[139.50712950943952,35.45318755222502],[139.50744110537448,35.45315757621635],[139.50757118275087,35.45314419089555],[139.50770228240557,35.45314454103238],[139.5078740442505,35.45316753465398],[139.50794230147577,35.45317673084348],[139.50796095539047,35.45317699243286],[139.50797849148822,35.4531176727545],[139.50796768703444,35.45305929968571],[139.5080031368007,35.45305076698652],[139.50833252714074,35.45303132839931],[139.50861829013385,35.45302578677853],[139.50876697644213,35.45301861271225],[139.50899600869568,35.453043517697594],[139.50904692233368,35.45302037795779],[139.50915348320234,35.453012492255134],[139.50935392298265,35.45297112525743],[139.50939539780344,35.45294623578873],[139.50951076939944,35.45288098188625],[139.50973218137898,35.4528299539959],[139.509902434668,35.452836747112066],[139.51023277342736,35.45281030563251],[139.510295234158,35.45281586022101],[139.51052928447243,35.452816941915216],[139.51058776489933,35.45279526754871],[139.51068561090145,35.45272172598046],[139.511299494783,35.45221473722105],[139.51153130187566,35.4520694746121],[139.51160313436458,35.45199582809209],[139.51173396364302,35.45190554329156],[139.51179296174374,35.451888938576445],[139.51192216493297,35.45190590211702],[139.5120332418771,35.4519028169514],[139.51212952866754,35.451875290620116],[139.5126008816014,35.45179861940585],[139.51274039091942,35.4517332151193],[139.51295061754183,35.45157074641092],[139.5130030918997,35.451637257558424],[139.51309610194517,35.45182422711657],[139.51329300117726,35.45219537884247],[139.51345895599025,35.45225553550564],[139.51386152395514,35.45238740776525],[139.51396037644608,35.45261618816969],[139.51403526834142,35.45261761762799],[139.51406408583583,35.452582834851526],[139.51420034376244,35.452490800838156],[139.51444809514967,35.45234980109629],[139.51455685668552,35.452251567611256],[139.5149596947013,35.45207234865436],[139.5151008398891,35.45202296707038],[139.51525300070946,35.452012275828004],[139.515443608921,35.451985875216295],[139.51570657527486,35.452019594265685],[139.51573167212945,35.45202279337058],[139.5160865097778,35.45209090720459],[139.51646164249198,35.452162980924534],[139.51682140408207,35.45223205547994],[139.5168617577977,35.452240505440784],[139.5171150599524,35.45230280195225],[139.5172591260344,35.45233823287659],[139.5173902181834,35.45227882262339],[139.51754960319863,35.45229726660223],[139.51786620275354,35.45233386710688],[139.51796240180434,35.45236682862552],[139.51800625625387,35.45235441175773],[139.51820303061731,35.45234256378775],[139.51829610089027,35.452331218525444],[139.51838037761834,35.45232094568818],[139.51851646891913,35.45216806298035],[139.51852432250013,35.45215862879838],[139.51859283559477,35.452076319443634],[139.51882566460927,35.451782399297386],[139.5188606138801,35.451816570233284],[139.51925039972224,35.45210638006762],[139.51936967287384,35.45225461061638],[139.51951669424523,35.452583611667706],[139.51967739977843,35.452963140950004],[139.51968159856696,35.452973327696334],[139.51976123883043,35.45316698164876],[139.52000012645414,35.45366491321115],[139.52018702696438,35.45391327870978],[139.52026311735122,35.45401727657661],[139.5206238424307,35.45435760198447],[139.52071469769467,35.454421461882625],[139.52067198278752,35.45455620780794],[139.52074154976302,35.45501838416417],[139.52073625720146,35.45509717872758],[139.5207347705036,35.45511931568514],[139.52069102908447,35.455274657113456],[139.52058704357523,35.455193814486094],[139.52047423033332,35.45510610766687],[139.52031198683449,35.4552701089602],[139.52023826472413,35.455606825192746],[139.52019995987004,35.455641263861935],[139.51992799457207,35.455885770040375],[139.5198037029206,35.455783866757415],[139.51976416228058,35.45575982129756],[139.5191557336188,35.455519060193446],[139.5188898189319,35.45538228219567],[139.5184540768356,35.45525002586704],[139.5181531404137,35.45517297781196],[139.51791843413469,35.45513983185516],[139.51784407783674,35.455143652249276],[139.51772251766636,35.45514122299198],[139.51719992153693,35.45529982218548],[139.51685650060926,35.455440824369894],[139.51646526261706,35.45561610140781],[139.5162962725799,35.45569748886613],[139.51597811789114,35.455869469837616],[139.51576903831398,35.45598466004108],[139.51523095865582,35.456347961385944],[139.51521972685902,35.45636423389267],[139.51517369787913,35.45636538010376],[139.51513715417227,35.45625729305368],[139.51506937328918,35.45613148340713],[139.51503859854324,35.456105381896926],[139.514930603289,35.456133091787265],[139.51468241254832,35.45628444341171],[139.51444256958175,35.456474196758315],[139.51424274598858,35.45662071070394],[139.51409913740054,35.45668698585916],[139.51400320207782,35.456700887856954],[139.5137912103016,35.45670194887175],[139.5136506982017,35.45678520380898],[139.51355268168496,35.45681959371178],[139.51334162770075,35.45685019713183],[139.51333619170342,35.45687535954902],[139.51331105386834,35.45692599662841],[139.51305362760385,35.45705548971948],[139.51274692023512,35.45728467556132],[139.51258139236438,35.45735430766826],[139.5124069501914,35.457338352747136],[139.51223499853376,35.45727441245255],[139.51206621768043,35.45719273406939],[139.51188203663094,35.457081824858754],[139.51176888545925,35.45705233502939],[139.51170678513253,35.457063579123066],[139.51164548892532,35.45711095047831],[139.5116264501476,35.45720237755776],[139.5116847175876,35.45726805997375],[139.51168958807233,35.45728247355303],[139.51145475468394,35.45725913932885],[139.5113379025686,35.45726224446648]]]]}},{"type":"Feature","properties":{"area_id":"141120590","city":"横浜市","ward":"旭区","town":"善部町","chome":"","num_households":2306},"geometry":{"type":"MultiPolygon","coordinates":[[[[139.5226228435791,35.454583233030206],[139.52260531336054,35.454817372602406],[139.5225637168698,35.45481272381869],[139.52255230678853,35.454887376421375],[139.52247900334623,35.45489169539462],[139.52221379519204,35.45487295203621],[139.52179806628868,35.454834631073204],[139.52147935355052,35.45479134720943],[139.52144719136223,35.45478190997813],[139.5213159252925,35.45474339279335],[139.52102860967543,35.45462684458126],[139.52096595614125,35.45459781098418],[139.5207432801318,35.45445269693498],[139.52072160310723,35.454405107927975],[139.52071469769467,35.454421461882625],[139.5206238424307,35.45435760198447],[139.52026311735122,35.45401727657661],[139.52018702696438,35.45391327870978],[139.52000012645414,35.45366491321115],[139.51976123883043,35.45316698164876],[139.51968159856696,35.452973327696334],[139.51967739977843,35.452963140950004],[139.51951669424523,35.452583611667706],[139.51936967287384,35.45225461061638],[139.51925039972224,35.45210638006762],[139.5188606138801,35.451816570233284],[139.51882566460927,35.451782399297386],[139.51859283559477,35.452076319443634],[139.51852432250013,35.45215862879838],[139.51851646891913,35.45216806298035],[139.51838037761834,35.45232094568818],[139.51829610089027,35.452331218525444],[139.51820303061731,35.45234256378775],[139.51800625625387,35.45235441175773],[139.51796240180434,35.45236682862552],[139.51786620275354,35.45233386710688],[139.51754960319863,35.45229726660223],[139.5173902181834,35.45227882262339],[139.5172591260344,35.45233823287659],[139.5171150599524,35.45230280195225],[139.5168617577977,35.452240505440784],[139.51682140408207,35.45223205547994],[139.51646164249198,35.452162980924534],[139.5160865097778,35.45209090720459],[139.51573167212945,35.45202279337058],[139.51570657527486,35.452019594265685],[139.515443608921,35.451985875216295],[139.51525300070946,35.452012275828004],[139.5151008398891,35.45202296707038],[139.5149596947013,35.45207234865436],[139.51455685668552,35.452251567611256],[139.51444809514967,35.45234980109629],[139.51420034376244,35.452490800838156],[139.51406408583583,35.452582834851526],[139.51403526834142,35.45261761762799],[139.51396037644608,35.45261618816969],[139.51386152395514,35.45238740776525],[139.51345895599025,35.45225553550564],[139.51329300117726,35.45219537884247],[139.51309610194517,35.45182422711657],[139.5130030918997,35.451637257558424],[139.51295061754183,35.45157074641092],[139.51274039091942,35.4517332151193],[139.5126008816014,35.45179861940585],[139.51212952866754,35.451875290620116],[139.5120332418771,35.4519028169514],[139.51192216493297,35.45190590211702],[139.51179296174374,35.451888938576445],[139.51173396364302,35.45190554329156],[139.51160313436458,35.45199582809209],[139.51153130187566,35.4520694746121],[139.511299494783,35.45221473722105],[139.51068561090145,35.45272172598046],[139.51058776489933,35.45279526754871],[139.51052928447243,35.452816941915216],[139.510295234158,35.45281586022101],[139.51023277342736,35.45281030563251],[139.509902434668,35.452836747112066],[139.50973218137898,35.4528299539959],[139.50951076939944,35.45288098188625],[139.50939539780344,35.45294623578873],[139.50935392298265,35.45297112525743],[139.50915348320234,35.453012492255134],[139.50904692233368,35.45302037795779],[139.50899600869568,35.453043517697594],[139.50876697644213,35.45301861271225],[139.50861829013385,35.45302578677853],[139.50833252714074,35.45303132839931],[139.5080031368007,35.45305076698652],[139.50796768703444,35.45305929968571],[139.50797849148822,35.4531176727545],[139.50796095539047,35.45317699243286],[139.50794230147577,35.45317673084348],[139.5078740442505,35.45316753465398],[139.50770228240557,35.45314454103236],[139.50757118275087,35.45314419089555],[139.50744110537448,35.45315757621635],[139.50712950943952,35.45318755222502],[139.5067406617168,35.45313330809759],[139.506705658099,35.45312705296659],[139.50669100490748,35.452939020923445],[139.5066968294359,35.452872614762434],[139.50674170754422,35.452851720557824],[139.50693050987536,35.45261242334466],[139.50695319626507,35.45258366875553],[139.50712149956811,35.45237048630448],[139.50728975755877,35.45216812032924],[139.50726540714774,35.452159858232946],[139.5073589681615,35.45206155297876],[139.50792912200734,35.45144339448175],[139.50801083831897,35.45135259137674],[139.50821967731375,35.451114345513794],[139.50826596871323,35.451110756746196],[139.5082777806694,35.45109988759857],[139.50838056776215,35.451015429459446],[139.5084623555493,35.45094804170614],[139.50851320268345,35.450904909083256],[139.50854640532668,35.45086623708089],[139.50858295177179,35.45081765871854],[139.50861410890226,35.45073931919016],[139.5086297257974,35.450690684599365],[139.50876919142252,35.45024756361753],[139.50877084688605,35.45024221922053],[139.50877365447334,35.45023315320389],[139.50884282881444,35.45001339372564],[139.50888743768903,35.449876498935176],[139.50889078178088,35.44986659201944],[139.50889301020354,35.44986028798489],[139.5089154687333,35.44975308063451],[139.50894338160884,35.44961308524002],[139.5089896552694,35.44938099695279],[139.5089920198288,35.449368688668365],[139.50899415373553,35.449357572000224],[139.50904447772933,35.44916841022108],[139.50906621819655,35.449089337913016],[139.50908583487802,35.44901798496564],[139.50927048419288,35.44856867300476],[139.50932596743124,35.44846696214487],[139.50934150065606,35.44843905989744],[139.50936315968698,35.44840031693684],[139.5094060634244,35.44836433894619],[139.50958889707042,35.44799099281879],[139.50959000229855,35.44798898819572],[139.50997273794235,35.44728818526624],[139.510095548232,35.44699446594945],[139.51038880764423,35.44625243702499],[139.51060151449624,35.44583064891618],[139.510647940394,35.44577693592272],[139.51080666002667,35.44561753684142],[139.51091831814068,35.44555829357361],[139.51106177737108,35.44552012219504],[139.51139300250543,35.44549054930961],[139.51158690377076,35.44549867218464],[139.5117942044151,35.44552926105354],[139.5122360831792,35.44564047318091],[139.51270785663306,35.445765777604244],[139.51296614515047,35.44578646479954],[139.51309998953099,35.44586227766174],[139.51312590468584,35.44589262742308],[139.5138442699629,35.44676737873375],[139.51405971267258,35.44722488177257],[139.51411357399473,35.44735456537958],[139.51419181242255,35.44745589764203],[139.51435314002651,35.447608259990346],[139.51480370079156,35.44788001029549],[139.51504397552023,35.448029586316885],[139.51528463047592,35.44823215621737],[139.51544655256572,35.44840282620225],[139.51555550786895,35.44850191474066],[139.5158070180155,35.44870165919038],[139.51601827432987,35.44889520460804],[139.5162526130711,35.44893603148482],[139.51641007253943,35.448938663121005],[139.5166133010301,35.44892873816426],[139.51688690100434,35.448904421140874],[139.5169858058503,35.4489154905498],[139.51733338273684,35.44906118726678],[139.5176337214246,35.449143027358545],[139.51788687948536,35.44917432164324],[139.51820048882539,35.449190914749344],[139.51879654681525,35.44918084957812],[139.51898409127017,35.44914957728792],[139.51899128351306,35.449175335558024],[139.51936549107225,35.449116521259015],[139.51937657818678,35.44911496615294],[139.51955564947752,35.44909863496543],[139.5196954387548,35.449075196245005],[139.51982401424783,35.44905362853538],[139.52034019287788,35.44894680048773],[139.52077293149392,35.44871102458134],[139.52083771378847,35.44866647483798],[139.52125785443477,35.448467354883256],[139.52132593103684,35.44844425612321],[139.52124572669572,35.44909357782457],[139.52120404943517,35.44919484128965],[139.52098437816187,35.44944124080284],[139.52083078443783,35.44962467736662],[139.5208054317719,35.449749645611206],[139.5207820535629,35.44986486398719],[139.52074356573425,35.45005451363318],[139.5207149476373,35.45021750030294],[139.52080071615012,35.45047877272192],[139.5209211051951,35.45071752984866],[139.5210267784117,35.45081635723157],[139.5211745432952,35.45095796835089],[139.52130890015923,35.45116246584432],[139.52135895998558,35.4512824769625],[139.52137375536557,35.45131794682634],[139.52149106513778,35.451759930164016],[139.52156254019653,35.45198482791427],[139.5216877974504,35.452223209435964],[139.52177510127945,35.45234927715293],[139.5217824348912,35.45237246344386],[139.52192685547737,35.452528993561955],[139.52202938606223,35.45257809526875],[139.52205424786138,35.452609073441536],[139.52239380120716,35.45281008161151],[139.52243230955972,35.452980423056346],[139.52244214186624,35.45298639941386],[139.52244119166014,35.4532349129397],[139.5226609383363,35.45333026212297],[139.5228335404514,35.453634042979935],[139.5228538526573,35.45377395081567],[139.52286175606974,35.453828441583426],[139.52284366132605,35.4540132146941],[139.52281304723363,35.45405721968781],[139.5226516771828,35.45426912490458],[139.52264570338224,35.45427812345759],[139.52264354878517,35.45430692005935],[139.5226228435791,35.454583233030206]]]]}},{"type":"Feature","properties":{"area_id":"141120600","city":"横浜市","ward":"旭区","town":"桐が作","chome":"","num_households":370},"geometry":{"type":"MultiPolygon","coordinates":[[[[139.5521664335579,35.45714516669233],[139.55207440236893,35.457201044492],[139.55191432142507,35.45734669213547],[139.55170205489634,35.45762348264313],[139.55165082300624,35.457728044245215],[139.55165066946677,35.45777832401528],[139.55175716205005,35.4579267341884],[139.55194768092883,35.45812442161976],[139.55203817092195,35.458184170122784],[139.55194798258984,35.458507719741],[139.5517973553801,35.4584898029251],[139.551293299532,35.4584334644129],[139.5510143919019,35.458443558985856],[139.55104804255538,35.45834606897055],[139.55050979190898,35.45834637113564],[139.55020650553152,35.45830725344948],[139.54989957684512,35.458196016230445],[139.54986783140876,35.45814245830683],[139.5496224443414,35.45823987770026],[139.5491671028506,35.45838729953953],[139.54909569281028,35.458409526257086],[139.54852606178798,35.45855241823652],[139.54831101950478,35.45860518882806],[139.54806610268932,35.45867792368667],[139.54782628995244,35.45879232346977],[139.5476891412381,35.458893583384416],[139.54733066552822,35.459089919597766],[139.5471751555017,35.45917458707327],[139.54680961250014,35.45948220389581],[139.54690979783345,35.45958032369357],[139.5469999035091,35.459644652780405],[139.5472263097221,35.459835423506995],[139.5469530290149,35.46001695920495],[139.5466490055009,35.4601907100471],[139.54634621556664,35.46038055531388],[139.5464370896718,35.46056143112882],[139.54658845671995,35.46086269185251],[139.5466644167934,35.46101406275451],[139.54686819814262,35.461420583029955],[139.5468933258342,35.46147071074304],[139.54626359226273,35.461589508109455],[139.54618684079145,35.46160010116445],[139.54591671437345,35.46163745649417],[139.54587084469532,35.46154442927233],[139.54584301364318,35.461552778873674],[139.54574201725552,35.461277304688636],[139.54562076818354,35.461033506321535],[139.5452903996205,35.46042299432524],[139.54514364773502,35.460066639268476],[139.54511563645562,35.45999861831289],[139.54496671198905,35.45963648346414],[139.54480211288046,35.459271212878164],[139.54446481645368,35.458495969796324],[139.54442581359328,35.45839126847407],[139.54426769672995,35.457935769775894],[139.54424265973967,35.457758815305006],[139.54419865801194,35.4575360070948],[139.54413799806696,35.4571580955336],[139.54411181314975,35.45704328344544],[139.54404324199697,35.45667580989353],[139.543995718664,35.45648116236065],[139.54392042831503,35.45631975708827],[139.5439195742018,35.45631792359081],[139.54403473346227,35.45598144849433],[139.54414891651084,35.45570718597058],[139.5442020866379,35.455538586027124],[139.5442353017677,35.45529388400095],[139.54426391639944,35.455204659682366],[139.5443208343992,35.45511877582145],[139.54442638069088,35.45499663619187],[139.5445805173798,35.45485475187752],[139.5448846132595,35.45460738213723],[139.54502662541722,35.45446219402939],[139.54512800453645,35.45437972507346],[139.5453062336281,35.454280888692004],[139.54553698001772,35.45419544952702],[139.5457880336684,35.45408689009121],[139.54594340347526,35.454032821836186],[139.54593188731317,35.454009802553216],[139.5461163250973,35.45385277678669],[139.54625832174062,35.45371089796708],[139.5465501179803,35.45351310478959],[139.54663949988588,35.453390924029634],[139.54679803813195,35.45313989608731],[139.54683105041306,35.453040363949754],[139.54684299051476,35.45300437194863],[139.54673212625448,35.4529164390939],[139.54671128566355,35.452907727916525],[139.54684104379973,35.45260480246864],[139.54686371002498,35.4524798595171],[139.54677686639593,35.45228589437152],[139.54675137661806,35.45222893492794],[139.5467487567231,35.45193513572557],[139.5467805034886,35.45170616754166],[139.5467407675372,35.451540833547085],[139.5468379064552,35.451602713795694],[139.54694820272064,35.45164430950809],[139.54730355813663,35.45158436864989],[139.54742261569461,35.45155640856607],[139.54759073485164,35.45155849169361],[139.54777513629875,35.45165965833914],[139.5481120881915,35.451779032844705],[139.5481027889363,35.45184788229937],[139.5481534584473,35.451872823698615],[139.54827898238915,35.451829914076704],[139.54838819321313,35.451855590438626],[139.5484840942166,35.45190663822309],[139.5486614553319,35.45200104664682],[139.54906566004283,35.45207353437878],[139.54918910221144,35.45212156642341],[139.54942338921765,35.45233154065718],[139.54958217652617,35.45241254077775],[139.54978048386528,35.45245162712399],[139.54998320377328,35.45252730572599],[139.55014441959852,35.45264658487687],[139.5504583586606,35.45293233825238],[139.55060320966732,35.45304914893519],[139.5507172353547,35.45321366905881],[139.55074301293098,35.45328700115838],[139.550796962277,35.453352405555165],[139.5514948289917,35.4536054875738],[139.5515916069549,35.453649935288425],[139.55176941456975,35.45363869107537],[139.55196244765503,35.45360543841624],[139.55230029569262,35.453557450223144],[139.5526129752639,35.45347003712181],[139.5528228468621,35.45343291447985],[139.55301317134877,35.45344254157989],[139.55322761401212,35.45346437064241],[139.55345147898768,35.45346850960539],[139.55361242701505,35.45346116702474],[139.55392988545253,35.45352259564727],[139.55415295209235,35.45357697764297],[139.55428732098892,35.45368992214689],[139.55434725885246,35.45378572473229],[139.55440194240083,35.45383986210524],[139.55458928326314,35.453859092385954],[139.55484430223603,35.4538456248822],[139.5549418112331,35.45387876810666],[139.55518099854564,35.45391311461023],[139.55554855686222,35.45395419654312],[139.5557753133496,35.453956190032144],[139.55593760612487,35.45397148823266],[139.55606239365503,35.45396726449079],[139.55625608997275,35.45401090629639],[139.55652746371499,35.45410317372374],[139.55643748485187,35.454133497236064],[139.55613483916508,35.45426294844594],[139.5559341602329,35.45436143512539],[139.55573813550154,35.45448904873113],[139.55557270366697,35.45470549778408],[139.55525672542836,35.4548001989065],[139.55487625262546,35.45487852023202],[139.55468298345792,35.45491726914215],[139.5545400747273,35.45492782361688],[139.55421787441725,35.45479881582169],[139.55412150180817,35.454742013272224],[139.55393758394163,35.45471444569678],[139.5536855019483,35.45472411511954],[139.55362004512054,35.45474371821502],[139.55353854157673,35.45474905958568],[139.55320994169531,35.4548035161992],[139.55282175485254,35.45496490935358],[139.55240498820507,35.45516471963613],[139.5520451404995,35.45534349977159],[139.55194668893986,35.45538999636445],[139.55178971359155,35.455522270829235],[139.5516645956753,35.455663280793196],[139.55143601174325,35.45594946981876],[139.55128734679417,35.45620978796517],[139.55105062522026,35.456569863385354],[139.55126669436441,35.456683598701304],[139.55177691376744,35.45688800968269],[139.5520123659517,35.45701573116506],[139.5521664335579,35.45714516669233]]]]}},{"type":"Feature","properties":{"area_id":"14112061001","city":"横浜市","ward":"旭区","town":"中尾","chome":"1","num_households":1009},"geometry":{"type":"MultiPolygon","coordinates":[[[[139.52528621136454,35.46734082919635],[139.52513552001938,35.467366150967784],[139.52433888550235,35.46760071053963],[139.52387707142944,35.4677180566394],[139.52314100940563,35.467946917190126],[139.52266971891743,35.4680823329009],[139.5213907327045,35.46845274921696],[139.52122923797853,35.468499517036236],[139.52099328373973,35.468512043867975],[139.52096317480257,35.46849608774686],[139.52046091530147,35.468301385156465],[139.52034844736005,35.46819127461255],[139.52014864517844,35.46813266292036],[139.51970581266013,35.46806962131172],[139.519266807221,35.46806869843182],[139.51874009097804,35.46810497665374],[139.51850286662213,35.468118164305544],[139.51832699070096,35.46816580648828],[139.51827220878207,35.46819126186727],[139.51817728321552,35.468290766681605],[139.5181510365752,35.46837125989966],[139.51807750732388,35.46843039919349],[139.51792643220085,35.46847535763177],[139.51766459807982,35.46850235323415],[139.51733573407088,35.46848389460545],[139.51716504845052,35.468513660664094],[139.5169633106552,35.46866401156971],[139.51672837069927,35.46864825936302],[139.5164794212274,35.46862169580347],[139.51642829428886,35.46853814914833],[139.51627559566566,35.46827835611171],[139.51627189733028,35.468272079567825],[139.51613768569163,35.46801222836448],[139.51600308376715,35.467890225134724],[139.51559732473575,35.46757311657875],[139.51543731867037,35.46747027111255],[139.5150499418832,35.467207433216956],[139.51505499783252,35.46716970091911],[139.51541035549488,35.46716408146897],[139.51566229112186,35.4671741068489],[139.51579508300546,35.467137764697235],[139.5159890716887,35.46700408413551],[139.51659055479806,35.46656379841358],[139.51677392838056,35.46646934965019],[139.51692451104796,35.46639548317551],[139.5169871086625,35.466346808823594],[139.5172778850031,35.46607123505972],[139.51740692959442,35.46593562286454],[139.51760121994744,35.46576754064134],[139.51762805987426,35.465738526618864],[139.51778390447052,35.46560066034458],[139.51799027442686,35.46539190571737],[139.51818050667126,35.46522050230854],[139.51834328710524,35.465058358743434],[139.51845551354472,35.464980200967545],[139.51850361795658,35.46494479782668],[139.51865459823028,35.464883535636865],[139.5190741832302,35.46488286228271],[139.51936484689017,35.46489283780024],[139.519529316876,35.46488766427758],[139.51959560863205,35.464862272770205],[139.51991804915565,35.46476349492704],[139.52037777151574,35.46459464926645],[139.52064530459674,35.46451498868357],[139.5208693041495,35.46446884088526],[139.5211057251054,35.464454589405356],[139.52113659067737,35.46445273215741],[139.52132922729086,35.464464318835184],[139.5213659148261,35.46446497641376],[139.52150485469795,35.46446748038889],[139.52240524564178,35.46464886515744],[139.5227352373388,35.46473396714821],[139.52293034664896,35.464841538318076],[139.52311671068793,35.46496824233569],[139.52328782150838,35.46508828763535],[139.52335687393685,35.46511142060406],[139.52335736819825,35.46511159791413],[139.52343151002427,35.46537857491096],[139.52343051047245,35.465734266487445],[139.52378916531686,35.46568616620863],[139.52409474758008,35.46564493749151],[139.52416438654922,35.465790391815005],[139.52426299540556,35.465996305172695],[139.52440241233217,35.465959089102725],[139.52450707328927,35.46588847640596],[139.5247011783407,35.4657815779363],[139.52489957863602,35.46564285893425],[139.52518831943848,35.46550352440133],[139.52524016298045,35.46548006421998],[139.5252809300904,35.46539302211711],[139.52530902148638,35.46526109012923],[139.5254477067689,35.46514433182751],[139.52554447617794,35.46508295924189],[139.52573191559168,35.465019209642946],[139.5258495243251,35.465006267202625],[139.52593620293305,35.46536788404228],[139.5258714575233,35.46536610087413],[139.52575744086985,35.46540757160483],[139.5256306315924,35.465621295041736],[139.5255071771141,35.465778336250025],[139.52514335931718,35.466040400960466],[139.52515855621655,35.46606765691282],[139.52539868370383,35.46649811049437],[139.5253811182814,35.4665504588552],[139.52493010918047,35.46671987590242],[139.52527233481212,35.46729477383039],[139.52528621136454,35.46734082919635]]]]}},{"type":"Feature","properties":{"area_id":"14112061002","city":"横浜市","ward":"旭区","town":"中尾","chome":"2","num_households":551},"geometry":{"type":"MultiPolygon","coordinates":[[[[139.52404090115812,35.47034131790129],[139.52365518372827,35.47043241444131],[139.52326675075463,35.47050205869847],[139.52260988730865,35.47061746097653],[139.52240378743107,35.47062795701746],[139.52221578692667,35.470621879071395],[139.52176353930358,35.470625160083415],[139.5214797839529,35.47065404442223],[139.52130727918285,35.47066402460474],[139.5210729194926,35.47061331860839],[139.5209019742085,35.47063150566949],[139.52049032177686,35.47072100741745],[139.5203208247407,35.47073190939479],[139.52014865771713,35.470715585589026],[139.51982654092373,35.47068063709949],[139.51969632504165,35.470767657986954],[139.51958713716823,35.470809558183866],[139.51940924128036,35.470838639826525],[139.51930100050996,35.47080881937514],[139.5192037697331,35.470808568169524],[139.51898405866035,35.470876202584385],[139.5188268822945,35.47089509074322],[139.5188101732363,35.47089737139309],[139.5188036119675,35.4708416165153],[139.5184865693046,35.47033848624383],[139.5182966877001,35.47027894665208],[139.51807861932062,35.47033390743162],[139.5177300484684,35.470471802528],[139.51737037599204,35.470614103143646],[139.5170703838062,35.47073279155765],[139.51700754219158,35.470650764672925],[139.51699444582715,35.470637104210624],[139.51696194189964,35.47044674320835],[139.51696791041928,35.470329508468836],[139.51699513052276,35.47013828123259],[139.51703265969886,35.46999595324545],[139.517073536428,35.4697628615394],[139.51707829306721,35.469735410388964],[139.51694741123742,35.46950887794701],[139.5168753625953,35.46933235693243],[139.51685398247355,35.46929124599209],[139.51681395182192,35.46920941851896],[139.51677357861692,35.46901755831021],[139.51671530557454,35.46897828727139],[139.51661039181002,35.468852665598966],[139.5164794212274,35.46862169580347],[139.51672837069927,35.46864825936302],[139.5169633106552,35.46866401156971],[139.51716504845052,35.468513660664094],[139.51733573407088,35.46848389460545],[139.51766459807982,35.46850235323415],[139.51792643220085,35.46847535763177],[139.51807750732388,35.46843039919349],[139.5181510365752,35.46837125989966],[139.51817728321552,35.468290766681605],[139.51827220878207,35.46819126186727],[139.51832699070096,35.46816580648828],[139.51850286662213,35.468118164305544],[139.51874009097804,35.46810497665374],[139.519266807221,35.46806869843182],[139.51970581266013,35.46806962131172],[139.52014864517844,35.46813266292036],[139.52034844736005,35.46819127461255],[139.52046091530147,35.468301385156465],[139.52096317480257,35.46849608774686],[139.52099328373973,35.468512043867975],[139.52122923797853,35.468499517036236],[139.5213907327045,35.46845274921696],[139.52266971891743,35.4680823329009],[139.52314100940563,35.467946917190126],[139.52387707142944,35.4677180566394],[139.52433888550235,35.46760071053963],[139.52513552001938,35.467366150967784],[139.52528621136454,35.46734082919635],[139.5256352337239,35.46725812168347],[139.52594474665827,35.467157744750644],[139.52613543463846,35.46710660709737],[139.5263692982928,35.467104240059086],[139.52650596693397,35.4671163440015],[139.52675028661073,35.467199385520615],[139.5269632336505,35.46732720588811],[139.52722697165754,35.467493743747475],[139.52725542457088,35.46750976596669],[139.52734971629516,35.467562923619916],[139.52774093110654,35.46781111563311],[139.52784243636634,35.46785760101691],[139.52794776215086,35.46789557503469],[139.52807502923721,35.467941455217975],[139.52831595938375,35.46797149466768],[139.5286363562709,35.46794081833579],[139.5285811555728,35.468049514130655],[139.52843496616353,35.46813034294798],[139.5277848741244,35.468367862458216],[139.52758259321948,35.4684567531243],[139.52739238244308,35.468568913009435],[139.5269923447772,35.46880166833995],[139.52691422237373,35.46884794991628],[139.52667019422884,35.46900940799823],[139.5265154814997,35.469140669450155],[139.52630717689578,35.46927908484167],[139.5261346579004,35.46936702775942],[139.52551294886285,35.46960664938297],[139.5253289560959,35.46970128689007],[139.52490872603488,35.46994951287761],[139.52471554581177,35.47008236599412],[139.52459114526224,35.470147752926245],[139.52439274689573,35.47023270580646],[139.52404090115812,35.47034131790129]]]]}},{"type":"Feature","properties":{"area_id":"14112062001","city":"横浜市","ward":"旭区","town":"中沢","chome":"1","num_households":1392},"geometry":{"type":"MultiPolygon","coordinates":[[[[139.5302871802878,35.46694278709437],[139.53034398768978,35.46702408641401],[139.53039514087948,35.467149913427505],[139.5305629461369,35.46786108061177],[139.5306136694595,35.46796961771283],[139.53074173086335,35.468119683915],[139.53076061993312,35.46824733189299],[139.53080134972583,35.46836355615586],[139.53082408994285,35.4684284694294],[139.5309683779831,35.46847540970033],[139.5311761463407,35.468529057307215],[139.5312155115523,35.46856204045846],[139.53131838332408,35.46872130368132],[139.5315269191335,35.46900638718836],[139.53161330420684,35.469103358008745],[139.5316776580247,35.46917559205645],[139.53185683104724,35.46929201681844],[139.5320916954738,35.46935717286257],[139.53211765174677,35.46936500847763],[139.53233595371037,35.469430906525126],[139.53241853665608,35.46952033289211],[139.53249764070355,35.46963094644435],[139.53256301778362,35.46966600074508],[139.53279397856514,35.46976843244061],[139.53298210995717,35.469826146660466],[139.53273934364304,35.47025247128035],[139.53259620971258,35.47051890651507],[139.53254074868164,35.470617921620715],[139.53241658578642,35.47082313663744],[139.5323664915599,35.47088515956604],[139.5323468386185,35.47090951117891],[139.53224721241992,35.47103274741702],[139.53219960710823,35.47108551559839],[139.53219607667143,35.47109121093208],[139.53219327401885,35.47109254255068],[139.5320156007659,35.47140420684332],[139.5317348021152,35.471771740484634],[139.53122743727985,35.4723962064438],[139.53091753427043,35.47275866642578],[139.5308236137276,35.47286850009549],[139.5305283782393,35.47317483582411],[139.53017387718597,35.47354271245996],[139.5295489612912,35.47412677375062],[139.5291258895865,35.47449873669066],[139.52851113400226,35.474986555248485],[139.52787693296204,35.475447032083615],[139.52773422921993,35.47518319686816],[139.527550552404,35.47490140721328],[139.5275356920365,35.47476785284584],[139.52748311254564,35.47466585793035],[139.52744283051427,35.47459058370612],[139.5273604288323,35.47434496135775],[139.5273553231387,35.474226783057674],[139.52729344623893,35.47403406373824],[139.52729300362947,35.4740315973625],[139.52728674250702,35.47399707564136],[139.52715411204008,35.473808121747275],[139.5270242157962,35.473567978875],[139.52693915764743,35.473398862391015],[139.52688520986885,35.47330644088985],[139.52674360187066,35.473181264306554],[139.52641175561388,35.47299103408504],[139.5262139938248,35.472901314209835],[139.52621501374364,35.472899098532054],[139.52633429312016,35.472619230295216],[139.52649166334356,35.47237350717201],[139.52648867622483,35.47237237293082],[139.52655567350664,35.47223574963977],[139.52657460649942,35.47216368667446],[139.52663277346,35.47188116455275],[139.52662743425736,35.47172862035188],[139.52664891344372,35.471660226192064],[139.52665115787534,35.471653083605254],[139.52660406076015,35.471400297010405],[139.52653759831946,35.471107215804295],[139.52647350774618,35.47082456218492],[139.52648605521995,35.47082413602028],[139.52631776653917,35.47008750182078],[139.52630575297835,35.469952756576454],[139.5263049743818,35.469939614037514],[139.52630126885796,35.46987705604711],[139.52629879623987,35.469835313141814],[139.52629095907577,35.46968367960557],[139.52641475146925,35.469336960050256],[139.5265154814997,35.469140669450155],[139.52667019422884,35.46900940799823],[139.52691422237373,35.46884794991628],[139.5269923447772,35.46880166833995],[139.52739238244308,35.468568913009435],[139.52758259321948,35.4684567531243],[139.5277848741244,35.468367862458216],[139.52843496616353,35.46813034294798],[139.5285811555728,35.468049514130655],[139.5286363562709,35.46794081833579],[139.52868207362425,35.46793290473239],[139.52891220850267,35.46788119285717],[139.52914530219735,35.46783818428689],[139.52937071035635,35.467795896076524],[139.5295136366553,35.46775861294062],[139.52975237799046,35.46760407244454],[139.52999805813812,35.46740715592421],[139.5301136154493,35.46726526540643],[139.53027404686148,35.46701331423515],[139.53028635446995,35.46694493230216],[139.5302871802878,35.46694278709437]]]]}},{"type":"Feature","properties":{"area_id":"14112062002","city":"横浜市","ward":"旭区","town":"中沢","chome":"2","num_households":668},"geometry":{"type":"MultiPolygon","coordinates":[[[[139.52773422921993,35.47518319686816],[139.52787693296204,35.47544703208361],[139.52754899180073,35.47556395386145],[139.52733683940514,35.47549293131921],[139.52729397602437,35.475439973317634],[139.52720393077178,35.47538788285027],[139.52708915867194,35.4753472440105],[139.52691617798538,35.4753098396613],[139.52672273928695,35.47522484931401],[139.5263962521772,35.47514596701764],[139.5262862160379,35.47512787439799],[139.52575178676366,35.475138781231905],[139.52556668840842,35.475130321849576],[139.52546114592172,35.47514149951322],[139.52529968931506,35.47509088173099],[139.52516697535864,35.47508801263297],[139.52512210145863,35.47510501038597],[139.52494164417948,35.47512131456546],[139.5247802400369,35.47514703257923],[139.52450590741893,35.47523538536679],[139.52414225748842,35.47526795059897],[139.5238510623237,35.47528636683939],[139.52357900765884,35.47526278881247],[139.52337604433052,35.47526040730978],[139.52320057252683,35.475228060978374],[139.52316945497043,35.47522710218316],[139.52320124576565,35.475007716824464],[139.5232578133302,35.4747925145709],[139.5233392546527,35.47414682428422],[139.52335389047136,35.47391098839644],[139.52339612748847,35.473638673256424],[139.52354836937846,35.473330161287336],[139.523613498489,35.47325011709656],[139.524134579751,35.472640857599444],[139.52429004600256,35.47238287804602],[139.52435266004787,35.47216681038979],[139.52438470161195,35.47186922501096],[139.52431061410016,35.471495560846535],[139.52404090115812,35.47034131790129],[139.52439274689573,35.47023270580646],[139.52459114526224,35.470147752926245],[139.52471554581177,35.47008236599412],[139.52490872603488,35.46994951287761],[139.5253289560959,35.46970128689007],[139.52551294886285,35.46960664938297],[139.5261346579004,35.46936702775942],[139.52630717689578,35.46927908484167],[139.5265154814997,35.469140669450155],[139.52641475146925,35.469336960050256],[139.52629095907577,35.46968367960557],[139.52629879623987,35.469835313141814],[139.52630126885796,35.46987705604711],[139.5263049743818,35.469939614037514],[139.52630575297835,35.469952756576454],[139.52631776653917,35.47008750182078],[139.52648605521995,35.47082413602027],[139.52647350774618,35.47082456218492],[139.52653759831946,35.471107215804295],[139.52660406076015,35.471400297010405],[139.52665115787534,35.471653083605254],[139.52664891344372,35.471660226192064],[139.52662743425736,35.47172862035188],[139.52663277346,35.47188116455275],[139.52657460649942,35.47216368667446],[139.52655567350664,35.47223574963977],[139.52648867622483,35.47237237293082],[139.52649166334356,35.47237350717201],[139.52633429312016,35.472619230295216],[139.52621501374364,35.472899098532054],[139.5262139938248,35.472901314209835],[139.52641175561388,35.47299103408504],[139.52674360187066,35.473181264306554],[139.52688520986885,35.47330644088985],[139.52693915764743,35.473398862391015],[139.5270242157962,35.473567978875],[139.52715411204008,35.473808121747275],[139.52728674250702,35.47399707564136],[139.52729300362947,35.4740315973625],[139.52729344623893,35.47403406373824],[139.52735532313872,35.474226783057674],[139.5273604288323,35.47434496135775],[139.52744283051427,35.47459058370614],[139.52748311254564,35.47466585793035],[139.5275356920365,35.47476785284584],[139.52755055240402,35.47490140721328],[139.52773422921993,35.47518319686816]]]]}},{"type":"Feature","properties":{"area_id":"14112062003","city":"横浜市","ward":"旭区","town":"中沢","chome":"3","num_households":889},"geometry":{"type":"MultiPolygon","coordinates":[[[[139.52316945497043,35.47522710218316],[139.52293543375166,35.475225415617416],[139.52268203967753,35.47524100273563],[139.52211603369628,35.47537607020052],[139.52108424232605,35.47578922533873],[139.52107135286207,35.475794368134956],[139.52094184245612,35.47554682394941],[139.5206814495705,35.475017965516564],[139.5205732867884,35.47478843363568],[139.52044363899165,35.47457750615049],[139.5204333112668,35.47447663730919],[139.52042568683345,35.47432831251024],[139.5204315408954,35.47415625436195],[139.52046853341582,35.47400121305975],[139.5205295252596,35.47367909025985],[139.52052349811115,35.47346284835551],[139.5204800268947,35.47316225239776],[139.52043614320195,35.47296837720184],[139.52035447701655,35.4727828199724],[139.5202055353606,35.47267000937647],[139.51976981827073,35.472325233741394],[139.51949760869047,35.4720783408921],[139.51945575176356,35.47205020597711],[139.5194399534051,35.47203960209513],[139.5193612280953,35.472001089984055],[139.51907087393002,35.47193238327512],[139.51884453900797,35.471870884123476],[139.5185858641259,35.47178595639502],[139.51839080582278,35.47174506552819],[139.5181524111054,35.47175740503057],[139.51791247874823,35.471722945597705],[139.5177532261064,35.47168373052213],[139.51757127364647,35.47164829419531],[139.51747180593077,35.471653141264305],[139.517394891476,35.471454637041795],[139.51729488653362,35.47118452543079],[139.51725441033096,35.47107868314273],[139.5171618672148,35.47093108796638],[139.51702891958922,35.47074215579257],[139.5170703838062,35.47073279155765],[139.51737037599204,35.470614103143646],[139.5177300484684,35.470471802528],[139.51807861932062,35.47033390743162],[139.5182966877001,35.47027894665208],[139.5184865693046,35.47033848624383],[139.5188036119675,35.4708416165153],[139.5188101732363,35.47089737139309],[139.5188268822945,35.47089509074322],[139.51898405866035,35.470876202584385],[139.5192037697331,35.470808568169524],[139.51930100050996,35.47080881937514],[139.51940924128036,35.470838639826525],[139.51958713716823,35.470809558183866],[139.51969632504165,35.470767657986954],[139.51982654092373,35.47068063709949],[139.52014865771713,35.470715585589026],[139.5203208247407,35.47073190939479],[139.52049032177686,35.47072100741745],[139.5209019742085,35.47063150566949],[139.5210729194926,35.47061331860839],[139.52130727918285,35.47066402460474],[139.5214797839529,35.47065404442223],[139.52176353930358,35.470625160083415],[139.52221578692667,35.470621879071395],[139.52240378743107,35.47062795701746],[139.52260988730865,35.47061746097653],[139.52326675075463,35.47050205869847],[139.52365518372827,35.47043241444131],[139.52404090115812,35.47034131790129],[139.52431061410016,35.471495560846535],[139.52438470161195,35.47186922501096],[139.52435266004787,35.47216681038979],[139.52429004600256,35.47238287804602],[139.524134579751,35.472640857599444],[139.523613498489,35.47325011709656],[139.52354836937846,35.473330161287336],[139.52339612748847,35.473638673256424],[139.52335389047136,35.47391098839644],[139.5233392546527,35.47414682428422],[139.5232578133302,35.4747925145709],[139.52320124576565,35.475007716824464],[139.52316945497043,35.47522710218316]]]]}},{"type":"Feature","properties":{"area_id":"14112063001","city":"横浜市","ward":"旭区","town":"今宿","chome":"1","num_households":932},"geometry":{"type":"MultiPolygon","coordinates":[[[[139.51861085901967,35.479526541537965],[139.5183607523241,35.47963339011212],[139.5179616914583,35.47980435656536],[139.51752422227938,35.480120464390396],[139.51712675367327,35.4801748156851],[139.51708484681814,35.48018055089334],[139.5169471818588,35.48020520582337],[139.51682816709126,35.47992366467613],[139.51669688685223,35.479679047885604],[139.51665688463655,35.479649363174694],[139.51654085845414,35.47956326435997],[139.51631281382188,35.479355160874135],[139.5163080715084,35.479350832498405],[139.51611382621505,35.479088544842845],[139.5159016983941,35.478830252805444],[139.51573518887903,35.47859133915832],[139.51572534462395,35.47857719359734],[139.5155464573648,35.47831736778033],[139.51553506956205,35.478301176532206],[139.51536213437234,35.478055203751566],[139.5151787207526,35.47803813908057],[139.51537424650053,35.4779747096269],[139.51595842839,35.47778522126987],[139.5166477768622,35.47754420989325],[139.51664630381555,35.47750822117981],[139.51687448074406,35.477421845746484],[139.51712878182641,35.477325609114],[139.5172060338483,35.47729619883224],[139.51820043193698,35.47691773562173],[139.5182407826824,35.47690252378694],[139.51939532247738,35.47646760276947],[139.51943552460995,35.47645140315744],[139.52068415599808,35.475947875426606],[139.52069523574704,35.475943397012465],[139.52107135286207,35.475794368134956],[139.52108424232605,35.47578922533873],[139.52211603369628,35.47537607020052],[139.52268203967753,35.47524100273563],[139.52293543375166,35.475225415617416],[139.52316945497043,35.47522710218316],[139.52320057252683,35.475228060978374],[139.52337604433052,35.47526040730978],[139.52357900765884,35.47526278881247],[139.5238510623237,35.47528636683939],[139.52414225748842,35.47526795059897],[139.52450590741893,35.47523538536679],[139.5247802400369,35.47514703257923],[139.52494164417948,35.47512131456546],[139.52512210145863,35.47510501038597],[139.52516697535864,35.47508801263297],[139.52529968931506,35.47509088173099],[139.52546114592172,35.47514149951322],[139.52556668840842,35.475130321849576],[139.52575178676366,35.475138781231905],[139.5262862160379,35.47512787439799],[139.5263962521772,35.47514596701764],[139.52672273928695,35.47522484931401],[139.52691617798538,35.4753098396613],[139.52708915867194,35.4753472440105],[139.52720393077178,35.47538788285027],[139.52729397602437,35.475439973317634],[139.52733683940514,35.47549293131921],[139.5272049563588,35.4756456247451],[139.52699516409672,35.47588854180837],[139.52664813320385,35.4762313220717],[139.52650795982856,35.47634480443878],[139.5264914230752,35.47635817796346],[139.52641109204555,35.47636604959498],[139.52625913351724,35.4763809376402],[139.5260574405474,35.47642289360245],[139.52584096875725,35.476542133662655],[139.52580405295402,35.476566125007494],[139.5253886786558,35.47686425913207],[139.5251805014339,35.47703710896192],[139.52513562844067,35.47705410729914],[139.52484350866754,35.477166077377625],[139.52466430788138,35.47723477783579],[139.52428523674686,35.47738036429792],[139.52401303129975,35.477501361457456],[139.52398501562828,35.4775052681226],[139.52273810752828,35.4780717334281],[139.52254624083707,35.47815930597808],[139.52244359123446,35.47820615593696],[139.52193393082516,35.47837478257218],[139.5215327299931,35.478451429510095],[139.52152163161762,35.47846066080803],[139.52146428289598,35.47850832986033],[139.52127043583755,35.478589449796644],[139.5209518986834,35.478705881754074],[139.5208470629189,35.478744202163085],[139.52079034311055,35.478846307645945],[139.52019602999792,35.47908473566254],[139.5194464856452,35.47937399041801],[139.5190717027409,35.47948488386578],[139.51874189109782,35.47957652746196],[139.51861085901967,35.479526541537965]]]]}},{"type":"Feature","properties":{"area_id":"14112063002","city":"横浜市","ward":"旭区","town":"今宿","chome":"2","num_households":966},"geometry":{"type":"MultiPolygon","coordinates":[[[[139.5170703838062,35.47073279155765],[139.51702891958922,35.47074215579257],[139.5171618672148,35.47093108796638],[139.51725441033096,35.47107868314273],[139.51729488653362,35.47118452543079],[139.517394891476,35.471454637041795],[139.51747180593077,35.471653141264305],[139.51757127364647,35.47164829419531],[139.5177532261064,35.47168373052213],[139.51791247874823,35.471722945597705],[139.5181524111054,35.47175740503057],[139.51839080582278,35.47174506552819],[139.5185858641259,35.47178595639502],[139.51884453900797,35.471870884123476],[139.51907087393002,35.47193238327512],[139.5193612280953,35.472001089984055],[139.5194399534051,35.47203960209513],[139.51945575176356,35.47205020597711],[139.51949760869047,35.4720783408921],[139.51976981827073,35.472325233741394],[139.5202055353606,35.47267000937647],[139.52035447701655,35.4727828199724],[139.52043614320195,35.47296837720184],[139.5204800268947,35.47316225239776],[139.52052349811115,35.47346284835551],[139.5205295252596,35.47367909025985],[139.52046853341582,35.47400121305975],[139.5204315408954,35.47415625436195],[139.52042568683345,35.47432831251024],[139.5204333112668,35.47447663730919],[139.52044363899165,35.47457750615049],[139.5205732867884,35.47478843363568],[139.5206814495705,35.475017965516564],[139.52094184245612,35.47554682394941],[139.52107135286207,35.475794368134956],[139.52069523574704,35.475943397012465],[139.52068415599808,35.475947875426606],[139.51943552460995,35.47645140315744],[139.51939532247738,35.47646760276947],[139.5182407826824,35.47690252378694],[139.51820043193698,35.47691773562173],[139.5172060338483,35.47729619883224],[139.51712878182641,35.477325609114],[139.51687448074406,35.477421845746484],[139.51664630381555,35.47750822117981],[139.5166477768622,35.47754420989325],[139.51595842839,35.47778522126987],[139.51537424650053,35.4779747096269],[139.5151787207526,35.47803813908057],[139.51517347352222,35.47802048556184],[139.51507850008966,35.4777019720429],[139.514991812132,35.47741129458784],[139.51491381005633,35.47739616162105],[139.5148426875467,35.477251683657805],[139.5151715015592,35.47704072020448],[139.5153348032495,35.4768848488268],[139.51586807500627,35.47659780078973],[139.51621781705754,35.47649825910618],[139.51649747699915,35.47638342905239],[139.5163767936792,35.47604527139834],[139.51641452453742,35.47599547741596],[139.51693830840748,35.475973885121036],[139.5169712971759,35.47592566197525],[139.51696709318807,35.47557608411133],[139.516961539261,35.475114955495876],[139.5163049477427,35.4751366598694],[139.51602602630928,35.47445662036693],[139.51582645177828,35.47397002089743],[139.51572849174156,35.4737496303626],[139.51571012359923,35.47370828071889],[139.51559483349592,35.47340186185917],[139.51555288747153,35.473259643001505],[139.51552622801228,35.47327478413116],[139.51535124539805,35.47336006400974],[139.5152226955679,35.4731256140039],[139.5150493240171,35.472943932866634],[139.51492411416677,35.472812694237405],[139.5148565057699,35.472678752192905],[139.51478189958488,35.47258936907074],[139.51476884774928,35.472444410494916],[139.51476290587502,35.472221407179426],[139.51481791722412,35.47190944749933],[139.51481237642753,35.47177003605756],[139.51475856717084,35.47159711767267],[139.51460977515396,35.47131243984851],[139.5145427405775,35.471033575272195],[139.5144085693029,35.470807243756575],[139.5144111345642,35.47080615896852],[139.51460863682482,35.47072308724445],[139.51481604593596,35.47066500579014],[139.51487034338538,35.47055589055436],[139.51516437956195,35.47063813767725],[139.51528766290033,35.470716978681686],[139.51560000927378,35.470559983019214],[139.51590665992268,35.47041195138158],[139.51600329338186,35.47036674609733],[139.51608780229733,35.47036200202445],[139.51621645993873,35.47035476750952],[139.51635878542925,35.47034679387066],[139.51654660787258,35.47038231771286],[139.51672260071908,35.470471048414026],[139.51677464630924,35.47045241742154],[139.51696791041928,35.470329508468836],[139.51696194189964,35.47044674320835],[139.51699444582715,35.470637104210624],[139.51700754219158,35.470650764672925],[139.5170703838062,35.47073279155765]]]]}}]}