{"type":"FeatureCollection","features":[{"type":"Feature","properties":{"area_id":"142030101","city":"平塚市","ward":"","town":"唐ケ原","chome":"","num_households":338},"geometry":{"type":"MultiPolygon","coordinates":[[[[139.33279891310065,35.315138731373175],[139.33188647586414,35.31557257047988],[139.33147896276478,35.315766379693166],[139.3304075576875,35.31642904648439],[139.33024389682433,35.31657843287187],[139.33007846786887,35.316763512803675],[139.3299626095707,35.316894153469796],[139.32989247547332,35.317160530749646],[139.32985883524933,35.31749282642855],[139.32987695309475,35.31787525872769],[139.32998208932236,35.31837817610565],[139.33021014266018,35.31902601770201],[139.33036101748854,35.31946997103815],[139.3304722106167,35.31996009543837],[139.3304989286204,35.32039683984744],[139.33046547228741,35.320651037391514],[139.33042826195177,35.32083192014067],[139.33040420848948,35.32094870848982],[139.33026907215017,35.321450138395676],[139.33020241248238,35.32145416240741],[139.3300190495135,35.321398634638015],[139.329883129601,35.32132738500946],[139.32975108628133,35.32124073075672],[139.32941665085607,35.321105228555126],[139.3293905952558,35.32109470153648],[139.32917232654705,35.32041424163959],[139.3290163482892,35.31992802607336],[139.3288656373554,35.319521038265286],[139.32879539256422,35.31930048911952],[139.32861066177753,35.318720348372175],[139.32851270611658,35.31843828210645],[139.32832797913488,35.31790637535797],[139.32830327828123,35.31783015346666],[139.328256491746,35.31768581988133],[139.32817341353305,35.31742958571837],[139.32808218749238,35.317177824508356],[139.32806018419038,35.31708246080598],[139.32799194701187,35.316774883425744],[139.3279905837099,35.316745373362956],[139.32798824195734,35.31669374853698],[139.32808741324916,35.31640115367089],[139.32816488248508,35.31617867534838],[139.32835146200878,35.31569518878928],[139.32854239394595,35.31510560373203],[139.32864524020167,35.31478795700462],[139.32875947349376,35.314435219005915],[139.3288489797988,35.31403822799202],[139.32890321393566,35.31377946037308],[139.32890187828238,35.313773187840084],[139.32911374531326,35.313055814739656],[139.32949621646242,35.31192728087999],[139.32991560645186,35.31205322030044],[139.3301671331291,35.31212107824935],[139.33061181147735,35.312166351127566],[139.33103803813083,35.3122292208665],[139.33120940621217,35.31230414216761],[139.33135466940635,35.312349380520146],[139.33160280586645,35.312375253872254],[139.3321176503406,35.31243235659765],[139.3324588726239,35.31248705608973],[139.33259393536292,35.31256316377055],[139.33281572822565,35.31263962610951],[139.333151441411,35.312703173036255],[139.3333249736889,35.31269944514499],[139.3334491686434,35.31277550717165],[139.33360084410575,35.312798307079966],[139.3339197987298,35.312946211128015],[139.33426709366174,35.31289432126786],[139.33476048261053,35.31288749525736],[139.33498247555806,35.31293284878727],[139.33515055705695,35.312929110267575],[139.33550250760666,35.31300169004879],[139.335685516622,35.31302969897561],[139.33440791213243,35.3146660458211],[139.33423768973802,35.31468231433829],[139.33418353859344,35.31482545901508],[139.33377151055285,35.31470076850422],[139.33279891310065,35.315138731373175]]]]}},{"type":"Feature","properties":{"area_id":"142030102","city":"平塚市","ward":"","town":"撫子原","chome":"","num_households":562},"geometry":{"type":"MultiPolygon","coordinates":[[[[139.3330820382965,35.31962173167288],[139.3330620447656,35.31961742620583],[139.3330511281829,35.32092474208922],[139.33269503732586,35.320851619061756],[139.332437048795,35.320803255867325],[139.33237365401777,35.320772580446835],[139.33214845630374,35.32098621500455],[139.33212489989612,35.32109230268505],[139.33178742841574,35.32126626154812],[139.33144727058394,35.32111088771725],[139.33042826195177,35.32083192014064],[139.33046547228741,35.320651037391514],[139.33049892862041,35.32039683984744],[139.3304722106167,35.31996009543837],[139.33036101748854,35.319469971038124],[139.33021014266018,35.31902601770201],[139.32998208932236,35.31837817610565],[139.32987695309475,35.31787525872769],[139.32985883524933,35.31749282642855],[139.32989247547332,35.317160530749625],[139.3299626095707,35.316894153469775],[139.33007846786887,35.316763512803675],[139.33024389682433,35.31657843287187],[139.3304075576875,35.31642904648439],[139.3314789627648,35.31576637969318],[139.33188647586414,35.31557257047986],[139.33279891310065,35.315138731373175],[139.33377151055285,35.31470076850422],[139.33418353859344,35.31482545901508],[139.33417947618577,35.314836215592855],[139.33458192550705,35.314955189037285],[139.33442826976372,35.31572002841441],[139.33424294880174,35.31661726270939],[139.33419656318605,35.316852400543326],[139.33407435956426,35.31745578171665],[139.33315491669515,35.31729579779164],[139.33315396030864,35.31731142548769],[139.33293132033356,35.3180307960163],[139.3329104410674,35.318503689734385],[139.33290671420627,35.318543670352355],[139.3330820382965,35.31962173167288]]]]}},{"type":"Feature","properties":{"area_id":"142030103","city":"平塚市","ward":"","town":"黒部丘","chome":"","num_households":1403},"geometry":{"type":"MultiPolygon","coordinates":[[[[139.3430715380709,35.32085608365198],[139.34279786251477,35.321925632980026],[139.34257077393323,35.32283573615647],[139.3424980579708,35.32312928143266],[139.3424095734117,35.32348662766688],[139.34228317711083,35.323980774909145],[139.3421533537759,35.32451553728002],[139.34213539490375,35.32452954590176],[139.34207315897234,35.32478081116143],[139.3419851575167,35.3250718964201],[139.34194043287374,35.32536161088669],[139.3419401067826,35.32536301729218],[139.3419049739963,35.32551426739692],[139.3418774725502,35.325632660157744],[139.341869959596,35.32566142335439],[139.34179437611533,35.32595073330262],[139.34110677498668,35.32590907102421],[139.3408778086339,35.325880443582186],[139.34066389854215,35.32582751612771],[139.34026074384786,35.3257146488428],[139.33978839104904,35.32556311600832],[139.3394696460802,35.32546088127988],[139.33905268028028,35.32531647985653],[139.3387028615424,35.32517376655481],[139.3377808917708,35.32479495525202],[139.33703102269004,35.324484178370845],[139.33658356623414,35.32430380557214],[139.33599402753072,35.32406714017115],[139.33537814911696,35.3238174067852],[139.33497684339892,35.323567729127014],[139.3349361714457,35.323551151666],[139.33470882491608,35.323456337565766],[139.33421135184628,35.32324884404915],[139.33414816200806,35.3232224955726],[139.33420075748123,35.32313757924593],[139.33317718963812,35.32272309172186],[139.332967339534,35.32259409445493],[139.33289044838654,35.32252273767282],[139.3326681141693,35.322390941702544],[139.33259111130295,35.322323809331785],[139.3324981267474,35.32224956982902],[139.33243308580106,35.32215847428845],[139.33236628726317,35.32206687862732],[139.3318996602221,35.32131945676232],[139.33178742841574,35.32126626154812],[139.33212489989612,35.32109230268505],[139.33214845630374,35.32098621500455],[139.33237365401777,35.320772580446835],[139.332437048795,35.320803255867325],[139.33269503732586,35.320851619061756],[139.3330511281829,35.32092474208922],[139.3330620447656,35.31961742620583],[139.3330820382965,35.31962173167288],[139.33407311588346,35.31978284374703],[139.33410975896152,35.319776514475265],[139.33490895161637,35.31988854812994],[139.3349019815804,35.31989703921351],[139.3356980565502,35.320007741653086],[139.33571582358482,35.32000394306065],[139.3368529073161,35.320169504556944],[139.33686059110505,35.32017059218507],[139.3378221431265,35.32030612256812],[139.33784386469225,35.32030917074471],[139.3387837531667,35.32043974672576],[139.338784183701,35.32043981947587],[139.33999180982897,35.32060100264256],[139.34001301797736,35.32060383660054],[139.34060041333998,35.32065600699103],[139.34118134361344,35.32070759978248],[139.3415938447747,35.320742116977314],[139.34179760326901,35.32075915276813],[139.34194399743967,35.32077060119346],[139.34228883288048,35.32079765375215],[139.34243913468356,35.32080946929202],[139.3426307428905,35.320825609364036],[139.34303283142913,35.32086254400558],[139.34303410679277,35.320857689991726],[139.3430715380709,35.32085608365198]]]]}},{"type":"Feature","properties":{"area_id":"142030104","city":"平塚市","ward":"","town":"花水台","chome":"","num_households":1127},"geometry":{"type":"MultiPolygon","coordinates":[[[[139.3390470046503,35.31937531843674],[139.33897726719505,35.31963007536737],[139.33892654584213,35.31988737601892],[139.33885179789587,35.32013921996842],[139.338784183701,35.32043981947587],[139.3387837531667,35.32043974672576],[139.33784386469225,35.320309170744686],[139.3378221431265,35.32030612256812],[139.33686059110505,35.32017059218507],[139.3368529073161,35.320169504556944],[139.33571582358482,35.32000394306065],[139.3356980565502,35.320007741653086],[139.3349019815804,35.31989703921351],[139.33490895161637,35.31988854812994],[139.33410975896152,35.319776514475265],[139.33407311588346,35.31978284374703],[139.3330820382965,35.31962173167288],[139.33290671420627,35.318543670352355],[139.3329104410674,35.318503689734385],[139.33293132033356,35.3180307960163],[139.33315396030864,35.31731142548769],[139.33315491669515,35.31729579779162],[139.33407435956426,35.317455781716646],[139.33419656318605,35.316852400543326],[139.33424294880174,35.31661726270937],[139.33442826976372,35.31572002841441],[139.33518567265722,35.315803876719784],[139.3357333559477,35.31587825877412],[139.3365134156366,35.31597416433363],[139.3367472069977,35.316002667156255],[139.33741019368358,35.316085407161886],[139.3376982465362,35.31612103299826],[139.33808067410095,35.31621464872259],[139.33873138477065,35.316359438902396],[139.338994657477,35.316407775108736],[139.33930363461388,35.316464398451835],[139.3396818980446,35.31653693878905],[139.33962608479524,35.316777601321206],[139.3395711140635,35.317013901955576],[139.33953046175816,35.31722019449149],[139.33946254476973,35.317479748849756],[139.33938988270617,35.31783427514352],[139.33933477522748,35.31811373909735],[139.33932076677084,35.31818473089825],[139.33929922203833,35.31827977378861],[139.33929481826488,35.31830213355169],[139.33927825074758,35.31838622641456],[139.3392588326668,35.31845649164635],[139.3390470046503,35.31937531843674]]]]}},{"type":"Feature","properties":{"area_id":"142030105","city":"平塚市","ward":"","town":"菫平","chome":"","num_households":1135},"geometry":{"type":"MultiPolygon","coordinates":[[[[139.3396818980446,35.31653693878905],[139.34005825811968,35.31660468144196],[139.3404288097484,35.31667394888428],[139.34099565677656,35.31677817527564],[139.3413799090485,35.31680595146348],[139.34174106413408,35.31682391300501],[139.34180117676726,35.316829582639436],[139.34215377607288,35.3168486345177],[139.34266831812252,35.31703474582837],[139.34274124167433,35.317060253645536],[139.34315396053827,35.31722608830707],[139.3432005971345,35.317243601484606],[139.34412855311635,35.31756019506698],[139.3441273714854,35.317563780957556],[139.34408860845483,35.31767945911852],[139.34404122289018,35.31780721313515],[139.34394706339376,35.31806096250172],[139.34384431695355,35.31831369114198],[139.343744850025,35.31857826356022],[139.3436455600478,35.31887008671886],[139.3435240326358,35.31936518321143],[139.34345327156467,35.31937953954636],[139.34326665849085,35.32000132909003],[139.34321320020257,35.32018771302216],[139.34303410679277,35.32085768999171],[139.34303283142913,35.32086254400558],[139.3426307428905,35.320825609364036],[139.34243913468356,35.320809469292],[139.34228883288048,35.32079765375213],[139.34194399743967,35.32077060119346],[139.34179760326901,35.32075915276813],[139.3415938447747,35.320742116977314],[139.34118134361344,35.32070759978248],[139.34060041333998,35.32065600699103],[139.34001301797736,35.32060383660054],[139.33999180982897,35.32060100264256],[139.338784183701,35.32043981947587],[139.33885179789587,35.32013921996842],[139.33892654584213,35.31988737601892],[139.33897726719505,35.31963007536737],[139.3390470046503,35.31937531843674],[139.3392588326668,35.318456491646316],[139.33927825074758,35.31838622641456],[139.33929481826488,35.31830213355169],[139.33929922203833,35.31827977378861],[139.33932076677084,35.31818473089825],[139.33933477522748,35.318113739097356],[139.33938988270617,35.31783427514352],[139.33946254476973,35.317479748849756],[139.33953046175816,35.31722019449149],[139.3395711140635,35.317013901955576],[139.3396260847953,35.31677760132117],[139.3396818980446,35.31653693878905]]]]}},{"type":"Feature","properties":{"area_id":"142030106","city":"平塚市","ward":"","town":"虹ケ浜","chome":"","num_households":837},"geometry":{"type":"MultiPolygon","coordinates":[[[[139.335685516622,35.31302969897561],[139.33591247211913,35.31305049674032],[139.3361038777749,35.31309614535666],[139.33649847857149,35.31318453102723],[139.33751686305644,35.31331408105767],[139.33759993313143,35.31330224289838],[139.33779555180058,35.31329840339271],[139.33802073740665,35.31332806264311],[139.3382641419987,35.31337828767268],[139.3386289128781,35.3134627413778],[139.33891518431562,35.31350722712485],[139.339384084357,35.313557604689315],[139.3398856129226,35.313625860236314],[139.34033735914895,35.313678558068325],[139.3408279405064,35.313731695503215],[139.34098880762033,35.31373467962737],[139.34164273811578,35.31382080558335],[139.3419294978222,35.3138630337045],[139.34261117812454,35.31390729972429],[139.34280134659878,35.31390272655563],[139.34303979030352,35.313950035387364],[139.3434199069576,35.31397046114926],[139.34353595822145,35.31396072416723],[139.34370524895823,35.31400577826003],[139.3438090663318,35.313987541562334],[139.3442444162949,35.314024385716706],[139.34452479479583,35.31405672437991],[139.34508043051656,35.31410842063244],[139.34483496249376,35.315410171709196],[139.34482644895863,35.31545531578577],[139.34457788036354,35.316216498634894],[139.34456930501693,35.31625653106284],[139.34448495176613,35.316487577736204],[139.34447633621878,35.31650578061314],[139.34431872193548,35.31698784673017],[139.34412855311635,35.31756019506698],[139.3432005971345,35.317243601484606],[139.34315396053827,35.31722608830707],[139.34274124167433,35.317060253645536],[139.34266831812252,35.31703474582837],[139.34215377607288,35.3168486345177],[139.34180117676726,35.316829582639436],[139.34174106413408,35.31682391300501],[139.3413799090485,35.31680595146348],[139.34099565677656,35.31677817527564],[139.3404288097484,35.31667394888428],[139.34005825811968,35.31660468144196],[139.3396818980446,35.31653693878905],[139.33930363461388,35.316464398451814],[139.338994657477,35.316407775108736],[139.33873138477065,35.316359438902396],[139.33808067410095,35.31621464872259],[139.3376982465362,35.31612103299826],[139.33741019368358,35.316085407161886],[139.3367472069977,35.316002667156255],[139.3365134156366,35.31597416433363],[139.3357333559477,35.31587825877412],[139.33518567265722,35.315803876719784],[139.33442826976372,35.31572002841441],[139.33458192550705,35.314955189037285],[139.33417947618577,35.314836215592855],[139.33418353859344,35.31482545901508],[139.33423768973802,35.31468231433829],[139.33440791213243,35.3146660458211],[139.335685516622,35.31302969897561]]]]}},{"type":"Feature","properties":{"area_id":"142030107","city":"平塚市","ward":"","town":"龍城ケ丘","chome":"","num_households":919},"geometry":{"type":"MultiPolygon","coordinates":[[[[139.34693731589482,35.321332612261656],[139.34582774294051,35.32118673967436],[139.34581107808097,35.321193008999145],[139.34525169946772,35.321119384679946],[139.3450981584245,35.321103192385586],[139.3448202289259,35.32107381567494],[139.3430715380709,35.32085608365198],[139.34303410679277,35.32085768999171],[139.34321320020257,35.32018771302216],[139.34326665849085,35.32000132909003],[139.34345327156467,35.31937953954636],[139.3435240326358,35.31936518321143],[139.3436455600478,35.31887008671886],[139.343744850025,35.31857826356022],[139.34384431695355,35.31831369114198],[139.34394706339376,35.31806096250172],[139.34404122289018,35.31780721313515],[139.34408860845483,35.31767945911852],[139.3441273714854,35.317563780957556],[139.34412855311635,35.31756019506698],[139.34431872193548,35.31698784673017],[139.34447633621878,35.31650578061314],[139.34448495176613,35.316487577736204],[139.34456930501693,35.31625653106284],[139.34457788036354,35.316216498634894],[139.34482644895863,35.31545531578577],[139.34483496249376,35.315410171709196],[139.34508043051656,35.31410842063244],[139.34524629204768,35.31412388413951],[139.34571924408982,35.314187775982035],[139.34648445602843,35.31422996706064],[139.347051403633,35.31424424733142],[139.34756953475357,35.31427523761241],[139.34772768519255,35.31431616244779],[139.34783547993632,35.31431498314728],[139.34798796787214,35.31433292987733],[139.34806863786022,35.3143274843847],[139.34829611361542,35.314341791796565],[139.34802288307077,35.31573186244557],[139.34791398033414,35.31628588946948],[139.34787811718934,35.31649443048517],[139.3478680106576,35.31655319439697],[139.34785642497823,35.31662056362489],[139.34779790111438,35.31689909151628],[139.34775966623909,35.3170810544781],[139.34774617214143,35.31717493705248],[139.34767275061904,35.31757615990326],[139.3475791729973,35.31805729516005],[139.3475503758457,35.31818843628991],[139.34747370485005,35.31859394082614],[139.3473750195818,35.31909519373443],[139.34724628821664,35.31974919955475],[139.3472435417579,35.31976306003798],[139.34716349779026,35.320178266631146],[139.3471245175998,35.320380487184856],[139.34708886618316,35.320565187403915],[139.34700646977726,35.32099263755322],[139.3470104175786,35.32101490533531],[139.34693731589482,35.321332612261656]]]]}},{"type":"Feature","properties":{"area_id":"142030108","city":"平塚市","ward":"","town":"桃浜町","chome":"","num_households":1322},"geometry":{"type":"MultiPolygon","coordinates":[[[[139.34693731589482,35.321332612261656],[139.3469480497799,35.3213339234442],[139.34681957228722,35.32195088942774],[139.3467874581091,35.32208293281127],[139.3467067923267,35.32252229148601],[139.3464693739524,35.32364293303832],[139.34645293522763,35.32370426982216],[139.34625658529208,35.32453918063526],[139.34617939992543,35.32484919348189],[139.34609370071257,35.32521036388009],[139.34577094711688,35.32664202776645],[139.34560201788258,35.326610627935494],[139.34522536107843,35.326540623896484],[139.3447860438277,35.326459023584896],[139.34430423678197,35.32636949916803],[139.34395157451482,35.32630395821312],[139.34351963471542,35.326189218695326],[139.34341645247434,35.32617104563532],[139.34335790841243,35.32616080411587],[139.34287866812898,35.32606685034508],[139.34270023774525,35.3260316674565],[139.34269846547917,35.32603131681548],[139.34233857566528,35.32596046150711],[139.34179437611533,35.32595073330262],[139.341869959596,35.32566142335439],[139.3418774725502,35.325632660157744],[139.3419049739963,35.32551426739692],[139.3419401067826,35.32536301729218],[139.34194043287374,35.32536161088669],[139.3419851575167,35.3250718964201],[139.34207315897234,35.32478081116139],[139.34213539490375,35.32452954590176],[139.3421533537759,35.324515537280014],[139.34228317711083,35.323980774909145],[139.3424095734117,35.32348662766688],[139.3424980579708,35.32312928143266],[139.34257077393323,35.32283573615647],[139.34279786251477,35.321925632980026],[139.3430715380709,35.32085608365198],[139.3448202289259,35.32107381567494],[139.3450981584245,35.321103192385586],[139.34525169946772,35.321119384679946],[139.34581107808097,35.321193008999145],[139.34582774294051,35.32118673967436],[139.34693731589482,35.321332612261656]]]]}},{"type":"Feature","properties":{"area_id":"142030109","city":"平塚市","ward":"","town":"八重咲町","chome":"","num_households":939},"geometry":{"type":"MultiPolygon","coordinates":[[[[139.35214033003817,35.32447516433381],[139.35197710090196,35.32521007661459],[139.35178751152782,35.326063605680545],[139.35177863570595,35.32610363688991],[139.3516366303502,35.32674448792081],[139.35161349300148,35.32684882291076],[139.35158611682388,35.32697236343323],[139.35156230344063,35.327168307763934],[139.35152755231604,35.3273251261522],[139.35146238997154,35.32760258622462],[139.35145974474617,35.32761384220522],[139.35033197583297,35.32733765272271],[139.35016495099035,35.327296763004924],[139.3500095359641,35.32721874056297],[139.3500024539938,35.32721737429751],[139.3495334245868,35.32712525556155],[139.34848380939928,35.32691913262999],[139.34844493409986,35.3270570498571],[139.34791754331042,35.326960249145245],[139.34771054200172,35.32691739619916],[139.34760473852015,35.32689549224323],[139.34746079769673,35.326890804090304],[139.34645393481787,35.32675202494898],[139.34577094711688,35.32664202776645],[139.34609370071257,35.32521036388009],[139.34617939992543,35.32484919348189],[139.34625658529208,35.32453918063526],[139.34645293522763,35.32370426982216],[139.3464693739524,35.32364293303832],[139.346985455698,35.323710189844725],[139.3471938240146,35.32374097417273],[139.34823465190303,35.32389953336015],[139.34853097800175,35.32394335165115],[139.34950920493395,35.32408812151532],[139.3501104171514,35.32417479853391],[139.35089739267448,35.32429349537434],[139.3516506065867,35.32440359910123],[139.35214033003817,35.32447516433381]]]]}},{"type":"Feature","properties":{"area_id":"142030110","city":"平塚市","ward":"","town":"松風町","chome":"","num_households":1206},"geometry":{"type":"MultiPolygon","coordinates":[[[[139.34724628821664,35.31974919955475],[139.34726290543634,35.31975067580257],[139.3477752732369,35.31979679624928],[139.34788309308817,35.31981435200345],[139.34944854515362,35.320069076154276],[139.34947734582903,35.32007377140369],[139.35148605080448,35.320301904305815],[139.35153276381496,35.320307235508366],[139.3516749613093,35.32032387170734],[139.35202367304916,35.32036465779518],[139.3524154027339,35.320410406315176],[139.35305392260813,35.320484620638],[139.35305849465055,35.320488723427275],[139.3530551942245,35.32050194892174],[139.35285474816388,35.321305223309395],[139.35284729138684,35.321338078217224],[139.3525666181729,35.32257549914378],[139.3525662645551,35.32257704687809],[139.3524312819513,35.32320891302197],[139.35240909420548,35.323312757662244],[139.35215056397027,35.3244307024115],[139.35214156665182,35.32446953600305],[139.35214033003817,35.32447516433381],[139.3516506065867,35.32440359910123],[139.35089739267448,35.32429349537434],[139.3501104171514,35.32417479853391],[139.34950920493395,35.32408812151532],[139.34853097800175,35.32394335165115],[139.34823465190303,35.32389953336015],[139.3471938240146,35.32374097417273],[139.346985455698,35.323710189844725],[139.3464693739524,35.32364293303832],[139.3467067923267,35.32252229148601],[139.3467874581091,35.32208293281127],[139.34681957228722,35.32195088942774],[139.34694804977988,35.3213339234442],[139.34693731589482,35.321332612261656],[139.3470104175786,35.32101490533531],[139.34700646977726,35.32099263755322],[139.34708886618316,35.320565187403915],[139.3471245175998,35.32038048718484],[139.34716349779026,35.320178266631146],[139.3472435417579,35.31976306003798],[139.34724628821664,35.31974919955475]]]]}},{"type":"Feature","properties":{"area_id":"142030111","city":"平塚市","ward":"","town":"袖ケ浜","chome":"","num_households":1461},"geometry":{"type":"MultiPolygon","coordinates":[[[[139.35437113436865,35.3146063538421],[139.35400222226804,35.31613672548553],[139.3537960180147,35.317080653301865],[139.35376042755385,35.31724360303696],[139.35366981825854,35.31765850540404],[139.35353253537332,35.31828701479223],[139.3534405243472,35.318735078193974],[139.35340986558344,35.3188847377413],[139.35335412548335,35.31915654442837],[139.35333118396707,35.319264972728305],[139.3532617492514,35.31959312677422],[139.35318461040637,35.319924034608086],[139.3531265843069,35.32017289911712],[139.35305392260813,35.320484620638],[139.3524154027339,35.320410406315176],[139.35202367304916,35.32036465779518],[139.3516749613093,35.32032387170734],[139.35153276381496,35.320307235508366],[139.35148605080448,35.320301904305815],[139.34947734582903,35.32007377140369],[139.34944854515362,35.320069076154276],[139.34788309308817,35.31981435200345],[139.3477752732369,35.31979679624928],[139.34726290543634,35.31975067580257],[139.34724628821664,35.31974919955475],[139.3473750195818,35.31909519373443],[139.34747370485005,35.31859394082614],[139.3475503758457,35.31818843628991],[139.3475791729973,35.31805729516005],[139.347672750619,35.31757615990326],[139.34774617214143,35.31717493705248],[139.34775966623909,35.3170810544781],[139.34779790111438,35.31689909151628],[139.34785642497823,35.31662056362489],[139.3478680106576,35.31655319439697],[139.34787811718934,35.31649443048517],[139.34791398033414,35.31628588946948],[139.34802288307077,35.31573186244557],[139.34829611361542,35.314341791796565],[139.34882867155096,35.314367132124715],[139.3494656709005,35.31442035778372],[139.34999267142285,35.314470105621126],[139.35022516455405,35.31446443163582],[139.35041198269076,35.31449617546558],[139.35072855854307,35.31450344783881],[139.35098289044234,35.3145241979961],[139.3512243552559,35.31451250191424],[139.35170929272013,35.314541651137304],[139.35175889426117,35.31454466898392],[139.35204482684446,35.314554207012876],[139.35246672012158,35.31455788819798],[139.3531610587094,35.31459266679069],[139.35340098374496,35.314594339965566],[139.35368091953282,35.31460800541927],[139.35415712767244,35.31459527977684],[139.35437113436865,35.3146063538421]]]]}},{"type":"Feature","properties":{"area_id":"142030112","city":"平塚市","ward":"","town":"高浜台","chome":"","num_households":1117},"geometry":{"type":"MultiPolygon","coordinates":[[[[139.36220580815214,35.31469396468807],[139.36214498274757,35.31555231367483],[139.36211841878747,35.31579192642506],[139.36209913053364,35.31619924304229],[139.3620804517234,35.31641240892869],[139.36206281946167,35.316600789228126],[139.36203255674505,35.31690792353394],[139.36193520195027,35.317324020910895],[139.36184865311415,35.31777290618272],[139.36185385828887,35.31778637705734],[139.36174716321494,35.31837553646544],[139.3617030453989,35.31850099791898],[139.36161874571303,35.31897665267412],[139.36160665924075,35.31899421175062],[139.3606831436087,35.319504417545595],[139.36066021448562,35.31951707411039],[139.35988600822256,35.3199484913713],[139.35918109964427,35.32034195550668],[139.35888015134753,35.32049932140749],[139.35864886816708,35.32063154805365],[139.35818552200195,35.320896488585504],[139.35761397882254,35.32119965140853],[139.35739553571705,35.321085753385084],[139.3568904617742,35.32091654625805],[139.35658497224938,35.32086813359037],[139.35591502283214,35.32079712122034],[139.35521047494694,35.32071385308185],[139.35494926423613,35.32068300877457],[139.35475282166695,35.320670311278626],[139.3545295738209,35.32064627543644],[139.35432259636687,35.32062399190335],[139.35424565382877,35.32061572245637],[139.35374849100793,35.32056215841831],[139.35368559345204,35.32055450900757],[139.3530551942245,35.32050194892174],[139.35305849465055,35.320488723427275],[139.35305392260813,35.320484620638],[139.3531265843069,35.32017289911712],[139.35318461040637,35.319924034608086],[139.3532617492514,35.31959312677422],[139.35333118396707,35.319264972728305],[139.35335412548335,35.31915654442837],[139.35340986558344,35.3188847377413],[139.3534405243472,35.318735078193974],[139.35353253537332,35.31828701479223],[139.35366981825854,35.31765850540404],[139.35376042755385,35.31724360303696],[139.3537960180147,35.317080653301865],[139.35400222226804,35.31613672548553],[139.35437113436865,35.3146063538421],[139.3547476114881,35.314625969392935],[139.35543070432539,35.314651959198905],[139.3565678307847,35.314732302220534],[139.3567664564878,35.3147291558417],[139.3573010597517,35.31469249752935],[139.3589220194681,35.31471285725948],[139.35912169471646,35.314691542670325],[139.35967855731636,35.314694583331516],[139.36031221849862,35.31469051521472],[139.36040286737557,35.31469678474497],[139.36061903661732,35.314755517818874],[139.3608439636283,35.314785832929395],[139.3613251019392,35.3147779238583],[139.36219128204493,35.31470242915828],[139.36220580815214,35.31469396468807]]]]}},{"type":"Feature","properties":{"area_id":"142030113","city":"平塚市","ward":"","town":"夕陽ケ丘","chome":"","num_households":1670},"geometry":{"type":"MultiPolygon","coordinates":[[[[139.3530551942245,35.32050194892174],[139.35368559345204,35.320554509007536],[139.35374849100793,35.32056215841831],[139.35424565382877,35.32061572245637],[139.35432259636687,35.32062399190335],[139.3545295738209,35.32064627543644],[139.35475282166695,35.320670311278626],[139.35494926423613,35.32068300877457],[139.35521047494694,35.32071385308185],[139.35591502283214,35.32079712122034],[139.35658497224938,35.32086813359037],[139.3568904617742,35.32091654625805],[139.35739553571705,35.321085753385084],[139.35761397882254,35.32119965140853],[139.35825673799408,35.32170620710781],[139.35846136491224,35.321911800494576],[139.35893061140254,35.322394063292684],[139.35893996388845,35.322403677415956],[139.35918307467517,35.32269195019139],[139.35942446124685,35.32294351720034],[139.35946185964565,35.32295443713215],[139.3597255636128,35.323223330426735],[139.36004561783182,35.323582717537725],[139.3600593212456,35.323597557895994],[139.36063139280515,35.32405242691422],[139.36062789293896,35.324077692596575],[139.36052332388476,35.32482876365406],[139.36049102452074,35.325060658076595],[139.36040994232943,35.325500018909345],[139.36030881865776,35.32599373201376],[139.36030837591156,35.3259958427593],[139.36019344918958,35.32655703028374],[139.3601906177982,35.326570890580705],[139.36000419869595,35.32748127193449],[139.3595511858768,35.3270804486394],[139.3591910448768,35.326761803333994],[139.35885021376563,35.326460255557556],[139.35878939159403,35.32640642535065],[139.3585610439817,35.32620693767911],[139.35853945732202,35.326188119930215],[139.3585305663634,35.32618033907408],[139.35849906301124,35.32615282038621],[139.3581458257747,35.32584988244046],[139.35740394712354,35.325440881983845],[139.35734880380554,35.32541502872922],[139.3568501201968,35.32523754463484],[139.35646122030676,35.32510239881616],[139.35604459181428,35.325042695791815],[139.35573924723772,35.32499731197265],[139.354961222486,35.32488164368144],[139.3543684512021,35.3247977727511],[139.3534589443384,35.324669590176725],[139.35276100753975,35.32456951123346],[139.35214156665182,35.32446953600305],[139.35215056397027,35.3244307024115],[139.35240909420548,35.323312757662244],[139.3524312819513,35.32320891302197],[139.3525662645551,35.32257704687809],[139.3525666181729,35.32257549914378],[139.35284729138684,35.321338078217224],[139.35285474816388,35.321305223309395],[139.3530551942245,35.32050194892174]]]]}},{"type":"Feature","properties":{"area_id":"142030114","city":"平塚市","ward":"","town":"代官町","chome":"","num_households":1480},"geometry":{"type":"MultiPolygon","coordinates":[[[[139.35214156665182,35.32446953600305],[139.35276100753975,35.32456951123346],[139.3534589443384,35.324669590176725],[139.3543684512021,35.3247977727511],[139.354961222486,35.32488164368144],[139.35573924723772,35.32499731197265],[139.35604459181428,35.325042695791815],[139.35646122030676,35.32510239881616],[139.3568501201968,35.32523754463484],[139.35734880380554,35.32541502872922],[139.35740394712354,35.325440881983845],[139.3581458257747,35.32584988244046],[139.35849906301124,35.32615282038621],[139.3585305663634,35.32618033907408],[139.35853945732202,35.326188119930215],[139.3585610439817,35.32620693767911],[139.35878939159403,35.32640642535065],[139.35885021376563,35.326460255557556],[139.3591910448768,35.326761803333994],[139.3595511858768,35.3270804486394],[139.36000419869595,35.32748127193449],[139.35984007382118,35.32828259402816],[139.35961912253305,35.32936173207111],[139.35810047731573,35.32907393505151],[139.35730861667187,35.32892393719425],[139.35665534376258,35.328800121883624],[139.35534049327745,35.32854836234576],[139.35512551432836,35.32850721569038],[139.35485084017515,35.32844681447891],[139.35465220559914,35.32838848004978],[139.35460927053128,35.328375842457355],[139.35413602937314,35.32825323305618],[139.35368050909844,35.328135273822305],[139.3532317251443,35.32801917072398],[139.35299200660307,35.32796249989197],[139.35182859696593,35.32768871585919],[139.35163126971793,35.32764228378962],[139.35152919601896,35.32761827916647],[139.35146238997154,35.32760258622462],[139.35152755231604,35.3273251261522],[139.35156230344063,35.327168307763934],[139.35158611682388,35.32697236343323],[139.35161349300148,35.32684882291076],[139.3516366303502,35.32674448792081],[139.35177863570595,35.32610363688991],[139.35178751152782,35.326063605680545],[139.35197710090196,35.32521007661459],[139.35214033003817,35.32447516433381],[139.35214156665182,35.32446953600305]]]]}},{"type":"Feature","properties":{"area_id":"142030115","city":"平塚市","ward":"","town":"久領堤","chome":"","num_households":160},"geometry":{"type":"MultiPolygon","coordinates":[[[[139.36063139280515,35.32405242691422],[139.3612479022389,35.32417721685135],[139.36182716364672,35.324309533752185],[139.36260419158296,35.32445543301454],[139.3631110969941,35.3245530294813],[139.3647485744914,35.32478971590385],[139.36536712796985,35.32488294744396],[139.3655840233097,35.32491660059856],[139.36969278529804,35.325527941147534],[139.36917448655194,35.32923203328679],[139.3689222902051,35.3310346046821],[139.36891740556885,35.331069513122245],[139.36810951206328,35.3309218346829],[139.3654836502959,35.33044200072586],[139.3640501728616,35.330134836863884],[139.36340320240686,35.33002359472937],[139.36279417680947,35.32991897540163],[139.36254729112466,35.329883156437745],[139.36132317277287,35.32970535840864],[139.36120507550606,35.329688208025075],[139.36054835209112,35.32959282600854],[139.36032035636822,35.32955968184043],[139.35961912253305,35.32936173207111],[139.35984007382118,35.32828259402816],[139.36000419869595,35.32748127193449],[139.3601906177982,35.326570890580705],[139.36019344918958,35.32655703028374],[139.36030837591156,35.3259958427593],[139.36030881865776,35.32599373201376],[139.36040994232943,35.325500018909345],[139.36049102452074,35.325060658076595],[139.36052332388476,35.32482876365406],[139.36062789293896,35.324077692596575],[139.36063139280515,35.32405242691422]]]]}},{"type":"Feature","properties":{"area_id":"142030116","city":"平塚市","ward":"","town":"札場町","chome":"","num_households":706},"geometry":{"type":"MultiPolygon","coordinates":[[[[139.3642399584109,35.32041937308438],[139.36426101146918,35.32047043674271],[139.36462264725387,35.321347325812575],[139.36471892228278,35.32147994122945],[139.36524715809213,35.32156352383383],[139.36543544286587,35.321588122484265],[139.36592045025424,35.32165153717521],[139.3680604313699,35.32181616627435],[139.36839574112435,35.322061589671726],[139.3701441860548,35.322338054706584],[139.37007752259865,35.32277439028],[139.37000671606472,35.32327394495139],[139.36984362006194,35.3244139475262],[139.36969278529804,35.325527941147534],[139.3655840233097,35.32491660059856],[139.36536712796985,35.32488294744396],[139.3647485744914,35.32478971590385],[139.3631110969941,35.3245530294813],[139.36260419158296,35.32445543301454],[139.36182716364672,35.324309533752185],[139.3612479022389,35.32417721685135],[139.36063139280515,35.32405242691422],[139.3600593212456,35.323597557895994],[139.36004561783182,35.323582717537725],[139.36054544033806,35.323123375014355],[139.360823665062,35.32286765283343],[139.36083700289905,35.322798626692204],[139.361233668177,35.32241901111702],[139.36171405634238,35.32198204776329],[139.3617686896993,35.32193318019547],[139.3621691013203,35.32156526277619],[139.36344132473914,35.32077808396243],[139.36371765942658,35.32065881144222],[139.3642399584109,35.32041937308438]]]]}},{"type":"Feature","properties":{"area_id":"142030117","city":"平塚市","ward":"","town":"幸町","chome":"","num_households":635},"geometry":{"type":"MultiPolygon","coordinates":[[[[139.36161874571303,35.31897665267412],[139.3620652296661,35.31901366982461],[139.36209403969872,35.319016458351676],[139.36247814324102,35.3190539357223],[139.36276366812513,35.31907419855511],[139.36289059786623,35.31913637994698],[139.36306319464083,35.31922099206523],[139.36307495144223,35.31923075585754],[139.36335513335695,35.31946155756843],[139.3635877499721,35.31965675200519],[139.3636189146026,35.319683140502136],[139.36396814340745,35.31997913362397],[139.36399071485195,35.31999823286334],[139.3642399584109,35.32041937308438],[139.36371765942658,35.32065881144222],[139.36344132473914,35.32077808396243],[139.3621691013203,35.32156526277619],[139.3617686896993,35.32193318019547],[139.36171405634238,35.32198204776329],[139.361233668177,35.32241901111702],[139.36083700289905,35.322798626692204],[139.360823665062,35.32286765283343],[139.36054544033806,35.323123375014355],[139.36004561783182,35.323582717537725],[139.3597255636128,35.323223330426735],[139.35946185964565,35.32295443713215],[139.35942446124685,35.32294351720034],[139.35918307467517,35.32269195019139],[139.35893996388845,35.322403677415956],[139.35893061140254,35.322394063292684],[139.35846136491224,35.321911800494576],[139.35825673799408,35.32170620710781],[139.35761397882254,35.32119965140853],[139.35818552200195,35.320896488585504],[139.35864886816708,35.32063154805365],[139.35888015134753,35.32049932140749],[139.35918109964427,35.32034195550668],[139.35988600822256,35.3199484913713],[139.36066021448562,35.31951707411039],[139.3606831436087,35.319504417545595],[139.36160665924075,35.31899421175062],[139.36161874571303,35.31897665267412]]]]}},{"type":"Feature","properties":{"area_id":"142030118","city":"平塚市","ward":"","town":"千石河岸","chome":"","num_households":665},"geometry":{"type":"MultiPolygon","coordinates":[[[[139.36220580815214,35.31469396468807],[139.3628172687769,35.31459197977359],[139.3629177535429,35.314583708886694],[139.3630743167383,35.31454283944818],[139.36357188186332,35.31449463346077],[139.3643763184884,35.31439860288417],[139.36511899345996,35.31430739852161],[139.3656187191402,35.31430891114448],[139.36575513045722,35.31429091805466],[139.36613287384512,35.31429639265552],[139.36642101330906,35.31428595634483],[139.3667601470646,35.314252548738956],[139.36675855252028,35.31403719405184],[139.36678419662374,35.31400025205914],[139.3668830937884,35.31399140808548],[139.3670241781945,35.31401969901943],[139.36711322118077,35.314073562600285],[139.36754083043553,35.31388634160161],[139.36786436128332,35.313891602218845],[139.36874164690653,35.31393786499485],[139.3732896095948,35.31484346912169],[139.3741458467601,35.31509805280282],[139.37412952182288,35.31536227751327],[139.37408471198523,35.31608729422402],[139.3740459565921,35.31671458964579],[139.37377793237775,35.31795050068101],[139.37361462095586,35.31888843915715],[139.37351372866638,35.31958521513378],[139.3734987765154,35.31963846685908],[139.3722841193475,35.32049168563065],[139.37206402495016,35.32064844373316],[139.3701937611412,35.321980875336955],[139.3701441860548,35.322338054706584],[139.36839574112435,35.322061589671726],[139.3680604313699,35.32181616627435],[139.36592045025424,35.32165153717521],[139.36543544286587,35.321588122484265],[139.36524715809213,35.32156352383383],[139.36471892228278,35.32147994122945],[139.36462264725387,35.321347325812575],[139.36426101146918,35.32047043674271],[139.3642399584109,35.32041937308438],[139.36399071485195,35.31999823286334],[139.36396814340745,35.31997913362397],[139.3636189146026,35.319683140502136],[139.3635877499721,35.31965675200519],[139.36335513335695,35.31946155756843],[139.36307495144223,35.31923075585754],[139.36306319464083,35.31922099206523],[139.36289059786623,35.31913637994698],[139.36276366812513,35.31907419855511],[139.36247814324102,35.3190539357223],[139.36209403969872,35.319016458351676],[139.3620652296661,35.31901366982461],[139.36161874571303,35.31897665267412],[139.3617030453989,35.31850099791898],[139.36174716321494,35.31837553646544],[139.36185385828887,35.31778637705734],[139.36184865311415,35.31777290618272],[139.36193520195027,35.317324020910895],[139.36203255674505,35.31690792353394],[139.36206281946167,35.316600789228126],[139.3620804517234,35.31641240892869],[139.36209913053364,35.31619924304229],[139.36211841878747,35.31579192642506],[139.36214498274757,35.31555231367483],[139.36220580815214,35.31469396468807]]]]}},{"type":"Feature","properties":{"area_id":"142030119","city":"平塚市","ward":"","town":"須賀","chome":"","num_households":254},"geometry":{"type":"MultiPolygon","coordinates":[[[[139.37557499349737,35.338452897263046],[139.37557377480363,35.33845747427431],[139.37543896790464,35.33875440068707],[139.3753902529531,35.33876560620742],[139.3753695762152,35.338770363547106],[139.37531062508847,35.33899786666811],[139.37527778774472,35.339124583365326],[139.37527507788587,35.33913504031109],[139.37532423620016,35.33919471092132],[139.37529190772395,35.33926939897791],[139.37523355121337,35.339279093733296],[139.37514375247068,35.3396093178705],[139.37510207055996,35.33976260400268],[139.37501305797346,35.339746945683885],[139.3750129835223,35.33974693275022],[139.37501248553278,35.33974831868653],[139.374988580572,35.33981480462386],[139.37346149981707,35.339819595423734],[139.3727842404414,35.339821746080396],[139.37269745444766,35.339817292094],[139.37270354459835,35.33965438704039],[139.37271674470225,35.33965443709881],[139.37271525155793,35.339531852437034],[139.37269099087183,35.339532378768205],[139.37266322840492,35.339532980382906],[139.37250292121476,35.33953645528127],[139.37250292851115,35.33953821623711],[139.37250334107264,35.339654528730584],[139.372499821465,35.33969237065618],[139.372496604065,35.33972763862486],[139.37249769532198,35.339810800820906],[139.36947691716145,35.33964111318911],[139.36927971164243,35.33848892677852],[139.36919463853573,35.33799189162679],[139.36914327257972,35.33769172432348],[139.3689742245483,35.337567427031324],[139.36875364648378,35.337282171140814],[139.36865238460774,35.336954139555786],[139.3685161752709,35.33646542209887],[139.36848442114984,35.336331998609076],[139.37152418322032,35.336305978464814],[139.3715379314541,35.33566523126834],[139.3716291366653,35.33565297446174],[139.37197022134728,35.33596558988363],[139.37210848922115,35.336055685894515],[139.37247259801256,35.33622811224173],[139.3727337840532,35.33628367676597],[139.37311894676006,35.336389562987506],[139.37403044015397,35.336836493193076],[139.37435337890568,35.33707050557463],[139.37465726752257,35.337374228911735],[139.3749389903288,35.33763991116403],[139.3749640363343,35.33767817045623],[139.3750668429783,35.33776347959494],[139.37507044351273,35.33785475142297],[139.3751174935908,35.3380043495967],[139.375233874835,35.33829257609281],[139.37522337321982,35.338370064318994],[139.37522208009827,35.3383859028907],[139.3754098006202,35.33845512407285],[139.3754598387658,35.338473551593275],[139.37557499349737,35.338452897263046]]]]}},{"type":"Feature","properties":{"area_id":"142030201","city":"平塚市","ward":"","town":"桜ケ丘","chome":"","num_households":460},"geometry":{"type":"MultiPolygon","coordinates":[[[[139.32780604290843,35.32482684188263],[139.32822905451707,35.32500769618363],[139.32924932339887,35.32544178526874],[139.3303418372802,35.32594283201522],[139.32977604719892,35.32681318725007],[139.32976168534023,35.326835591354744],[139.32968805543993,35.32695126610052],[139.32881370732943,35.32828652690648],[139.32881958629696,35.32830162159124],[139.32833415830464,35.329018909942306],[139.3278605843257,35.329742366416404],[139.32785850197115,35.32974559694929],[139.3276375594706,35.33008766748092],[139.32711146056766,35.330902238683436],[139.3270024825252,35.33107095281029],[139.32593494695567,35.330611877759594],[139.32554055669988,35.330445064527076],[139.32543060050133,35.330398550976824],[139.32491318812143,35.330179676502425],[139.32311474200412,35.32941106329728],[139.32318244097706,35.32933781962714],[139.32362869141494,35.32885478926241],[139.32407333654493,35.32837343602887],[139.3240501618372,35.32827975048637],[139.3240617933082,35.32827472746734],[139.32423187628922,35.32820183466508],[139.32469532705855,35.327600252057614],[139.3253389051726,35.32680252139462],[139.32565866648068,35.326435336335486],[139.3261763897336,35.32602931452743],[139.32648147685302,35.32580262029531],[139.32679933904262,35.32556647323497],[139.32780604290843,35.32482684188263]]]]}},{"type":"Feature","properties":{"area_id":"142030202","city":"平塚市","ward":"","town":"上平塚","chome":"","num_households":572},"geometry":{"type":"MultiPolygon","coordinates":[[[[139.32409904674853,35.33548611275126],[139.32404291383526,35.33548862711384],[139.32389761408183,35.33543006886065],[139.3233566812411,35.33520177731609],[139.3226265018217,35.33489361746779],[139.32175203478616,35.33452465022472],[139.32154440718472,35.33457991409614],[139.3214200211519,35.334612988827985],[139.32095392559035,35.334765839339944],[139.32070656566273,35.33386131596605],[139.3206503721024,35.33330595764367],[139.32067035003814,35.33292344512777],[139.3205114288108,35.33244209509125],[139.32101888831883,35.332070336882026],[139.3215606454993,35.331408512675196],[139.32187380962404,35.3308910861427],[139.3220962289455,35.33052362859691],[139.32221961323165,35.330388856579525],[139.32257929539765,35.32999597379454],[139.32311474200412,35.32941106329728],[139.32491318812143,35.330179676502425],[139.32543060050133,35.330398550976824],[139.32554055669988,35.330445064527076],[139.32593494695567,35.330611877759594],[139.3270024825252,35.33107095281029],[139.3264105135751,35.33198742732212],[139.32604657635963,35.332534397566405],[139.32598145888926,35.332634765378565],[139.32552089934043,35.333344573894166],[139.32529235284773,35.333696876848045],[139.32487882694974,35.334310600810426],[139.32409904674853,35.33548611275126]]]]}},{"type":"Feature","properties":{"area_id":"142030203","city":"平塚市","ward":"","town":"達上ケ丘","chome":"","num_households":437},"geometry":{"type":"MultiPolygon","coordinates":[[[[139.33119115531827,35.333411733441615],[139.33118221914233,35.33362825791813],[139.331152865602,35.334181902179644],[139.33115442291052,35.33433395913429],[139.33112342266173,35.33476378617399],[139.3311284241308,35.334789089606986],[139.33110579476084,35.33535304231101],[139.3311053871684,35.33536332234957],[139.33104892086024,35.33676957432815],[139.3310426454974,35.336825677747576],[139.3309815988532,35.337075086306605],[139.33090750521944,35.33737775340034],[139.33076918255014,35.337972000739185],[139.33074760752604,35.33795853106021],[139.33021720037274,35.33762697990766],[139.32912694683873,35.33694544283752],[139.32910717333954,35.33693268463424],[139.3280764753943,35.33626821905192],[139.32806008286482,35.33625772942157],[139.32737899583424,35.33582329977591],[139.32708431741307,35.33563532328674],[139.32678416870013,35.33594113655635],[139.32626789071753,35.33646704533931],[139.3262503596738,35.33649450858625],[139.32595929086395,35.33629239040675],[139.32572498563022,35.33612508342019],[139.3245081295231,35.33564935300973],[139.32409904674853,35.33548611275126],[139.32487882694974,35.334310600810426],[139.32529235284773,35.333696876848045],[139.32556458634858,35.33368510842303],[139.32659037971203,35.333641499545884],[139.32660684093761,35.333640791797976],[139.32688748255657,35.3336313785763],[139.32702089386478,35.33361129016866],[139.32716138998944,35.33355742758756],[139.32825361308525,35.332874055225105],[139.3298386999815,35.333187001452934],[139.32984213386277,35.333187578826085],[139.3304050355267,35.33328212526835],[139.33043490885692,35.33328717648543],[139.33119115531827,35.333411733441615]]]]}},{"type":"Feature","properties":{"area_id":"142030204","city":"平塚市","ward":"","town":"諏訪町","chome":"","num_households":844},"geometry":{"type":"MultiPolygon","coordinates":[[[[139.33489906442466,35.33523090616639],[139.33499419966262,35.335611895568924],[139.33515279207998,35.336227392414926],[139.33519915419154,35.336368863815636],[139.33534998038795,35.33693980603462],[139.3355319605555,35.337581224627456],[139.33570369335254,35.3382052043515],[139.33578803430274,35.3385100734776],[139.33584518758065,35.338897580426796],[139.33585246597715,35.339218961133014],[139.33583755202852,35.33938158255215],[139.3357677607785,35.34003751694296],[139.33491898253865,35.33976180466795],[139.33473150109364,35.339690742311255],[139.33456568105768,35.339576597232856],[139.33428650924765,35.33941198083156],[139.3341813019546,35.339372114200806],[139.33386473830984,35.339244551933206],[139.3328550805859,35.33888084376695],[139.33284037088904,35.33889698115014],[139.33200699851932,35.338517647364625],[139.3319065144018,35.3384573762518],[139.3315325373541,35.33830393900774],[139.3309037594317,35.33801508788677],[139.3308614057035,35.33802646487565],[139.33076918255014,35.337972000739185],[139.33090750521944,35.33737775340034],[139.3309815988532,35.337075086306605],[139.3310426454974,35.336825677747576],[139.33104892086024,35.33676957432815],[139.3311053871684,35.33536332234957],[139.33110579476084,35.33535304231101],[139.3311284241308,35.334789089606986],[139.33112342266173,35.33476378617399],[139.33115442291052,35.33433395913429],[139.331152865602,35.334181902179644],[139.33118221914233,35.33362825791813],[139.33119115531827,35.333411733441615],[139.33120729425175,35.33341440416898],[139.33203399060346,35.3338084856785],[139.3323305856298,35.33394434465158],[139.33308460715082,35.33427946431877],[139.33309407712596,35.33428372887946],[139.33389679058095,35.33462587669245],[139.33482942958955,35.33502341594202],[139.33489906442466,35.33523090616639]]]]}},{"type":"Feature","properties":{"area_id":"142030205","city":"平塚市","ward":"","town":"富士見町","chome":"","num_households":273},"geometry":{"type":"MultiPolygon","coordinates":[[[[139.33489906442466,35.33523090616639],[139.3359155897661,35.33558144109847],[139.33680234270332,35.33584817818585],[139.3371296282195,35.33593672753743],[139.33742023394194,35.33601533286001],[139.33807289130482,35.33619671204613],[139.33799381560257,35.3363821685128],[139.33799359776054,35.336382660593294],[139.3379437852435,35.33649753057321],[139.33773066920176,35.33698877765015],[139.33769053021007,35.33708136005087],[139.33756982965272,35.33734882701628],[139.33710505528015,35.33837883632003],[139.33705051842168,35.33849967041131],[139.3369454046332,35.338732607597784],[139.33691840314262,35.33879244343994],[139.33677579312038,35.339107639494614],[139.33672549335125,35.33921729441617],[139.33627474512045,35.34019983245377],[139.3361809068596,35.34018359877643],[139.3357677607785,35.34003751694296],[139.33583755202852,35.33938158255215],[139.33585246597715,35.339218961133014],[139.33584518758065,35.338897580426796],[139.33578803430274,35.3385100734776],[139.33570369335254,35.3382052043515],[139.3355319605555,35.337581224627456],[139.33534998038795,35.33693980603462],[139.33519915419154,35.336368863815636],[139.33515279207998,35.336227392414926],[139.33499419966262,35.335611895568924],[139.33489906442466,35.33523090616639]]]]}},{"type":"Feature","properties":{"area_id":"142030206","city":"平塚市","ward":"","town":"中里","chome":"","num_households":1197},"geometry":{"type":"MultiPolygon","coordinates":[[[[139.33613481958025,35.33077421387416],[139.33602643140014,35.33110941486971],[139.33590887287244,35.331496976364825],[139.33573494991944,35.332072976000376],[139.3355571488735,35.332657412549686],[139.33537689041617,35.33322183869402],[139.3351986567924,35.333813318923156],[139.3351450678121,35.33398353037612],[139.33502265127947,35.33441269778828],[139.33482942958955,35.33502341594202],[139.33389679058095,35.33462587669245],[139.33309407712596,35.33428372887946],[139.33308460715082,35.33427946431877],[139.3323305856298,35.33394434465158],[139.33203399060346,35.3338084856785],[139.33120729425175,35.33341440416898],[139.33119115531827,35.333411733441615],[139.33043490885692,35.33328717648543],[139.3304050355267,35.33328212526835],[139.32984213386277,35.333187578826085],[139.3298386999815,35.333187001452934],[139.32825361308525,35.332874055225105],[139.32716138998944,35.33355742758756],[139.32702089386478,35.33361129016866],[139.32688748255657,35.3336313785763],[139.32660684093761,35.333640791797976],[139.32659037971203,35.333641499545884],[139.32556458634858,35.33368510842303],[139.32529235284773,35.33369687684806],[139.32552089934043,35.333344573894166],[139.32598145888926,35.332634765378565],[139.32604657635963,35.332534397566405],[139.3264105135751,35.33198742732212],[139.3270024825252,35.33107095281029],[139.32711146056766,35.330902238683436],[139.3276375594706,35.33008766748092],[139.32785850197115,35.32974559694929],[139.3278605843257,35.329742366416404],[139.32833415830464,35.329018909942306],[139.32881958629696,35.32830162159124],[139.3288143785158,35.328324065629424],[139.32974138258592,35.32872359432643],[139.32975612259781,35.328729992042],[139.33057196300192,35.32908414042833],[139.3305862325139,35.329090325510165],[139.33209108895207,35.32975176912991],[139.3320492565323,35.32996612215413],[139.33204959078648,35.32997478546921],[139.33308108759007,35.33021908808996],[139.33309404499127,35.33022209863287],[139.3342241372853,35.330483764604104],[139.33423070220303,35.33048534089264],[139.33518705013975,35.33071162867047],[139.33518783833372,35.3307090971392],[139.33531585931627,35.330318551044236],[139.33556602636966,35.330466305606244],[139.33613481958025,35.33077421387416]]]]}},{"type":"Feature","properties":{"area_id":"142030210","city":"平塚市","ward":"","town":"豊原町","chome":"","num_households":770},"geometry":{"type":"MultiPolygon","coordinates":[[[[139.33615336420553,35.33078422210398],[139.33670102276366,35.33097878936114],[139.33670565344394,35.33098042862471],[139.33746285538646,35.33119925214448],[139.33834776247517,35.331460998227406],[139.33836483812857,35.33146529463416],[139.33963361479292,35.33178715442691],[139.33952429026226,35.332122345996325],[139.33944130622515,35.3323439112519],[139.33943837998896,35.33235171628422],[139.33924305696843,35.33291656034339],[139.33923645983165,35.33293427956537],[139.33908217150653,35.333350063904554],[139.33904617593353,35.333447031640624],[139.33883612271907,35.33404505820959],[139.33883564195034,35.334046393750086],[139.33857483458897,35.33480104954784],[139.33831659066846,35.33551487142576],[139.33831388040173,35.33552246674109],[139.33807289130482,35.33619671204613],[139.33742023394194,35.33601533286001],[139.3371296282195,35.33593672753743],[139.33680234270332,35.33584817818585],[139.3359155897661,35.33558144109847],[139.33489906442466,35.33523090616639],[139.33482942958955,35.33502341594202],[139.33502265127947,35.33441269778828],[139.3351450678121,35.33398353037612],[139.3351986567924,35.333813318923156],[139.33537689041617,35.33322183869402],[139.3355571488735,35.332657412549686],[139.33573494991944,35.332072976000376],[139.33590887287244,35.331496976364825],[139.33602643140014,35.33110941486971],[139.33613481958025,35.33077421387416],[139.33615336420553,35.33078422210398]]]]}},{"type":"Feature","properties":{"area_id":"142030211","city":"平塚市","ward":"","town":"立野町","chome":"","num_households":965},"geometry":{"type":"MultiPolygon","coordinates":[[[[139.33963361479292,35.33178715442691],[139.34094619753475,35.331957763490685],[139.34095199331665,35.3319584923711],[139.34150358064196,35.33203127789909],[139.3420323552668,35.33209650075819],[139.34203433053693,35.33209671966815],[139.34301435219334,35.332214652860536],[139.34302285465307,35.332215674506536],[139.3436627189855,35.33229317908923],[139.34367585621544,35.33229485307819],[139.34453521755418,35.332478187966764],[139.34456842915444,35.33248585950118],[139.34444863613385,35.33304212637536],[139.3442278366942,35.33411671184423],[139.34413197323155,35.33458744617632],[139.34399674872836,35.33521499081241],[139.34332154798483,35.3353585572886],[139.34185710731157,35.335657960791906],[139.34109663029682,35.33581849359261],[139.34010863073237,35.33602709881854],[139.33996879705074,35.33605659333154],[139.33987758674417,35.336075230781184],[139.339704371067,35.33611064376393],[139.33875489082988,35.33632975429285],[139.3383642254527,35.336410535868914],[139.3379437852435,35.33649753057321],[139.33799359776054,35.336382660593294],[139.33799381560257,35.3363821685128],[139.33807289130482,35.33619671204613],[139.33831388040173,35.33552246674109],[139.33831659066846,35.33551487142576],[139.33857483458897,35.33480104954784],[139.33883564195034,35.334046393750086],[139.33883612271907,35.33404505820959],[139.33904617593353,35.333447031640624],[139.33908217150653,35.333350063904554],[139.33923645983165,35.33293427956537],[139.33924305696843,35.33291656034339],[139.33943837998896,35.33235171628422],[139.33944130622515,35.3323439112519],[139.33952429026226,35.332122345996325],[139.33963361479292,35.33178715442691]]]]}},{"type":"Feature","properties":{"area_id":"142030212","city":"平塚市","ward":"","town":"見附町","chome":"","num_households":1635},"geometry":{"type":"MultiPolygon","coordinates":[[[[139.34526057820088,35.3291253503633],[139.34514873305034,35.329661433585336],[139.3450588131593,35.330023947645785],[139.3450524533797,35.33005976569985],[139.34499946105927,35.33035475657623],[139.34494655694246,35.330585100375615],[139.34492564270695,35.33067621079871],[139.34484775036603,35.33102462026877],[139.34478436849665,35.331382386317564],[139.34471896590134,35.33172598833875],[139.34463143708018,35.332111894834206],[139.34462506056562,35.33213616373417],[139.34453521755418,35.332478187966764],[139.34367585621544,35.33229485307819],[139.3436627189855,35.33229317908923],[139.34302285465307,35.332215674506536],[139.34301435219334,35.332214652860536],[139.34203433053693,35.33209671966815],[139.3420323552668,35.33209650075819],[139.34150358064196,35.33203127789909],[139.34095199331665,35.3319584923711],[139.34094619753475,35.331957763490685],[139.33963361479292,35.33178715442691],[139.33989759255925,35.33104618451178],[139.33992039110348,35.33106346390343],[139.34016382504694,35.33036508777455],[139.34017629071997,35.330328801064084],[139.34029618075604,35.32997971160572],[139.34030754438254,35.329946679707795],[139.34035356470008,35.329812903944315],[139.34037407593763,35.32975333974449],[139.34038608993262,35.3297184470884],[139.34044978526904,35.32953343806192],[139.34046630186455,35.32948794110964],[139.34070623140605,35.32882807810703],[139.34071073861892,35.32876485611114],[139.3407745079053,35.32855800331448],[139.34079265259837,35.32849913433565],[139.34089953369266,35.32820507525439],[139.34091949856654,35.328214523447876],[139.34211134144022,35.3284709829901],[139.3430169208985,35.32865891680758],[139.34327254151023,35.32871533335571],[139.34388739004984,35.328840990350365],[139.34526057820088,35.3291253503633]]]]}},{"type":"Feature","properties":{"area_id":"142030213","city":"平塚市","ward":"","town":"錦町","chome":"","num_households":594},"geometry":{"type":"MultiPolygon","coordinates":[[[[139.34179437611533,35.32595073330262],[139.34233857566528,35.32596046150709],[139.34269846547917,35.32603131681548],[139.34270023774525,35.326031667456476],[139.34287866812898,35.32606685034508],[139.34335790841243,35.32616080411587],[139.34341645247434,35.32617104563532],[139.34351963471542,35.326189218695326],[139.34395157451482,35.32630395821312],[139.34430423678197,35.32636949916803],[139.3447860438277,35.326459023584896],[139.34522536107843,35.326540623896484],[139.34560201788258,35.326610627935494],[139.34577094711688,35.32664202776645],[139.3457681763177,35.326724053141064],[139.34561977376381,35.3274358510721],[139.3455245573926,35.327884930261376],[139.3454350857483,35.32830044586311],[139.34536610596655,35.328625016179565],[139.34526057820088,35.3291253503633],[139.34388739004984,35.328840990350365],[139.34327254151023,35.32871533335571],[139.3430169208985,35.328658916807576],[139.34211134144022,35.3284709829901],[139.34091949856654,35.328214523447876],[139.34105046044894,35.32791179366161],[139.341046557209,35.327875372744],[139.3411503057535,35.327645408187784],[139.34140778758575,35.32702042177902],[139.34149697895634,35.326802718029754],[139.34155585017186,35.326695650165405],[139.34179578573384,35.32610755496663],[139.34179437611533,35.32595073330262]]]]}},{"type":"Feature","properties":{"area_id":"142030214","city":"平塚市","ward":"","town":"紅谷町","chome":"","num_households":532},"geometry":{"type":"MultiPolygon","coordinates":[[[[139.34577094711688,35.32664202776645],[139.34645393481787,35.32675202494898],[139.34746079769673,35.326890804090304],[139.34760473852015,35.32689549224323],[139.34771054200172,35.32691739619916],[139.34791754331042,35.326960249145245],[139.34844493409986,35.3270570498571],[139.34848380939928,35.32691913262999],[139.3495334245868,35.32712525556155],[139.3500024539938,35.32721737429751],[139.34999922549636,35.32722566982683],[139.34977154604587,35.328151363377486],[139.3497362598714,35.328311209384765],[139.35007892309557,35.32836837945699],[139.35018148584913,35.328389993957764],[139.35009630823325,35.328839492828344],[139.35026303086127,35.32893854923002],[139.35046897402702,35.329060933776034],[139.35046053608286,35.32910681297052],[139.3502677825607,35.33003684598042],[139.35026539744604,35.33004761060024],[139.34952801272777,35.329949963198224],[139.34854217475325,35.32979010034195],[139.3474734029809,35.329646439037354],[139.34588872863648,35.32927618877094],[139.34526057820088,35.3291253503633],[139.34536610596655,35.328625016179565],[139.3454350857483,35.32830044586311],[139.3455245573926,35.327884930261376],[139.34561977376381,35.3274358510721],[139.3457681763177,35.326724053141064],[139.34577094711688,35.32664202776645]]]]}},{"type":"Feature","properties":{"area_id":"142030215","city":"平塚市","ward":"","town":"明石町","chome":"","num_households":1784},"geometry":{"type":"MultiPolygon","coordinates":[[[[139.34526057820088,35.3291253503633],[139.34588872863648,35.32927618877094],[139.3474734029809,35.329646439037354],[139.34854217475325,35.32979010034195],[139.34952801272777,35.329949963198224],[139.35026539744604,35.33004761060024],[139.35013231775866,35.33151871520663],[139.35013125662303,35.33153089381102],[139.35005924527718,35.33234423886606],[139.35002877106967,35.33276368004745],[139.34923549624756,35.33273277999784],[139.3486600214892,35.33271036834422],[139.34804704834997,35.33268589904544],[139.34681613989588,35.3326694651292],[139.34570222235516,35.33260763827607],[139.34543926550734,35.33257620514216],[139.34456842915444,35.33248585950118],[139.34453521755418,35.332478187966764],[139.34462506056562,35.33213616373417],[139.34463143708018,35.332111894834206],[139.34471896590134,35.33172598833875],[139.34478436849665,35.331382386317564],[139.34484775036603,35.33102462026877],[139.34492564270695,35.33067621079871],[139.34494655694246,35.330585100375615],[139.34499946105927,35.33035475657623],[139.3450524533797,35.33005976569985],[139.3450588131593,35.330023947645785],[139.34514873305034,35.329661433585336],[139.34526057820088,35.3291253503633]]]]}},{"type":"Feature","properties":{"area_id":"142030216","city":"平塚市","ward":"","town":"浅間町","chome":"","num_households":753},"geometry":{"type":"MultiPolygon","coordinates":[[[[139.35005662719092,35.3337267220643],[139.35043203132417,35.33483194193707],[139.35045986871393,35.33495571276453],[139.35053253516992,35.33527909571829],[139.350557273874,35.33538919198548],[139.3506886596149,35.33584597654443],[139.35074178792817,35.33603048120111],[139.35086198231758,35.336447573693306],[139.3508409424271,35.33659628653798],[139.35083210596014,35.336658642332814],[139.3508617056284,35.336810444687956],[139.35090802600652,35.337047943568116],[139.35098444740623,35.337439712018096],[139.35099891443244,35.33751392183323],[139.3511201150839,35.33813536548185],[139.35031590061752,35.3380163512476],[139.35013407969097,35.33798942143252],[139.350032796194,35.33797549169675],[139.34973233413632,35.33793420852624],[139.34627242038454,35.33741905689387],[139.3463158425258,35.33720142241668],[139.34655026835503,35.33619007463917],[139.34655814206778,35.33591595604207],[139.34660240686563,35.33437503758863],[139.34662706651002,35.33433281467938],[139.3465133088197,35.334206576920614],[139.34646972538638,35.33415816051493],[139.34622881931597,35.334332595042945],[139.34568816157488,35.33465579985147],[139.3451749737116,35.334876231431025],[139.34504224001415,35.33493322248999],[139.344605532012,35.33508319207451],[139.34399674872836,35.33521499081241],[139.34413197323155,35.33458744617632],[139.3442278366942,35.33411671184423],[139.34444863613385,35.33304212637536],[139.34456842915444,35.33248585950118],[139.34543926550734,35.33257620514216],[139.34570222235516,35.33260763827607],[139.34681613989588,35.3326694651292],[139.34804704834997,35.33268589904544],[139.3486600214892,35.33271036834422],[139.34923549624756,35.33273277999784],[139.35002877106967,35.33276368004745],[139.35003422002148,35.33279384157253],[139.35001868417336,35.333359536263934],[139.3500157158859,35.33346825336328],[139.35005662719092,35.3337267220643]]]]}},{"type":"Feature","properties":{"area_id":"142030217","city":"平塚市","ward":"","town":"宮松町","chome":"","num_households":823},"geometry":{"type":"MultiPolygon","coordinates":[[[[139.35474510246212,35.33934835922972],[139.35474254821798,35.339367231394604],[139.35415542155772,35.33930966631156],[139.3539457877691,35.33928911182074],[139.35305190947315,35.33920145199397],[139.35266926153545,35.33916393407513],[139.35262838966813,35.3391936978909],[139.35226020482574,35.33916644730071],[139.35220063402107,35.33913958929295],[139.35189778312878,35.33907351691657],[139.35156305479677,35.339092169452655],[139.35142754086414,35.33909655420666],[139.3514095490538,35.33909436870605],[139.35129491219993,35.33885546956191],[139.3511982008453,35.33866607520389],[139.35115949845576,35.338383116766146],[139.3511201150839,35.33813536548185],[139.35099891443244,35.33751392183323],[139.35098444740623,35.337439712018096],[139.35090802600652,35.337047943568116],[139.3508617056284,35.336810444687956],[139.35083210596014,35.336658642332814],[139.3508409424271,35.33659628653798],[139.35086198231758,35.336447573693306],[139.35074178792817,35.33603048120111],[139.3506886596149,35.33584597654443],[139.350557273874,35.33538919198548],[139.35053253516992,35.33527909571829],[139.35045986871393,35.33495571276453],[139.35043203132417,35.33483194193705],[139.35005662719092,35.3337267220643],[139.3500157158859,35.33346825336328],[139.35001868417336,35.333359536263934],[139.35003422002148,35.33279384157253],[139.3506729004862,35.33281636248398],[139.35069115653354,35.33281742240584],[139.35145286330294,35.3328610484836],[139.35160014944293,35.3328694839378],[139.35182969623028,35.332882596078],[139.35190460422376,35.332887546653495],[139.35267371503738,35.332935864528736],[139.35339179353738,35.332974606588465],[139.35348611557072,35.33298090160756],[139.35344053609276,35.33358731249017],[139.3534100171744,35.33395837171446],[139.35339980091368,35.33411600027912],[139.35338476164296,35.33449233314709],[139.35337513147377,35.33453672859545],[139.35325102402615,35.334929452041514],[139.35316957771192,35.335431990313886],[139.3528841893781,35.33542196862398],[139.35274124209494,35.33540554822204],[139.3526654602427,35.33611859518529],[139.35273078128415,35.336167870435304],[139.35275195678508,35.33618380070887],[139.35269604712,35.33678166814713],[139.35331919073954,35.336803545802226],[139.35354793943188,35.33681347862842],[139.35362600714208,35.33681920070544],[139.3537436602777,35.33682778510738],[139.3539096437947,35.336848281413054],[139.3540678741501,35.33687775982704],[139.35423485660402,35.336915384896265],[139.35440289532036,35.33696022511992],[139.3545632074528,35.33700954023894],[139.35471141446027,35.33705970823186],[139.35485411615275,35.33711075558626],[139.35514059386392,35.33721736001982],[139.35505487920946,35.337387370595515],[139.3549791243853,35.337547506555644],[139.35493115364147,35.33765998262967],[139.35490868150043,35.337739211463756],[139.35489610878776,35.33781847937234],[139.35488455104615,35.337912172645275],[139.35487514521333,35.33801398740867],[139.35487274131637,35.338048228782085],[139.3548267694223,35.338564515404435],[139.35474510246212,35.33934835922972]]]]}},{"type":"Feature","properties":{"area_id":"142030218","city":"平塚市","ward":"","town":"宮の前","chome":"","num_households":836},"geometry":{"type":"MultiPolygon","coordinates":[[[[139.35095872551798,35.330112046415614],[139.3516161438017,35.330181966444634],[139.35224273175447,35.33024858879665],[139.35337970563322,35.33043592915769],[139.35361808723923,35.33047273529544],[139.35391322003287,35.33051829158372],[139.3538025336434,35.331054582982546],[139.35377757624588,35.33118398385377],[139.35372770155107,35.331442785249095],[139.35364783550327,35.33178836402708],[139.35356124606332,35.332188139446025],[139.35348166075272,35.332573083616325],[139.35339179353738,35.332974606588465],[139.35267371503738,35.332935864528736],[139.35190460422376,35.332887546653495],[139.35182969623028,35.332882596078],[139.35160014944293,35.3328694839378],[139.35145286330297,35.3328610484836],[139.35069115653354,35.33281742240584],[139.35067290048627,35.33281636248398],[139.35003422002148,35.33279384157253],[139.35002877106967,35.33276368004745],[139.35005924527718,35.33234423886606],[139.35013125662303,35.33153089381102],[139.35013231775866,35.33151871520663],[139.35026539744604,35.33004761060024],[139.3502677825607,35.33003684598042],[139.35095872551798,35.330112046415614]]]]}},{"type":"Feature","properties":{"area_id":"142030219","city":"平塚市","ward":"","town":"宝町","chome":"","num_households":491},"geometry":{"type":"MultiPolygon","coordinates":[[[[139.35146238997154,35.32760258622462],[139.35152919601896,35.32761827916647],[139.35163126971793,35.32764228378962],[139.35182859696593,35.32768871585919],[139.35299200660307,35.32796249989197],[139.3532317251443,35.32801917072398],[139.35368050909844,35.328135273822305],[139.35413602937314,35.32825323305618],[139.35460927053128,35.328375842457355],[139.3543548086506,35.32938568606189],[139.35411817020133,35.329403321364104],[139.35407133316795,35.329621080619255],[139.35399821642423,35.33005344295647],[139.35391322003287,35.33051829158372],[139.35361808723923,35.33047273529544],[139.35337970563322,35.33043592915769],[139.35224273175447,35.33024858879665],[139.3516161438017,35.330181966444634],[139.35095872551798,35.330112046415614],[139.35026778256073,35.33003684598042],[139.35046053608286,35.32910681297052],[139.35046897402702,35.329060933776034],[139.35026303086127,35.32893854923002],[139.35009630823325,35.328839492828344],[139.35018148584913,35.328389993957764],[139.35007892309557,35.32836837945699],[139.3497362598714,35.328311209384765],[139.34977154604587,35.328151363377486],[139.34999922549636,35.32722566982683],[139.3500024539938,35.32721737429751],[139.3500095359641,35.32721874056297],[139.35016495099035,35.327296763004924],[139.35033197583297,35.32733765272271],[139.35145974474617,35.32761384220522],[139.35146238997154,35.32760258622462]]]]}},{"type":"Feature","properties":{"area_id":"14203022201","city":"平塚市","ward":"","town":"平塚","chome":"1","num_households":430},"geometry":{"type":"MultiPolygon","coordinates":[[[[139.3377808917708,35.32479495525202],[139.3387028615424,35.32517376655481],[139.33905268028028,35.32531647985653],[139.3394696460802,35.32546088127988],[139.33978839104904,35.32556311600832],[139.34026074384786,35.3257146488428],[139.34066389854215,35.32582751612771],[139.3408778086339,35.325880443582186],[139.34110677498668,35.32590907102421],[139.34179437611533,35.32595073330262],[139.34179578573384,35.326107554966676],[139.34155585017186,35.326695650165405],[139.34149697895634,35.326802718029754],[139.34140778758575,35.32702042177902],[139.3411503057535,35.327645408187784],[139.341046557209,35.327875372744],[139.34105046044894,35.32791179366161],[139.34091949856654,35.328214523447876],[139.34089953369266,35.32820507525439],[139.33958089490497,35.32787353087603],[139.33870285328499,35.3276479714852],[139.33770005829734,35.32740526683036],[139.33721752012133,35.32728135070421],[139.33734249449518,35.32681482536537],[139.3373484048613,35.32678302396203],[139.33744711001285,35.32635405839561],[139.33750457310458,35.32607109719687],[139.33753275580833,35.32595953988116],[139.3375797758152,35.32571188202394],[139.33764499930223,35.32543134625565],[139.33766830515162,35.3253302598254],[139.3377808917708,35.32479495525202]]]]}},{"type":"Feature","properties":{"area_id":"14203022202","city":"平塚市","ward":"","town":"平塚","chome":"2","num_households":724},"geometry":{"type":"MultiPolygon","coordinates":[[[[139.33963361479292,35.33178715442691],[139.33836483812857,35.33146529463416],[139.33834776247517,35.331460998227406],[139.33746285538646,35.33119925214448],[139.33670565344394,35.33098042862471],[139.33670102276366,35.33097878936114],[139.33615336420553,35.33078422210398],[139.3363468612553,35.330182531526205],[139.33644775201446,35.329850468982144],[139.33651818696896,35.329552295989956],[139.3366314449956,35.32920000391721],[139.3366728340633,35.32908531184495],[139.33678354879706,35.32871300793928],[139.3368700786588,35.32842462296061],[139.33703639888586,35.32784347131102],[139.33713078134357,35.32753827532945],[139.33721752012133,35.32728135070421],[139.33770005829734,35.32740526683036],[139.33870285328499,35.3276479714852],[139.33958089490497,35.32787353087603],[139.34089953369266,35.32820507525439],[139.34079265259837,35.32849913433565],[139.3407745079053,35.32855800331448],[139.34071073861892,35.32876485611114],[139.34070623140605,35.32882807810703],[139.34046630186455,35.32948794110964],[139.34044978526904,35.32953343806192],[139.34038608993262,35.3297184470884],[139.34037407593763,35.32975333974449],[139.34035356470008,35.329812903944315],[139.34030754438254,35.329946679707795],[139.34029618075604,35.32997971160572],[139.34017629071997,35.330328801064084],[139.34016382504694,35.33036508777455],[139.33992039110348,35.33106346390343],[139.33989759255925,35.33104618451178],[139.33963361479292,35.33178715442691]]]]}},{"type":"Feature","properties":{"area_id":"14203022203","city":"平塚市","ward":"","town":"平塚","chome":"3","num_households":388},"geometry":{"type":"MultiPolygon","coordinates":[[[[139.3377808917708,35.32479495525202],[139.33766830515168,35.3253302598254],[139.33764499930223,35.32543134625565],[139.3375797758152,35.32571188202394],[139.33753275580833,35.32595953988116],[139.33750457310458,35.32607109719687],[139.33744711001285,35.32635405839561],[139.3373484048613,35.32678302396203],[139.33734249449518,35.32681482536537],[139.33721752012133,35.32728135070421],[139.33649136732475,35.327002062745066],[139.33615141937162,35.3268888857657],[139.33537652733895,35.32660643194113],[139.33442061070454,35.3262627282416],[139.33440316965468,35.326262161674904],[139.33379813932342,35.32603996257404],[139.33305683840823,35.3257680849338],[139.33192023919457,35.325356317103235],[139.33221354180296,35.32492107889964],[139.33259233248862,35.32507018919232],[139.33293788937632,35.32522324782717],[139.33297433100233,35.32523885206902],[139.33297876816735,35.32522987581545],[139.3332769963481,35.32475074134043],[139.33327982378702,35.3247461984627],[139.33354420961894,35.32432276045471],[139.33354494594673,35.32432158071119],[139.3338239645181,35.323874373518336],[139.33382859129264,35.32386695760574],[139.33399299178123,35.32360444685163],[139.33409297269904,35.32344352152527],[139.33421135184628,35.32324884404915],[139.33470882491608,35.323456337565766],[139.3349361714457,35.323551151666],[139.33497684339892,35.323567729127014],[139.33537814911696,35.3238174067852],[139.33599402753072,35.32406714017115],[139.33658356623414,35.32430380557214],[139.33703102269004,35.324484178370824],[139.3377808917708,35.32479495525202]]]]}},{"type":"Feature","properties":{"area_id":"14203022204","city":"平塚市","ward":"","town":"平塚","chome":"4","num_households":361},"geometry":{"type":"MultiPolygon","coordinates":[[[[139.33192023919457,35.325356317103235],[139.33305683840823,35.3257680849338],[139.33379813932342,35.32603996257404],[139.33440316965468,35.326262161674904],[139.33442061070454,35.3262627282416],[139.33537652733895,35.326606431941094],[139.33615141937162,35.3268888857657],[139.33649136732475,35.327002062745066],[139.33721752012133,35.32728135070421],[139.33713078134357,35.32753827532945],[139.33703639888586,35.32784347131102],[139.3368700786588,35.32842462296061],[139.33678354879706,35.32871300793928],[139.3366728340633,35.32908531184495],[139.3366314449956,35.32920000391721],[139.33651818696896,35.329552295989956],[139.33644775201446,35.329850468982144],[139.3363468612553,35.330182531526205],[139.33615336420553,35.33078422210398],[139.33613481958025,35.33077421387416],[139.33556602636966,35.330466305606244],[139.33531585931627,35.330318551044236],[139.335054590682,35.330131166928616],[139.33448716729617,35.32965577583496],[139.33422719500592,35.32937009403818],[139.33415458663808,35.329284867709106],[139.33398112838785,35.328997320011915],[139.33391305324298,35.328908730961565],[139.33353102215924,35.328301029597576],[139.33341593132627,35.32810390288981],[139.33319593854762,35.32775138433506],[139.33295486096378,35.32734892783008],[139.33278011491797,35.327051438364826],[139.33245952165143,35.3265086795841],[139.33223642530697,35.32613107446395],[139.33182902901646,35.32550839329705],[139.33190378436305,35.3253837822962],[139.33192023919457,35.325356317103235]]]]}},{"type":"Feature","properties":{"area_id":"14203022205","city":"平塚市","ward":"","town":"平塚","chome":"5","num_households":520},"geometry":{"type":"MultiPolygon","coordinates":[[[[139.33182902901646,35.32550839329705],[139.33223642530697,35.32613107446395],[139.33245952165143,35.3265086795841],[139.33278011491797,35.327051438364826],[139.33295486096378,35.32734892783008],[139.33319593854762,35.32775138433506],[139.33341593132627,35.32810390288981],[139.33353102215924,35.328301029597576],[139.33391305324298,35.328908730961565],[139.33398112838785,35.328997320011915],[139.33415458663808,35.329284867709106],[139.33422719500592,35.32937009403818],[139.33448716729617,35.32965577583496],[139.335054590682,35.330131166928616],[139.33531585931627,35.330318551044236],[139.33518783833372,35.3307090971392],[139.33518705013975,35.33071162867047],[139.33423070220303,35.33048534089264],[139.3342241372853,35.330483764604104],[139.33309404499127,35.33022209863287],[139.33308108759007,35.33021908808996],[139.33204959078648,35.32997478546921],[139.3320492565323,35.32996612215413],[139.33209108895207,35.32975176912991],[139.3305862325139,35.329090325510165],[139.33057196300192,35.32908414042833],[139.32975612259781,35.328729992042],[139.32974138258592,35.32872359432643],[139.3288143785158,35.328324065629424],[139.32881958629696,35.32830162159124],[139.32881370732943,35.32828652690648],[139.32968805543993,35.32695126610052],[139.32976168534023,35.326835591354744],[139.32977604719892,35.32681318725007],[139.3303418372802,35.32594283201522],[139.3313020731275,35.3263262321684],[139.33182902901646,35.32550839329705]]]]}},{"type":"Feature","properties":{"area_id":"142030301","city":"平塚市","ward":"","town":"老松町","chome":"","num_households":888},"geometry":{"type":"MultiPolygon","coordinates":[[[[139.35460927053128,35.328375842457355],[139.35465220559914,35.32838848004978],[139.35485084017515,35.32844681447891],[139.35512551432836,35.32850721569038],[139.35534049327745,35.32854836234576],[139.35665534376258,35.328800121883624],[139.35730861667187,35.32892393719425],[139.35810047731573,35.32907393505151],[139.35961912253305,35.32936173207111],[139.35957338728215,35.32953330274347],[139.35950182808287,35.330092636423785],[139.35950146755462,35.33009538077108],[139.35936062629082,35.330818939528044],[139.35935344902222,35.330855809974516],[139.3592550909481,35.331339123513864],[139.35924832082915,35.33137233393108],[139.35860999309594,35.331290987472514],[139.3575913578133,35.33116537113143],[139.3574281036145,35.33113539348876],[139.3572650281218,35.33110544876738],[139.3563203669219,35.33093197729756],[139.35513153402874,35.330727911614915],[139.35500482161058,35.330706276210144],[139.35391322003287,35.33051829158372],[139.35399821642423,35.33005344295647],[139.35407133316795,35.329621080619255],[139.35411817020133,35.329403321364104],[139.3543548086506,35.32938568606189],[139.35460927053128,35.328375842457355]]]]}},{"type":"Feature","properties":{"area_id":"142030302","city":"平塚市","ward":"","town":"八千代町","chome":"","num_households":561},"geometry":{"type":"MultiPolygon","coordinates":[[[[139.35391322003287,35.33051829158372],[139.35500482161058,35.330706276210144],[139.35513153402874,35.330727911614915],[139.3563203669219,35.33093197729756],[139.3572650281218,35.33110544876738],[139.3574281036145,35.33113539348876],[139.3575913578133,35.33116537113143],[139.35860999309594,35.331290987472514],[139.35924832082915,35.33137233393108],[139.35912996399287,35.33186556441158],[139.35906917184624,35.33214903728923],[139.3590560953859,35.33220996739449],[139.35845448260596,35.3323505160089],[139.3575985660133,35.33255166174012],[139.35723957227935,35.3326375447814],[139.35722081206333,35.33264204692341],[139.357002265062,35.332694338850835],[139.35688363284794,35.33272273555514],[139.35603276726798,35.33292628623684],[139.35576340296828,35.33299076627566],[139.35560498165665,35.33301167870124],[139.3548480487736,35.33300356773897],[139.3545035464741,35.33299985837453],[139.35348611557072,35.33298090160756],[139.35339179353738,35.332974606588465],[139.35348166075272,35.332573083616325],[139.35356124606332,35.332188139446025],[139.35364783550327,35.33178836402708],[139.35372770155107,35.331442785249095],[139.35377757624588,35.33118398385377],[139.3538025336434,35.331054582982546],[139.35391322003287,35.33051829158372]]]]}},{"type":"Feature","properties":{"area_id":"142030303","city":"平塚市","ward":"","town":"天沼","chome":"","num_households":1049},"geometry":{"type":"MultiPolygon","coordinates":[[[[139.35640473033268,35.34067099914083],[139.3563726955792,35.340717840511445],[139.35636091820186,35.34072560999785],[139.35595401153404,35.34046654753086],[139.35595695131076,35.34044909578087],[139.35622765745592,35.339582915858756],[139.35555460239934,35.3394666516845],[139.35505403959874,35.339385716966966],[139.3550314648647,35.33939555682335],[139.3547425482179,35.33936723139459],[139.35474510246212,35.33934835922972],[139.3548267694223,35.33856451540448],[139.35487274131634,35.338048228782085],[139.35487514521333,35.33801398740867],[139.35488455104615,35.337912172645275],[139.35489610878776,35.33781847937234],[139.35490868150043,35.337739211463756],[139.35493115364147,35.33765998262967],[139.3549791243853,35.337547506555644],[139.35505487920946,35.337387370595515],[139.35514059386392,35.33721736001982],[139.35485411615275,35.33711075558626],[139.35471141446027,35.33705970823186],[139.3545632074528,35.33700954023894],[139.35440289532036,35.33696022511992],[139.35423485660402,35.336915384896265],[139.3540678741501,35.33687775982704],[139.3539096437947,35.336848281413054],[139.3537436602777,35.33682778510738],[139.35362600714208,35.33681920070544],[139.35354793943188,35.33681347862842],[139.35331919073954,35.336803545802226],[139.35269604712,35.336781668147125],[139.35275195678508,35.33618380070887],[139.35273078128415,35.336167870435304],[139.3526654602427,35.33611859518529],[139.35274124209494,35.33540554822204],[139.3528841893781,35.33542196862398],[139.35316957771192,35.335431990313886],[139.35325102402615,35.334929452041514],[139.35337513147377,35.33453672859545],[139.35338476164296,35.33449233314709],[139.35339980091368,35.33411600027912],[139.3534100171744,35.33395837171446],[139.35344053609276,35.33358731249017],[139.35348611557072,35.33298090160756],[139.3545035464741,35.33299985837453],[139.3548480487736,35.33300356773897],[139.35560498165665,35.33301167870124],[139.35576340296828,35.33299076627566],[139.35603276726798,35.33292628623684],[139.35688363284794,35.33272273555514],[139.357002265062,35.332694338850835],[139.35722081206333,35.33264204692341],[139.35723957227935,35.3326375447814],[139.3575985660133,35.33255166174012],[139.35845448260596,35.3323505160089],[139.3590560953859,35.33220996739449],[139.3589856766399,35.33244241910279],[139.35888011593937,35.332790780163805],[139.35876627105196,35.333166501072455],[139.35875728773036,35.33319618180492],[139.35868830823708,35.33341054198091],[139.3584613586853,35.3341160746079],[139.3584515546556,35.33414645628441],[139.3582503633946,35.33480448929],[139.35824909174684,35.334808709329366],[139.35793141633343,35.33584435618209],[139.35792396775363,35.33586862089226],[139.3578748013907,35.336074328222516],[139.357783125212,35.33636102799347],[139.35697374044355,35.33889185603633],[139.35640473033268,35.34067099914083]]]]}},{"type":"Feature","properties":{"area_id":"142030304","city":"平塚市","ward":"","town":"堤町","chome":"","num_households":1},"geometry":{"type":"MultiPolygon","coordinates":[[[[139.36011599360324,35.34176929139905],[139.3590786985917,35.341540034460614],[139.35906248166467,35.34152102912729],[139.35874249516002,35.34156757775705],[139.35845476663707,35.34160918375061],[139.35744332789977,35.3417555223505],[139.35729675151345,35.34123336627112],[139.3563726955792,35.340717840511445],[139.35640473033268,35.34067099914083],[139.35697374044355,35.33889185603627],[139.357783125212,35.33636102799347],[139.3578748013907,35.336074328222516],[139.35792396775363,35.33586862089226],[139.35793141633343,35.33584435618209],[139.35806858199618,35.33586525369952],[139.3584472047014,35.33594309458759],[139.36024410237923,35.33631220655866],[139.36043550873708,35.3363515442446],[139.3617072111806,35.33661276472327],[139.36137079435213,35.33770303654342],[139.3607570761872,35.3396919273106],[139.36040885180844,35.34082031640126],[139.36011599360324,35.34176929139905]]]]}},{"type":"Feature","properties":{"area_id":"142030305","city":"平塚市","ward":"","town":"長瀞","chome":"","num_households":0},"geometry":{"type":"MultiPolygon","coordinates":[[[[139.3659287854544,35.34076571897525],[139.36655435176024,35.34362284369235],[139.36649357028605,35.343648311480464],[139.36647136256664,35.34358055613173],[139.36552237137255,35.34344951123863],[139.36471659705987,35.34298242775362],[139.36394333459344,35.342527011887256],[139.3638994833842,35.34250867405669],[139.36005826731332,35.34299493381703],[139.36001324335493,35.34265838163436],[139.36000330442042,35.34220204854514],[139.3600289236875,35.3421497594052],[139.36011599360324,35.34176929139905],[139.36040885180844,35.34082031640126],[139.3607570761872,35.3396919273106],[139.36137079435213,35.33770303654342],[139.3617072111806,35.33661276472327],[139.36173918245095,35.336619578964346],[139.3629903988602,35.33688647099076],[139.3631976769918,35.33693065338662],[139.36417204389772,35.33712618127301],[139.36510839746086,35.337680179404636],[139.36525550649873,35.337690395972835],[139.3659287854544,35.34076571897525]]]]}},{"type":"Feature","properties":{"area_id":"142030306","city":"平塚市","ward":"","town":"中堂","chome":"","num_households":480},"geometry":{"type":"MultiPolygon","coordinates":[[[[139.36356597894783,35.333065936032874],[139.3635057669141,35.333281955634774],[139.36336798687861,35.333776374855354],[139.3633213108287,35.333943871813794],[139.3632440988287,35.33407624007739],[139.36266691365606,35.33467965746556],[139.36258096573965,35.33475544455352],[139.36263968657707,35.335022487900055],[139.36278632634156,35.335009397940134],[139.36281610272457,35.335193022776764],[139.36287483413977,35.33530430071091],[139.3630863552958,35.33579840234543],[139.36324520352764,35.336093156415956],[139.36356221713814,35.336535417013586],[139.3637442906194,35.33680398852162],[139.36417204389772,35.33712618127301],[139.3631976769918,35.33693065338662],[139.3629903988602,35.33688647099076],[139.36173918245095,35.336619578964346],[139.3617072111806,35.33661276472327],[139.36043550873708,35.3363515442446],[139.36024410237923,35.33631220655866],[139.3584472047014,35.33594309458759],[139.35806858199618,35.33586525369952],[139.35793141633343,35.33584435618209],[139.35824909174684,35.334808709329366],[139.3582503633946,35.33480448929],[139.3584515546556,35.33414645628441],[139.3584613586853,35.3341160746079],[139.35868830823708,35.33341054198091],[139.35875728773036,35.33319618180492],[139.35876627105196,35.333166501072455],[139.35959726714452,35.33317514712446],[139.36011000353065,35.33318046660525],[139.3610876338577,35.333150069467074],[139.3611444055257,35.33314782622324],[139.36193162031375,35.33313716945947],[139.36264358010078,35.33310065259151],[139.36356597894783,35.333065936032874]]]]}},{"type":"Feature","properties":{"area_id":"142030307","city":"平塚市","ward":"","town":"榎木町","chome":"","num_households":286},"geometry":{"type":"MultiPolygon","coordinates":[[[[139.3592550909481,35.331339123513864],[139.36004485287822,35.33142679723855],[139.36105670179265,35.331544554642875],[139.36192667497104,35.33157499451644],[139.36235141583379,35.33158622871715],[139.36261380626206,35.33159415278953],[139.36326034932497,35.33161829021704],[139.3642878610593,35.33165939592566],[139.36427669860743,35.3317978642558],[139.364189756174,35.332265736470106],[139.3640808352159,35.33238361558339],[139.36392301479776,35.33251700724074],[139.36392790103582,35.332526532664666],[139.36365123871417,35.332842831725266],[139.36361076345042,35.33291675354886],[139.36356597894783,35.333065936032874],[139.36264358010078,35.33310065259151],[139.36193162031375,35.33313716945947],[139.3611444055257,35.33314782622324],[139.3610876338577,35.333150069467074],[139.36011000353065,35.33318046660525],[139.35959726714452,35.33317514712446],[139.35876627105196,35.333166501072455],[139.35888011593937,35.332790780163805],[139.3589856766399,35.33244241910279],[139.3590560953859,35.33220996739449],[139.35906917184624,35.33214903728923],[139.35912996399287,35.331865564411565],[139.35924832082915,35.33137233393108],[139.3592550909481,35.331339123513864]]]]}},{"type":"Feature","properties":{"area_id":"142030308","city":"平塚市","ward":"","town":"馬入本町","chome":"","num_households":339},"geometry":{"type":"MultiPolygon","coordinates":[[[[139.35961912253305,35.32936173207111],[139.36032035636822,35.32955968184043],[139.36054835209112,35.32959282600854],[139.36120507550606,35.329688208025075],[139.36132317277287,35.32970535840864],[139.36254729112466,35.329883156437745],[139.36279417680947,35.32991897540163],[139.36340320240686,35.33002359472937],[139.3640501728616,35.330134836863884],[139.3638561394749,35.330687357097894],[139.36420465378612,35.33074286322526],[139.36429615224853,35.33155647698962],[139.3642878610593,35.33165939592566],[139.36326034932497,35.33161829021704],[139.36261380626206,35.33159415278953],[139.36235141583379,35.33158622871715],[139.36192667497104,35.33157499451644],[139.36105670179265,35.331544554642875],[139.36004485287822,35.33142679723855],[139.3592550909481,35.331339123513864],[139.35935344902222,35.330855809974516],[139.35936062629082,35.330818939528044],[139.35950146755462,35.33009538077108],[139.35950182808287,35.330092636423785],[139.35957338728215,35.32953330274347],[139.35961912253305,35.32936173207111]]]]}},{"type":"Feature","properties":{"area_id":"142030310","city":"平塚市","ward":"","town":"馬入","chome":"","num_households":15},"geometry":{"type":"MultiPolygon","coordinates":[[[[139.37269745444766,35.339817292094],[139.37268500924483,35.33981665278392],[139.37266462316143,35.34004345218576],[139.37246251213168,35.340092469440094],[139.37244782578577,35.340179868727205],[139.37253657945502,35.34018372654134],[139.37253741344094,35.34028512747399],[139.37251798263586,35.340405674653304],[139.37238112297632,35.340398254202974],[139.37249769532198,35.339810800820906],[139.372496604065,35.339727638624886],[139.372499821465,35.33969237065618],[139.3725033410727,35.339654528730605],[139.3725029285111,35.33953821623711],[139.37250292121473,35.33953645528127],[139.37266322840492,35.339532980382906],[139.37269099087183,35.339532378768205],[139.37271525155793,35.339531852437034],[139.37271674470225,35.33965443709881],[139.37270354459835,35.33965438704039],[139.37269745444766,35.339817292094]]],[[[139.3716291366653,35.33565297446174],[139.3715379314541,35.33566523126834],[139.37152418322032,35.336305978464814],[139.36848442114984,35.336331998609076],[139.3685161752709,35.33646542209887],[139.36865238460777,35.336954139555786],[139.36875364648384,35.33728217114082],[139.3689742245483,35.337567427031324],[139.36914327257972,35.33769172432348],[139.36919463853573,35.33799189162679],[139.36927971164243,35.33848892677852],[139.36947691716145,35.33964111318911],[139.3691033126597,35.34147385598038],[139.36867869966383,35.34364411335997],[139.36680320873126,35.34364358965292],[139.36655435176024,35.34362284369239],[139.3659287854544,35.34076571897525],[139.36525550649873,35.337690395972835],[139.36510839746086,35.337680179404636],[139.36417204389772,35.33712618127301],[139.3637442906194,35.33680398852162],[139.36356221713814,35.336535417013586],[139.36324520352764,35.336093156415956],[139.3630863552958,35.33579840234543],[139.36287483413977,35.33530430071091],[139.36281610272457,35.335193022776764],[139.36278632634156,35.335009397940134],[139.36263968657707,35.335022487900055],[139.36258096573965,35.33475544455352],[139.36266691365606,35.33467965746556],[139.3632440988287,35.33407624007739],[139.3633213108287,35.333943871813794],[139.36336798687861,35.333776374855354],[139.3635057669141,35.333281955634774],[139.36356597894783,35.333065936032874],[139.36361076345042,35.33291675354886],[139.36365123871417,35.332842831725266],[139.36392790103582,35.332526532664666],[139.36392301479776,35.33251700724074],[139.3640808352159,35.33238361558339],[139.364189756174,35.332265736470106],[139.36427669860743,35.3317978642558],[139.3642878610593,35.33165939592566],[139.36429615224853,35.33155647698962],[139.36420465378612,35.33074286322526],[139.3638561394749,35.330687357097894],[139.3640501728616,35.330134836863884],[139.3654836502959,35.33044200072586],[139.36810951206328,35.330921834682925],[139.36891740556885,35.33106951312227],[139.3689222902051,35.33103460468211],[139.36917448655194,35.32923203328679],[139.36977442493213,35.32937080845271],[139.37087512402343,35.32967367260177],[139.37089006006164,35.3297731590876],[139.37134030497913,35.329927971677854],[139.3715733147143,35.32999385815088],[139.37163526716398,35.33088199153742],[139.37165809507712,35.33152119008241],[139.37166105352824,35.331634150766696],[139.37166219075178,35.33182470584245],[139.3716313428006,35.332130059692986],[139.37161799602458,35.33219479290776],[139.37152464333076,35.33262461687681],[139.3714400592917,35.33307665644112],[139.37139888717098,35.333480838245364],[139.37139301407464,35.33365009926215],[139.3714081264955,35.3339431648705],[139.37140305721243,35.33403201365263],[139.37141941731954,35.334428948370395],[139.37144422842348,35.33486577338678],[139.37159001640845,35.33488062593298],[139.3716291366653,35.33565297446174]]]]}},{"type":"Feature","properties":{"area_id":"14203040101","city":"平塚市","ward":"","town":"南原","chome":"1","num_households":943},"geometry":{"type":"MultiPolygon","coordinates":[[[[139.3306831115092,35.33809080754366],[139.3298629194621,35.33843450203854],[139.3293393262679,35.33864961504751],[139.32909475436824,35.33874389487071],[139.32854793330037,35.338962217454316],[139.32844754027204,35.33900589089001],[139.328044575741,35.33909338915899],[139.32785064008627,35.33912914121256],[139.32714420291524,35.339322078543205],[139.32706102212111,35.3393410321216],[139.32682810682664,35.33936373314541],[139.32670371319057,35.339355472129164],[139.32638582467607,35.33934634150341],[139.3260129477257,35.33939036430162],[139.32558881402517,35.3394607236157],[139.32534138899481,35.33950864437633],[139.32483051138624,35.33965920658818],[139.32463882154437,35.33972059542293],[139.32381210121872,35.339981605122006],[139.3229114358317,35.34013004398999],[139.3229818134703,35.33853333673476],[139.3230067665019,35.338115264638525],[139.32301775209672,35.33773171137738],[139.3226853303799,35.33700235969118],[139.32197484684664,35.33548829772754],[139.32154440718472,35.33457991409614],[139.32175203478616,35.33452465022472],[139.3226265018217,35.33489361746779],[139.3233566812411,35.33520177731609],[139.32389761408183,35.33543006886065],[139.32404291383526,35.33548862711384],[139.32409904674853,35.33548611275126],[139.3245081295231,35.33564935300973],[139.32572498563022,35.33612508342019],[139.32595929086395,35.33629239040675],[139.3262503596738,35.33649450858625],[139.32626789071753,35.33646704533931],[139.32678416870013,35.33594113655635],[139.32708431741307,35.33563532328674],[139.32737899583424,35.33582329977591],[139.32806008286482,35.33625772942157],[139.3280764753943,35.33626821905192],[139.32910717333954,35.33693268463424],[139.32912694683873,35.33694544283752],[139.33021720037274,35.33762697990766],[139.33074760752604,35.33795853106021],[139.3306831115092,35.33809080754366]]]]}},{"type":"Feature","properties":{"area_id":"14203040102","city":"平塚市","ward":"","town":"南原","chome":"2","num_households":485},"geometry":{"type":"MultiPolygon","coordinates":[[[[139.3306831115092,35.33809080754366],[139.33046834010983,35.33853142478693],[139.33019368227428,35.33907391154634],[139.33018748456908,35.33906853326138],[139.32985907865898,35.33972059065033],[139.3294061992479,35.340341428836545],[139.32927880252842,35.34052732007673],[139.32860881919007,35.3412733905931],[139.3281283025951,35.34180924432776],[139.32808979768436,35.34183014190874],[139.32790016751798,35.34212781930269],[139.32756716455123,35.3419832711549],[139.32686306617154,35.341642252252896],[139.326228234255,35.34131672908246],[139.32620271918333,35.34129436878111],[139.32560157853047,35.3410040543064],[139.32521800008908,35.34092943460029],[139.32431543541097,35.340864207148556],[139.32431248282512,35.34065503554146],[139.32459718424505,35.3398584538862],[139.32463882154437,35.33972059542293],[139.32483051138624,35.33965920658818],[139.32534138899481,35.33950864437633],[139.32558881402517,35.3394607236157],[139.3260129477257,35.33939036430162],[139.32638582467607,35.33934634150341],[139.32670371319057,35.339355472129164],[139.32682810682664,35.33936373314541],[139.32706102212111,35.3393410321216],[139.32714420291524,35.339322078543205],[139.32785064008627,35.33912914121256],[139.328044575741,35.33909338915899],[139.32844754027204,35.33900589089001],[139.32854793330037,35.338962217454316],[139.32909475436824,35.33874389487071],[139.3293393262679,35.33864961504751],[139.3298629194621,35.33843450203854],[139.3306831115092,35.33809080754366]]]]}},{"type":"Feature","properties":{"area_id":"14203040103","city":"平塚市","ward":"","town":"南原","chome":"3","num_households":642},"geometry":{"type":"MultiPolygon","coordinates":[[[[139.32658654075496,35.34441540869071],[139.3259207324467,35.344147991732164],[139.32546111563286,35.34396347302365],[139.32478866730574,35.34370081335215],[139.32453598742796,35.344142235812875],[139.3245269505798,35.3441580436033],[139.32434226234196,35.3444807320619],[139.3242869587686,35.344569799308374],[139.32419448249973,35.344721248086906],[139.32400831313856,35.34478441711361],[139.3238780774531,35.34484359359959],[139.32382136801493,35.34484779437168],[139.32344285388766,35.34413768085133],[139.32302271847112,35.34334957627208],[139.3228099381484,35.34297403422241],[139.32269483995915,35.34254291309782],[139.32272981313375,35.342199814567635],[139.32279858202526,35.34134374922532],[139.32280645219438,35.3412876537877],[139.3229114358317,35.34013004398999],[139.32381210121872,35.339981605122006],[139.32463882154437,35.33972059542293],[139.32459718424505,35.3398584538862],[139.32431248282512,35.34065503554146],[139.32431543541097,35.340864207148556],[139.32521800008908,35.34092943460029],[139.32560157853047,35.3410040543064],[139.32620271918333,35.34129436878111],[139.326228234255,35.34131672908246],[139.32686306617154,35.341642252252896],[139.32756716455123,35.3419832711549],[139.32725727436653,35.34243707433944],[139.3273019357932,35.34262930635659],[139.32738680872507,35.342983188884965],[139.3273985811769,35.34303225310504],[139.32734462571955,35.34312632850984],[139.3271321500346,35.34349686916723],[139.32712963196497,35.34350805569966],[139.32685467874546,35.34396742369007],[139.32674455793432,35.34415140859232],[139.32658654075496,35.34441540869071]]]]}},{"type":"Feature","properties":{"area_id":"14203040104","city":"平塚市","ward":"","town":"南原","chome":"4","num_households":61},"geometry":{"type":"MultiPolygon","coordinates":[[[[139.32240322833115,35.34296937843879],[139.32189136942992,35.342963578047765],[139.32166275672697,35.343045440485376],[139.3213319810852,35.3431638469962],[139.321139951337,35.34313339591239],[139.32063381555497,35.342961345316965],[139.32082137850472,35.34260029684018],[139.3209710529013,35.34231218726742],[139.32129214656095,35.34159098683985],[139.32137598429915,35.34133034795642],[139.3214514937322,35.34109565975063],[139.3217320878768,35.340211255645784],[139.32166989571655,35.34019247506847],[139.32169263315427,35.33943558720542],[139.32169071800047,35.339398255328604],[139.3216557851618,35.33871056479651],[139.32164152647726,35.338427684724294],[139.32151595102263,35.33783236619623],[139.32160333522222,35.33767012125174],[139.32141900358218,35.33731829383227],[139.32130109152789,35.336782867295945],[139.3212660351512,35.33662370553111],[139.32129736751068,35.33645813528608],[139.3211922596756,35.336280942666875],[139.32098682367732,35.335315820052266],[139.32087702788152,35.33479072998591],[139.32095392559035,35.334765839339944],[139.3214200211519,35.334612988827985],[139.32154440718472,35.33457991409614],[139.32197484684664,35.33548829772754],[139.3226853303799,35.33700235969118],[139.32301775209672,35.33773171137738],[139.3230067665019,35.338115264638525],[139.3229818134703,35.33853333673476],[139.3229114358317,35.34013004398999],[139.32280645219438,35.3412876537877],[139.32279858202526,35.34134374922532],[139.32272981313375,35.342199814567635],[139.32269483995915,35.34254291309782],[139.3228099381484,35.34297403422241],[139.32240322833115,35.34296937843879]]]]}},{"type":"Feature","properties":{"area_id":"14203040501","city":"平塚市","ward":"","town":"御殿","chome":"1","num_households":1154},"geometry":{"type":"MultiPolygon","coordinates":[[[[139.3361809068596,35.34018359877643],[139.33614922681372,35.34017811489801],[139.33529109101002,35.340696205577125],[139.3341193914946,35.34138794779321],[139.33391407006914,35.34152134331122],[139.33367770611935,35.34174172798016],[139.33360807057687,35.34182250350639],[139.33347041235342,35.34213406911194],[139.33312297433034,35.34292768736871],[139.3329179575525,35.34338940535269],[139.33276989097558,35.34372296949439],[139.33257760371,35.344175441284236],[139.33246252408583,35.3444341361895],[139.33165537086558,35.34417166028146],[139.33157838699694,35.34414662500812],[139.33156676436653,35.344142845307125],[139.33118059400303,35.34401167704616],[139.33064696779397,35.343819757989095],[139.3307032424205,35.343578712848974],[139.33072050265847,35.343504202853175],[139.3300123527754,35.34315423555899],[139.3296558850067,35.34298783344317],[139.329199879479,35.3427748910871],[139.3288829897027,35.34262301717749],[139.32867857101857,35.3425250579071],[139.32789466893706,35.34214836062167],[139.32790016751798,35.34212781930269],[139.32808979768436,35.34183014190874],[139.3281283025951,35.34180924432776],[139.32860881919007,35.3412733905931],[139.32927880252842,35.34052732007673],[139.3294061992479,35.340341428836545],[139.32985907865898,35.33972059065033],[139.33018748456908,35.33906853326138],[139.33019368227428,35.33907391154634],[139.33046834010983,35.33853142478693],[139.3306831115092,35.33809080754366],[139.33074760752604,35.33795853106021],[139.33076918255014,35.337972000739185],[139.3308614057035,35.33802646487565],[139.3309037594317,35.33801508788677],[139.3315325373541,35.33830393900774],[139.3319065144018,35.3384573762518],[139.33200699851932,35.338517647364625],[139.33284037088904,35.33889698115014],[139.3328550805859,35.33888084376695],[139.33386473830984,35.339244551933206],[139.3341813019546,35.339372114200806],[139.33428650924765,35.33941198083156],[139.33456568105768,35.339576597232856],[139.33473150109364,35.339690742311255],[139.33491898253865,35.33976180466795],[139.3357677607785,35.34003751694296],[139.3361809068596,35.34018359877643]]]]}},{"type":"Feature","properties":{"area_id":"14203040502","city":"平塚市","ward":"","town":"御殿","chome":"2","num_households":634},"geometry":{"type":"MultiPolygon","coordinates":[[[[139.32790016751798,35.34212781930269],[139.32789466893706,35.34214836062167],[139.32867857101857,35.3425250579071],[139.3288829897027,35.34262301717749],[139.329199879479,35.3427748910871],[139.3296558850067,35.34298783344317],[139.3300123527754,35.34315423555899],[139.33072050265847,35.343504202853175],[139.3307032424205,35.343578712848974],[139.33064696779397,35.343819757989095],[139.33118059400303,35.34401167704616],[139.33156676436653,35.344142845307125],[139.33157838699694,35.34414662500812],[139.33165537086558,35.34417166028146],[139.33246252408583,35.3444341361895],[139.3322392176329,35.34496197670788],[139.33211045008198,35.34526624960367],[139.33195903680394,35.34562613563441],[139.33187632912228,35.34581960659199],[139.33154727502517,35.34658934062259],[139.3315351984203,35.34661767290381],[139.33125771228043,35.34726775308511],[139.3302686826327,35.34693923147391],[139.3299634417107,35.3468188131348],[139.32919031064975,35.34651399273171],[139.32812703672042,35.346109231803844],[139.32764091697686,35.34592707324432],[139.32723606148562,35.345773420351655],[139.32670594316758,35.34555600518874],[139.32606731307277,35.345291234575186],[139.3263172320624,35.3448785997293],[139.3263329925398,35.344852538234974],[139.32658654075496,35.34441540869071],[139.32674455793432,35.34415140859232],[139.32685467874546,35.34396742369007],[139.32712963196497,35.34350805569966],[139.3271321500346,35.34349686916723],[139.32734462571955,35.34312632850984],[139.3273985811769,35.34303225310504],[139.32738680872507,35.342983188884965],[139.3273019357932,35.34262930635659],[139.32725727436653,35.34243707433944],[139.32756716455123,35.3419832711549],[139.32790016751798,35.34212781930269]]]]}},{"type":"Feature","properties":{"area_id":"14203040503","city":"平塚市","ward":"","town":"御殿","chome":"3","num_households":1261},"geometry":{"type":"MultiPolygon","coordinates":[[[[139.3238780774531,35.34484359359959],[139.32400831313856,35.34478441711361],[139.32419448249973,35.344721248086906],[139.3242869587686,35.344569799308374],[139.32434226234196,35.3444807320619],[139.3245269505798,35.3441580436033],[139.32453598742796,35.344142235812875],[139.32478866730574,35.34370081335215],[139.32546111563286,35.34396347302365],[139.3259207324467,35.344147991732164],[139.32658654075496,35.34441540869071],[139.3263329925398,35.344852538234974],[139.3263172320624,35.3448785997293],[139.32606731307277,35.345291234575186],[139.32670594316758,35.34555600518874],[139.32723606148562,35.345773420351655],[139.32764091697686,35.34592707324432],[139.32812703672042,35.346109231803844],[139.32919031064975,35.34651399273171],[139.3299634417107,35.3468188131348],[139.3302686826327,35.34693923147391],[139.33125771228043,35.34726775308511],[139.3312370028301,35.34731597954376],[139.3308294861948,35.34826384409492],[139.33076425282187,35.348389142625095],[139.3305411810015,35.3489246510398],[139.3304632294756,35.34911187074267],[139.3301387113839,35.34988745940324],[139.33013295449305,35.34990109861262],[139.32992536227135,35.350391947043676],[139.32979626155202,35.350733537903594],[139.32971201151352,35.35089636327195],[139.32960112910666,35.35107774141839],[139.32929628976453,35.351461209995534],[139.32883321960477,35.35104146111668],[139.32827207607053,35.35052510459857],[139.3281495280397,35.35041719865955],[139.32730702086818,35.34964473560172],[139.3272451845361,35.349581167147626],[139.32690463769606,35.349269391683826],[139.325902630663,35.348358019392116],[139.32588658774088,35.34833252892941],[139.3258713305842,35.34830485913738],[139.3257450468079,35.3480729894596],[139.32528466357084,35.34728267486494],[139.32519054296083,35.34712439205602],[139.3245815174984,35.346099861166344],[139.32422713844653,35.34546696293547],[139.3238780774531,35.34484359359959]]]]}},{"type":"Feature","properties":{"area_id":"14203040504","city":"平塚市","ward":"","town":"御殿","chome":"4","num_households":434},"geometry":{"type":"MultiPolygon","coordinates":[[[[139.32928070121247,35.35148023108869],[139.32899978898007,35.35182316232187],[139.32783505460137,35.35182241264184],[139.32743007800372,35.35182213707249],[139.32700937087844,35.351821865648624],[139.32659085490556,35.351821602438534],[139.32487948712728,35.35180706631129],[139.32486662774326,35.35181553441217],[139.32481741957437,35.35167722677498],[139.3234772728644,35.35177669092112],[139.32349681242712,35.35171705350013],[139.32366206484622,35.35146851574192],[139.324086756804,35.350760350762705],[139.32410825158897,35.35072487664448],[139.32434264294218,35.35036697680658],[139.32445647189218,35.350121392001554],[139.3245413186208,35.34975392232953],[139.32452975434086,35.349654860172095],[139.32451981692188,35.34956974490074],[139.3245121428044,35.349400905577845],[139.3244742251272,35.34927870309089],[139.32441232157055,35.34913675106056],[139.3239631189754,35.34798781050909],[139.323853105014,35.347642838057475],[139.32384867787707,35.34762894551838],[139.323795398719,35.34746189000116],[139.32347353820018,35.3464524282009],[139.3234325815297,35.346301197563164],[139.32331927415268,35.34595423932271],[139.3232764091422,35.3457508178652],[139.32317227473183,35.345256430217454],[139.32310564174918,35.34510882545726],[139.3228255329621,35.34425573995217],[139.32278584866975,35.34413493844325],[139.32260514275657,35.34358445661708],[139.32240322833115,35.34296937843879],[139.3228099381484,35.34297403422241],[139.32302271847112,35.34334957627208],[139.32344285388766,35.34413768085133],[139.32382136801493,35.34484779437168],[139.3238780774531,35.34484359359959],[139.32422713844653,35.34546696293547],[139.3245815174984,35.346099861166344],[139.32519054296083,35.34712439205602],[139.32528466357084,35.34728267486494],[139.3257450468079,35.3480729894596],[139.3258713305842,35.34830485913738],[139.32588658774088,35.34833252892941],[139.325902630663,35.348358019392116],[139.32690463769606,35.349269391683826],[139.3272451845361,35.349581167147626],[139.32730702086818,35.34964473560172],[139.3281495280397,35.35041719865955],[139.32827207607053,35.35052510459857],[139.32883321960477,35.35104146111668],[139.32929628976453,35.351461209995534],[139.32928070121247,35.35148023108869]]]]}},{"type":"Feature","properties":{"area_id":"142030409","city":"平塚市","ward":"","town":"中原下宿","chome":"","num_households":100},"geometry":{"type":"MultiPolygon","coordinates":[[[[139.323795398719,35.34746189000116],[139.32299723503345,35.34756932903655],[139.32296957835555,35.34742850681301],[139.3226528025252,35.34747063289347],[139.32260804766688,35.34727417435923],[139.3222813137801,35.347334707731314],[139.32225148942862,35.34717662276917],[139.3221484590242,35.3466302678983],[139.32235091029247,35.346101600922914],[139.32331927415268,35.34595423932271],[139.3234325815297,35.346301197563164],[139.32347353820018,35.3464524282009],[139.323795398719,35.34746189000116]]]]}},{"type":"Feature","properties":{"area_id":"14203041301","city":"平塚市","ward":"","town":"東中原","chome":"1","num_households":801},"geometry":{"type":"MultiPolygon","coordinates":[[[[139.3408908422143,35.35092563691037],[139.341592894337,35.35102229831009],[139.34328235517512,35.35125479653054],[139.3432822346575,35.35126057041992],[139.34309930674473,35.3521171954425],[139.3430978002379,35.35212486521569],[139.34295640843845,35.35283411521176],[139.3429752963059,35.35285940423576],[139.34280923183138,35.353540383639796],[139.34270587015027,35.354063722649165],[139.3425654554137,35.354730931454334],[139.34234253019463,35.35579021770593],[139.34216665307363,35.356628908417306],[139.34198741454037,35.35757590071704],[139.34190584480555,35.357961009425345],[139.3413933384532,35.357445801126424],[139.3410101068275,35.357090632787774],[139.34035407657518,35.35677928277763],[139.33873954814518,35.3563182312771],[139.33809497264053,35.356133682681886],[139.33771326054915,35.355574348766744],[139.33786627118968,35.35519791845631],[139.33804850365163,35.354758153540594],[139.33822886037578,35.35432978882073],[139.33839965971382,35.353903497820355],[139.3385827159701,35.353461552137574],[139.3385880360858,35.35344875644123],[139.3387375049406,35.353088012778805],[139.33877291985556,35.352995477172236],[139.3388454080569,35.35282041370952],[139.338931198927,35.35261336024539],[139.33897721102304,35.35250234531583],[139.33919043809743,35.35197354359335],[139.3393373277648,35.351604901206436],[139.33934884038786,35.35157008741072],[139.33967108865713,35.350757702089616],[139.3408908422143,35.35092563691037]]]]}},{"type":"Feature","properties":{"area_id":"14203041302","city":"平塚市","ward":"","town":"東中原","chome":"2","num_households":1383},"geometry":{"type":"MultiPolygon","coordinates":[[[[139.3361372179964,35.34978171298296],[139.33793196346878,35.35027761522225],[139.33900429369078,35.3505736337988],[139.33935067052124,35.35066927842763],[139.33967108865713,35.350757702089616],[139.33934884038786,35.35157008741072],[139.3393373277648,35.351604901206436],[139.33919043809743,35.35197354359335],[139.33897721102304,35.35250234531583],[139.338931198927,35.35261336024539],[139.3388454080569,35.35282041370952],[139.33877291985556,35.352995477172236],[139.3387375049406,35.353088012778805],[139.3385880360858,35.35344875644123],[139.3385827159701,35.353461552137574],[139.33839965971382,35.353903497820355],[139.33822886037578,35.35432978882073],[139.33804850365163,35.354758153540594],[139.33786627118968,35.35519791845631],[139.33771326054915,35.355574348766744],[139.33809497264053,35.356133682681886],[139.3367883822782,35.35576450554275],[139.33513393907953,35.355287681512245],[139.33505999474286,35.35526970065422],[139.33462869290307,35.35506566151345],[139.3342913753095,35.354934195030026],[139.3340600415966,35.354796689399755],[139.33395393179399,35.35474646262301],[139.33434418393304,35.35420459606312],[139.33451819252676,35.35381966598473],[139.33468852360105,35.353452607208034],[139.33484404477244,35.3531173891241],[139.3349042411273,35.35296509502408],[139.33507854519698,35.35253741382521],[139.33508735597792,35.35252315313387],[139.33510492657024,35.3522140571111],[139.33518540430563,35.352019801607334],[139.33544886253725,35.35140501279927],[139.33544894958482,35.35139071728189],[139.33562516684262,35.350972619670564],[139.33575071072386,35.350674742538615],[139.33579113430707,35.35057877701966],[139.33596536324907,35.35016877009128],[139.33613060957322,35.34977985421525],[139.3361372179964,35.34978171298296]]]]}},{"type":"Feature","properties":{"area_id":"142030415","city":"平塚市","ward":"","town":"新町","chome":"","num_households":145},"geometry":{"type":"MultiPolygon","coordinates":[[[[139.3443579697359,35.346040721233635],[139.34436191967413,35.34604122961768],[139.3443927501624,35.34604543938418],[139.34422617080165,35.34680283177709],[139.34408631300158,35.347438777370925],[139.34388426646294,35.348463081159764],[139.34372837710217,35.349184388075045],[139.34328252819336,35.351247543908876],[139.34328235517512,35.35125479653054],[139.34159289433694,35.35102229831009],[139.3408908422143,35.35092563691037],[139.33967108865718,35.35075770208964],[139.33935067052124,35.35066927842763],[139.33900429369078,35.3505736337988],[139.33793196346878,35.35027761522225],[139.3361372179964,35.34978171298296],[139.33648567169087,35.34894669567108],[139.33676342074642,35.34830336887277],[139.33677375835586,35.34827826981469],[139.33696764875293,35.347806048349774],[139.33713310085096,35.34740308265622],[139.3372728199731,35.34705695161361],[139.33746861889352,35.34657188252841],[139.33776173907066,35.34587121858175],[139.33790020461203,35.34553007947365],[139.33804015391362,35.34518521310057],[139.33805529237497,35.34517619008515],[139.33822547169814,35.345211182922604],[139.33865951371496,35.345274227472125],[139.33922239322413,35.34534441689676],[139.3414257143003,35.34564459950509],[139.34435726366394,35.34604381657742],[139.3443579697359,35.346040721233635]]]]}},{"type":"Feature","properties":{"area_id":"142030416","city":"平塚市","ward":"","town":"追分","chome":"","num_households":379},"geometry":{"type":"MultiPolygon","coordinates":[[[[139.34399674872836,35.33521499081241],[139.344605532012,35.33508319207451],[139.34504224001415,35.33493322248999],[139.3451749737116,35.334876231431025],[139.34568816157488,35.33465579985147],[139.34622881931597,35.334332595042945],[139.34646972538638,35.33415816051493],[139.3465133088197,35.334206576920614],[139.34662706651002,35.33433281467938],[139.34660240686563,35.33437503758863],[139.34655814206778,35.33591595604207],[139.34655026835503,35.33619007463917],[139.3463158425258,35.33720142241668],[139.34627242038454,35.33741905689387],[139.3460303004696,35.33851438516302],[139.34557312784173,35.34058276731764],[139.33965824814703,35.339682919414614],[139.33874665745586,35.33955973046209],[139.33853307652686,35.33954018781558],[139.33758464040088,35.339446866109505],[139.33723329859353,35.339307861280595],[139.33677579312038,35.339107639494614],[139.33691840314262,35.33879244343994],[139.3369454046332,35.338732607597784],[139.33705051842168,35.33849967041131],[139.33710505528015,35.33837883632003],[139.33756982965272,35.33734882701628],[139.33769053021007,35.33708136005087],[139.33773066920176,35.33698877765015],[139.3379437852435,35.33649753057321],[139.3383642254527,35.336410535868914],[139.33875489082988,35.33632975429285],[139.339704371067,35.33611064376393],[139.33987758674417,35.336075230781184],[139.33996879705074,35.33605659333154],[139.34010863073237,35.33602709881854],[139.34109663029682,35.33581849359261],[139.34185710731157,35.335657960791906],[139.34332154798483,35.3353585572886],[139.34399674872836,35.33521499081241]]]]}},{"type":"Feature","properties":{"area_id":"142030417","city":"平塚市","ward":"","town":"大原","chome":"","num_households":154},"geometry":{"type":"MultiPolygon","coordinates":[[[[139.33677579312038,35.339107639494614],[139.33723329859353,35.339307861280595],[139.33758464040088,35.339446866109505],[139.33853307652686,35.33954018781558],[139.33874665745586,35.33955973046209],[139.33965824814703,35.339682919414614],[139.34557312784173,35.34058276731764],[139.34533883078012,35.3416403191444],[139.34501704062777,35.34311054008741],[139.34498760718884,35.343252460397316],[139.34488259037408,35.34369984601053],[139.34476623090345,35.344225212126794],[139.34448919058468,35.345475799871195],[139.3443579697359,35.346040721233635],[139.34435726366397,35.3460438165774],[139.3414257143003,35.34564459950509],[139.33922239322413,35.34534441689676],[139.33865951371496,35.345274227472125],[139.33822547169814,35.345211182922604],[139.33805529237497,35.34517619008515],[139.33813460851826,35.34482410535279],[139.33813385299555,35.34482114499065],[139.3381334307754,35.344819467384575],[139.33810767045364,35.34471702058472],[139.3380233141137,35.34444124567135],[139.3379546209132,35.344197507239514],[139.3378815528472,35.343938186820026],[139.33781823507863,35.34371510427204],[139.33766382001554,35.34318044170865],[139.33750782884056,35.343123602510246],[139.33757813360805,35.34287634870348],[139.33755210194337,35.34277595714419],[139.33740195326212,35.34219708377234],[139.33718611398152,35.34176435060893],[139.33723339016245,35.34172109316269],[139.3372219654638,35.34167069296819],[139.33711290850957,35.341189523528726],[139.33682183591324,35.3411151520632],[139.3368078663007,35.34109446048786],[139.3369493645434,35.34078566743484],[139.33702137207194,35.340442220675385],[139.3370361390582,35.34040242114025],[139.33628248907527,35.34021951309917],[139.33627474512045,35.34019983245377],[139.33672549335125,35.33921729441617],[139.33677579312038,35.339107639494614]]]]}},{"type":"Feature","properties":{"area_id":"14203041801","city":"平塚市","ward":"","town":"中原","chome":"1","num_households":894},"geometry":{"type":"MultiPolygon","coordinates":[[[[139.3378815528472,35.343938186820026],[139.33795462091325,35.344197507239514],[139.3380233141137,35.34444124567135],[139.33810767045364,35.34471702058472],[139.3381334307754,35.344819467384575],[139.33813385299555,35.34482114499063],[139.33813460851826,35.34482410535279],[139.33805529237497,35.34517619008515],[139.33804015391365,35.34518521310057],[139.33694419221672,35.34488050049302],[139.33677383353447,35.34483311002464],[139.33544600648762,35.34446383803954],[139.3350371119204,35.34435057246198],[139.33443229901914,35.3441830293854],[139.33434019085416,35.344157507875515],[139.33405606907994,35.34407697653475],[139.3340445322131,35.34408023944303],[139.33370113786285,35.34398770556047],[139.33276989097558,35.34372296949439],[139.3329179575525,35.34338940535269],[139.33312297433034,35.34292768736871],[139.33347041235342,35.34213406911194],[139.33360807057687,35.34182250350639],[139.33367770611935,35.34174172798016],[139.33391407006914,35.34152134331122],[139.3341193914946,35.34138794779321],[139.33529109101002,35.340696205577125],[139.33614922681372,35.34017811489801],[139.3361809068596,35.34018359877643],[139.33627474512045,35.34019983245377],[139.33628248907527,35.34021951309917],[139.3370361390582,35.34040242114025],[139.33702137207194,35.34044222067536],[139.3369493645434,35.34078566743484],[139.3368078663007,35.341094460487845],[139.33682183591324,35.34111515206318],[139.33711290850957,35.34118952352871],[139.3372219654638,35.34167069296819],[139.33723339016245,35.34172109316269],[139.33718611398152,35.34176435060893],[139.33740195326212,35.34219708377234],[139.33755210194337,35.34277595714419],[139.33757813360805,35.34287634870348],[139.33750782884056,35.343123602510246],[139.33766382001554,35.34318044170865],[139.33781823507863,35.34371510427204],[139.3378815528472,35.343938186820026]]]]}},{"type":"Feature","properties":{"area_id":"14203041802","city":"平塚市","ward":"","town":"中原","chome":"2","num_households":1198},"geometry":{"type":"MultiPolygon","coordinates":[[[[139.33276989097558,35.34372296949439],[139.33370113786285,35.34398770556047],[139.3340445322131,35.34408023944303],[139.33405606907994,35.34407697653475],[139.33434019085416,35.344157507875515],[139.33443229901914,35.3441830293854],[139.3350371119204,35.34435057246198],[139.33544600648762,35.34446383803954],[139.33677383353447,35.34483311002464],[139.33694419221672,35.34488050049302],[139.33804015391362,35.34518521310057],[139.33790020461203,35.34553007947365],[139.33776173907066,35.34587121858175],[139.33746861889352,35.34657188252841],[139.3372728199731,35.34705695161361],[139.33713310085096,35.34740308265622],[139.33696764875293,35.347806048349774],[139.33677375835592,35.34827826981468],[139.33676342074642,35.34830336887277],[139.33648567169087,35.34894669567108],[139.3361372179964,35.34978171298296],[139.33613060957325,35.349779854215285],[139.335602406665,35.3496319519324],[139.33559890871243,35.34963097139413],[139.33540348477692,35.349576292426434],[139.33523964280917,35.34953041429449],[139.33507394548315,35.34948401607042],[139.3349039779648,35.3494366751516],[139.3348907047115,35.34943297760921],[139.33356323185876,35.349063212382234],[139.33355117674438,35.34905985349258],[139.33224628936713,35.34869532531418],[139.33223406438816,35.348691542515404],[139.33140245800735,35.348435788068464],[139.3311450531382,35.34838345852375],[139.3308294861948,35.34826384409492],[139.3312370028301,35.34731597954376],[139.33125771228043,35.34726775308511],[139.3315351984203,35.34661767290381],[139.33154727502517,35.34658934062259],[139.33187632912228,35.34581960659199],[139.33195903680394,35.34562613563441],[139.33211045008198,35.34526624960367],[139.3322392176329,35.34496197670788],[139.33246252408583,35.3444341361895],[139.33257760371,35.344175441284236],[139.33276989097558,35.34372296949439]]]]}},{"type":"Feature","properties":{"area_id":"14203041803","city":"平塚市","ward":"","town":"中原","chome":"3","num_households":1133},"geometry":{"type":"MultiPolygon","coordinates":[[[[139.3308294861948,35.34826384409492],[139.3311450531382,35.34838345852375],[139.33140245800735,35.348435788068464],[139.33223406438816,35.348691542515404],[139.3322462893671,35.34869532531418],[139.33355117674438,35.34905985349261],[139.33356323185876,35.349063212382234],[139.3348907047115,35.349432977609226],[139.3349039779648,35.3494366751516],[139.33507394548315,35.34948401607042],[139.33523964280917,35.34953041429449],[139.33540348477692,35.349576292426434],[139.33559890871243,35.34963097139415],[139.335602406665,35.3496319519324],[139.33613060957322,35.34977985421525],[139.33596536324907,35.35016877009128],[139.33579113430707,35.35057877701966],[139.33575071072386,35.350674742538615],[139.33562516684262,35.350972619670564],[139.33544894958482,35.35139071728189],[139.33544886253725,35.35140501279927],[139.33518540430563,35.352019801607334],[139.33510492657024,35.3522140571111],[139.33508735597792,35.35252315313387],[139.33507854519698,35.35253741382521],[139.3349042411273,35.35296509502408],[139.33484404477244,35.3531173891241],[139.33468852360105,35.353452607208034],[139.33451819252676,35.35381966598473],[139.33434418393304,35.35420459606312],[139.33395393179399,35.35474646262301],[139.3323562900714,35.35382379642506],[139.33173745119257,35.35342989271535],[139.33164521235148,35.35336091877162],[139.33111113632563,35.35304334984667],[139.33051449219747,35.35251530102807],[139.3299822631696,35.35207378849917],[139.32997653511805,35.35206897645107],[139.32976206282282,35.35188949123471],[139.32928070121247,35.35148023108869],[139.32929628976453,35.351461209995534],[139.32960112910666,35.35107774141839],[139.32971201151352,35.35089636327195],[139.32979626155202,35.350733537903594],[139.32992536227135,35.350391947043676],[139.33013295449305,35.34990109861262],[139.3301387113839,35.34988745940324],[139.3304632294756,35.34911187074267],[139.3305411810015,35.3489246510398],[139.33076425282187,35.348389142625095],[139.3308294861948,35.34826384409492]]]]}},{"type":"Feature","properties":{"area_id":"14203045101","city":"平塚市","ward":"","town":"西八幡","chome":"1","num_households":486},"geometry":{"type":"MultiPolygon","coordinates":[[[[139.35097738899373,35.339072841481226],[139.35088026462472,35.339067520989396],[139.3505356424093,35.33905211900056],[139.35047158885575,35.33990393385971],[139.35044794170736,35.34046606566249],[139.35044505056632,35.34076977154272],[139.35041299149742,35.340870553335414],[139.3502002742434,35.34138861743024],[139.35007403716867,35.341673308115915],[139.34988989332865,35.34252872678564],[139.34975216905738,35.34325293095237],[139.34957700908146,35.34409972585803],[139.34880441992692,35.34398923400049],[139.34764339636996,35.34383661052507],[139.34703013642184,35.34374322482153],[139.34666375868312,35.343562809506345],[139.34498760718884,35.343252460397316],[139.34501704062777,35.34311054008741],[139.34533883078012,35.3416403191444],[139.34557312784173,35.34058276731764],[139.3460303004696,35.33851438516302],[139.34627242038454,35.33741905689387],[139.34973233413632,35.33793420852624],[139.350032796194,35.33797549169675],[139.35013407969097,35.33798942143252],[139.35031590061752,35.3380163512476],[139.3511201150839,35.33813536548185],[139.35115949845576,35.338383116766146],[139.3511982008453,35.33866607520389],[139.35129491219993,35.33885546956191],[139.3514095490538,35.33909436870605],[139.35097738899373,35.339072841481226]]]]}},{"type":"Feature","properties":{"area_id":"14203045102","city":"平塚市","ward":"","town":"西八幡","chome":"2","num_households":573},"geometry":{"type":"MultiPolygon","coordinates":[[[[139.34957700908146,35.34409972585803],[139.34975216905738,35.34325293095237],[139.34988989332865,35.34252872678564],[139.35007403716867,35.341673308115915],[139.3502002742434,35.34138861743024],[139.35041299149742,35.340870553335414],[139.35044505056632,35.34076977154272],[139.35044794170736,35.34046606566249],[139.35047158885575,35.33990393385971],[139.3505356424093,35.33905211900056],[139.35088026462472,35.339067520989396],[139.35097738899373,35.339072841481226],[139.3514095490538,35.339094368706036],[139.35142754086414,35.33909655420661],[139.35156112481326,35.339415172742704],[139.35156294778506,35.33941954603725],[139.35178608466447,35.33991788068697],[139.35178722904553,35.33992042090615],[139.35213874187505,35.340818963999666],[139.3523220843179,35.34134023217936],[139.3524364088538,35.3416537702359],[139.35248539630297,35.341797760641434],[139.35257851211406,35.34204347125013],[139.3527674333981,35.34257370160784],[139.35281496035438,35.342725149314],[139.35298537330485,35.34326797934294],[139.35307594931407,35.34355790004561],[139.35319238652056,35.34396460677491],[139.35328448220415,35.34425939096982],[139.35334107155433,35.3444405906036],[139.35331973145801,35.34444487162367],[139.3523267166368,35.344645694203656],[139.35227852551094,35.34461289836945],[139.35197410789186,35.34456922154464],[139.35156034401774,35.344385287008286],[139.3515315012187,35.34437246563891],[139.35151718673836,35.34436614120003],[139.35133941145702,35.34432240569885],[139.35068737338653,35.344252336618375],[139.350662511828,35.34424892743788],[139.34957700908146,35.34409972585803]]]]}},{"type":"Feature","properties":{"area_id":"14203045103","city":"平塚市","ward":"","town":"西八幡","chome":"3","num_households":553},"geometry":{"type":"MultiPolygon","coordinates":[[[[139.3537581844083,35.34592740122794],[139.35390698103245,35.34640160370848],[139.35403184172486,35.34684669605274],[139.35403853604868,35.346870527015696],[139.35418951788282,35.3473831194068],[139.35199115481294,35.34708127459731],[139.35197102883788,35.34707851106084],[139.35196119945297,35.3470984733434],[139.35194016495325,35.347065288869885],[139.351515935188,35.347011834396085],[139.35091560070765,35.34693616389527],[139.35090258916716,35.346934523492195],[139.35052102472017,35.34688645339028],[139.35043726501775,35.346875901284186],[139.35015053936147,35.34683975235721],[139.35013950655434,35.34683836132427],[139.34992458730284,35.34681126546729],[139.349039411655,35.34669966225823],[139.34904047995423,35.3466931868059],[139.3491341874803,35.34624551386501],[139.34922040014683,35.34582231687617],[139.3493149164516,35.3453753502944],[139.3494027125928,35.34496018982107],[139.34954769443002,35.34424446119876],[139.34957700908146,35.34409972585803],[139.350662511828,35.34424892743788],[139.35068737338653,35.344252336618375],[139.35133941145702,35.34432240569885],[139.35151718673836,35.34436614120003],[139.3515315012187,35.34437246563891],[139.35156034401774,35.344385287008286],[139.35197410789186,35.34456922154464],[139.35227852551094,35.34461289836945],[139.3523267166368,35.344645694203656],[139.35331973145801,35.34444487162367],[139.35334107155433,35.3444405906036],[139.3533678901431,35.34452639661804],[139.35353499166322,35.345065702066684],[139.3535974314868,35.345308214383174],[139.35375109742787,35.345904836884564],[139.3537581844083,35.34592740122794]]]]}},{"type":"Feature","properties":{"area_id":"14203045104","city":"平塚市","ward":"","town":"西八幡","chome":"4","num_households":251},"geometry":{"type":"MultiPolygon","coordinates":[[[[139.34957700908146,35.34409972585803],[139.34954769443002,35.34424446119876],[139.3494027125928,35.34496018982107],[139.3493149164516,35.3453753502944],[139.34922040014683,35.34582231687617],[139.3491341874803,35.34624551386501],[139.34904047995423,35.3466931868059],[139.34852713848326,35.34662323715776],[139.34710458184952,35.34641109889077],[139.34700694482316,35.346396550097815],[139.34638389585334,35.34630361725786],[139.34438191322204,35.34603947928384],[139.34436191967413,35.346041229617654],[139.3443579697359,35.346040721233635],[139.34448919058468,35.345475799871195],[139.34476623090345,35.344225212126766],[139.34488259037408,35.34369984601051],[139.34498760718884,35.343252460397316],[139.34666375868312,35.343562809506345],[139.34703013642184,35.34374322482153],[139.34764339636996,35.34383661052507],[139.34880441992692,35.34398923400049],[139.34957700908146,35.34409972585803]]]]}},{"type":"Feature","properties":{"area_id":"14203045501","city":"平塚市","ward":"","town":"東八幡","chome":"1","num_households":728},"geometry":{"type":"MultiPolygon","coordinates":[[[[139.35624338672767,35.34194208948976],[139.3562490621229,35.343294962483256],[139.35624247267452,35.34329754291432],[139.35545906155758,35.343084241567844],[139.3553423795576,35.34292717038064],[139.35488733530337,35.34265425565779],[139.35471132201116,35.34259637622881],[139.35440424864836,35.342595154616426],[139.35437141964977,35.34260206628797],[139.35369139101073,35.34258633014658],[139.35340907443828,35.342591753527905],[139.35312385625872,35.34257920860543],[139.3527674333981,35.34257370160784],[139.35257851211406,35.34204347125013],[139.35248539630297,35.341797760641434],[139.3524364088538,35.3416537702359],[139.3523220843179,35.34134023217936],[139.35213874187505,35.340818963999666],[139.35178722904553,35.33992042090615],[139.35178608466447,35.33991788068697],[139.35156294778506,35.33941954603725],[139.35156112481326,35.339415172742704],[139.35142754086414,35.33909655420661],[139.35156305479677,35.339092169452655],[139.3518977831288,35.33907351691657],[139.35220063402107,35.33913958929295],[139.35226020482574,35.33916644730071],[139.35262838966813,35.3391936978909],[139.35266926153545,35.33916393407513],[139.35305190947315,35.33920145199397],[139.3539457877691,35.33928911182074],[139.35415542155772,35.33930966631156],[139.35474254821798,35.339367231394604],[139.3550314648647,35.33939555682335],[139.35505403959874,35.33938571696693],[139.35555460239934,35.3394666516845],[139.35622765745592,35.339582915858756],[139.35595695131076,35.34044909578087],[139.35595401153404,35.34046654753084],[139.35636091820186,35.34072560999783],[139.3563097987605,35.34099059665674],[139.35626179836555,35.341374249545126],[139.35624944749253,35.34155108799058],[139.35624349450566,35.341931174733816],[139.35624338672767,35.34194208948976]]]]}},{"type":"Feature","properties":{"area_id":"14203045502","city":"平塚市","ward":"","town":"東八幡","chome":"2","num_households":442},"geometry":{"type":"MultiPolygon","coordinates":[[[[139.35471132201116,35.34259637622881],[139.35488733530337,35.34265425565779],[139.3553423795576,35.34292717038064],[139.35545906155758,35.343084241567844],[139.35624247267452,35.34329754291432],[139.35624583703802,35.34387441205893],[139.35624365326743,35.34427113149988],[139.35624146979873,35.34466067004584],[139.35624139119435,35.344673907573316],[139.35624882639823,35.34528160664417],[139.35624763560622,35.34574493037481],[139.3563116091331,35.34693023236772],[139.35631614298393,35.34695609585354],[139.35638795459056,35.348257277594584],[139.3563958783208,35.34826914034097],[139.3561873865928,35.34808042323383],[139.35574759270764,35.34768718933378],[139.35574186510036,35.34768209440678],[139.35563716234873,35.34758896310086],[139.3547835589439,35.34682967658059],[139.3545897947433,35.34665932396872],[139.35390871656335,35.34606053997649],[139.3537581844083,35.34592740122794],[139.35375109742787,35.345904836884564],[139.3535974314868,35.345308214383174],[139.35353499166322,35.3450657020667],[139.3533678901431,35.34452639661804],[139.35334107155427,35.344440590603625],[139.35328448220415,35.34425939096982],[139.35319238652056,35.34396460677491],[139.35307594931407,35.34355790004561],[139.35298537330485,35.34326797934294],[139.35281496035438,35.342725149314],[139.3527674333981,35.34257370160784],[139.35312385625872,35.34257920860543],[139.35340907443828,35.342591753527905],[139.35369139101073,35.34258633014658],[139.35437141964977,35.34260206628797],[139.35440424864834,35.34259515461645],[139.35471132201116,35.34259637622881]]]]}},{"type":"Feature","properties":{"area_id":"14203045503","city":"平塚市","ward":"","town":"東八幡","chome":"3","num_households":372},"geometry":{"type":"MultiPolygon","coordinates":[[[[139.36052279562995,35.345624895629264],[139.35993353577723,35.34569541415209],[139.35938479020805,35.345767566327766],[139.35887080214826,35.345764421884645],[139.35884288238233,35.34576219996347],[139.35819110766397,35.34576125669176],[139.35755275904262,35.345756981841845],[139.35687588210746,35.34576220481848],[139.3568520434644,35.34576238804867],[139.3562546691719,35.34575474785207],[139.35624763560622,35.34574493037481],[139.35624882639823,35.34528160664417],[139.35624139119435,35.344673907573316],[139.35624146979873,35.34466067004584],[139.35624365326743,35.344271131499845],[139.35624583703802,35.34387441205893],[139.35624247267452,35.34329754291432],[139.3562490621229,35.343294962483256],[139.35624338672767,35.34194208948976],[139.35624349450566,35.341931174733766],[139.35624944749253,35.34155108799058],[139.35626179836555,35.341374249545126],[139.3563097987605,35.34099059665674],[139.35636091820186,35.34072560999783],[139.3563726955792,35.340717840511445],[139.35729675151345,35.34123336627112],[139.35744332789977,35.3417555223505],[139.35845476663707,35.34160918375061],[139.35874249516002,35.34156757775705],[139.35906248166467,35.34152102912729],[139.3590786985917,35.341540034460614],[139.36011599360324,35.34176929139905],[139.3600289236875,35.3421497594052],[139.36000330442042,35.34220204854514],[139.36001324335493,35.34265838163436],[139.36005826731332,35.34299493381703],[139.36003610700396,35.343007310759326],[139.36027400611277,35.34428699065666],[139.36034472774492,35.34466737142622],[139.36052279562995,35.345624895629264]]]]}},{"type":"Feature","properties":{"area_id":"14203045504","city":"平塚市","ward":"","town":"東八幡","chome":"4","num_households":708},"geometry":{"type":"MultiPolygon","coordinates":[[[[139.35959239108044,35.35168092234958],[139.35942522972707,35.35179006333594],[139.35940219505613,35.351805114910384],[139.3588622434712,35.35192236955292],[139.35884717917807,35.35187406974585],[139.35867100752074,35.3514893492175],[139.35853197790314,35.35119928532621],[139.358018085114,35.35014166258313],[139.3579522914285,35.350022596421205],[139.35777031263848,35.34970672688573],[139.35759301696638,35.34939897484043],[139.35730021340663,35.34911182518299],[139.35680138629428,35.34865470061165],[139.35644107717002,35.34832277163043],[139.3563958783208,35.34826914034097],[139.35638795459056,35.348257277594584],[139.35631614298393,35.34695609585354],[139.3563116091331,35.34693023236772],[139.35624763560622,35.34574493037481],[139.3562546691719,35.34575474785207],[139.3568520434644,35.34576238804867],[139.35687588210746,35.34576220481848],[139.35755275904262,35.345756981841845],[139.35819110766397,35.34576125669176],[139.35884288238233,35.34576219996347],[139.35887080214826,35.345764421884645],[139.35938479020805,35.345767566327766],[139.35993353577723,35.34569541415209],[139.36052279562995,35.345624895629264],[139.36088581622508,35.347576239075046],[139.36101228881853,35.34825605086315],[139.36125360816212,35.349553090767934],[139.36143055061024,35.35050761316492],[139.36157558116813,35.35133214662112],[139.3605874165068,35.35144859206596],[139.36016255388932,35.35150151711002],[139.36013894963082,35.351525722375435],[139.36009688593256,35.351568798982655],[139.35993137122082,35.351623579329505],[139.35963857996913,35.35168279261367],[139.35959239108044,35.35168092234958]]]]}},{"type":"Feature","properties":{"area_id":"14203045505","city":"平塚市","ward":"","town":"東八幡","chome":"5","num_households":158},"geometry":{"type":"MultiPolygon","coordinates":[[[[139.36778211074102,35.35021972564381],[139.36777027326764,35.350450530447354],[139.36775321074103,35.3505721575873],[139.3676177450114,35.35153623441919],[139.36748237078737,35.352044176481535],[139.36675878938925,35.35213365673633],[139.36522690149852,35.352323124183634],[139.36497153929568,35.35091351383462],[139.3649690020207,35.35091385562333],[139.36435415031374,35.35098965452604],[139.3615881375996,35.35133071645402],[139.36157558116813,35.35133214662112],[139.36143055061024,35.35050761316492],[139.36125360816212,35.349553090767934],[139.36101228881853,35.34825605086315],[139.36088581622508,35.347576239075046],[139.36052279562995,35.345624895629264],[139.36034472774492,35.34466737142622],[139.36027400611277,35.34428699065666],[139.36003610700396,35.343007310759326],[139.36005826731332,35.342994933817046],[139.3638994833842,35.34250867405669],[139.36394333459344,35.342527011887256],[139.36471659705987,35.34298242775362],[139.36552237137255,35.34344951123863],[139.36647136256664,35.34358055613173],[139.36649357028605,35.343648311480464],[139.36655435176024,35.34362284369239],[139.36680320873126,35.34364358965292],[139.36684325145728,35.34365212337898],[139.36701983543452,35.34431315855344],[139.36732957933964,35.34548535534315],[139.36757718279767,35.34647153957704],[139.3676269768658,35.346746524807806],[139.367727818796,35.3473029799196],[139.3678172868386,35.34816031253482],[139.36783439164745,35.34853932940785],[139.3678285216308,35.349317632773506],[139.3677826920561,35.35020810792433],[139.36778211074102,35.35021972564381]]]]}},{"type":"Feature","properties":{"area_id":"142030476","city":"平塚市","ward":"","town":"八幡","chome":"","num_households":0},"geometry":{"type":"MultiPolygon","coordinates":[[[[139.37039161175665,35.35019449043719],[139.36778211074102,35.35021972564379],[139.3677826920561,35.35020810792433],[139.3678285216308,35.349317632773506],[139.36783439164745,35.34853932940785],[139.3678172868386,35.34816031253482],[139.367727818796,35.3473029799196],[139.3676269768658,35.346746524807806],[139.36757718279767,35.34647153957704],[139.36732957933964,35.34548535534315],[139.36701983543452,35.34431315855344],[139.36684325145728,35.34365212337898],[139.36680320873128,35.34364358965289],[139.36867869966383,35.34364411335994],[139.3687387970438,35.34385481526969],[139.36886062501532,35.34432023376083],[139.36935903907545,35.3462237928071],[139.3699734292391,35.3485698424535],[139.37039161175665,35.35019449043719]]]]}},{"type":"Feature","properties":{"area_id":"14203047700","city":"平塚市","ward":"","town":"四之宮","chome":"","num_households":0},"geometry":{"type":"MultiPolygon","coordinates":[[[[139.37188959310896,35.35706567045284],[139.3718736523541,35.35708779284487],[139.37182788456465,35.357423959734774],[139.37167534223963,35.358705152058064],[139.37146737999723,35.35935331556107],[139.37143738219117,35.35947559765277],[139.37145242576574,35.35977424800664],[139.37155759457275,35.361191837090445],[139.36933618651807,35.362397390489434],[139.3692910516605,35.3624283461918],[139.36874295002673,35.36303386970839],[139.36866553459677,35.36319343362633],[139.36859360404839,35.363718363974826],[139.368646381843,35.364180104588],[139.36889860338448,35.36519878106438],[139.36933781975068,35.36617667824053],[139.36965944209652,35.366875402835284],[139.37065285875934,35.367760431007945],[139.37074147578616,35.36816434126748],[139.3690162132325,35.36849830985434],[139.36817956080856,35.36866961091216],[139.36749371857644,35.36880562863288],[139.36732047634237,35.368846668113214],[139.36728991779287,35.36885387726869],[139.36728883251754,35.3688480980599],[139.36721624200013,35.36845480204282],[139.36702075018476,35.36761935630758],[139.3669813473082,35.36739118187781],[139.3669084955465,35.36684823608017],[139.3668524376238,35.36626211398631],[139.36678248513016,35.36543727929623],[139.3667946131832,35.36543591612642],[139.366781317045,35.365423542039956],[139.36661004805566,35.3634253725795],[139.36661000788885,35.36342487947246],[139.3665065990427,35.3620764669314],[139.36648179796606,35.36160228936422],[139.3664494391748,35.36110095581099],[139.36643305266895,35.360693417344805],[139.36643508623607,35.360532082022964],[139.3665589286772,35.35925519572282],[139.366606187719,35.35868211966781],[139.3666623381441,35.358094571363736],[139.36668144178014,35.35783322870792],[139.36672250890783,35.35738175406715],[139.36672738205448,35.35734078565073],[139.36673171499524,35.35730425246246],[139.36673406781958,35.35728355556162],[139.36678795017085,35.35728559237757],[139.36687223243692,35.35658730409272],[139.36693909259353,35.356051207364786],[139.36700517911999,35.35545376880579],[139.36704197960537,35.35517087343618],[139.3670347461059,35.35508971687799],[139.36701416922946,35.355027453965846],[139.3669534101375,35.35488116124247],[139.3669532405499,35.35488094876993],[139.36689259769724,35.354888745025555],[139.36675768218444,35.35510267098074],[139.366261983966,35.35592783884874],[139.36623830937575,35.35595704483472],[139.36568911743294,35.35677038906843],[139.36555293679928,35.356951347153974],[139.3655368130311,35.356972770457105],[139.36534895660557,35.357146422111256],[139.3650147617547,35.35694126098556],[139.36556856549623,35.355952577623334],[139.36560688607253,35.35573609734627],[139.36611891283695,35.35498789715399],[139.36604373358907,35.35499746779596],[139.36614095100933,35.35476987651699],[139.36619540224987,35.35467902571213],[139.36627747929055,35.35455947773858],[139.36629477141958,35.35453405033706],[139.36631297390105,35.35450735878451],[139.36641441118132,35.3542778818946],[139.36655443251857,35.35403503154612],[139.36659866514984,35.35399548171363],[139.36664538079737,35.353707202031124],[139.36671592122838,35.35368944386491],[139.3667710884378,35.35366176729963],[139.36681090355884,35.35362044049238],[139.36695339974827,35.35332710507317],[139.36728980786964,35.352594647349015],[139.36745725184008,35.35216887145765],[139.36748237078737,35.352044176481535],[139.3676177450114,35.35153623441919],[139.36775321074103,35.3505721575873],[139.36777027326764,35.350450530447354],[139.36778211074102,35.35021972564381],[139.37039161175665,35.35019449043719],[139.37063487510267,35.35114395117481],[139.3704484568614,35.35150838707531],[139.3704433417975,35.351859570233295],[139.37047607538358,35.352525759883406],[139.37048323089093,35.35274318502414],[139.37058722015274,35.353593098651245],[139.37065250680848,35.353997505834556],[139.37071729759205,35.3543986020562],[139.3708053846728,35.35494443527976],[139.37092145115662,35.35549819106948],[139.37174992458233,35.35576809154799],[139.37196487779906,35.3564170078571],[139.37196154390088,35.356536432536736],[139.37188959310896,35.35706567045284]]]]}},{"type":"Feature","properties":{"area_id":"14203047701","city":"平塚市","ward":"","town":"四之宮","chome":"1","num_households":1102},"geometry":{"type":"MultiPolygon","coordinates":[[[[139.34436191967413,35.346041229617654],[139.34438191322204,35.34603947928384],[139.34638389585334,35.34630361725786],[139.34700694482316,35.346396550097815],[139.34710458184952,35.34641109889077],[139.34852713848326,35.34662323715776],[139.34904047995423,35.3466931868059],[139.349039411655,35.34669966225823],[139.34992458730284,35.34681126546729],[139.35013950655434,35.34683836132427],[139.35015053936147,35.346839752357226],[139.35043726501775,35.346875901284186],[139.35052102472017,35.34688645339028],[139.35090258916716,35.346934523492195],[139.35091560070765,35.34693616389527],[139.351515935188,35.3470118343961],[139.35194016495325,35.347065288869885],[139.35196119945297,35.3470984733434],[139.35187777862848,35.34750963783179],[139.35179205522633,35.347932203193395],[139.35178850821333,35.347936132895896],[139.35169002181232,35.34837294323416],[139.35159700607466,35.34878554890504],[139.35150242627276,35.34931054723468],[139.35143090274406,35.34970753361768],[139.35144152655576,35.349727858586455],[139.3512502036708,35.35012887502888],[139.35124637599813,35.350136888297484],[139.35104922040568,35.35054999341881],[139.35104430796494,35.350552227444645],[139.3508633809941,35.35093870687419],[139.35085193200044,35.35097802918359],[139.35066130077598,35.35137735707599],[139.3506580008731,35.351383188691635],[139.35045330582497,35.35181302503367],[139.3502588771614,35.35222135244172],[139.3496670399567,35.35214074388962],[139.34966173653913,35.35214002117209],[139.3485565445153,35.35198952940069],[139.34830511591795,35.35195535063168],[139.34800314547542,35.35191420760092],[139.34559854888616,35.35158416925279],[139.34328223465747,35.35126057041994],[139.34328235517512,35.35125479653054],[139.34328252819336,35.351247543908876],[139.34372837710217,35.349184388075045],[139.34388426646294,35.348463081159764],[139.34408631300158,35.347438777370925],[139.34422617080165,35.34680283177709],[139.34439275016243,35.34604543938418],[139.34436191967413,35.346041229617654]]]]}},{"type":"Feature","properties":{"area_id":"14203047702","city":"平塚市","ward":"","town":"四之宮","chome":"2","num_households":1117},"geometry":{"type":"MultiPolygon","coordinates":[[[[139.3537581844083,35.34592740122794],[139.35390871656335,35.34606053997649],[139.3545897947433,35.34665932396872],[139.3547835589439,35.34682967658059],[139.35563716234873,35.34758896310086],[139.35574186510036,35.34768209440678],[139.35574759270764,35.34768718933378],[139.3561873865928,35.34808042323383],[139.3563958783208,35.34826914034097],[139.35644107717002,35.34832277163043],[139.35645032816504,35.34911206550456],[139.35646304215317,35.34948297574632],[139.35649339531403,35.35036841343823],[139.35643136618046,35.35123602000941],[139.3563747030328,35.35210442292417],[139.356035364313,35.352110126688444],[139.35601352994516,35.352110463066346],[139.35602288550936,35.35213493814844],[139.3561861210263,35.3525621487361],[139.35638479177302,35.35308217786141],[139.3564540796489,35.353228724825875],[139.35665876032783,35.35398239066781],[139.35558610187803,35.353832689520914],[139.3553443889538,35.353798954922205],[139.35522346250775,35.353782070386245],[139.35484607444627,35.35372937533035],[139.35315954268066,35.353498594705826],[139.35324751877022,35.35307202113773],[139.3533347474166,35.35264896936867],[139.35239318307003,35.352519377980265],[139.35190780271358,35.352452514479666],[139.35167620972996,35.352420628766],[139.351484301933,35.35239420629352],[139.3502655082544,35.35222644958495],[139.3502588771614,35.35222135244172],[139.35045330582497,35.35181302503367],[139.3506580008731,35.351383188691635],[139.35066130077598,35.35137735707599],[139.35085193200044,35.35097802918359],[139.3508633809941,35.35093870687419],[139.35104430796494,35.350552227444645],[139.35104922040568,35.35054999341881],[139.35124637599813,35.350136888297484],[139.3512502036708,35.35012887502888],[139.35144152655576,35.349727858586455],[139.35143090274406,35.34970753361768],[139.35150242627276,35.34931054723468],[139.35159700607466,35.34878554890504],[139.35169002181232,35.34837294323416],[139.35178850821333,35.347936132895896],[139.35179205522633,35.347932203193395],[139.3518777786285,35.34750963783179],[139.35196119945297,35.3470984733434],[139.35197102883788,35.34707851106084],[139.35199115481294,35.34708127459731],[139.35418951788282,35.3473831194068],[139.35403853604868,35.346870527015696],[139.35403184172486,35.34684669605274],[139.35390698103245,35.34640160370848],[139.3537581844083,35.34592740122794]]]]}},{"type":"Feature","properties":{"area_id":"14203047703","city":"平塚市","ward":"","town":"四之宮","chome":"3","num_households":788},"geometry":{"type":"MultiPolygon","coordinates":[[[[139.3621133961745,35.354403573917814],[139.3621100632476,35.35438175927075],[139.36202940009292,35.354391669847885],[139.36119153471986,35.354496598541516],[139.36104951352613,35.35450704203337],[139.36090092240184,35.35452341640006],[139.3603005619411,35.35460098248375],[139.35989614348955,35.35466571763057],[139.35967179354398,35.35469342700801],[139.3593284203611,35.35473583664684],[139.35860961149274,35.35482459035095],[139.358407478348,35.3548288405798],[139.3585178750692,35.354720519878235],[139.35854110723258,35.35465673521482],[139.35860761189713,35.35442254540686],[139.35865389195337,35.35425961836985],[139.35871141920768,35.35366614796718],[139.35873718554086,35.353356442182644],[139.3588626678039,35.35313509278458],[139.3588643793476,35.35312164828997],[139.35751526529404,35.35321783204711],[139.3564540796489,35.353228724825875],[139.35638479177302,35.35308217786141],[139.3561861210263,35.352562148736126],[139.35602288550936,35.35213493814844],[139.35601352994516,35.352110463066346],[139.356035364313,35.352110126688444],[139.3563747030328,35.35210442292417],[139.35643136618046,35.35123602000941],[139.35649339531403,35.35036841343823],[139.35646304215317,35.34948297574632],[139.35645032816504,35.34911206550456],[139.35644107717002,35.34832277163043],[139.35680138629428,35.34865470061165],[139.35730021340663,35.34911182518299],[139.35759301696638,35.34939897484043],[139.35777031263848,35.34970672688573],[139.3579522914285,35.350022596421205],[139.358018085114,35.35014166258313],[139.35853197790314,35.35119928532621],[139.3586710075208,35.35148934921748],[139.3588471791781,35.351874069745826],[139.3588622434712,35.35192236955292],[139.35940219505613,35.35180511491035],[139.3594252297271,35.35179006333594],[139.35959239108044,35.35168092234958],[139.35963857996913,35.35168279261367],[139.35993137122082,35.35162357932949],[139.36009688593256,35.351568798982605],[139.36013894963082,35.35152572237542],[139.36016255388932,35.35150151711002],[139.3605874165068,35.35144859206596],[139.36157558116818,35.35133214662109],[139.3615881375996,35.35133071645402],[139.36435415031374,35.35098965452604],[139.3649690020207,35.35091385562333],[139.36497153929565,35.35091351383462],[139.36522690149852,35.352323124183634],[139.36675878938925,35.35213365673633],[139.36748237078737,35.352044176481535],[139.36745725184008,35.35216887145765],[139.36728980786964,35.352594647349015],[139.36695339974827,35.35332710507317],[139.36681090355884,35.35362044049238],[139.3667710884378,35.35366176729963],[139.3667159212284,35.35368944386491],[139.36664538079737,35.353707202031124],[139.36659866514984,35.3539954817136],[139.36617627908257,35.35404217331726],[139.36615497307363,35.353919059135144],[139.3655374273791,35.35400401408329],[139.3649065360268,35.354069971182405],[139.36430411096237,35.354132935750265],[139.36394951149785,35.35416995086961],[139.36378868036545,35.35418679617457],[139.3629008051645,35.354301683657454],[139.3621133961745,35.354403573917814]]]]}},{"type":"Feature","properties":{"area_id":"14203047704","city":"平塚市","ward":"","town":"四之宮","chome":"4","num_households":503},"geometry":{"type":"MultiPolygon","coordinates":[[[[139.36661000788885,35.36342487947246],[139.3625213413213,35.36388516126154],[139.36250666730362,35.36386559832402],[139.36192523986247,35.36393576957447],[139.36134685231167,35.36305874402165],[139.3612510752415,35.362919077131465],[139.36108103249407,35.36264440342481],[139.36106927894613,35.3625803419259],[139.3610581512341,35.3625498053953],[139.3610321878745,35.361398683828725],[139.3610295462961,35.36128225935055],[139.36117366700358,35.360260862337064],[139.36117681235385,35.36026090691785],[139.3611824534016,35.36022927434475],[139.36119087128355,35.36018206520749],[139.3612619228729,35.359879450373235],[139.36131999059887,35.35973479077833],[139.36133670924642,35.35969313770363],[139.36138895844059,35.35959958830668],[139.36144121268632,35.35950513716346],[139.3615310815391,35.359374772903976],[139.36165866858224,35.359190466908075],[139.36184510461916,35.3589126365726],[139.36191582367138,35.358804799856514],[139.36192058285135,35.358797541772525],[139.36206042980498,35.35858533844862],[139.3620690175297,35.358574313031426],[139.3620670378897,35.3585647852663],[139.36206134411796,35.35853067778948],[139.3621451869681,35.35847987167331],[139.3623822361702,35.35807062526404],[139.36249404080814,35.35763152917514],[139.36251571392165,35.357305893882156],[139.36251632409335,35.35729681076996],[139.36239202457585,35.35620733910427],[139.3622940865141,35.35559658034797],[139.3622056976376,35.35500740871901],[139.36211753918627,35.35443063347191],[139.3621133961745,35.354403573917814],[139.3629008051645,35.354301683657454],[139.36378868036545,35.35418679617457],[139.36394951149785,35.35416995086961],[139.36430411096237,35.354132935750265],[139.3649065360268,35.35406997118238],[139.3655374273791,35.35400401408329],[139.36615497307363,35.353919059135144],[139.36617627908257,35.35404217331726],[139.36659866514984,35.3539954817136],[139.36655443251857,35.35403503154612],[139.36641441118132,35.3542778818946],[139.36631297390105,35.35450735878451],[139.36629477141958,35.354534050337044],[139.36627747929055,35.35455947773858],[139.36619540224987,35.35467902571209],[139.36614095100933,35.35476987651699],[139.36604373358907,35.35499746779596],[139.36611891283695,35.35498789715399],[139.36560688607253,35.35573609734627],[139.36556856549623,35.355952577623334],[139.3650147617547,35.35694126098556],[139.36534895660566,35.357146422111256],[139.3655368130311,35.356972770457105],[139.36555293679928,35.356951347153974],[139.36568911743294,35.35677038906843],[139.36623830937575,35.35595704483472],[139.366261983966,35.35592783884874],[139.36675768218444,35.35510267098074],[139.36689259769724,35.354888745025555],[139.3669532405499,35.35488094876993],[139.3669534101375,35.35488116124247],[139.36701416922946,35.355027453965846],[139.3670347461059,35.35508971687799],[139.36704197960537,35.35517087343618],[139.36700517911999,35.35545376880579],[139.36693909259353,35.356051207364786],[139.36687223243692,35.35658730409272],[139.36678795017085,35.35728559237757],[139.36673406781958,35.35728355556162],[139.36673171499524,35.35730425246246],[139.36672738205448,35.35734078565073],[139.36672250890786,35.35738175406715],[139.36668144178014,35.35783322870792],[139.3666623381441,35.358094571363715],[139.366606187719,35.35868211966781],[139.3665589286772,35.35925519572282],[139.36643508623607,35.360532082022964],[139.36643305266895,35.360693417344805],[139.3664494391748,35.36110095581097],[139.36648179796606,35.36160228936422],[139.3665065990427,35.3620764669314],[139.36661000788885,35.36342487947246]]]]}},{"type":"Feature","properties":{"area_id":"14203047705","city":"平塚市","ward":"","town":"四之宮","chome":"5","num_households":662},"geometry":{"type":"MultiPolygon","coordinates":[[[[139.36206042980498,35.35858533844862],[139.36192058285135,35.358797541772525],[139.36191582367138,35.358804799856514],[139.36184510461916,35.3589126365726],[139.36165866858224,35.359190466908075],[139.3615310815391,35.359374772903976],[139.36144121268632,35.35950513716346],[139.36138895844059,35.35959958830668],[139.36133670924642,35.35969313770363],[139.36131999059887,35.35973479077833],[139.3612619228729,35.359879450373235],[139.36119087128355,35.36018206520749],[139.3611824534016,35.36022927434475],[139.36117681235385,35.36026090691785],[139.36117366700358,35.360260862337064],[139.3610295462961,35.36128225935055],[139.3610321878745,35.361398683828725],[139.3610581512341,35.3625498053953],[139.3610702111158,35.36308345750225],[139.3607317425773,35.36245439305849],[139.36003127503787,35.36148504299336],[139.35928125788433,35.360454058690316],[139.35870078068018,35.35945404787554],[139.35800347412152,35.35778022623461],[139.35797296829116,35.35771136995529],[139.3576862694064,35.35691054805883],[139.35769042305557,35.35690577593929],[139.35754884807167,35.35651111124997],[139.35747072410308,35.3562932561209],[139.35799205584004,35.35615382048948],[139.3584644487973,35.35603390818923],[139.3583332216229,35.35511848111312],[139.3583541733249,35.35498820315283],[139.35836527154564,35.354919298513494],[139.35839978924105,35.354836401608345],[139.35840320397395,35.3548330345384],[139.358407478348,35.3548288405798],[139.35860961149274,35.35482459035095],[139.3593284203611,35.35473583664684],[139.35967179354398,35.35469342700801],[139.35989614348955,35.35466571763057],[139.3603005619411,35.35460098248375],[139.36090092240184,35.35452341640006],[139.36104951352613,35.35450704203337],[139.36119153471986,35.354496598541516],[139.36202940009292,35.354391669847885],[139.3621100632476,35.35438175927075],[139.3621133961745,35.354403573917814],[139.36211753918627,35.35443063347191],[139.3622056976376,35.35500740871901],[139.3622940865141,35.35559658034797],[139.36239202457585,35.35620733910427],[139.36251632409335,35.35729681076996],[139.36251571392168,35.357305893882156],[139.36249404080817,35.35763152917514],[139.3623822361702,35.35807062526404],[139.3621451869681,35.35847987167331],[139.36206134411796,35.35853067778948],[139.3620670378897,35.3585647852663],[139.36206901752973,35.358574313031404],[139.36206042980498,35.35858533844862]]]]}},{"type":"Feature","properties":{"area_id":"14203047706","city":"平塚市","ward":"","town":"四之宮","chome":"6","num_households":653},"geometry":{"type":"MultiPolygon","coordinates":[[[[139.3612860156462,35.36376430304971],[139.36058148700644,35.36391695679072],[139.36006149939124,35.36405073872367],[139.36008365638784,35.3640171607927],[139.35940030882045,35.364103762517836],[139.35927763704458,35.36403666535344],[139.35907073372445,35.36406951555253],[139.3586689595276,35.364232167483294],[139.35847851324255,35.364198881777966],[139.35837270479746,35.36418043653403],[139.3579435752904,35.36386282000356],[139.35768826595444,35.363673850153965],[139.35765068543742,35.36367602662463],[139.35699435064427,35.3637134394644],[139.35697836473926,35.36368295289757],[139.35700091752736,35.36368550621688],[139.35694358825867,35.36326871834005],[139.35690833120725,35.36284849527078],[139.35690522147095,35.36283636995223],[139.35685994891244,35.362660411277666],[139.35674303093074,35.36180985409867],[139.35666818784168,35.361255518330964],[139.35659630814888,35.36072323335937],[139.35659727358563,35.360719926754435],[139.3564853948312,35.3599547949227],[139.35644694387875,35.35969188135467],[139.35664639057416,35.3596676665857],[139.35664982691787,35.35964577748714],[139.35660946514687,35.35874049712976],[139.35677899084624,35.35805612650339],[139.35694379562673,35.35777091403855],[139.35695222984236,35.35775432660204],[139.35697217804986,35.35773137571113],[139.3576862694064,35.35691054805883],[139.35797296829116,35.35771136995529],[139.35800347412152,35.35778022623461],[139.35870078068018,35.35945404787554],[139.35928125788433,35.360454058690316],[139.36003127503787,35.36148504299336],[139.3607317425773,35.36245439305849],[139.3610702111158,35.36308345750225],[139.36107202983814,35.36308846461791],[139.36114522646656,35.36329044103496],[139.36130314376942,35.36376056579807],[139.3612860156462,35.36376430304971]]]]}},{"type":"Feature","properties":{"area_id":"14203047707","city":"平塚市","ward":"","town":"四之宮","chome":"7","num_households":304},"geometry":{"type":"MultiPolygon","coordinates":[[[[139.36661000788885,35.36342487947246],[139.36661004805566,35.3634253725795],[139.366781317045,35.365423542039956],[139.3667946131832,35.36543591612642],[139.36678248513016,35.36543727929623],[139.3668524376238,35.36626211398631],[139.3669084955465,35.36684823608017],[139.3669813473082,35.36739118187781],[139.36702075018476,35.36761935630758],[139.36721624200013,35.36845480204282],[139.36728883251754,35.3688480980599],[139.36728991779287,35.36885387726869],[139.36696293155492,35.368931310095896],[139.36602205469018,35.36916756031708],[139.3656405445429,35.36926330726202],[139.36541124274146,35.36932089441074],[139.36526031727269,35.36936786163897],[139.36513900974833,35.36942191111799],[139.3649192805847,35.3694741112334],[139.36464391065718,35.36955983377708],[139.36447438228063,35.369612645261874],[139.36366969749085,35.36975348199196],[139.3636440335471,35.369724088938334],[139.3635652983346,35.36951230965919],[139.36347098281445,35.369251527515225],[139.36328062026965,35.368725026456325],[139.36310948795287,35.368248315245715],[139.3629793064557,35.367946196863166],[139.36293046196744,35.36782910834586],[139.3626186133919,35.367081785434294],[139.36259749876265,35.36703114089553],[139.3621516366402,35.36623104826933],[139.36213715578216,35.36620775262203],[139.36170279528721,35.36550917895946],[139.36150219269388,35.36555482261835],[139.3614950040501,35.365556555203426],[139.36148836885252,35.36535758201129],[139.36148176545973,35.36516043884758],[139.36147901583098,35.36507810297587],[139.36143983796478,35.364775057962866],[139.36140506647553,35.3645059048183],[139.3613244922587,35.3638824822145],[139.3612860156462,35.36376430304971],[139.36130314376942,35.36376056579807],[139.36114522646656,35.36329044103496],[139.36107202983814,35.36308846461791],[139.3610702111158,35.36308345750225],[139.3610581512341,35.3625498053953],[139.36106927894613,35.3625803419259],[139.36108103249407,35.36264440342481],[139.3612510752415,35.362919077131465],[139.36134685231167,35.36305874402165],[139.36192523986247,35.36393576957447],[139.36250666730362,35.36386559832402],[139.3625213413213,35.36388516126154],[139.36661000788885,35.36342487947246]]]]}},{"type":"Feature","properties":{"area_id":"14203048601","city":"平塚市","ward":"","town":"西真土","chome":"1","num_households":632},"geometry":{"type":"MultiPolygon","coordinates":[[[[139.3502588771614,35.35222135244172],[139.3498740516502,35.35304569758717],[139.34987380939847,35.353057810590535],[139.3496305032925,35.353671517633764],[139.3495064757066,35.35397667133047],[139.3495009779674,35.35399066418723],[139.34938997169968,35.35432474534037],[139.34935554131567,35.354471305684534],[139.34934459355654,35.354790011563495],[139.34934540311602,35.35481318507331],[139.34944731630645,35.35557680432348],[139.34944024629905,35.35559501535926],[139.3483646862036,35.35545760137287],[139.34820436535918,35.35543709871399],[139.3473990289959,35.35533421184347],[139.34655664075595,35.355231804768884],[139.34586478154833,35.355147676001565],[139.34599917540046,35.35440367132035],[139.3461543466106,35.353504179372145],[139.34521467014474,35.35335834242148],[139.34432214549562,35.35321987207687],[139.34297635838354,35.35285440829949],[139.3429752963059,35.35285940423576],[139.34295640843845,35.35283411521176],[139.3430978002379,35.352124865215664],[139.34309930674473,35.3521171954425],[139.3432822346575,35.35126057041992],[139.34559854888616,35.35158416925279],[139.34800314547542,35.35191420760092],[139.34830511591795,35.35195535063168],[139.3485565445153,35.35198952940069],[139.3496617365391,35.35214002117211],[139.3496670399567,35.352140743889635],[139.3502588771614,35.35222135244172]]]]}},{"type":"Feature","properties":{"area_id":"14203048602","city":"平塚市","ward":"","town":"西真土","chome":"2","num_households":0},"geometry":{"type":"MultiPolygon","coordinates":[[[[139.3429752963059,35.35285940423576],[139.34297635838354,35.35285440829949],[139.34432214549562,35.35321987207687],[139.34521467014474,35.35335834242148],[139.3461543466106,35.353504179372145],[139.34599917540046,35.35440367132035],[139.34586478154833,35.355147676001565],[139.3456666632786,35.35618481743611],[139.34554840303818,35.356816555789166],[139.34542650232206,35.3574676468062],[139.34528645948197,35.35819817410937],[139.34518858821053,35.358696395395185],[139.34523169904824,35.358725233026114],[139.34532488871764,35.36017490858937],[139.3446227112897,35.36020601371609],[139.34377788197133,35.36055908716495],[139.3436487546706,35.36029425439552],[139.34327778094277,35.35961757605947],[139.34324120241095,35.35959601813739],[139.34300619470127,35.35928413386949],[139.34203042736587,35.35808623965494],[139.34192853144287,35.35798384868386],[139.34190584480555,35.357961009425345],[139.34198741454037,35.35757590071704],[139.34216665307363,35.356628908417306],[139.34234253019463,35.35579021770593],[139.3425654554137,35.354730931454334],[139.34270587015027,35.354063722649165],[139.34280923183138,35.353540383639796],[139.3429752963059,35.35285940423576]]]]}},{"type":"Feature","properties":{"area_id":"14203048603","city":"平塚市","ward":"","town":"西真土","chome":"3","num_households":801},"geometry":{"type":"MultiPolygon","coordinates":[[[[139.34948151582947,35.35579779817952],[139.34949619013437,35.356049770825614],[139.34962387697942,35.35649572880143],[139.34981154286885,35.356938051961485],[139.34991529867082,35.35717862118848],[139.35028147565376,35.3575463720379],[139.35034499898228,35.357605150098394],[139.35049222345236,35.357741308287956],[139.35059135499458,35.357862627273896],[139.350733586673,35.35803672561841],[139.3509434998194,35.358293632468055],[139.35127625962906,35.358835553602674],[139.3512926508546,35.3588402659994],[139.35130777077188,35.35905428268747],[139.35129399202864,35.35911718836769],[139.35126912783213,35.3592304762171],[139.35123225145819,35.3593985771868],[139.35113546828669,35.35990159820002],[139.35113170102872,35.35992109182146],[139.35025316127917,35.35995533259792],[139.3502443480923,35.359955648958575],[139.35021008415276,35.359956990973735],[139.34971518505583,35.35997923865029],[139.34969970730404,35.35997995141527],[139.34780296312675,35.36006509916811],[139.34658770730198,35.36011894620686],[139.34532488871764,35.36017490858937],[139.34523169904824,35.358725233026114],[139.34518858821053,35.358696395395185],[139.34528645948197,35.35819817410937],[139.34542650232206,35.3574676468062],[139.34554840303818,35.356816555789166],[139.3456666632786,35.35618481743611],[139.34586478154833,35.355147676001565],[139.34655664075595,35.355231804768884],[139.3473990289959,35.35533421184347],[139.34820436535918,35.35543709871399],[139.3483646862036,35.35545760137287],[139.34944024629905,35.35559501535926],[139.34944731630645,35.35557680432348],[139.34948151582947,35.35579779817952]]]]}},{"type":"Feature","properties":{"area_id":"14203048604","city":"平塚市","ward":"","town":"西真土","chome":"4","num_households":131},"geometry":{"type":"MultiPolygon","coordinates":[[[[139.35113170102872,35.35992109182146],[139.3509888757001,35.36029349991376],[139.3509889008099,35.36036251727771],[139.35097917977845,35.36048079473641],[139.35092447268983,35.36114497843914],[139.3510870720014,35.36197072848167],[139.3510594111145,35.362411470295434],[139.35102804225193,35.36242423258904],[139.35097584978513,35.362782622001895],[139.3508145076486,35.36325191378946],[139.3507319143809,35.3634517979878],[139.35072370224594,35.36346669551205],[139.3503746237432,35.36409889947978],[139.35031528207148,35.364146268266424],[139.34984833089018,35.36426334342175],[139.3498471255766,35.364263409015464],[139.34917281187973,35.36431528323162],[139.34875665453342,35.3643473453314],[139.3481369559209,35.36439499616339],[139.34810181692362,35.36439837600393],[139.3470653677165,35.364497655054016],[139.34703573394575,35.3645004928218],[139.34692472416526,35.36451124365142],[139.34649276208978,35.364619925634756],[139.34588717428582,35.36476614501016],[139.34522166023064,35.36492683825661],[139.34481320882435,35.364963567813724],[139.34478698138415,35.364964869079245],[139.34473761816358,35.36496734545594],[139.34452467465601,35.363613727866635],[139.34439272001438,35.36277501847346],[139.34403644485113,35.36149088485331],[139.34377813506427,35.3605600031783],[139.34377788197133,35.36055908716495],[139.3446227112897,35.36020601371609],[139.34532488871764,35.36017490858937],[139.34658770730198,35.36011894620686],[139.34780296312675,35.36006509916811],[139.34969970730404,35.35997995141527],[139.34971518505583,35.35997923865029],[139.35021008415276,35.359956990973735],[139.3502443480923,35.359955648958575],[139.35025316127917,35.35995533259792],[139.35113170102872,35.35992109182146]]]]}},{"type":"Feature","properties":{"area_id":"14203049001","city":"平塚市","ward":"","town":"東真土","chome":"1","num_households":625},"geometry":{"type":"MultiPolygon","coordinates":[[[[139.354524510212,35.35536171587427],[139.35445037482447,35.355936948279286],[139.35443043179947,35.35601074688629],[139.35426720322366,35.356614500330515],[139.35401338497297,35.35653708124553],[139.35318899414372,35.35629316468767],[139.35289135020142,35.35620510272061],[139.35275443143345,35.356164593328565],[139.35258025083073,35.35611305972834],[139.3520780009212,35.35596443368094],[139.35146388114887,35.35587395523631],[139.35118831335024,35.355833358711266],[139.351048199283,35.35581271749915],[139.35007774447206,35.35566971070866],[139.34992903667535,35.35564779591529],[139.34944731630645,35.35557680432348],[139.34934540311602,35.35481318507331],[139.34934459355654,35.354790011563495],[139.34935554131567,35.35447130568456],[139.34938997169968,35.35432474534037],[139.3495009779674,35.35399066418723],[139.3495064757066,35.35397667133047],[139.3496305032925,35.353671517633764],[139.34987380939847,35.353057810590535],[139.3498740516502,35.35304569758717],[139.3502588771614,35.35222135244172],[139.3502655082544,35.35222644958495],[139.351484301933,35.35239420629352],[139.35167620972996,35.352420628766],[139.35190780271358,35.352452514479666],[139.35239318307003,35.352519377980265],[139.3533347474166,35.35264896936867],[139.35324751877022,35.35307202113773],[139.35315954268066,35.353498594705826],[139.35484607444627,35.35372937533035],[139.3546944267658,35.35458248519172],[139.3545557943759,35.3553624031354],[139.354524510212,35.35536171587427]]]]}},{"type":"Feature","properties":{"area_id":"14203049002","city":"平塚市","ward":"","town":"東真土","chome":"2","num_households":739},"geometry":{"type":"MultiPolygon","coordinates":[[[[139.35644351390783,35.359668063660486],[139.3561728296861,35.3596949553854],[139.35493066575833,35.35981850376389],[139.35442485480206,35.35985509406797],[139.35340937292852,35.3598383200606],[139.35383631579617,35.35818696483894],[139.3539057758532,35.357928422509374],[139.35399447889773,35.357598192933246],[139.35408458651665,35.3572626857294],[139.35426720322366,35.356614500330515],[139.35443043179947,35.35601074688629],[139.35445037482447,35.355936948279286],[139.354524510212,35.35536171587427],[139.35455579437595,35.3553624031354],[139.35469442676583,35.35458248519171],[139.35484607444627,35.35372937533035],[139.3552234625078,35.353782070386245],[139.3553443889538,35.353798954922205],[139.35558610187803,35.353832689520914],[139.35665876032783,35.35398239066781],[139.3564540796489,35.353228724825875],[139.357515265294,35.35321783204711],[139.3588643793476,35.353121648289985],[139.3588626678039,35.35313509278458],[139.35873718554086,35.353356442182644],[139.35871141920768,35.35366614796718],[139.35865389195337,35.35425961836985],[139.35860761189713,35.35442254540686],[139.35854110723258,35.35465673521482],[139.3585178750692,35.354720519878235],[139.358407478348,35.3548288405798],[139.35840320397395,35.3548330345384],[139.35839978924105,35.354836401608345],[139.35836527154564,35.354919298513494],[139.3583541733249,35.35498820315283],[139.3583332216229,35.35511848111312],[139.3584644487973,35.35603390818923],[139.35799205584004,35.35615382048948],[139.35747072410308,35.3562932561209],[139.35754884807167,35.35651111124997],[139.35769042305557,35.35690577593929],[139.3576862694064,35.35691054805883],[139.35697217804986,35.35773137571113],[139.35695222984236,35.35775432660204],[139.35694379562673,35.35777091403855],[139.35677899084624,35.35805612650339],[139.35660946514687,35.35874049712976],[139.35664982691787,35.35964577748714],[139.35664639057416,35.3596676665857],[139.35644694387875,35.35969188135467],[139.35644351390783,35.359668063660486]]]]}},{"type":"Feature","properties":{"area_id":"14203049003","city":"平塚市","ward":"","town":"東真土","chome":"3","num_households":508},"geometry":{"type":"MultiPolygon","coordinates":[[[[139.34992903667535,35.35564779591529],[139.35007774447206,35.35566971070866],[139.351048199283,35.35581271749915],[139.35118831335024,35.355833358711266],[139.35146388114887,35.35587395523631],[139.3520780009212,35.35596443368094],[139.35258025083073,35.35611305972834],[139.35275443143345,35.356164593328565],[139.35289135020142,35.35620510272061],[139.35318899414372,35.35629316468767],[139.35401338497297,35.35653708124553],[139.35426720322366,35.356614500330515],[139.35408458651665,35.3572626857294],[139.35399447889773,35.35759819293326],[139.3539057758532,35.357928422509374],[139.35383631579617,35.35818696483894],[139.35340937292852,35.3598383200606],[139.35311262775195,35.359852705254745],[139.35278836131116,35.35986902377975],[139.35248808191216,35.35992163491336],[139.35225919101006,35.359975093927005],[139.35220243252977,35.3599714165864],[139.35144013691345,35.359921546554325],[139.35113546828669,35.35990159820002],[139.35123225145819,35.3593985771868],[139.35126912783213,35.3592304762171],[139.35129399202864,35.35911718836769],[139.35130777077188,35.35905428268747],[139.3512926508546,35.3588402659994],[139.35127625962906,35.358835553602674],[139.3509434998194,35.358293632468055],[139.350733586673,35.35803672561841],[139.35059135499458,35.35786262727386],[139.35049222345236,35.357741308287956],[139.35034499898228,35.357605150098394],[139.35028147565376,35.3575463720379],[139.34991529867082,35.35717862118848],[139.34981154286885,35.356938051961485],[139.34962387697942,35.35649572880143],[139.34949619013437,35.356049770825614],[139.34948151582947,35.35579779817952],[139.34944731630645,35.35557680432352],[139.34992903667535,35.35564779591529]]]]}},{"type":"Feature","properties":{"area_id":"14203049004","city":"平塚市","ward":"","town":"東真土","chome":"4","num_households":528},"geometry":{"type":"MultiPolygon","coordinates":[[[[139.35507228123765,35.36344273324031],[139.3548508750162,35.36344157363851],[139.35483329410465,35.36344150395426],[139.35422343682012,35.36344042318588],[139.35386584060848,35.36345653961764],[139.35364683013913,35.363493980290265],[139.35285779418902,35.36369373386102],[139.35282979130392,35.3636970027383],[139.35277026571734,35.36371035758258],[139.35199100927275,35.363795704838225],[139.3514528126459,35.363851445567015],[139.3514169913998,35.363853978089956],[139.35111909785647,35.36387736609832],[139.35036780259088,35.36411126672105],[139.3503746237432,35.36409889947978],[139.35072370224594,35.36346669551205],[139.3507319143809,35.3634517979878],[139.3508145076486,35.36325191378946],[139.35097584978513,35.362782622001895],[139.35102804225193,35.36242423258904],[139.3510594111145,35.362411470295434],[139.3510870720014,35.36197072848167],[139.35092447268983,35.36114497843914],[139.35097917977845,35.36048079473641],[139.3509889008099,35.36036251727771],[139.3509888757001,35.36029349991376],[139.35113170102872,35.35992109182146],[139.35113546828669,35.35990159820002],[139.35144013691345,35.359921546554325],[139.35220243252977,35.35997141658637],[139.35225919101006,35.359975093927005],[139.35248808191216,35.359921634913356],[139.35278836131118,35.35986902377975],[139.35311262775195,35.359852705254745],[139.35340937292852,35.3598383200606],[139.35442485480206,35.35985509406797],[139.35493066575833,35.35981850376389],[139.35617282968607,35.3596949553854],[139.35644351390783,35.359668063660486],[139.35644694387875,35.35969188135467],[139.3564853948312,35.3599547949227],[139.35659727358563,35.360719926754435],[139.35659630814888,35.36072323335937],[139.35666818784162,35.36125551833098],[139.35674303093074,35.36180985409867],[139.35685994891244,35.362660411277666],[139.35690522147095,35.36283636995223],[139.35690833120725,35.36284849527078],[139.35694358825867,35.36326871834005],[139.35700091752727,35.36368550621688],[139.35697836473926,35.36368295289757],[139.3568447708924,35.36366784767326],[139.3565442093225,35.363610814050006],[139.35600200690996,35.363491906700276],[139.35598631642628,35.36347733775127],[139.35507228123765,35.36344273324031]]]]}},{"type":"Feature","properties":{"area_id":"142030501","city":"平塚市","ward":"","town":"豊田平等寺","chome":"","num_households":112},"geometry":{"type":"MultiPolygon","coordinates":[[[[139.32417014718456,35.35518958668241],[139.32416016272447,35.35518944303152],[139.32399619880306,35.35519326250697],[139.32386604979985,35.35519566661286],[139.32372049286752,35.35519835418086],[139.32371779693008,35.355198404487126],[139.32371339499986,35.355198386012695],[139.3237024262979,35.35519293110536],[139.32356147719855,35.35521126968241],[139.32325871675602,35.355255065549365],[139.32324168441022,35.35516561701944],[139.3232249573177,35.35507772734725],[139.32306302118286,35.35427154135559],[139.3230599884748,35.354268641247025],[139.32217188405576,35.354376035801316],[139.32201591039677,35.353944387481015],[139.32200633774863,35.35377800686246],[139.3220476827292,35.35364775704339],[139.32213335511423,35.35348719918003],[139.32223148055414,35.35336979443298],[139.32281735980897,35.35284802272864],[139.3230319705793,35.35284476880763],[139.32315549858566,35.35248535202266],[139.32317744668032,35.35238431629338],[139.32338754968333,35.35240621133366],[139.3236392877055,35.35243963363547],[139.3236404543735,35.352455097636806],[139.32364460702667,35.352510221069124],[139.3236461539303,35.35253072031133],[139.32379601192594,35.353152134970415],[139.32427982983936,35.353026201596094],[139.32439815539905,35.35301831718362],[139.32440023925483,35.35315994721306],[139.3243494918608,35.353213398242154],[139.3243994469773,35.35353537397856],[139.32496696487053,35.35346866303658],[139.32499314450587,35.353633282819594],[139.32509763876354,35.353631185197926],[139.32513699711328,35.353798606101016],[139.32539339234972,35.35378728357528],[139.32542766074852,35.354075320018055],[139.32460305413636,35.35409116655334],[139.32460701676163,35.354282665615244],[139.32449813875587,35.35428460402042],[139.32449927169483,35.354296016878145],[139.32444692359718,35.35430974206629],[139.32445836016024,35.35455725878001],[139.32441302764286,35.354569463443184],[139.3240826971411,35.35459568505452],[139.32412751937218,35.3547893980896],[139.32416778281114,35.35516964353552],[139.32417014718456,35.35518958668241]]],[[[139.33030175514344,35.358138605147545],[139.33027668753908,35.35824491214739],[139.33019940115278,35.35829473379117],[139.32976142532348,35.358377847691585],[139.32966388614565,35.35783665287614],[139.33029247418887,35.35783813483642],[139.33030175514344,35.358138605147545]]]]}},{"type":"Feature","properties":{"area_id":"142030502","city":"平塚市","ward":"","town":"南豊田","chome":"","num_households":764},"geometry":{"type":"MultiPolygon","coordinates":[[[[139.33666894615718,35.360962320335624],[139.33611278855267,35.36095502997604],[139.33567679373635,35.3610707734923],[139.33525078862232,35.36114113174382],[139.3345533402922,35.36076172770713],[139.33452926317864,35.3607486303886],[139.3342938290683,35.36068110587006],[139.33418155650392,35.36067430555466],[139.33404535858472,35.36070719557692],[139.33368250962323,35.359595449565795],[139.3334461576694,35.35896952294964],[139.3333390850344,35.35875287722502],[139.33324324058378,35.358646774579476],[139.3324386848802,35.35866549520859],[139.3324311829085,35.35866511649174],[139.332262193253,35.35866303335732],[139.33206546341705,35.35871614958764],[139.332065313721,35.35871548213376],[139.33206160077142,35.35871719219002],[139.3320016660124,35.358442907146205],[139.3319601759587,35.358390452331655],[139.33192817448503,35.358226258286635],[139.33164579705038,35.35826553675301],[139.33149627469513,35.35827318911058],[139.3314905826786,35.358255654002605],[139.33148902256266,35.35825085096109],[139.33145419440638,35.357777593434456],[139.33031308415164,35.357837061061524],[139.3303364969314,35.357790583850125],[139.33034373072863,35.35768785006645],[139.33039544013354,35.35697412792772],[139.33039570475384,35.35696420245622],[139.33037211197959,35.3569651549775],[139.3298813663639,35.3569849793852],[139.32914298606227,35.35703841079226],[139.32912262813977,35.356938675617045],[139.32864342982484,35.3569538668918],[139.3286654318185,35.357357912599724],[139.3282316676057,35.35737906618949],[139.32812089502838,35.35663076872632],[139.32759967878894,35.35666465487251],[139.32737565015964,35.356944361445365],[139.32724170005795,35.35703817230399],[139.32709175482236,35.35711205440928],[139.32676217383192,35.35716849748168],[139.3267626967809,35.35716723203118],[139.32634077678514,35.35723307667241],[139.32630083395975,35.356951705948724],[139.32626182321627,35.35685914656809],[139.32562805398197,35.35693875155895],[139.32521122147156,35.356905668549736],[139.3251363266686,35.35613618502355],[139.3246190236174,35.35616965245806],[139.32463579938712,35.356270921273996],[139.32456606699338,35.356315278238284],[139.32462914645882,35.35643498147603],[139.32431361831703,35.35654689991744],[139.32434497445507,35.35682569783792],[139.32464055503996,35.35687341766119],[139.32472773675548,35.357132731050065],[139.32445034217068,35.357242555740164],[139.32444156499227,35.35726491369018],[139.3245373097279,35.357347232486035],[139.32462491618972,35.35741430501039],[139.32465549196718,35.35743612431872],[139.32462376109896,35.357457723605236],[139.32442969659613,35.357644729858414],[139.32424160317663,35.35781154909851],[139.32402912256595,35.357850094305775],[139.32372650021114,35.357979882147056],[139.32363698384657,35.35804647832572],[139.32342105464267,35.35788711736056],[139.3234671876631,35.35756836254852],[139.32346102993506,35.3574806592023],[139.32345711330308,35.35681422411762],[139.32346634499805,35.35666433035768],[139.32338132950036,35.35592839845297],[139.32423180670278,35.35581985370224],[139.32420063575412,35.355518380144474],[139.32418378797828,35.35530464317434],[139.32418237801286,35.35529275269772],[139.32417014718456,35.35518958668241],[139.32416778281114,35.35516964353552],[139.32412751937218,35.3547893980896],[139.3240826971411,35.35459568505452],[139.32441302764286,35.354569463443184],[139.32445836016024,35.35455725878001],[139.32444692359718,35.35430974206629],[139.32449927169483,35.354296016878145],[139.32449813875587,35.35428460402042],[139.32460701676163,35.354282665615244],[139.32460305413636,35.35409116655334],[139.32542766074852,35.354075320018055],[139.32539339234972,35.35378728357528],[139.32513699711328,35.353798606101016],[139.32509763876354,35.353631185197926],[139.32499314450587,35.353633282819594],[139.32496696487053,35.35346866303658],[139.3243994469773,35.35353537397856],[139.3243494918608,35.353213398242154],[139.32440023925483,35.35315994721306],[139.32439815539905,35.35301831718362],[139.32427982983936,35.353026201596094],[139.32379601192594,35.353152134970415],[139.3236461539303,35.35253072031133],[139.32364460702667,35.352510221069124],[139.3236404543735,35.352455097636806],[139.3236392877055,35.35243963363547],[139.32338754968333,35.35240621133366],[139.32317744668032,35.35238431629338],[139.32346332782427,35.35179360348755],[139.3234772728644,35.35177669092112],[139.32481741957437,35.35167722677498],[139.32486662774326,35.35181553441217],[139.32487948712728,35.35180706631129],[139.32659085490556,35.351821602438534],[139.32700937087844,35.351821865648624],[139.32743007800372,35.35182213707249],[139.32783505460137,35.35182241264184],[139.32899978898007,35.35182316232187],[139.32928070121247,35.35148023108869],[139.32976206282282,35.35188949123471],[139.32997653511805,35.35206897645107],[139.3299822631696,35.35207378849917],[139.33051449219747,35.35251530102807],[139.33111113632563,35.35304334984667],[139.33164521235148,35.35336091877162],[139.33173745119257,35.35342989271535],[139.3323562900714,35.35382379642506],[139.33395393179399,35.35474646262301],[139.3340600415966,35.354796689399755],[139.3342913753095,35.354934195030026],[139.3349812333684,35.356126098202886],[139.3362866737991,35.3584293101743],[139.33684656802637,35.35941714420366],[139.33689834381542,35.35962539349268],[139.33692405271339,35.36003495207587],[139.33666894615718,35.360962320335624]]]]}},{"type":"Feature","properties":{"area_id":"142030503","city":"平塚市","ward":"","town":"東豊田","chome":"","num_households":5},"geometry":{"type":"MultiPolygon","coordinates":[[[[139.33682275217637,35.367499182978044],[139.33651293049013,35.36762185477231],[139.33606017867143,35.367800769476695],[139.33578548536684,35.367851470447235],[139.33461345824801,35.36809671311975],[139.3333440941251,35.36810654587485],[139.3342176840808,35.365668494171764],[139.33606631876935,35.36227459145591],[139.33622325532886,35.36202762873682],[139.33666894615718,35.360962320335624],[139.33692405271339,35.36003495207587],[139.33689834381542,35.35962539349268],[139.33684656802637,35.35941714420366],[139.3362866737991,35.3584293101743],[139.3349812333684,35.356126098202886],[139.3342913753095,35.354934195030026],[139.33462869290307,35.35506566151345],[139.33505999474286,35.35526970065422],[139.33513393907953,35.355287681512245],[139.3367883822782,35.35576450554275],[139.33809497264053,35.356133682681886],[139.33873954814518,35.3563182312771],[139.34035407657518,35.35677928277763],[139.3410101068275,35.357090632787774],[139.3413933384532,35.357445801126424],[139.34190584480555,35.357961009425345],[139.34192853144287,35.35798384868386],[139.34203042736587,35.35808623965494],[139.34300619470127,35.35928413386949],[139.34324120241095,35.35959601813739],[139.34327778094277,35.35961757605947],[139.3436487546706,35.36029425439552],[139.34377788197133,35.36055908716495],[139.34377813506427,35.3605600031783],[139.34345919341158,35.360719421294945],[139.34325088433377,35.360800692365984],[139.3431509417378,35.36082352710692],[139.3424314527247,35.360908776411264],[139.34237685944322,35.36184711060803],[139.34206280250964,35.36187167799062],[139.34126779574626,35.36188984805573],[139.34124103284248,35.36256291470423],[139.3398461174875,35.362413837684564],[139.34019182756663,35.3645235829484],[139.34032994615535,35.365366350255876],[139.340348308327,35.36547838938046],[139.3400385921867,35.36551884073542],[139.3398239539249,35.36552787986493],[139.33971833075526,35.365524743559625],[139.33972934257605,35.36558233429377],[139.339812651982,35.36601804190971],[139.33986407103197,35.366156010908426],[139.33989463441955,35.366212344533416],[139.3401635319134,35.36669299691803],[139.34018848330945,35.36673114493103],[139.34016913613857,35.36673703432736],[139.33969912253306,35.36689363815226],[139.33772611823133,35.36727943876816],[139.33753951693143,35.367264799261825],[139.3374314157013,35.36728442685533],[139.33739257418395,35.36725321071145],[139.33682275217637,35.367499182978044]]]]}},{"type":"Feature","properties":{"area_id":"142030504","city":"平塚市","ward":"","town":"豊田打間木","chome":"","num_households":135},"geometry":{"type":"MultiPolygon","coordinates":[[[[139.34480232476838,35.36509394608415],[139.34411475397403,35.36537644716013],[139.3436832425495,35.36559491146776],[139.3435935014774,35.365614124696535],[139.34337334038207,35.36571231709797],[139.3429526609117,35.365866033723684],[139.34279423347428,35.36593454594307],[139.342731029797,35.365958162693595],[139.34253968675873,35.365981822782544],[139.3424044885598,35.36601190690388],[139.3423593776958,35.36602193491349],[139.34225848531727,35.36604434244224],[139.34145643322347,35.366276010930456],[139.34101353830926,35.36639167211819],[139.34092395719662,35.36639130701284],[139.34090837632422,35.366558076091174],[139.3404419127383,35.366653992834514],[139.34018848330945,35.36673114493103],[139.3401635319134,35.366692996918005],[139.33989463441955,35.36621234453337],[139.33986407103197,35.366156010908426],[139.339812651982,35.3660180419097],[139.33972934257605,35.36558233429377],[139.33971833075526,35.36552474355958],[139.33982395392496,35.36552787986493],[139.3400385921867,35.36551884073542],[139.340348308327,35.36547838938046],[139.34032994615535,35.365366350255876],[139.34019182756663,35.3645235829484],[139.3398461174875,35.362413837684564],[139.34124103284248,35.36256291470423],[139.34126779574626,35.36188984805573],[139.34206280250964,35.36187167799062],[139.34237685944322,35.361847110608025],[139.3424314527247,35.360908776411264],[139.3431509417378,35.36082352710692],[139.34325088433377,35.360800692365984],[139.34345919341158,35.360719421294945],[139.34377813506427,35.3605600031783],[139.34403644485113,35.36149088485331],[139.34439272001438,35.36277501847346],[139.34452467465601,35.363613727866635],[139.34473761816358,35.36496734545594],[139.34478698138415,35.364964869079245],[139.34480232476838,35.36509394608415]]]]}},{"type":"Feature","properties":{"area_id":"142030505","city":"平塚市","ward":"","town":"豊田小嶺","chome":"","num_households":272},"geometry":{"type":"MultiPolygon","coordinates":[[[[139.33097813207908,35.36003484580409],[139.33098777788538,35.35972445392623],[139.33110236675302,35.3593613967357],[139.33108956656073,35.35905246162159],[139.33127853473562,35.35903521570572],[139.33133676071924,35.35947786430819],[139.3312784023492,35.35951811786947],[139.33122716723688,35.35974178459272],[139.33132582266992,35.35988670536457],[139.3313209971748,35.359930630383914],[139.33124565875895,35.36001299680899],[139.33130056798188,35.36017048267188],[139.33148925136658,35.360199785835235],[139.33152913601938,35.36032615214033],[139.33162210452002,35.360326537191604],[139.33161099787444,35.360245503302565],[139.33173116407124,35.360079375927775],[139.3317317048342,35.35999134722714],[139.33158039400976,35.360021636641875],[139.3314795347756,35.359885511047786],[139.3316342960651,35.359762416202656],[139.3316654076558,35.35975662822701],[139.3317607586758,35.35985174478357],[139.33183472246554,35.35988810840017],[139.33186220507656,35.360032310670114],[139.3318185941514,35.36003691959914],[139.33182986230878,35.36009168683165],[139.33201018543275,35.36006862895994],[139.33206063822254,35.36036405844122],[139.3320740230868,35.36081624043435],[139.33190923359058,35.36072449965796],[139.33138102810298,35.360534277928416],[139.33119027918661,35.36043545621781],[139.3311056554728,35.36021742222593],[139.33108870948814,35.36003741696085],[139.3310320730774,35.36003610049896],[139.33097813207908,35.36003484580409]]],[[[139.32829859180418,35.35814281481972],[139.32822442541985,35.358160674839176],[139.32815461675955,35.35796030863268],[139.32828664772742,35.35794057633297],[139.32829859180418,35.35814281481972]]],[[[139.32861697624932,35.359759181285625],[139.32911425162627,35.35974963199706],[139.3292420636783,35.35975220551151],[139.32950311065392,35.35978427792766],[139.3297553060024,35.35979504538138],[139.3298420233819,35.35979139153148],[139.32984207696782,35.35981765954214],[139.32983784500686,35.36032244474206],[139.32980718848387,35.360421757253825],[139.32980965260415,35.36055177054873],[139.32959116471216,35.36044170478861],[139.32932837870132,35.36040539898107],[139.32917917899778,35.3603927361255],[139.32917875202097,35.36004427384284],[139.32916991484572,35.35995732345017],[139.32859891333155,35.35995671672242],[139.32858267400397,35.35995749801738],[139.3285767437201,35.3599123280183],[139.3285532807762,35.35978624170866],[139.32861697624932,35.359759181285625]]],[[[139.33622325532886,35.36202762873682],[139.3356740645784,35.361814799118335],[139.33504371559508,35.362031568423426],[139.33477270785514,35.362044885593185],[139.33455497639173,35.36203405685434],[139.3342160749296,35.361980895736174],[139.33409450328108,35.36197248891638],[139.33381864823596,35.36195341129477],[139.33297784989088,35.361982123742806],[139.33277333066007,35.361891839258845],[139.33266748285098,35.361608650680324],[139.33272897366555,35.36152066319748],[139.33274578414938,35.3614638998278],[139.3324079802163,35.361176507016445],[139.3323075093957,35.36109098738942],[139.33231887930995,35.36108092406492],[139.33240957011787,35.36100557822368],[139.3324158416037,35.360999167993825],[139.33242743686628,35.36073756017767],[139.33242756191905,35.360728889086516],[139.33240806175155,35.36072399094378],[139.33239637732126,35.360723205360905],[139.33236650399044,35.36072119574472],[139.33236446435362,35.36072130174922],[139.33236331737436,35.3607079272917],[139.3323408167196,35.36048691154491],[139.33234379603684,35.36028559028122],[139.33234796915804,35.360285074950525],[139.33246140287426,35.3602693182022],[139.33249884585462,35.36026406403841],[139.3325902551917,35.3602509203149],[139.33269941382812,35.360235534095786],[139.33269883029143,35.36023146739861],[139.3326824063957,35.36011698716239],[139.33267731467714,35.36008187912744],[139.33265284535355,35.35991313959547],[139.33260726344352,35.359810187597915],[139.33258446532938,35.35975961251236],[139.3325670934299,35.35972168020609],[139.33255522839391,35.35969495500548],[139.33252259318417,35.35962143688134],[139.33247266472324,35.359509451985716],[139.33246579513806,35.35949475761876],[139.33221770398438,35.35955038552566],[139.33206558140938,35.359530812690025],[139.331970121308,35.35946724677715],[139.33206687623257,35.35960597451416],[139.33199213938548,35.359636371116466],[139.3318917166233,35.35968373168744],[139.3317216349282,35.35972819976545],[139.33165345391322,35.359744718221776],[139.33162324314026,35.35971462136677],[139.33160351860337,35.35968573598428],[139.33154596254928,35.35948352009211],[139.3315083724128,35.359452447993625],[139.33140011156158,35.35902409855344],[139.331775121817,35.35898987554361],[139.33181497784426,35.359065113802274],[139.3318157737654,35.35906717701989],[139.33181738227006,35.35906684090426],[139.33219860619985,35.35898368273186],[139.33220963134775,35.35898012233821],[139.33237160812212,35.35894293131923],[139.3324950196002,35.35891459511965],[139.33246277353967,35.35879006352343],[139.3324489996143,35.358735923072395],[139.33243591295846,35.358684484164336],[139.3324311829085,35.35866511649174],[139.3324386848802,35.35866549520859],[139.33324324058378,35.358646774579476],[139.3333390850344,35.35875287722502],[139.3334461576694,35.35896952294964],[139.33368250962323,35.359595449565795],[139.33404535858472,35.36070719557692],[139.33418155650392,35.360674305554696],[139.3342938290683,35.36068110587006],[139.33452926317864,35.3607486303886],[139.3345533402922,35.36076172770713],[139.33525078862232,35.36114113174382],[139.33567679373635,35.3610707734923],[139.33611278855267,35.36095502997604],[139.33666894615718,35.360962320335624],[139.33622325532886,35.36202762873682]]]]}},{"type":"Feature","properties":{"area_id":"142030506","city":"平塚市","ward":"","town":"豊田宮下","chome":"","num_households":262},"geometry":{"type":"MultiPolygon","coordinates":[[[[139.32417014718456,35.35518958668241],[139.32418237801286,35.35529275269772],[139.32418378797828,35.35530464317434],[139.32420063575412,35.355518380144474],[139.32348678226012,35.35549827098763],[139.3233043130236,35.355494546251144],[139.32325871675602,35.355255065549365],[139.32356147719855,35.35521126968241],[139.3237024262979,35.35519293110536],[139.32371339499986,35.355198386012695],[139.32371779693008,35.355198404487126],[139.32372049286752,35.35519835418086],[139.32386604979985,35.35519566661286],[139.32399619880306,35.35519326250697],[139.32416016272447,35.35518944303152],[139.32417014718456,35.35518958668241]]],[[[139.33239637732126,35.360723205360905],[139.33240806175155,35.3607239909438],[139.33242756191905,35.360728889086516],[139.33242743686628,35.36073756017767],[139.3324158416037,35.360999167993825],[139.33240957011787,35.36100557822368],[139.33231887930995,35.36108092406492],[139.3323075093957,35.36109098738942],[139.33214941390622,35.360956416068966],[139.3320964020559,35.36085784956385],[139.3320740230868,35.36081624043435],[139.33206063822254,35.36036405844122],[139.33201018543275,35.36006862895994],[139.33182986230878,35.36009168683165],[139.3318185941514,35.36003691959914],[139.33186220507656,35.360032310670114],[139.33183472246554,35.35988810840017],[139.3317607586758,35.35985174478357],[139.3316654076558,35.35975662822701],[139.3316342960651,35.359762416202656],[139.3314795347756,35.359885511047786],[139.33158039400976,35.360021636641875],[139.3317317048342,35.35999134722714],[139.33173116407124,35.360079375927775],[139.33161099787444,35.360245503302565],[139.33162210452002,35.360326537191604],[139.33152913601938,35.36032615214033],[139.33148925136658,35.360199785835235],[139.33130056798188,35.36017048267188],[139.33124565875895,35.36001299680899],[139.3313209971748,35.359930630383914],[139.33132582266992,35.35988670536457],[139.33122716723688,35.35974178459272],[139.3312784023492,35.35951811786947],[139.33133676071924,35.35947786430819],[139.33127853473562,35.35903521570572],[139.33108956656073,35.35905246162159],[139.33110236675302,35.3593613967357],[139.33098777788538,35.35972445392623],[139.33097813207908,35.36003484580409],[139.3308208434078,35.36001672825615],[139.3305303901697,35.3599225628268],[139.33050117791223,35.36004554433052],[139.33075637557658,35.360099633442175],[139.3307282480632,35.36024184435957],[139.330614039829,35.36052884370692],[139.33060461412694,35.360529353130715],[139.3305408536731,35.3605238963355],[139.330427551849,35.360514195433254],[139.33038905719832,35.360511331419865],[139.33016361875158,35.36048966233827],[139.3301411049056,35.36048744563023],[139.33013715450818,35.36049856675014],[139.33013509189567,35.360505996773135],[139.33006738406357,35.36074977662247],[139.32998311030985,35.360676410524434],[139.3299272538832,35.36063381090613],[139.3299119282311,35.36062112692211],[139.32980965260415,35.36055177054873],[139.32980718848387,35.360421757253825],[139.32983784500686,35.36032244474206],[139.32984207696782,35.35981765954214],[139.3298420233819,35.35979139153148],[139.3297553060024,35.35979504538138],[139.32950311065392,35.35978427792766],[139.3292420636783,35.35975220551151],[139.32911425162627,35.35974963199706],[139.32861697624932,35.359759181285625],[139.32856476213647,35.35909288056861],[139.3285679600039,35.359090312393285],[139.32862127529575,35.359009405555796],[139.32862408414667,35.358911160985144],[139.3286220414976,35.358707429152496],[139.3285925036539,35.3586771502572],[139.32833026758328,35.35871289013361],[139.3282898683176,35.358587296710915],[139.3285920545652,35.35854122995314],[139.32859097141827,35.358208822526734],[139.32829859180418,35.35814281481972],[139.32828664772742,35.35794057633297],[139.32815461675955,35.35796030863268],[139.32822442541985,35.358160674839176],[139.32761774145044,35.358307234917916],[139.32759967878894,35.35666465487251],[139.32812089502838,35.35663076872632],[139.3282316676057,35.35737906618949],[139.3286654318185,35.357357912599724],[139.32864342982484,35.3569538668918],[139.32912262813977,35.356938675617045],[139.32914298606227,35.35703841079226],[139.3298813663639,35.3569849793852],[139.33037211197959,35.3569651549775],[139.33039570475384,35.35696420245622],[139.33039544013354,35.35697412792772],[139.33034373072863,35.35768785006645],[139.3303364969314,35.357790583850125],[139.33031308415164,35.357837061061524],[139.33145419440638,35.357777593434456],[139.33148902256266,35.35825085096109],[139.3314905826786,35.358255654002605],[139.33149627469513,35.35827318911058],[139.33164579705038,35.35826553675301],[139.33192817448503,35.358226258286635],[139.3319601759587,35.358390452331655],[139.3320016660124,35.358442907146205],[139.33206160077142,35.35871719219002],[139.332065313721,35.35871548213376],[139.33206546341705,35.35871614958764],[139.332262193253,35.35866303335732],[139.3324311829085,35.35866511649174],[139.33243591295846,35.358684484164336],[139.3324489996143,35.358735923072395],[139.33246277353967,35.35879006352343],[139.3324950196002,35.35891459511965],[139.33237160812212,35.35894293131923],[139.33220963134775,35.35898012233821],[139.33219860619985,35.35898368273186],[139.33181738227006,35.35906684090426],[139.3318157737654,35.35906717701989],[139.33181497784426,35.359065113802274],[139.331775121817,35.35898987554361],[139.33140011156158,35.35902409855344],[139.3315083724128,35.359452447993625],[139.33154596254928,35.35948352009211],[139.33160351860337,35.35968573598428],[139.33162324314026,35.35971462136677],[139.33165345391322,35.359744718221776],[139.3317216349282,35.35972819976545],[139.3318917166233,35.35968373168744],[139.33199213938548,35.359636371116466],[139.33206687623257,35.35960597451416],[139.331970121308,35.35946724677715],[139.33206558140938,35.359530812690025],[139.33221770398438,35.35955038552566],[139.33246579513806,35.35949475761876],[139.33247266472324,35.359509451985716],[139.33252259318417,35.35962143688134],[139.33255522839391,35.35969495500548],[139.3325670934299,35.35972168020609],[139.33258446532938,35.35975961251236],[139.33260726344352,35.359810187597915],[139.33265284535355,35.35991313959547],[139.33267731467714,35.36008187912744],[139.3326824063957,35.36011698716239],[139.33269883029143,35.36023146739861],[139.33269941382812,35.360235534095786],[139.3325902551917,35.3602509203149],[139.33249884585462,35.36026406403841],[139.33246140287426,35.3602693182022],[139.33234796915804,35.360285074950525],[139.33234379603684,35.36028559028122],[139.3323408167196,35.36048691154491],[139.33236331737436,35.3607079272917],[139.33236446435362,35.36072130174922],[139.33236650399044,35.36072119574472],[139.33239637732126,35.360723205360905]],[[139.33030175514344,35.358138605147545],[139.33029247418887,35.35783813483642],[139.32966388614565,35.35783665287614],[139.32976142532348,35.358377847691585],[139.33019940115278,35.35829473379117],[139.33027668753908,35.35824491214739],[139.33030175514344,35.358138605147545]]]]}},{"type":"Feature","properties":{"area_id":"142030507","city":"平塚市","ward":"","town":"豊田本郷","chome":"","num_households":389},"geometry":{"type":"MultiPolygon","coordinates":[[[[139.31742646030656,35.3691538855091],[139.3168912791755,35.3692004006129],[139.31687777476142,35.36887576329207],[139.31616241549523,35.36887805490818],[139.31617662209544,35.36858332484643],[139.3168611387779,35.36859731006084],[139.31685552097835,35.368344186343144],[139.31730194883716,35.36832862930517],[139.31742646030656,35.3691538855091]]],[[[139.32327945299522,35.3587632482504],[139.3232340292031,35.35894831911098],[139.32317563377362,35.35917265480148],[139.323161212,35.35943766799232],[139.32316414760842,35.359500173043855],[139.3229899983355,35.3594543290992],[139.32281344155098,35.359407850883734],[139.3228026415166,35.35937535443539],[139.32278212116248,35.35930996885479],[139.32272702893854,35.35913443550585],[139.3227238874124,35.359124427630015],[139.3227307487212,35.35911535539078],[139.32288698527637,35.358908773383554],[139.32289924618158,35.35888358476326],[139.322906001367,35.358869676491956],[139.32296389911957,35.358750446656394],[139.32327945299522,35.3587632482504]]],[[[139.32858267400397,35.35995749801738],[139.3286061341651,35.36013618854371],[139.32833720867913,35.36019626608086],[139.3280267792973,35.360253635130896],[139.32781274031439,35.36026541965774],[139.32745678540357,35.36024062287844],[139.3270975176648,35.36018172651568],[139.32702125137024,35.360413032721105],[139.32577304127565,35.359583707730266],[139.3257713177831,35.35954982769099],[139.3255109842018,35.36018417149722],[139.32557273129382,35.360608452150245],[139.3253286382919,35.36062841555496],[139.32515463599393,35.36062986880976],[139.32511108115273,35.36061144574394],[139.3250660278936,35.360543649812264],[139.3250386339132,35.360428603152826],[139.32489616372587,35.36029476393956],[139.32463671454164,35.36039254923033],[139.32448024347354,35.36002910291441],[139.32447546701343,35.360030513336845],[139.3242660381407,35.360090181494826],[139.32404279043752,35.36015378604727],[139.3240338013878,35.360130927126],[139.32393815529866,35.35985009839481],[139.32374794030156,35.35990824265364],[139.32369165889335,35.35965645314351],[139.3235914799972,35.3591385581798],[139.3235671077815,35.358780915298524],[139.3234780342146,35.35848785945689],[139.32347106370642,35.35843381520129],[139.32360899405847,35.35806868498727],[139.32363698384657,35.35804647832572],[139.32372650021114,35.357979882147056],[139.32402912256595,35.357850094305775],[139.32424160317663,35.35781154909851],[139.32442969659613,35.357644729858414],[139.32462376109896,35.357457723605236],[139.32465549196718,35.35743612431872],[139.32462491618972,35.35741430501039],[139.3245373097279,35.357347232486035],[139.32444156499227,35.35726491369018],[139.32445034217068,35.357242555740164],[139.32472773675548,35.357132731050065],[139.32464055503996,35.35687341766119],[139.32434497445507,35.35682569783792],[139.32431361831703,35.35654689991744],[139.32462914645882,35.35643498147603],[139.32456606699338,35.356315278238284],[139.32463579938712,35.356270921273996],[139.3246190236174,35.35616965245806],[139.3251363266686,35.35613618502355],[139.32521122147156,35.356905668549736],[139.32562805398197,35.35693875155895],[139.32626182321627,35.35685914656809],[139.32630083395975,35.356951705948724],[139.32634077678514,35.35723307667241],[139.3267626967809,35.35716723203118],[139.32676217383192,35.35716849748168],[139.32709175482236,35.35711205440928],[139.32724170005795,35.35703817230399],[139.32737565015964,35.356944361445365],[139.32759967878894,35.35666465487251],[139.32761774145044,35.358307234917916],[139.32822442541985,35.358160674839176],[139.32829859180418,35.35814281481972],[139.32859097141827,35.358208822526734],[139.3285920545652,35.35854122995314],[139.3282898683176,35.358587296710915],[139.32833026758328,35.35871289013361],[139.3285925036539,35.3586771502572],[139.3286220414976,35.358707429152496],[139.32862408414667,35.358911160985144],[139.32862127529575,35.359009405555796],[139.3285679600039,35.359090312393285],[139.32856476213647,35.35909288056861],[139.32861697624932,35.359759181285625],[139.3285532807762,35.35978624170866],[139.3285767437201,35.3599123280183],[139.32858267400397,35.35995749801738]]],[[[139.32154596567744,35.36198462164926],[139.32163042507142,35.36230709718695],[139.3222809698968,35.3623771688693],[139.32160616436067,35.36299524364702],[139.32148225436347,35.3629316905997],[139.3211071839959,35.36273925666129],[139.321150971574,35.362679651834924],[139.32100479728638,35.362588891139204],[139.32153689915336,35.361950005900844],[139.32154596567744,35.36198462164926]]]]}},{"type":"Feature","properties":{"area_id":"142030508","city":"平塚市","ward":"","town":"北豊田","chome":"","num_households":156},"geometry":{"type":"MultiPolygon","coordinates":[[[[139.3285500671254,35.36758939149727],[139.328557194071,35.36773667742849],[139.3286251841283,35.36805133165366],[139.3285722903143,35.368047730803255],[139.32585691404026,35.36786433374066],[139.32580522310153,35.36832356081232],[139.32417254811335,35.3682490282029],[139.3217953972511,35.369627546949545],[139.3217882754427,35.36964575701633],[139.32134945292415,35.36992101339085],[139.32131341791234,35.369943606232056],[139.32125254127357,35.369561231504655],[139.32121695029886,35.3693964299814],[139.3211314905577,35.36850669034678],[139.31742646030656,35.3691538855091],[139.31730194883716,35.36832862930517],[139.31685552097835,35.368344186343144],[139.3168611387779,35.36859731006084],[139.31617662209544,35.36858332484643],[139.31616241549523,35.36887805490818],[139.31687777476142,35.36887576329207],[139.3168912791755,35.3692004006129],[139.31557031897006,35.36918199833119],[139.31543289200027,35.368701124742266],[139.31530393786443,35.36821303504142],[139.3152635490085,35.36802736755871],[139.31521219861008,35.367943415158464],[139.3155968384443,35.36769323188809],[139.3164105928955,35.36722798080177],[139.3169716997979,35.366907137393106],[139.3171493165622,35.36639810365847],[139.31729952894287,35.3661636029133],[139.3174109191862,35.36607287989111],[139.31750307812618,35.366025667129335],[139.31775889997218,35.365982180518586],[139.31829231884603,35.3658506505863],[139.31850627395585,35.365772828118345],[139.31901347279424,35.36576343781478],[139.3192147089018,35.365718940510064],[139.32032326248486,35.36525251700198],[139.32058175073297,35.36511276640145],[139.32068474967397,35.36504299032588],[139.32076985997446,35.36489926467471],[139.32123431068916,35.36341325365469],[139.32133942813942,35.363279753433034],[139.32160616436067,35.36299524364702],[139.3222809698968,35.3623771688693],[139.3223253302937,35.362369961632325],[139.32288290570474,35.36168406437968],[139.32326619618905,35.3611256008901],[139.32335771333936,35.36094549006086],[139.3234316735863,35.36060375393911],[139.32333855228688,35.36035258451171],[139.32333698906803,35.36034835141343],[139.32324779453893,35.36006043630338],[139.32319461960438,35.35977950449871],[139.32317152887097,35.35965736263608],[139.32316414760842,35.359500173043855],[139.323161212,35.35943766799232],[139.32317563377362,35.35917265480148],[139.3232340292031,35.35894831911098],[139.32327945299522,35.3587632482504],[139.32334010150726,35.35851615303965],[139.32345590447434,35.35792275740542],[139.3234195319314,35.35789682942265],[139.32342105464267,35.35788711736056],[139.32363698384657,35.35804647832572],[139.32360899405847,35.35806868498727],[139.32347106370642,35.35843381520129],[139.3234780342146,35.35848785945689],[139.3235671077815,35.358780915298524],[139.3235914799972,35.3591385581798],[139.32369165889335,35.35965645314351],[139.32374794030156,35.35990824265364],[139.32393815529866,35.35985009839481],[139.3240338013878,35.360130927126],[139.32404279043752,35.36015378604727],[139.3242660381407,35.360090181494826],[139.32447546701343,35.360030513336845],[139.32448024347354,35.36002910291441],[139.32463671454164,35.36039254923033],[139.32489616372587,35.36029476393956],[139.3250386339132,35.360428603152826],[139.3250660278936,35.360543649812264],[139.32511108115273,35.36061144574394],[139.32515463599393,35.36062986880976],[139.3253286382919,35.36062841555496],[139.32557273129382,35.360608452150245],[139.3255109842018,35.36018417149722],[139.3257713177831,35.35954982769099],[139.32577304127565,35.359583707730266],[139.32702125137024,35.360413032721105],[139.3270975176648,35.36018172651568],[139.32745678540357,35.36024062287844],[139.32781274031439,35.36026541965774],[139.3280267792973,35.360253635130896],[139.32833720867913,35.36019626608086],[139.3286061341651,35.36013618854371],[139.32858267400397,35.35995749801738],[139.32859891333155,35.35995671672242],[139.32916991484572,35.35995732345017],[139.32917875202097,35.36004427384284],[139.32917917899778,35.3603927361255],[139.32932837870132,35.36040539898107],[139.32959116471216,35.36044170478861],[139.32980965260415,35.36055177054873],[139.3299119282311,35.36062112692211],[139.3299272538832,35.36063381090613],[139.32998311030985,35.360676410524434],[139.33006738406357,35.36074977662247],[139.33013509189567,35.360505996773135],[139.33013715450818,35.36049856675014],[139.3301411049056,35.36048744563023],[139.33016361875158,35.36048966233827],[139.33038905719832,35.360511331419865],[139.330427551849,35.360514195433254],[139.3305408536731,35.3605238963355],[139.33060461412694,35.360529353130715],[139.330614039829,35.36052884370692],[139.3307282480632,35.36024184435957],[139.33075637557658,35.360099633442175],[139.33050117791223,35.36004554433052],[139.3305303901697,35.3599225628268],[139.3308208434078,35.36001672825615],[139.33097813207908,35.36003484580409],[139.33103207307735,35.360036100499],[139.33108870948814,35.36003741696085],[139.3311056554728,35.36021742222593],[139.33119027918661,35.36043545621781],[139.33138102810298,35.360534277928416],[139.33190923359058,35.36072449965796],[139.3320740230868,35.36081624043435],[139.3320964020559,35.36085784956384],[139.33214941390622,35.360956416068966],[139.3323075093957,35.36109098738942],[139.3324079802163,35.361176507016445],[139.33274578414938,35.3614638998278],[139.33272897366555,35.36152066319748],[139.33266748285098,35.361608650680324],[139.33277333066007,35.361891839258845],[139.33297784989088,35.361982123742806],[139.33381864823596,35.36195341129477],[139.33409450328108,35.36197248891638],[139.3342160749296,35.361980895736174],[139.33455497639173,35.36203405685434],[139.33477270785514,35.362044885593185],[139.33504371559508,35.362031568423426],[139.3356740645784,35.361814799118335],[139.33622325532886,35.36202762873682],[139.33606631876935,35.36227459145591],[139.3342176840808,35.365668494171764],[139.3333440941251,35.36810654587485],[139.33333245247186,35.36810530114561],[139.3305666622443,35.367806941371555],[139.3285500671254,35.36758939149727]]]]}},{"type":"Feature","properties":{"area_id":"142030601","city":"平塚市","ward":"","town":"田村","chome":"","num_households":0},"geometry":{"type":"MultiPolygon","coordinates":[[[[139.3722483305729,35.37498472259526],[139.37230846035058,35.37543667141828],[139.37274757851668,35.378779074738546],[139.37292738257227,35.38039079646751],[139.3729976481665,35.381037946578545],[139.37308672836056,35.38173269907305],[139.3731035510078,35.38186387254382],[139.3731044962008,35.38187126953287],[139.37274785518568,35.381847974928284],[139.37167866617006,35.38180029561601],[139.37078781194555,35.37934295093466],[139.37064443329052,35.379249614079484],[139.37085277935526,35.37920300578833],[139.37032781379747,35.377777299321004],[139.3700972607714,35.377280782708816],[139.3698336880144,35.37651874760733],[139.36978573060546,35.376523215403594],[139.36973377623193,35.37640148470383],[139.36964094680715,35.3761379244419],[139.36968529168274,35.376126260771606],[139.3691695962697,35.37478939933602],[139.36902471231087,35.37481462796122],[139.36897103630184,35.37456804449345],[139.36877165131287,35.37410474095251],[139.3688951243729,35.3740800653387],[139.3688050718234,35.373820741993974],[139.36868052171536,35.37346193277701],[139.36860058898043,35.373273767188365],[139.36855042740518,35.373140352989964],[139.368484182454,35.37283837712362],[139.3684140835768,35.37251899328554],[139.3684073944716,35.37247924482967],[139.36836260796738,35.37221312962018],[139.36832243195263,35.371974342272125],[139.36831800681577,35.3719489306525],[139.3682736010851,35.37169390840691],[139.3682052887745,35.37129728629106],[139.36809445031167,35.3708739592096],[139.36801603010923,35.37057454304271],[139.36788051308557,35.370056908690806],[139.36732047634237,35.368846668113214],[139.36749371857644,35.36880562863288],[139.36817956080856,35.36866961091216],[139.3690162132325,35.36849830985434],[139.37074147578616,35.36816434126748],[139.3708303146997,35.3683092448685],[139.37119993757196,35.37010773307152],[139.37141957796283,35.37116605117955],[139.3714812133783,35.3714868825565],[139.3715969616667,35.372024865172634],[139.37163757318643,35.37223520683648],[139.3717517151685,35.37275396083061],[139.3718827124625,35.37334932696842],[139.37224194155797,35.37498159985326],[139.3722483305729,35.37498472259526]]]]}},{"type":"Feature","properties":{"area_id":"142030602","city":"平塚市","ward":"","town":"大神","chome":"","num_households":2018},"geometry":{"type":"MultiPolygon","coordinates":[[[[139.37354628716076,35.39471566121275],[139.37032975889895,35.39503997602431],[139.370334068475,35.394906954332],[139.37033619973192,35.39484012435642],[139.37035965666675,35.39419641309235],[139.37036006570307,35.39383327708535],[139.36939096183377,35.393972523492174],[139.3691530374738,35.394913402471765],[139.36680388107106,35.39491708733997],[139.3648019245631,35.394920242279596],[139.36477955023247,35.39492027775527],[139.3616067285482,35.394894017304225],[139.35922997867755,35.394903998689614],[139.35922216478198,35.39590308141376],[139.35792111715963,35.395924041976905],[139.35791821141981,35.39981511089804],[139.35674136125715,35.39984272146044],[139.35678142559576,35.40360154724403],[139.35676006620633,35.40364371854199],[139.35671982755224,35.403723281379456],[139.35663386564937,35.40383428676867],[139.35650309898762,35.403870044650056],[139.35520734072193,35.403877441730195],[139.3551255974121,35.40391317867188],[139.35512487743404,35.403837188827644],[139.35509654333435,35.40087949492428],[139.35508643835024,35.39982289105816],[139.35507653064468,35.3949127775798],[139.35674770808822,35.39491018028393],[139.3568302163444,35.394565364225116],[139.35711463161397,35.394001190646975],[139.35755126150707,35.3935313364196],[139.35792772555993,35.39317335907281],[139.35836436429082,35.392685543485605],[139.35847364627818,35.392510897199216],[139.35853961105053,35.39225115394064],[139.3585449904272,35.39185139028249],[139.3585727332733,35.38979623734067],[139.35850856283102,35.38933472778249],[139.3582590655374,35.388958136184705],[139.35707113136993,35.38727237292443],[139.35692323484963,35.38766193708662],[139.3569181312907,35.38764551020618],[139.35647715954184,35.386230535736196],[139.35645209765116,35.386150162766874],[139.35622714006905,35.38558229394415],[139.35613679338945,35.38535421488066],[139.35593720493483,35.38490903829016],[139.35589620375302,35.38475501762605],[139.3553529332824,35.38379058455693],[139.3552253397689,35.383587498144976],[139.35485739042147,35.383050400553316],[139.3543398109398,35.38243737045261],[139.3536884044295,35.38191084864946],[139.35313411566085,35.38156525212912],[139.35276445303148,35.38140360414346],[139.35252513824565,35.38133612122427],[139.3525101854373,35.38131317615983],[139.3525928948458,35.380975774953846],[139.35266757450427,35.38098240589756],[139.35303462817393,35.380975886919195],[139.35489859172228,35.38097648376729],[139.35519614068951,35.380982714324084],[139.35553313505966,35.38094149513238],[139.35562021315235,35.380930849827344],[139.3566749209783,35.38091509578324],[139.35830065323995,35.380904152389206],[139.3602365523565,35.380891101658015],[139.36027807620138,35.38091351247682],[139.3603851167416,35.380914130572286],[139.36043704763426,35.380914398870424],[139.36177100980402,35.38090236332133],[139.36179582192378,35.380901190663074],[139.36326777355316,35.380912336448645],[139.363298832793,35.38093055058985],[139.36333259601375,35.38094961937671],[139.36414806833662,35.380971998001655],[139.36470504805934,35.38098614179858],[139.3650289907613,35.38102017682485],[139.3654060872473,35.38113109201998],[139.3654299166886,35.38111435296587],[139.3656715030542,35.3811900419332],[139.36569642522736,35.38110472376526],[139.36579806282035,35.381103134848544],[139.36579427552837,35.38098764269824],[139.3660669057311,35.38096057459831],[139.36604152577553,35.38078867078973],[139.36740878499424,35.38094730906054],[139.36804760761544,35.381021454460274],[139.36798777717232,35.381106781272926],[139.36792952923864,35.38127336990269],[139.36789751526342,35.38154018325175],[139.36970656273817,35.38170987580798],[139.36976525388226,35.38171537490723],[139.37167866617006,35.38180029561601],[139.37274785518568,35.381847974928284],[139.3731044962008,35.38187126953287],[139.3731035510078,35.38186387254382],[139.373123371814,35.381864724660474],[139.3734936210394,35.384001160031346],[139.37390892198678,35.38635347880334],[139.37459276212968,35.38864134340759],[139.37457750979976,35.38874727801666],[139.37451902101049,35.38902615310115],[139.37403750421143,35.391482069984946],[139.37397811563918,35.39175348081116],[139.3735009940711,35.39420050638709],[139.37343196684674,35.39452857896127],[139.37354628716076,35.39471566121275]]]]}},{"type":"Feature","properties":{"area_id":"142030603","city":"平塚市","ward":"","town":"吉際","chome":"","num_households":89},"geometry":{"type":"MultiPolygon","coordinates":[[[[139.35692323484963,35.38766193708662],[139.35707113136993,35.38727237292443],[139.3582590655374,35.388958136184705],[139.35850856283102,35.38933472778249],[139.3585727332733,35.38979623734067],[139.3585449904272,35.39185139028249],[139.35853961105053,35.39225115394064],[139.35847364627818,35.392510897199216],[139.35836436429082,35.392685543485605],[139.35792772555993,35.39317335907281],[139.35755126150707,35.3935313364196],[139.35711463161397,35.394001190646975],[139.3568302163444,35.394565364225116],[139.35674770808822,35.39491018028393],[139.35507653064468,35.3949127775798],[139.35393336622175,35.3949160027282],[139.35381333902743,35.39503680327626],[139.35379566207243,35.394832298235066],[139.35375368662173,35.39483389509239],[139.35376228552286,35.39468069174544],[139.35398741701013,35.394389321207704],[139.35405464791296,35.394297893446016],[139.3543999345476,35.39394396283135],[139.35446940778854,35.393872755534524],[139.35537495190943,35.3930853736247],[139.35619853973995,35.39242773364826],[139.3566731969382,35.391975775270346],[139.35682281743937,35.39184473648566],[139.35699503787734,35.39169392655698],[139.35726257502378,35.39136721891413],[139.35745396929963,35.39099556886908],[139.35747288462068,35.39082684060005],[139.35751520245864,35.39044912123627],[139.35741982183401,35.38936932876392],[139.35730399806096,35.3888014935804],[139.35728481390834,35.3887074774532],[139.35713369550643,35.38826478609393],[139.35692323484963,35.38766193708662]]]]}},{"type":"Feature","properties":{"area_id":"142030604","city":"平塚市","ward":"","town":"横内","chome":"","num_households":3671},"geometry":{"type":"MultiPolygon","coordinates":[[[[139.3525101854373,35.38131317615983],[139.3524429825759,35.38129263172178],[139.35141938396038,35.38097989975611],[139.35131503385077,35.38094575968627],[139.35112643751634,35.380858966676385],[139.35074447003146,35.38063472906043],[139.35020627240584,35.38030375376814],[139.34869873215854,35.379376576109166],[139.34819212688964,35.379062612470435],[139.34783185212936,35.37879330883754],[139.347343115806,35.378439481437084],[139.34711674036558,35.37831626285369],[139.34711132207784,35.37830222780874],[139.34710572593593,35.3782676300653],[139.34692160642714,35.37785212249667],[139.3468759393659,35.37774701459085],[139.34676163432275,35.377395865981335],[139.34675450222778,35.3773739367041],[139.34674965481102,35.37735779049159],[139.34688118936555,35.37733190844066],[139.346495833238,35.375702177667165],[139.34635056072437,35.37519703337949],[139.3462964309953,35.37508386120426],[139.34547178810251,35.37305426681556],[139.3453957322844,35.372827699841885],[139.34502736048944,35.37173082216921],[139.3450088227987,35.37163983547421],[139.3449592574634,35.37100584992651],[139.34505679510943,35.36996655269395],[139.3450599733092,35.36994544044588],[139.3451938346656,35.369057242847134],[139.34518883749925,35.369030463052134],[139.34518572200946,35.36804488090162],[139.34517721492028,35.367872168925764],[139.34510896200115,35.367404637447706],[139.34503730247803,35.366867584607306],[139.34497185819168,35.366397880003575],[139.34492651577503,35.36608868011097],[139.3449217669183,35.366056266888904],[139.34489904329033,35.36587455358223],[139.34485101423138,35.365490131526364],[139.34480907632263,35.36515087517784],[139.34480232476838,35.36509394608415],[139.34478698138415,35.364964869079245],[139.34481320882435,35.364963567813724],[139.34522166023064,35.36492683825661],[139.34588717428582,35.36476614501016],[139.34649276208978,35.364619925634756],[139.34692472416526,35.36451124365142],[139.34703573394575,35.3645004928218],[139.3470653677165,35.364497655054016],[139.34810181692362,35.36439837600393],[139.3481369559209,35.36439499616339],[139.34875665453342,35.3643473453314],[139.34917281187973,35.36431528323162],[139.3498471255766,35.36426340901551],[139.34984833089018,35.36426334342175],[139.35031528207148,35.364146268266424],[139.3503746237432,35.36409889947978],[139.35036780259088,35.364111266721075],[139.35111909785647,35.36387736609832],[139.3514169913998,35.36385397808996],[139.3514528126459,35.363851445567015],[139.35199100927275,35.363795704838225],[139.35277026571734,35.36371035758258],[139.35282979130392,35.3636970027383],[139.35285779418902,35.36369373386102],[139.35364683013913,35.363493980290265],[139.35386584060848,35.36345653961764],[139.35422343682012,35.36344042318588],[139.35483329410465,35.36344150395426],[139.3548508750162,35.36344157363851],[139.35507228123765,35.36344273324031],[139.35598631642628,35.36347733775124],[139.35600200690996,35.363491906700276],[139.35599335000524,35.3635094791547],[139.35597175220514,35.36404433796324],[139.35595839472114,35.36424189689831],[139.35590227205728,35.36507303565343],[139.35590125806928,35.36509225807963],[139.35584683038854,35.366104394095565],[139.35584610806805,35.36611770146133],[139.35580197282582,35.36686832243934],[139.35577110259894,35.3673929321548],[139.35573984833465,35.367924442907345],[139.3557391345831,35.36793627138223],[139.35565656779823,35.36894449194212],[139.35566199166672,35.36896535910751],[139.35559591810963,35.36998152593949],[139.35558933747055,35.37008261616409],[139.35552621116386,35.37099663803199],[139.35552489203613,35.37101578576953],[139.35545882213188,35.3720264770451],[139.35539866329117,35.372947201700356],[139.35533936321156,35.373961372253504],[139.35527934123337,35.37498842566494],[139.35527915298889,35.37499103029473],[139.35519816383834,35.37600166687955],[139.35521423969726,35.376009123635804],[139.35516690179549,35.37705707136726],[139.35512293359955,35.37803060482892],[139.35505457373873,35.37888900131027],[139.35497539789293,35.379882776762436],[139.35494036379478,35.38032232649714],[139.35493478854988,35.380392441148224],[139.35492767743153,35.3804817726932],[139.35489859172228,35.38097648376729],[139.35303462817393,35.380975886919195],[139.35266757450427,35.38098240589756],[139.3525928948458,35.380975774953846],[139.3525101854373,35.38131317615983]]]]}},{"type":"Feature","properties":{"area_id":"14203061101","city":"平塚市","ward":"","town":"田村","chome":"1","num_households":587},"geometry":{"type":"MultiPolygon","coordinates":[[[[139.361533666345,35.36784830558106],[139.36066539952594,35.36785781378577],[139.3604082166289,35.36786063537884],[139.36024225370286,35.36786936885774],[139.3599815892481,35.36787217572388],[139.35977898515765,35.36787640172443],[139.35961549461544,35.367881129616485],[139.35943876455065,35.367885875984996],[139.3591753681568,35.36788281161792],[139.35799373166728,35.367888573632314],[139.35711831753108,35.36789800130629],[139.35710034744002,35.3678982124622],[139.35668112805436,35.36790627179192],[139.35646255402648,35.367910476666175],[139.35573984833465,35.367924442907345],[139.35577110259894,35.36739293215478],[139.35580197282582,35.36686832243934],[139.35584610806805,35.36611770146133],[139.35584683038854,35.366104394095565],[139.35590125806928,35.36509225807963],[139.35590227205728,35.36507303565343],[139.35595839472114,35.36424189689831],[139.35597175220514,35.36404433796324],[139.35599335000524,35.3635094791547],[139.35600200690996,35.363491906700276],[139.3565442093225,35.363610814050006],[139.3568447708924,35.36366784767326],[139.35697836473926,35.36368295289757],[139.35699435064427,35.3637134394644],[139.35765068543742,35.36367602662463],[139.35768826595444,35.363673850153965],[139.3579435752904,35.36386282000356],[139.35837270479746,35.36418043653403],[139.35847851324255,35.364198881777966],[139.3586689595276,35.364232167483294],[139.35907073372445,35.36406951555253],[139.35927763704458,35.36403666535344],[139.35940030882045,35.364103762517836],[139.36008365638784,35.3640171607927],[139.36006149939124,35.36405073872367],[139.36058148700644,35.36391695679072],[139.3612860156462,35.36376430304971],[139.3613244922587,35.3638824822145],[139.36140506647553,35.3645059048183],[139.36143983796478,35.364775057962866],[139.36147901583098,35.36507810297587],[139.36148176545973,35.36516043884758],[139.36148836885252,35.36535758201129],[139.3614950040501,35.365556555203426],[139.36150219269388,35.36555482261835],[139.36150862415053,35.3663800069197],[139.36150892737706,35.36641698077583],[139.36151956445266,35.36703386676252],[139.36152869640785,35.367561519457404],[139.361533666345,35.36784830558106]]]]}},{"type":"Feature","properties":{"area_id":"14203061102","city":"平塚市","ward":"","town":"田村","chome":"2","num_households":905},"geometry":{"type":"MultiPolygon","coordinates":[[[[139.36162155657811,35.371968923030124],[139.3612390690958,35.37196993409711],[139.36109963623394,35.37196969587303],[139.36107125695045,35.37196964732471],[139.36100523751566,35.37196869201466],[139.36074657935507,35.37197151046299],[139.36049888129347,35.371974510377946],[139.3604521040668,35.37197609197716],[139.35975592965957,35.3719813242339],[139.35925477255563,35.371986446820564],[139.3592220560668,35.37198681125329],[139.3588926385676,35.37199029222396],[139.35877937163946,35.37199148917558],[139.35873624443937,35.37199194458802],[139.35821070812878,35.37199748191433],[139.35720546433566,35.372008097942626],[139.35658659212643,35.372014598701575],[139.3564890865708,35.37201562253126],[139.35545882213188,35.3720264770451],[139.35552489203613,35.3710157857695],[139.35552621116386,35.37099663803199],[139.35558933747058,35.370082616164076],[139.35559591810963,35.36998152593949],[139.35566199166672,35.36896535910747],[139.3556565677983,35.36894449194212],[139.3557391345831,35.36793627138223],[139.35573984833465,35.367924442907345],[139.35646255402648,35.367910476666175],[139.35668112805436,35.36790627179192],[139.35710034744002,35.3678982124622],[139.35711831753108,35.36789800130629],[139.35799373166728,35.367888573632314],[139.3591753681568,35.36788281161792],[139.35943876455065,35.367885875984996],[139.35961549461544,35.367881129616485],[139.35977898515765,35.36787640172443],[139.3599815892481,35.36787217572388],[139.36024225370286,35.36786936885774],[139.3604082166289,35.36786063537884],[139.36066539952594,35.36785781378577],[139.361533666345,35.36784830558106],[139.36154133825184,35.36785213769611],[139.36154864385833,35.36839830536057],[139.3615617377489,35.3688793515015],[139.36156226803627,35.36889949482058],[139.3615698909331,35.369412564142515],[139.3615796064424,35.36989085125129],[139.36158051109948,35.36993536272725],[139.36160017230227,35.370909046419946],[139.36162082932736,35.37193216435941],[139.36162155657811,35.371968923030124]]]]}},{"type":"Feature","properties":{"area_id":"14203061103","city":"平塚市","ward":"","town":"田村","chome":"3","num_households":194},"geometry":{"type":"MultiPolygon","coordinates":[[[[139.36162155657811,35.371968923030124],[139.36164624919763,35.37286277687321],[139.3616468189726,35.37288263567763],[139.3616588312913,35.37387776699185],[139.36162010045442,35.373906699881466],[139.36162797468978,35.37436124958114],[139.36163755480086,35.37491192085708],[139.36163784444219,35.37492839818882],[139.36169954210465,35.37594660241708],[139.36057377740394,35.3759527995457],[139.35933757252408,35.37595961829424],[139.35891814075913,35.375963478742335],[139.35809608451342,35.37597104587326],[139.35730012427203,35.375978428446],[139.3572579500835,35.375978826848],[139.3563460991977,35.37599234203703],[139.3563071421371,35.37599291940443],[139.35521423969726,35.376009123635804],[139.35519816383834,35.37600166687955],[139.35527915298889,35.37499103029473],[139.35527934123337,35.37498842566494],[139.35533936321156,35.373961372253504],[139.35539866329117,35.372947201700356],[139.35545882213188,35.3720264770451],[139.3564890865708,35.37201562253126],[139.35658659212643,35.372014598701575],[139.35720546433566,35.372008097942626],[139.35821070812878,35.37199748191433],[139.35873624443937,35.37199194458802],[139.35877937163946,35.37199148917558],[139.3588926385676,35.37199029222396],[139.3592220560668,35.37198681125329],[139.35925477255563,35.371986446820564],[139.35975592965957,35.3719813242339],[139.3604521040668,35.37197609197716],[139.36049888129347,35.371974510377946],[139.36074657935507,35.37197151046299],[139.36100523751566,35.37196869201466],[139.36107125695045,35.37196964732471],[139.36109963623394,35.37196969587303],[139.3612390690958,35.37196993409711],[139.36162155657811,35.371968923030124]]]]}},{"type":"Feature","properties":{"area_id":"14203061104","city":"平塚市","ward":"","town":"田村","chome":"4","num_households":174},"geometry":{"type":"MultiPolygon","coordinates":[[[[139.36177100980402,35.38090236332133],[139.36043704763426,35.380914398870424],[139.3603851167416,35.380914130572286],[139.36027807620138,35.38091351247682],[139.3602365523565,35.380891101658015],[139.35830065323995,35.380904152389206],[139.3566749209783,35.38091509578324],[139.35562021315235,35.380930849827344],[139.35553313505966,35.38094149513238],[139.35519614068951,35.380982714324084],[139.35489859172228,35.38097648376729],[139.35492767743153,35.3804817726932],[139.35493478854988,35.380392441148224],[139.35494036379478,35.38032232649714],[139.35497539789293,35.379882776762436],[139.35505457373873,35.37888900131027],[139.35512293359955,35.37803060482892],[139.35516690179549,35.37705707136726],[139.35521423969726,35.376009123635804],[139.3563071421371,35.37599291940443],[139.3563460991977,35.37599234203703],[139.3572579500835,35.375978826848],[139.35730012427203,35.375978428446],[139.35809608451342,35.37597104587326],[139.35891814075913,35.375963478742335],[139.35933757252408,35.37595961829424],[139.36057377740394,35.3759527995457],[139.36169954210465,35.37594660241708],[139.36170827273705,35.37646685179666],[139.36171650478477,35.376955271769226],[139.36171751725365,35.37698745463498],[139.361761862486,35.378416741255734],[139.36176269118667,35.378443783878765],[139.36176475600536,35.37849463102586],[139.36179507517565,35.37924783826586],[139.3618014480271,35.379405873781685],[139.36182524439963,35.379997664050194],[139.36182160499482,35.380002437887505],[139.36180468090964,35.380348816388405],[139.3618013038803,35.38041809212484],[139.36177100980402,35.38090236332133]]]]}},{"type":"Feature","properties":{"area_id":"14203061105","city":"平塚市","ward":"","town":"田村","chome":"5","num_households":451},"geometry":{"type":"MultiPolygon","coordinates":[[[[139.36150219269388,35.36555482261835],[139.36170279528721,35.36550917895946],[139.36213715578216,35.36620775262203],[139.3621516366402,35.36623104826933],[139.36259749876265,35.36703114089553],[139.3626186133919,35.367081785434294],[139.36293046196744,35.36782910834586],[139.3629793064557,35.367946196863166],[139.36310948795287,35.368248315245715],[139.36328062026965,35.368725026456325],[139.36347098281445,35.369251527515225],[139.3635652983346,35.36951230965919],[139.3636440335471,35.369724088938334],[139.36369781967682,35.36989018072978],[139.36370840044884,35.36992285471617],[139.36374396615602,35.37003678011796],[139.36375613179544,35.370076489538185],[139.36384458630354,35.370365219311374],[139.3638871149034,35.370449525314896],[139.3641253559782,35.37076623169423],[139.3641463375646,35.37080165880899],[139.36415212512256,35.3708097210747],[139.36472169156406,35.371603172298066],[139.3647338578979,35.371622400584],[139.36492713827337,35.37192785301292],[139.36493709577098,35.37194467448088],[139.36499000294282,35.37203406366016],[139.36500490591973,35.372160443679086],[139.36501706681548,35.372263505126014],[139.36500418016104,35.37260510777506],[139.36499155213716,35.37293959786114],[139.36498951136923,35.37299409081605],[139.36498901984345,35.373009934925626],[139.3649693581023,35.37364309356135],[139.364969648848,35.37366308076121],[139.36497067415937,35.37373343949647],[139.36493371574892,35.37468121668094],[139.36438713520548,35.37480519114741],[139.36433705974855,35.37481887263327],[139.36431785673716,35.37482408154852],[139.3642044467928,35.374854985889435],[139.3641020784107,35.3748723431073],[139.36405840178267,35.37487978184005],[139.36388634487338,35.374985314893244],[139.3637423102668,35.37513545439013],[139.3633240053015,35.375483613688544],[139.36328531791946,35.375517649487016],[139.36326311880475,35.375537179336554],[139.36316161078472,35.3756265017655],[139.3629170466543,35.37572936166943],[139.3626179674729,35.3758982047904],[139.36231387462803,35.375911974605415],[139.3617174473147,35.37594286831059],[139.36169954210465,35.37594660241708],[139.36163784444219,35.37492839818882],[139.36163755480086,35.37491192085708],[139.36162797468978,35.37436124958114],[139.36162010045442,35.373906699881466],[139.3616588312913,35.37387776699185],[139.3616468189726,35.37288263567763],[139.36164624919763,35.37286277687321],[139.36162155657811,35.371968923030124],[139.36162082932736,35.37193216435941],[139.36160017230227,35.370909046419946],[139.36158051109948,35.36993536272725],[139.3615796064424,35.36989085125129],[139.3615698909331,35.369412564142515],[139.36156226803627,35.36889949482058],[139.3615617377489,35.3688793515015],[139.36154864385833,35.36839830536057],[139.36154133825184,35.36785213769611],[139.361533666345,35.36784830558106],[139.36152869640785,35.367561519457404],[139.36151956445266,35.36703386676252],[139.36150892737706,35.36641698077583],[139.36150862415053,35.3663800069197],[139.36150219269388,35.36555482261835]]]]}},{"type":"Feature","properties":{"area_id":"14203061106","city":"平塚市","ward":"","town":"田村","chome":"6","num_households":367},"geometry":{"type":"MultiPolygon","coordinates":[[[[139.36470504805934,35.38098614179858],[139.36414806833662,35.380971998001655],[139.36333259601375,35.38094961937671],[139.363298832793,35.38093055058985],[139.36326777355316,35.380912336448645],[139.36179582192378,35.380901190663074],[139.36177100980402,35.38090236332133],[139.3618013038803,35.38041809212484],[139.36180468090964,35.380348816388405],[139.36182160499482,35.380002437887505],[139.36182524439957,35.37999766405025],[139.3618014480271,35.379405873781685],[139.36179507517565,35.3792478382659],[139.36176475600536,35.37849463102587],[139.36176269118667,35.378443783878765],[139.361761862486,35.378416741255734],[139.36171751725362,35.37698745463499],[139.36171650478477,35.376955271769226],[139.36170827273705,35.37646685179666],[139.36169954210465,35.37594660241708],[139.3617174473147,35.37594286831059],[139.36231387462803,35.375911974605415],[139.3626179674729,35.3758982047904],[139.3629170466543,35.37572936166943],[139.36316161078472,35.3756265017655],[139.36326311880475,35.375537179336554],[139.36328531791946,35.375517649487016],[139.3633240053015,35.375483613688544],[139.3637423102668,35.37513545439013],[139.36388634487338,35.374985314893244],[139.36405840178267,35.37487978184005],[139.3641020784107,35.3748723431073],[139.3642044467928,35.374854985889435],[139.36431785673716,35.37482408154852],[139.36433705974855,35.37481887263327],[139.36438713520548,35.37480519114741],[139.36493371574892,35.37468121668094],[139.3649602240057,35.374691034051914],[139.36499320590784,35.374687718321304],[139.36499333120133,35.37469713010187],[139.36499815151424,35.374999986331275],[139.365002062618,35.375270391893395],[139.36500312635,35.375276705143705],[139.36498498581315,35.375554237607616],[139.36498475368683,35.37555704394801],[139.364976944474,35.37565123693487],[139.3649601092699,35.375854277102654],[139.36494750586297,35.37598549037266],[139.3649472139667,35.37598852258174],[139.36491604544858,35.37642283736577],[139.3648838077611,35.37653609103538],[139.36483945762518,35.37721260369446],[139.36484730047647,35.377399231606766],[139.3648505396415,35.37792967353335],[139.36485338394147,35.378395192463024],[139.36485562592247,35.37862679200648],[139.36486737158123,35.37904664308138],[139.3648711696817,35.379182204581554],[139.36488113622067,35.37953966218016],[139.3648583174173,35.37993065412149],[139.3648409368428,35.38033969317883],[139.36483707545128,35.38036030928692],[139.36481412606582,35.380482531391095],[139.36470504805934,35.38098614179858]]]]}},{"type":"Feature","properties":{"area_id":"14203061107","city":"平塚市","ward":"","town":"田村","chome":"7","num_households":852},"geometry":{"type":"MultiPolygon","coordinates":[[[[139.36732047634237,35.368846668113214],[139.36788051308557,35.370056908690806],[139.36801603010923,35.37057454304271],[139.36809445031167,35.3708739592096],[139.3682052887745,35.37129728629106],[139.3682736010851,35.37169390840691],[139.36831800681577,35.3719489306525],[139.36832243195263,35.371974342272125],[139.36836260796738,35.37221312962018],[139.3684073944716,35.37247924482967],[139.3684140835768,35.37251899328554],[139.368484182454,35.37283837712362],[139.36855042740518,35.373140352989964],[139.36860058898043,35.373273767188365],[139.36868052171536,35.37346193277701],[139.3688050718234,35.373820741993974],[139.3688951243729,35.3740800653387],[139.36877165131287,35.37410474095251],[139.3678224574865,35.37427482381718],[139.3677740493147,35.37428316222394],[139.36741527919415,35.37434237156021],[139.3672351629543,35.37437211358773],[139.36626425604152,35.37453244216842],[139.36622416340137,35.3745390635092],[139.3658016967723,35.37460330739957],[139.3657874425941,35.374605470575254],[139.36574055837093,35.37461258266953],[139.36499320590784,35.374687718321304],[139.3649602240057,35.374691034051914],[139.36493371574892,35.37468121668094],[139.36497067415937,35.37373343949647],[139.364969648848,35.37366308076121],[139.3649693581023,35.37364309356135],[139.36498901984345,35.373009934925626],[139.36498951136923,35.37299409081605],[139.36499155213716,35.37293959786114],[139.36500418016104,35.37260510777506],[139.36501706681548,35.372263505126014],[139.36500490591973,35.372160443679086],[139.36499000294282,35.37203406366016],[139.36493709577098,35.37194467448088],[139.36492713827337,35.37192785301292],[139.3647338578979,35.371622400584],[139.36472169156406,35.371603172298066],[139.36415212512256,35.3708097210747],[139.3641463375646,35.37080165880899],[139.3641253559782,35.37076623169423],[139.3638871149034,35.370449525314896],[139.36384458630354,35.370365219311374],[139.36375613179544,35.370076489538185],[139.36374396615602,35.37003678011796],[139.36370840044884,35.36992285471617],[139.36369781967682,35.36989018072978],[139.3636440335471,35.369724088938334],[139.36366969749085,35.36975348199196],[139.36447438228063,35.369612645261874],[139.36464391065718,35.36955983377708],[139.3649192805847,35.3694741112334],[139.36513900974833,35.36942191111799],[139.36526031727269,35.36936786163897],[139.36541124274146,35.36932089441074],[139.3656405445429,35.36926330726202],[139.36602205469018,35.36916756031708],[139.36696293155492,35.368931310095896],[139.36728991779287,35.36885387726869],[139.36732047634237,35.368846668113214]]]]}},{"type":"Feature","properties":{"area_id":"14203061108","city":"平塚市","ward":"","town":"田村","chome":"8","num_households":611},"geometry":{"type":"MultiPolygon","coordinates":[[[[139.36978573060546,35.376523215403594],[139.36833699401814,35.37700681286862],[139.3683030012717,35.37701245911681],[139.36786430669625,35.37708488509762],[139.36779284557014,35.37710919094559],[139.3676415683072,35.377204879064095],[139.36718964985985,35.37757545914751],[139.36690403459875,35.3778097071942],[139.36684623365662,35.37787229893338],[139.36680201732938,35.377986626208084],[139.3666837092667,35.378876417729764],[139.3666819537721,35.37888964819454],[139.36652811513667,35.37889322220875],[139.36628647363852,35.3788490066933],[139.3662512574042,35.37883563550817],[139.36609431165266,35.37877589569455],[139.36552832366348,35.37879495136433],[139.36552117504337,35.37876795595581],[139.36513311249252,35.37877416210353],[139.36485562592247,35.37862679200648],[139.36485338394147,35.378395192463024],[139.3648505396415,35.37792967353335],[139.36484730047647,35.377399231606766],[139.36483945762518,35.37721260369446],[139.3648838077611,35.37653609103538],[139.36491604544858,35.37642283736577],[139.3649472139667,35.37598852258174],[139.36494750586297,35.37598549037266],[139.3649601092699,35.375854277102654],[139.364976944474,35.37565123693487],[139.36498475368683,35.37555704394801],[139.36498498581315,35.375554237607616],[139.36500312635,35.375276705143705],[139.365002062618,35.375270391893395],[139.36499815151424,35.374999986331275],[139.36499333120133,35.37469713010187],[139.36499320590784,35.374687718321304],[139.36574055837093,35.37461258266953],[139.3657874425941,35.374605470575254],[139.3658016967723,35.37460330739957],[139.36622416340137,35.3745390635092],[139.36626425604152,35.37453244216842],[139.3672351629543,35.37437211358773],[139.36741527919415,35.37434237156021],[139.3677740493147,35.37428316222394],[139.3678224574865,35.37427482381718],[139.36877165131287,35.37410474095251],[139.36897103630184,35.37456804449345],[139.36902471231087,35.37481462796122],[139.3691695962697,35.37478939933602],[139.36968529168274,35.376126260771606],[139.36964094680715,35.3761379244419],[139.36973377623193,35.37640148470383],[139.36978573060546,35.376523215403594]]]]}},{"type":"Feature","properties":{"area_id":"14203061109","city":"平塚市","ward":"","town":"田村","chome":"9","num_households":301},"geometry":{"type":"MultiPolygon","coordinates":[[[[139.37167866617006,35.38180029561601],[139.36976525388226,35.38171537490723],[139.36970656273817,35.38170987580798],[139.36789751526342,35.38154018325175],[139.36792952923864,35.38127336990269],[139.36798777717232,35.381106781272926],[139.36804760761544,35.381021454460274],[139.36740878499424,35.38094730906054],[139.36604152577553,35.38078867078973],[139.3660669057311,35.38096057459831],[139.36579427552837,35.38098764269824],[139.36579806282035,35.381103134848544],[139.36569642522736,35.38110472376526],[139.3656715030542,35.3811900419332],[139.3654299166886,35.38111435296587],[139.3654060872473,35.38113109201998],[139.3650289907613,35.38102017682485],[139.36470504805934,35.38098614179858],[139.36481412606582,35.380482531391095],[139.36483707545128,35.38036030928692],[139.3648409368428,35.38033969317883],[139.3648583174173,35.37993065412149],[139.3648811362207,35.37953966218013],[139.36487116968175,35.379182204581554],[139.36486737158123,35.37904664308135],[139.36485562592247,35.37862679200648],[139.36513311249252,35.37877416210353],[139.36552117504337,35.37876795595581],[139.36552832366348,35.37879495136433],[139.36609431165266,35.37877589569455],[139.3662512574042,35.37883563550817],[139.36628647363852,35.3788490066933],[139.36652811513667,35.37889322220875],[139.3666819537721,35.37888964819454],[139.3666837092667,35.378876417729764],[139.36680201732938,35.377986626208084],[139.36684623365662,35.37787229893338],[139.36690403459875,35.3778097071942],[139.36718964985985,35.37757545914751],[139.3676415683072,35.377204879064095],[139.36779284557014,35.37710919094559],[139.36786430669625,35.37708488509762],[139.3683030012717,35.37701245911681],[139.36833699401814,35.37700681286862],[139.36978573060546,35.376523215403594],[139.3698336880144,35.37651874760733],[139.3700972607714,35.377280782708816],[139.37032781379747,35.377777299321004],[139.37085277935526,35.37920300578833],[139.37064443329052,35.379249614079484],[139.37078781194555,35.37934295093466],[139.37167866617006,35.38180029561601]]]]}},{"type":"Feature","properties":{"area_id":"142030701","city":"平塚市","ward":"","town":"大島","chome":"","num_households":370},"geometry":{"type":"MultiPolygon","coordinates":[[[[139.34787944542734,35.38029455694738],[139.34804237604718,35.38071722550545],[139.34841878886428,35.381893378449114],[139.34890590373246,35.38502571219343],[139.34899249090395,35.38641457487354],[139.34899492324283,35.38645352670226],[139.34893493827755,35.386988276051774],[139.34883073225174,35.38738363219194],[139.34874088311233,35.3877791854314],[139.3486180523915,35.388320170092996],[139.3485826823684,35.388317354921504],[139.34840460111724,35.388303133223765],[139.3459469707302,35.388706701241055],[139.3459269097756,35.38861789130735],[139.34558866563614,35.38711938998853],[139.34542517472724,35.387159229330514],[139.34540833527447,35.38708493774004],[139.3451604427888,35.38599031879904],[139.34472110928579,35.38405025094737],[139.34389462640263,35.380400583978385],[139.34383994821323,35.3802783957852],[139.34382447764673,35.380277418597906],[139.34380899466467,35.380278271180245],[139.34331824052808,35.38047706294479],[139.34111893789452,35.38145927836251],[139.3407824693005,35.38026604939208],[139.34074863348644,35.38014605663952],[139.34037108094657,35.37876090335535],[139.33974504305644,35.37881695180803],[139.33739744573023,35.379267946817535],[139.33692685027776,35.37754788349744],[139.3369308831861,35.377528252284876],[139.33678642062532,35.37684872411452],[139.33657235710436,35.37578292871012],[139.33659067319317,35.373464008194944],[139.3391319942009,35.37328510940788],[139.33997458933118,35.37324143180508],[139.34218683698896,35.37305225749898],[139.3453957322844,35.372827699841885],[139.34547178810251,35.37305426681553],[139.3462964309953,35.37508386120426],[139.34635056072437,35.37519703337949],[139.346495833238,35.375702177667165],[139.34688118936555,35.37733190844066],[139.34674965481102,35.37735779049159],[139.34675450222778,35.3773739367041],[139.34676163432275,35.377395865981335],[139.3468759393659,35.37774701459085],[139.34692160642714,35.37785212249667],[139.34710572593593,35.3782676300653],[139.34711132207784,35.37830222780874],[139.34711674036558,35.378316262853716],[139.34787944542734,35.38029455694738]]]]}},{"type":"Feature","properties":{"area_id":"142030702","city":"平塚市","ward":"","town":"小鍋島","chome":"","num_households":436},"geometry":{"type":"MultiPolygon","coordinates":[[[[139.34111893789452,35.38145927836251],[139.34112118204087,35.38152175036435],[139.33968404260645,35.38235139808748],[139.3395868806292,35.38240748077291],[139.33932252830817,35.38266647220189],[139.33906770614823,35.38283606661362],[139.33869920043506,35.38299252420757],[139.33820290588457,35.38322190966252],[139.3347373024427,35.384823583503035],[139.33469908955368,35.38473096399908],[139.3336746868428,35.38224813259104],[139.3335249528049,35.38202266049933],[139.33332108808213,35.381790978089235],[139.3330673753082,35.38162585016121],[139.33266893311492,35.38143491274557],[139.33216208146584,35.38119979397317],[139.33181074184714,35.38099165490048],[139.3315999549287,35.38076818158995],[139.33154745875134,35.38069902262244],[139.3314481318422,35.3806248800607],[139.3312573802371,35.38065204801078],[139.33055975798197,35.38079521022358],[139.33018847454093,35.38085803412011],[139.32944741940233,35.38103023387877],[139.32646243696948,35.38141749742935],[139.32629459530378,35.38100441257638],[139.32621022956056,35.38032499360462],[139.32614773330374,35.380205791871155],[139.32585929999294,35.37965544571757],[139.3255003342843,35.37921958944485],[139.3251804005692,35.37902579093017],[139.32517891614134,35.37902491270814],[139.3251211619507,35.37899075449516],[139.32510961839128,35.378983834084565],[139.3251665242788,35.37890847609659],[139.3251780173559,35.378913479532166],[139.32520705985985,35.37887400506653],[139.3254761002772,35.37848887570058],[139.3258188751375,35.37802637055914],[139.32647098261134,35.37680782245083],[139.32751359807025,35.37475132078818],[139.32752835205147,35.3747221568639],[139.32806038534954,35.37346253999633],[139.32833780921987,35.37264925599411],[139.32835440402997,35.37260066354467],[139.32851794296425,35.37162866461814],[139.3285933394171,35.37157404959634],[139.32884069007903,35.3713176143966],[139.32928103952827,35.37102930612134],[139.32984345144445,35.370736997048766],[139.3299328509391,35.37069757934793],[139.33022424488243,35.3701792832351],[139.3304228436731,35.37017961427584],[139.3305666622443,35.36780694137155],[139.33333245247186,35.36810530114561],[139.3333440941251,35.36810654587485],[139.33461345824801,35.36809671311975],[139.33578548536684,35.367851470447235],[139.33606017867143,35.367800769476695],[139.33651293049013,35.367621854772295],[139.336686334388,35.36793285329783],[139.33663603931066,35.37056689376538],[139.33661630722824,35.37214109517549],[139.33661598366044,35.3721576424627],[139.33659085535427,35.373441262095966],[139.33659067319317,35.373464008194944],[139.33657235710436,35.37578292871012],[139.33678642062532,35.37684872411452],[139.3369308831861,35.377528252284876],[139.33692685027776,35.37754788349744],[139.33739744573023,35.379267946817535],[139.33974504305644,35.37881695180803],[139.34037108094657,35.37876090335535],[139.34074863348644,35.38014605663952],[139.3407824693005,35.38026604939208],[139.34111893789452,35.38145927836251]]]]}},{"type":"Feature","properties":{"area_id":"142030703","city":"平塚市","ward":"","town":"下島","chome":"","num_households":345},"geometry":{"type":"MultiPolygon","coordinates":[[[[139.34480232476838,35.36509394608415],[139.34480907632263,35.36515087517784],[139.34485101423138,35.365490131526364],[139.34489904329033,35.36587455358223],[139.3449217669183,35.366056266888904],[139.34492651577503,35.36608868011097],[139.34497185819168,35.366397880003575],[139.34503730247803,35.366867584607306],[139.34510896200115,35.367404637447706],[139.34517721492028,35.367872168925764],[139.34518572200946,35.36804488090162],[139.34518883749925,35.369030463052134],[139.3451938346656,35.369057242847134],[139.3450599733092,35.36994544044588],[139.34505679510943,35.36996655269395],[139.3449592574634,35.37100584992651],[139.3450088227987,35.37163983547421],[139.34502736048944,35.37173082216921],[139.3453957322844,35.372827699841885],[139.34218683698896,35.37305225749898],[139.33997458933118,35.37324143180508],[139.3391319942009,35.37328510940788],[139.33659067319317,35.373464008194944],[139.33659085535427,35.373441262095966],[139.33661598366044,35.3721576424627],[139.33661630722824,35.37214109517549],[139.33663603931066,35.37056689376538],[139.336686334388,35.36793285329783],[139.33651293049013,35.367621854772295],[139.33682275217637,35.367499182978044],[139.33739257418404,35.367253210711475],[139.3374314157014,35.36728442685533],[139.33753951693143,35.367264799261804],[139.33772611823133,35.36727943876814],[139.33969912253306,35.36689363815226],[139.34016913613863,35.36673703432736],[139.34018848330945,35.36673114493103],[139.3404419127383,35.366653992834514],[139.34090837632422,35.366558076091174],[139.34092395719662,35.36639130701284],[139.34101353830926,35.36639167211819],[139.34145643322347,35.366276010930456],[139.34225848531727,35.36604434244224],[139.3423593776958,35.36602193491349],[139.3424044885598,35.36601190690388],[139.34253968675873,35.365981822782544],[139.342731029797,35.365958162693595],[139.34279423347428,35.36593454594307],[139.3429526609117,35.365866033723684],[139.34337334038207,35.36571231709797],[139.3435935014774,35.365614124696535],[139.3436832425495,35.36559491146776],[139.34411475397403,35.36537644716013],[139.34480232476838,35.36509394608415]]]]}},{"type":"Feature","properties":{"area_id":"142030704","city":"平塚市","ward":"","town":"城所","chome":"","num_households":365},"geometry":{"type":"MultiPolygon","coordinates":[[[[139.32517891614134,35.37902491270814],[139.32462125226655,35.37986318224801],[139.3245444434335,35.380001671848774],[139.32442214417583,35.38019856187429],[139.32441547890468,35.380208448320985],[139.3241815460047,35.38026216033164],[139.32346926317985,35.380425695346915],[139.32345547573414,35.38042885964568],[139.3234515274,35.38043545649749],[139.3233397984069,35.380622169744655],[139.32331364991504,35.38067582892964],[139.3232933396329,35.38071750600971],[139.32283309824132,35.380689443509674],[139.32276708076915,35.38068646147599],[139.32268679064805,35.38067801068806],[139.32259431878697,35.38068122689252],[139.32251945151702,35.38068541836082],[139.32243244916626,35.3806940655354],[139.32236647428124,35.38070705839201],[139.3223212686925,35.38071258069132],[139.3222241415071,35.38073757312578],[139.3221383398457,35.38076761636415],[139.3220593540982,35.38079728556451],[139.32201819567194,35.38081285307958],[139.32199167821813,35.38082296975842],[139.32195469570033,35.38084915859535],[139.32191065156178,35.380886562842576],[139.32187790504872,35.380928011627496],[139.32184629597012,35.38096921817811],[139.32182320659984,35.38100234474755],[139.321801833464,35.38104398972124],[139.32178264878098,35.381084451971795],[139.32176859514627,35.38111956925752],[139.3217608568173,35.38114114322217],[139.32175599717533,35.381154694933166],[139.32174487811628,35.38118624537405],[139.32173374842654,35.38121958873112],[139.32172334183676,35.38125352713188],[139.32171218892046,35.38129044806077],[139.32170179048555,35.381323195954344],[139.32169283339272,35.38135833325866],[139.3216916529153,35.381384165270745],[139.32169154696862,35.38138648043183],[139.32168799003404,35.38146430374507],[139.32158555773688,35.38157618151865],[139.32151288344747,35.38165555215152],[139.32120692248006,35.38200218100283],[139.32108832700516,35.38213327809386],[139.32106529694323,35.382153538598914],[139.3206419517098,35.382610067397984],[139.3205715501565,35.382690855599115],[139.32051290229148,35.382754998238944],[139.3204454886001,35.38282387059703],[139.32037514828698,35.38289511867549],[139.32029611539028,35.38295917320195],[139.3202240887748,35.38298339920845],[139.32019026509926,35.382994773596195],[139.32015857228913,35.38301200083563],[139.32008963812385,35.383049469040174],[139.31999751415768,35.38310963844011],[139.3199107340283,35.38315770675837],[139.31984216154393,35.383215928861134],[139.31977220885224,35.383265160964925],[139.3197577243082,35.38327400288552],[139.31971493963488,35.38330012327623],[139.31969295586518,35.38331354184463],[139.31962961776114,35.383248097573365],[139.31953046240739,35.38314564415942],[139.31953002190076,35.383145190048744],[139.31948196037902,35.3830872963718],[139.31941827339537,35.3830176896444],[139.31918346519652,35.38282022019311],[139.31917332550242,35.38281105854777],[139.31885449211146,35.38255594851253],[139.3186786831581,35.38242746313157],[139.3186289255706,35.38239853422907],[139.31854556553498,35.3823513734363],[139.31850439641116,35.38224753872955],[139.3184729823049,35.38216808363521],[139.31841117766416,35.3820208945063],[139.31840285797344,35.381997742362074],[139.31852447628674,35.38168426301645],[139.3187149725332,35.38149669083378],[139.31877159533516,35.38141941360851],[139.31879156587905,35.38139426108993],[139.3188193492199,35.38135201447093],[139.31889491415393,35.38123786355767],[139.31898949802135,35.3810751181608],[139.31898733024568,35.38107415876916],[139.31948061384634,35.38018571944667],[139.3194918494524,35.380165482027614],[139.31953092159543,35.38009510605579],[139.31953049567764,35.38007960078955],[139.31951778735137,35.379617635092195],[139.3195099818759,35.379526971492865],[139.3195089885267,35.37950984138521],[139.31944155696166,35.37903452660636],[139.31933426264624,35.378954291347185],[139.31932383423944,35.37885374777372],[139.3192559118334,35.378856411255505],[139.31925201825922,35.37881331944344],[139.3192515688673,35.37880832758964],[139.3192300304978,35.3785459757547],[139.3192412007718,35.37854538257142],[139.31941829634883,35.378535964861626],[139.3193991170122,35.37826186321952],[139.3193165803948,35.378260609260394],[139.31926379460836,35.37825407361904],[139.31921107573584,35.37823672117432],[139.319171585859,35.378215819949425],[139.31913611482628,35.37818058723431],[139.31911796108838,35.378162556177216],[139.31911605317705,35.37816034400294],[139.31910793407206,35.378149223733665],[139.31909805251888,35.37813253417056],[139.31909380788565,35.37811313927345],[139.31909875719037,35.377817887165335],[139.3190995295048,35.37777172110973],[139.31911368201858,35.37692745232557],[139.31914642282263,35.37686576587292],[139.31915043117493,35.37685819218106],[139.3193248242519,35.376431676316386],[139.3194634716071,35.37608522399649],[139.31950802721306,35.376000680498755],[139.3196194306549,35.375622224698745],[139.31970102582977,35.37542433204697],[139.31971001527629,35.3754025227537],[139.3197270446248,35.37536120316509],[139.3201031510428,35.37417617855723],[139.32011490658297,35.37413918554159],[139.32028906554535,35.37348203457391],[139.32029642056992,35.37345431917563],[139.32110092589807,35.37086806706766],[139.32117775409958,35.37057909381436],[139.3214127748623,35.37046156956503],[139.32134945292415,35.36992101339085],[139.3217882754427,35.36964575701633],[139.3217953972511,35.369627546949545],[139.32417254811335,35.3682490282029],[139.32580522310153,35.36832356081232],[139.32585691404026,35.36786433374066],[139.3285722903143,35.368047730803255],[139.3286251841283,35.36805133165366],[139.328557194071,35.36773667742849],[139.3285500671254,35.36758939149727],[139.3305666622443,35.36780694137155],[139.3304228436731,35.37017961427584],[139.33022424488243,35.3701792832351],[139.3299328509391,35.37069757934793],[139.32984345144445,35.370736997048766],[139.32928103952827,35.37102930612134],[139.32884069007903,35.3713176143966],[139.3285933394171,35.37157404959634],[139.32851794296425,35.37162866461814],[139.32835440402997,35.37260066354467],[139.32833780921987,35.37264925599411],[139.32806038534954,35.37346253999633],[139.32752835205147,35.3747221568639],[139.32751359807025,35.37475132078818],[139.32647098261134,35.37680782245083],[139.3258188751375,35.37802637055914],[139.3254761002772,35.37848887570058],[139.32520705985985,35.37887400506653],[139.3251780173559,35.378913479532166],[139.3251665242788,35.37890847609659],[139.32510961839128,35.378983834084565],[139.3251211619507,35.37899075449516],[139.32517891614134,35.37902491270814]]]]}},{"type":"Feature","properties":{"area_id":"142030751","city":"平塚市","ward":"","town":"岡崎","chome":"","num_households":2738},"geometry":{"type":"MultiPolygon","coordinates":[[[[139.3028498768667,35.38664591756721],[139.3030463222489,35.38690367463656],[139.3030237209061,35.38699371259698],[139.30298800616458,35.38707017217849],[139.3028275289189,35.38703967715574],[139.302814981169,35.38727581026294],[139.3027879321444,35.38736850453949],[139.30275815855876,35.387734275205915],[139.3027576259426,35.38779582040681],[139.3025088673766,35.38787197479874],[139.3022378202104,35.388074996929326],[139.3022305596779,35.38808066892176],[139.30181811420778,35.38741943720152],[139.30156363200706,35.38683227969853],[139.30134080167102,35.38605949133097],[139.30129909327553,35.38519849097999],[139.30133210366952,35.384042266505745],[139.30130429794076,35.38313266750619],[139.30120373142628,35.38283033195311],[139.30096861213272,35.38234128125757],[139.30044137041804,35.38132447716917],[139.30035413828904,35.381153392801565],[139.3000942064405,35.38115935462772],[139.29986356272124,35.3811503057823],[139.2992860978814,35.38117288824662],[139.2989113228467,35.381107989284295],[139.298917036028,35.38093844292193],[139.2977882156821,35.381100114954606],[139.29685366835443,35.381243911321],[139.29644691437204,35.38130209872888],[139.2963987464726,35.381082454852574],[139.29579240559616,35.3811552446381],[139.29576966264761,35.38129844809691],[139.29557301842587,35.38127785397009],[139.29316475569496,35.38132258451476],[139.29071921127587,35.38136794433881],[139.29063540784435,35.381369468671174],[139.29052574156236,35.38146467595615],[139.28939526206437,35.38150514523534],[139.289462946814,35.38143869287416],[139.2896161093394,35.38133896395718],[139.28982209228104,35.3812806690661],[139.2901267203234,35.38125830973723],[139.29033215508096,35.38120487102327],[139.29043616397564,35.38114548165745],[139.29053910458637,35.3810657365713],[139.29064863640394,35.38093891008566],[139.29071190151956,35.380838776359184],[139.29073151924445,35.380733797453736],[139.2907142628762,35.38057471152966],[139.2906619218658,35.38033899167907],[139.29057187933336,35.38005085055529],[139.2905289687321,35.37987728349342],[139.29057746725357,35.3797220143862],[139.29065043535857,35.37960438918279],[139.29085628620732,35.379326451864465],[139.29089101083443,35.379257314733394],[139.29091607931835,35.379153628927526],[139.29093001735222,35.37898440137343],[139.29088198901601,35.37819759431396],[139.2908464795054,35.377634640342734],[139.29082880988577,35.377188381606935],[139.29082831581115,35.37707514448311],[139.2910783403015,35.376293975111324],[139.29116073686762,35.37596006258228],[139.29124397291542,35.37544778037418],[139.2912818796912,35.37528746385411],[139.29133601736726,35.37513024874588],[139.29137265886632,35.37498563008658],[139.29139907707645,35.374729772109994],[139.29138108243941,35.37454575539993],[139.29144866897724,35.37429226507708],[139.29154450088365,35.37409692836528],[139.29163373266886,35.37398247321391],[139.29173354020705,35.37390700809937],[139.29202911186357,35.373761788990684],[139.29237378405915,35.37362171881697],[139.29243721710193,35.37355320253916],[139.29280789559223,35.37349134253153],[139.29348525438215,35.37337162917302],[139.2940488110777,35.37316872912361],[139.29442115581597,35.373068985219064],[139.29681320905476,35.371937974187816],[139.29657881641631,35.37174461515868],[139.2965439368993,35.37166220931824],[139.296490476053,35.37160739672214],[139.2964141930467,35.37139516260227],[139.29631484594708,35.37089248461526],[139.2962226663751,35.37067250352802],[139.29593706621102,35.37029216227198],[139.29556700482928,35.36993700830849],[139.29552851553208,35.369900077777764],[139.29553090629778,35.36988311655155],[139.29559483684207,35.36942503516439],[139.29559604164405,35.36942475828732],[139.2964127937863,35.369256418690696],[139.29677825687483,35.36923268842846],[139.29866287398355,35.36919202695335],[139.29865404373447,35.369030654483915],[139.2986626860093,35.369030270736765],[139.29864782824788,35.36872378613159],[139.2986785053736,35.36872214148125],[139.2998914464132,35.36865079148255],[139.29992291715718,35.36898596122183],[139.29993909257473,35.36915821837644],[139.30034697721916,35.369147565799196],[139.3005231182355,35.369143975170346],[139.30145086280984,35.36910559779928],[139.30474557351016,35.36898047471219],[139.30474461284422,35.368969414324326],[139.30469527159002,35.36840455840233],[139.3045537772954,35.36637312255069],[139.30458169119984,35.366344231926085],[139.30458584067944,35.363794776416455],[139.3045710231507,35.36309000265356],[139.30490478710024,35.363078218631095],[139.30542930137773,35.36296874582646],[139.30609625800398,35.36290017153109],[139.30607412170824,35.36287359662753],[139.30606388548523,35.362861227177504],[139.3062763546441,35.362841517708695],[139.3069163779935,35.36290310207163],[139.3071172651188,35.36288636894815],[139.30720262157425,35.36281455643913],[139.30725339687675,35.362519709286325],[139.3076602749266,35.36217443459884],[139.3077432190062,35.362150147037006],[139.30777352544183,35.36216950253687],[139.30821409665649,35.362185073468524],[139.3088581250582,35.36209117211103],[139.30911487425715,35.36206333839753],[139.30944602340162,35.36204941849983],[139.31064905735857,35.3620258166409],[139.31062707547093,35.362055157202526],[139.3130041832909,35.36204666558802],[139.31312607012637,35.36365226267917],[139.31376484268336,35.36361366852669],[139.31382411130974,35.363662091599615],[139.31409970064155,35.363618415220856],[139.31442772889943,35.36361566743778],[139.31456720032585,35.36360408232044],[139.31481685141918,35.363563391632646],[139.3149346280632,35.363576924486594],[139.31516475631088,35.363564530375164],[139.31557945475564,35.36357299567312],[139.31562474680172,35.36355473865528],[139.3158230103029,35.363558121420134],[139.31654008918414,35.36351428434669],[139.31687183354217,35.36342682680141],[139.31889564489035,35.36224761785342],[139.31924651646537,35.36204312010459],[139.31955918932007,35.361945432666325],[139.31982139314894,35.36184872638772],[139.3201100975277,35.36176192174515],[139.32031698946605,35.36168448762938],[139.32142625099078,35.36108142795299],[139.32146385801485,35.36106827687683],[139.3214660819187,35.36107701932109],[139.32145237373805,35.36115175098633],[139.3215343298688,35.361420761900526],[139.3216105092741,35.36190510509603],[139.32155727211247,35.36197072557413],[139.32154596567744,35.36198462164926],[139.32153689915336,35.361950005900844],[139.32100479728638,35.362588891139204],[139.321150971574,35.362679651834924],[139.3211071839959,35.36273925666129],[139.32148225436347,35.3629316905997],[139.32160616436067,35.36299524364702],[139.32133942813942,35.363279753433034],[139.32123431068916,35.36341325365469],[139.32076985997446,35.36489926467471],[139.32068474967397,35.36504299032588],[139.32058175073297,35.36511276640145],[139.32032326248486,35.36525251700198],[139.3192147089018,35.365718940510064],[139.31901347279424,35.36576343781478],[139.31850627395585,35.365772828118345],[139.31829231884603,35.3658506505863],[139.31775889997218,35.365982180518586],[139.31750307812618,35.366025667129335],[139.3174109191862,35.36607287989111],[139.31729952894287,35.3661636029133],[139.3171493165622,35.36639810365847],[139.3169716997979,35.366907137393106],[139.3164105928955,35.36722798080177],[139.3155968384443,35.36769323188809],[139.31521219861008,35.367943415158464],[139.3152635490085,35.36802736755871],[139.31530393786443,35.36821303504142],[139.31543289200027,35.368701124742266],[139.31557031897006,35.36918199833119],[139.3168912791755,35.3692004006129],[139.31742646030656,35.3691538855091],[139.3211314905577,35.36850669034678],[139.32121695029886,35.3693964299814],[139.31810298708336,35.36997748403604],[139.31816315509388,35.370802674533664],[139.31617391762285,35.371083109650925],[139.31611689520847,35.37109286524917],[139.31615929869454,35.37169987807546],[139.3161174513884,35.37174392456254],[139.3161354041947,35.37184132548404],[139.31547929860096,35.37254012818742],[139.3154770059312,35.37254258367684],[139.3155044163717,35.37271439129426],[139.31551111299382,35.372756392377156],[139.31551264156315,35.37276583499842],[139.31563754165617,35.373548342243005],[139.31567985974252,35.37381641155769],[139.31568411195053,35.373844175717956],[139.3156365358665,35.37387559102296],[139.31507529192623,35.37424317773128],[139.31502443769827,35.37427655099139],[139.31492268792425,35.37434322572575],[139.31504627795036,35.37446544727014],[139.31501180628476,35.37450480590387],[139.3150098899205,35.37450902244952],[139.3149862101432,35.37456166690155],[139.31504658783254,35.37456530694706],[139.31507245652074,35.37457393934196],[139.31507313986145,35.37457464650524],[139.31507732924263,35.3745786786022],[139.31509937706545,35.37459968944022],[139.31515843288417,35.374608182341916],[139.3151589059846,35.374608254799256],[139.31521819534078,35.37461393233349],[139.31524952005503,35.374616602259536],[139.31530463597161,35.374663388478524],[139.31530463328176,35.37466381155142],[139.3153161557213,35.37494773373978],[139.31524407937897,35.37503953564979],[139.31516025098955,35.375093118557636],[139.31513791903757,35.37512985336862],[139.31517435940242,35.37516606640111],[139.3152979172722,35.375287372860704],[139.31532556134135,35.37531432214868],[139.31532340247753,35.37531558101554],[139.31507344598646,35.37545908210637],[139.31490823704158,35.375560131768914],[139.31469710515674,35.37566908135283],[139.31469520667784,35.37567005908745],[139.31456167129764,35.3758737782767],[139.31452785671956,35.37592489997531],[139.31443988125278,35.37600818301485],[139.31437405792948,35.375995715690784],[139.3143509459469,35.37597258798945],[139.31424886611157,35.37603623211909],[139.31422473349133,35.37603908579491],[139.31420326308762,35.37604159938474],[139.3141686096511,35.37606250563799],[139.31416593308248,35.376064043383785],[139.3141493456026,35.37609678859625],[139.31414251770158,35.3761088723183],[139.3141360362912,35.376161238483796],[139.31407327178715,35.37633638889661],[139.31404807296136,35.376404801528494],[139.31404617816844,35.37641204683919],[139.31404420682867,35.37641760113692],[139.31394451264342,35.37676153595154],[139.31394424842173,35.376762520171354],[139.31391246381222,35.376804988400536],[139.3138798413453,35.37687139653265],[139.31385183370196,35.37692831757764],[139.3138351301837,35.376958879654985],[139.31381402359912,35.376985830638745],[139.31378749499498,35.37700642021368],[139.31372566375506,35.37703502631201],[139.31362085895105,35.37707422080736],[139.31348495607213,35.377162859103684],[139.31342744623183,35.37720141264629],[139.31336228902467,35.37723894829517],[139.3133081262398,35.37727836129159],[139.31328925640426,35.377298138756395],[139.31327811288605,35.37731971071515],[139.31327247211976,35.377341305357284],[139.3132734394817,35.377364760636695],[139.31329490382907,35.377450486650154],[139.31329805135152,35.37747578122764],[139.3132924510326,35.377491039158386],[139.31327138413724,35.377511722050386],[139.31326030982063,35.37752244930278],[139.3132525203703,35.37753685160117],[139.3132502141082,35.377554869678406],[139.31325227309088,35.37757558266528],[139.31325873219996,35.377600892658776],[139.31331296015037,35.37772640739019],[139.313333633539,35.37779473574383],[139.31333586640676,35.37780178815339],[139.3133419939022,35.37783864483431],[139.3133415102097,35.37791441744002],[139.31333671861054,35.377957988535556],[139.3133346759177,35.37797523256083],[139.3133252468518,35.37803096607185],[139.3132514961603,35.37812149109029],[139.31320148950763,35.37818993688323],[139.31318934836872,35.37819277112809],[139.31317468786725,35.37819270772173],[139.31315242784618,35.378184865019975],[139.31309492908184,35.37815370104069],[139.31299267093303,35.3780634705961],[139.31286745284692,35.37795293018844],[139.31280323180656,35.37790448308824],[139.31277184169528,35.37789230563287],[139.3127482720723,35.37788706282196],[139.312569016418,35.3778835404239],[139.31256372700688,35.37788386908332],[139.31255985898096,35.37788378191479],[139.31252291323025,35.377886157693055],[139.312442901553,35.377880388191706],[139.3122836930533,35.37786822041873],[139.31226172323193,35.377888547054205],[139.312238460747,35.37790943200919],[139.31223776884377,35.37791006280893],[139.31210232980843,35.37793236309708],[139.3121008835411,35.37801749689633],[139.31208360800508,35.378560368741624],[139.31209496548016,35.378679851004236],[139.3120869503509,35.37876305375807],[139.31208570408003,35.37877649865761],[139.31205500352294,35.37876404202618],[139.3120296839997,35.378756467169275],[139.3120187416065,35.378753251371364],[139.3119962875702,35.378748435324205],[139.31195691720998,35.378740095616116],[139.31191498285008,35.378736041525535],[139.31191124330817,35.378736025313295],[139.31185045341778,35.378735761751436],[139.31183595179814,35.37873809261787],[139.31182769031042,35.37873918352272],[139.31182678625234,35.37873953142977],[139.31178455150686,35.37875519371207],[139.3117842924413,35.37875526245895],[139.31174584998345,35.37877685621429],[139.3117447254728,35.37877748429623],[139.31169827164632,35.378807986413676],[139.3116977962692,35.37880826575855],[139.31165907990015,35.37883873099926],[139.3116546312588,35.37884223327548],[139.31160468956625,35.37887976199886],[139.31160425942448,35.37887990097384],[139.31157462017288,35.37888934957877],[139.3115407622795,35.37889314623978],[139.31153959994646,35.378893282038014],[139.3115145483839,35.378891060188835],[139.31150664478594,35.37889039211418],[139.31150501225815,35.37889010389961],[139.31147091916034,35.378883547166005],[139.31144625016924,35.378874989673115],[139.31144325026065,35.378873920349385],[139.31144260586058,35.37887363559637],[139.3114075851815,35.378857639855845],[139.31140574266445,35.378856786264805],[139.31137550058708,35.37883926117624],[139.31125843008303,35.379000367981085],[139.31125653781035,35.37945633267198],[139.3111690678759,35.37950693682562],[139.3111685049422,35.37950714619329],[139.31107391563194,35.3795419457455],[139.3110659065516,35.379570571264765],[139.31104186909454,35.37959117132637],[139.3109970005677,35.37962921478974],[139.31092552005038,35.37960629884544],[139.31088481029124,35.37963943145018],[139.3108364019865,35.37968555783326],[139.31080759308645,35.37971303750282],[139.3108073326606,35.37971331750314],[139.31076305568595,35.37968580256649],[139.31072896997787,35.37966487961836],[139.3106950087704,35.37964402872171],[139.31069252476556,35.37964253964916],[139.31066800219162,35.37962539079401],[139.3106451902719,35.37960902454237],[139.31060810993057,35.379578794419935],[139.31058219412603,35.379557626075425],[139.31058150988406,35.37955705973804],[139.31048089687872,35.37951859482901],[139.310376284296,35.37950673165356],[139.3102940181496,35.37948362896649],[139.3102487828012,35.37944441876543],[139.31019128541817,35.379413747061975],[139.31018987123002,35.37941303725665],[139.31017116214457,35.37940718140438],[139.31010637615776,35.37938697005645],[139.31010465744274,35.379386399216166],[139.31005082833738,35.37942700873476],[139.3100401562837,35.3794351312638],[139.310028770539,35.3794474757319],[139.30998924318988,35.379490472055494],[139.30998872299898,35.37949103315593],[139.3099843950786,35.379502070339484],[139.30996941952412,35.37953784865059],[139.30996153310824,35.37955429327651],[139.3099423786925,35.379590828576966],[139.3099126437663,35.379675132784875],[139.30988892094146,35.3797339720384],[139.30988304927786,35.37975795986791],[139.30987826329869,35.37977378364691],[139.30986906059195,35.37981423537045],[139.3098690537967,35.37981529164795],[139.3098708726828,35.38003367289591],[139.30986358968718,35.380136173406335],[139.30985323785757,35.38028182885744],[139.30988399623496,35.3804394223199],[139.3097849486844,35.380485257524036],[139.3094463826189,35.380504698949096],[139.30922609015602,35.380450502102114],[139.30904979170379,35.38050121195024],[139.3089436214797,35.38054441035718],[139.30862055639727,35.380546877883184],[139.3083893277822,35.380568827793866],[139.30809637915243,35.380634591426734],[139.3079655216369,35.380632189454225],[139.30781775808674,35.38080492073862],[139.3078069388681,35.38086895614043],[139.30787198012075,35.381129794843076],[139.30779988607622,35.38118891579546],[139.30757598420138,35.38130075248056],[139.30756408772072,35.38131900987528],[139.30760325292565,35.38161227054509],[139.30763412703482,35.381757752997046],[139.30762386186677,35.38178263758133],[139.30753135880695,35.38192596085917],[139.3074463032575,35.38200129210125],[139.30728164975906,35.38207923229567],[139.3072323509378,35.38210257386952],[139.3067197176411,35.382345290769635],[139.30663806578093,35.38212050353466],[139.3065648637334,35.38203814429895],[139.3065187058011,35.382022168305305],[139.30643113080237,35.381955238076564],[139.30628564182402,35.38182890134035],[139.3062338582149,35.381811844327935],[139.30620374457092,35.381675237354536],[139.3060326895816,35.38135414714284],[139.30600153875503,35.381225281828655],[139.30600513498862,35.381134525715076],[139.30608558440335,35.38084115496442],[139.30610894152161,35.38071323292706],[139.3060931906901,35.38058950527663],[139.30602453710998,35.380422731635626],[139.3060217192297,35.380373143358966],[139.30607150041618,35.38027442111591],[139.3062128201358,35.38012807096029],[139.3062218560078,35.38012029382408],[139.30633646969306,35.38002150348245],[139.3063715585432,35.38000707881272],[139.30633299563897,35.37972142589556],[139.3063826735357,35.37947242645416],[139.3063331214754,35.379250384409524],[139.30630489401432,35.3791280111521],[139.30614560555318,35.379115132262925],[139.30608151025237,35.37916062511347],[139.30593227958164,35.37918771720507],[139.30573039843904,35.37923908600756],[139.3055034745272,35.37906837921017],[139.30573386489888,35.37887685873416],[139.30572625814108,35.37884978400487],[139.30602326370322,35.37868158255815],[139.30579634292366,35.378437356354496],[139.3055935445433,35.37853773412328],[139.3055495945005,35.37851972420716],[139.30533736619924,35.37835696860131],[139.3053095265791,35.37818825995876],[139.3052507379105,35.378178002042546],[139.30511925125938,35.37806799202906],[139.30507341356727,35.37807602985745],[139.30489107284797,35.37805797793947],[139.3047939417066,35.378066565944266],[139.30478780274052,35.37806520047355],[139.30473066454192,35.37805227520866],[139.30471674024713,35.37799186274253],[139.3047472916956,35.37786847818084],[139.3047519448697,35.377853568770036],[139.30461848891468,35.3778749548358],[139.3043455760074,35.377924156893734],[139.30434609744458,35.37795506796078],[139.30435017740632,35.3780046622686],[139.30432686699433,35.378035206862954],[139.30431684794758,35.37804275185496],[139.30420188947258,35.37812930411761],[139.30413535911185,35.37815782851896],[139.3037732398012,35.378237081295296],[139.3032575082034,35.37823065934398],[139.30323444892463,35.37817358740305],[139.30310158128026,35.378203636050394],[139.30304430063333,35.37799451619818],[139.30301692372322,35.37788756779414],[139.30297500498372,35.377729216924024],[139.3029262584756,35.377728299334805],[139.30267173458978,35.37775689618912],[139.30250611317203,35.37770011141618],[139.3022276848179,35.37784761381047],[139.3021492225952,35.37771607408692],[139.30208446242625,35.37777121043376],[139.30205487187163,35.37787861259953],[139.302002615719,35.37841583273051],[139.30171111247836,35.37846454511814],[139.3019274953199,35.378554665740836],[139.30224807812945,35.3786759621978],[139.3023542190564,35.37910819034223],[139.30244020499023,35.37925549446291],[139.30245125432765,35.37941779145058],[139.30243404560082,35.37943802968866],[139.3023032106379,35.37959190193874],[139.302299305293,35.3795964961567],[139.30229799196763,35.37962894035832],[139.302304064188,35.37963838527663],[139.30231542590795,35.3796560585643],[139.3024129354426,35.37972409165819],[139.30259926742232,35.37988658913648],[139.3026175863184,35.379902564441934],[139.30258875539135,35.380104346686316],[139.3026430265962,35.38022086387985],[139.30236712393136,35.38050448412828],[139.30235233064693,35.380519158231635],[139.30228678075204,35.380500256959614],[139.30195287900352,35.38039752119361],[139.30195740986665,35.380381907879034],[139.30198884440176,35.38028197877129],[139.30170551670918,35.38019059120501],[139.30169327400068,35.38020856477381],[139.3016666183217,35.38024540349049],[139.3016275090934,35.38033536883305],[139.30140308737202,35.38082472870919],[139.30138906826656,35.38085104194449],[139.30137611406295,35.380847004361826],[139.30130471081625,35.380852392047075],[139.30136383889828,35.38100849360673],[139.30133578784384,35.38110336608412],[139.30135334004268,35.381160906478755],[139.30141790674406,35.38143878803507],[139.30144318893898,35.38149122296852],[139.30151427768698,35.38177765356785],[139.3012593076413,35.38189863648041],[139.30130722290076,35.38205342098226],[139.3013865417005,35.38219221680128],[139.3013050553782,35.3822798118205],[139.3013765841676,35.38237392683727],[139.30154586387897,35.3827209314379],[139.30142059545074,35.382764249642975],[139.30142514700273,35.38280461996493],[139.30157941611293,35.38288269336546],[139.30192729481033,35.38305872971178],[139.3020845491921,35.383028789951155],[139.30234600021126,35.38291635536938],[139.3023962459784,35.38311621873137],[139.3025515331127,35.38294620439245],[139.30285293554422,35.383188156879115],[139.30300383812997,35.383077275632466],[139.3031670946643,35.38307630414761],[139.30345867649288,35.382911889263006],[139.303543083553,35.38292366748161],[139.30356214589003,35.38292618246242],[139.3037286165309,35.38294814449045],[139.30419725129366,35.3829868251361],[139.3041914992563,35.3830666267683],[139.30426208501638,35.38309166697163],[139.30428819353577,35.38317803493728],[139.30419030418264,35.3831283085899],[139.30415626713776,35.38311553954052],[139.30412001180682,35.383105465315765],[139.3040793347928,35.38309807568296],[139.30403422186714,35.38309607460371],[139.30398906589178,35.38310038308573],[139.30396701823463,35.38310569425929],[139.30393062741334,35.38311635100328],[139.30389860936154,35.38313153385192],[139.30389197070429,35.383136912732276],[139.30378749346482,35.38312383452443],[139.3037833789273,35.383116066356145],[139.30377553415104,35.383101247464644],[139.30349812051134,35.3832775989413],[139.30354732014194,35.38332829290353],[139.30355882472392,35.38333672516155],[139.30369082296593,35.383433483731395],[139.30370588462964,35.38348673155975],[139.30372879363696,35.38351838056188],[139.3037494816574,35.383552723824124],[139.30376256032596,35.38357261177982],[139.30377663379912,35.38360872882724],[139.30378519239787,35.38364662449815],[139.3037860653871,35.38368178180333],[139.30377369931315,35.383721388353855],[139.30375903387983,35.383757970476076],[139.30374134216964,35.38378884955326],[139.30369592772269,35.38383281713599],[139.30364512871935,35.383858733985],[139.30362489422606,35.38386865678473],[139.30360869127,35.38387660133618],[139.3035606765671,35.38392164674109],[139.3033954520632,35.384057981966734],[139.3031364472207,35.38430246798437],[139.30288607911874,35.384495372837875],[139.3025138401701,35.38484266565436],[139.30230180933586,35.3852746738689],[139.30220221641815,35.385349302638375],[139.30216722654478,35.38566392659632],[139.3021674091951,35.38575462860918],[139.3021385823102,35.3859882260733],[139.3022131630766,35.386109325638124],[139.30225226991416,35.38613217395455],[139.3028498768667,35.38664591756721]]]]}},{"type":"Feature","properties":{"area_id":"14203075201","city":"平塚市","ward":"","town":"ふじみ野","chome":"1","num_households":378},"geometry":{"type":"MultiPolygon","coordinates":[[[[139.30235233064693,35.380519158231635],[139.30236712393136,35.38050448412828],[139.3026430265962,35.38022086387985],[139.30258875539135,35.380104346686316],[139.3026175863184,35.379902564441934],[139.30259926742232,35.37988658913648],[139.3024129354426,35.37972409165819],[139.30231542590795,35.3796560585643],[139.302304064188,35.37963838527663],[139.30229799196763,35.37962894035832],[139.302299305293,35.3795964961567],[139.3023032106379,35.37959190193874],[139.30243404560082,35.37943802968866],[139.30245125432765,35.37941779145058],[139.30244020499023,35.37925549446291],[139.3023542190564,35.37910819034223],[139.30224807812945,35.3786759621978],[139.3019274953199,35.378554665740836],[139.30171111247836,35.37846454511814],[139.302002615719,35.37841583273051],[139.30205487187163,35.37787861259953],[139.30208446242625,35.37777121043376],[139.3021492225952,35.37771607408692],[139.3022276848179,35.37784761381047],[139.30250611317203,35.37770011141618],[139.30267173458978,35.37775689618912],[139.3029262584756,35.377728299334805],[139.30297500498372,35.377729216924024],[139.30301692372322,35.37788756779414],[139.30304430063333,35.37799451619818],[139.30310158128026,35.378203636050394],[139.30323444892463,35.37817358740305],[139.3032575082034,35.37823065934398],[139.3037732398012,35.378237081295296],[139.30413535911185,35.37815782851896],[139.30420188947258,35.37812930411761],[139.30431684794758,35.37804275185496],[139.30432686699433,35.378035206862954],[139.30435017740632,35.3780046622686],[139.30434609744458,35.37795506796078],[139.3043455760074,35.377924156893734],[139.30461848891468,35.3778749548358],[139.3047519448697,35.377853568770036],[139.3047472916956,35.37786847818084],[139.30471674024713,35.37799186274253],[139.30473066454192,35.37805227520866],[139.30478780274052,35.37806520047355],[139.3047939417066,35.378066565944266],[139.30489107284797,35.37805797793947],[139.30507341356727,35.37807602985745],[139.30511925125938,35.37806799202906],[139.3052507379105,35.378178002042546],[139.3053095265791,35.37818825995876],[139.30533736619924,35.37835696860131],[139.3055495945005,35.37851972420716],[139.3055935445433,35.37853773412328],[139.30579634292366,35.378437356354496],[139.30602326370322,35.37868158255815],[139.30572625814108,35.37884978400487],[139.30573386489888,35.37887685873416],[139.3055034745272,35.37906837921017],[139.30573039843904,35.37923908600756],[139.30593227958164,35.37918771720507],[139.30608151025237,35.37916062511347],[139.30614560555318,35.379115132262925],[139.30630489401432,35.3791280111521],[139.3063331214754,35.379250384409524],[139.3063826735357,35.37947242645416],[139.30633299563897,35.37972142589556],[139.3063715585432,35.38000707881272],[139.30633646969306,35.38002150348245],[139.3062218560078,35.38012029382408],[139.3062128201358,35.38012807096029],[139.30607150041618,35.38027442111591],[139.3060217192297,35.380373143358966],[139.30602453710998,35.380422731635605],[139.3055089760634,35.38071264788373],[139.30522484716124,35.38086970785072],[139.30484059791345,35.38082626383181],[139.30447306812775,35.38078373703476],[139.30381678966194,35.38070419289992],[139.30379366617274,35.38070139000184],[139.30321053169135,35.380625763731786],[139.3031641766073,35.38061975120969],[139.30279940103827,35.380577090664175],[139.30245175302497,35.38054362446616],[139.30242989202307,35.38054152007207],[139.30235233064693,35.380519158231635]]]]}},{"type":"Feature","properties":{"area_id":"14203075202","city":"平塚市","ward":"","town":"ふじみ野","chome":"2","num_households":457},"geometry":{"type":"MultiPolygon","coordinates":[[[[139.3067197176411,35.382345290769635],[139.30663312288056,35.38238631883974],[139.30629664966736,35.3823930166238],[139.3062020574648,35.38241372832396],[139.30599243898618,35.38247020352744],[139.3054306166912,35.38271829820387],[139.3052221321563,35.38285843660727],[139.3051618027233,35.38291274786309],[139.3049647199726,35.38303159869299],[139.30432257602567,35.38325342065895],[139.30428819353577,35.38317803493728],[139.30426208501638,35.38309166697163],[139.3041914992563,35.3830666267683],[139.30419725129366,35.3829868251361],[139.3037286165309,35.38294814449045],[139.30356214589003,35.38292618246242],[139.303543083553,35.38292366748161],[139.30345867649288,35.382911889263006],[139.3031670946643,35.38307630414761],[139.30300383812997,35.383077275632466],[139.30285293554422,35.383188156879115],[139.3025515331127,35.38294620439245],[139.3023962459784,35.38311621873137],[139.30234600021126,35.38291635536938],[139.3020845491921,35.383028789951155],[139.30192729481033,35.38305872971178],[139.30157941611293,35.38288269336546],[139.30142514700273,35.38280461996493],[139.30142059545074,35.382764249642975],[139.30154586387897,35.3827209314379],[139.3013765841676,35.38237392683727],[139.3013050553782,35.3822798118205],[139.3013865417005,35.38219221680128],[139.30130722290076,35.38205342098226],[139.3012593076413,35.38189863648041],[139.30151427768698,35.38177765356785],[139.30144318893898,35.38149122296852],[139.30141790674406,35.38143878803507],[139.30135334004268,35.381160906478755],[139.30133578784384,35.38110336608412],[139.30136383889828,35.38100849360673],[139.30130471081625,35.380852392047075],[139.30137611406295,35.380847004361826],[139.30138906826656,35.38085104194449],[139.30140308737202,35.38082472870919],[139.3016275090934,35.38033536883305],[139.3016666183217,35.38024540349049],[139.30169327400068,35.38020856477381],[139.30170551670918,35.38019059120501],[139.30198884440176,35.38028197877129],[139.30195740986665,35.380381907879034],[139.30195287900352,35.38039752119361],[139.30228678075204,35.380500256959614],[139.30235233064693,35.380519158231635],[139.30242989202307,35.38054152007207],[139.30245175302497,35.38054362446616],[139.30279940103827,35.380577090664175],[139.3031641766073,35.38061975120969],[139.30321053169135,35.380625763731786],[139.30379366617274,35.38070139000184],[139.30381678966194,35.38070419289992],[139.30447306812775,35.38078373703476],[139.30484059791345,35.38082626383181],[139.30522484716124,35.38086970785072],[139.3055089760634,35.38071264788373],[139.30602453710998,35.380422731635605],[139.3060931906901,35.38058950527663],[139.30610894152164,35.38071323292706],[139.30608558440335,35.38084115496442],[139.30600513498862,35.381134525715076],[139.30600153875503,35.381225281828655],[139.3060326895816,35.38135414714284],[139.30620374457092,35.381675237354536],[139.3062338582149,35.381811844327935],[139.30628564182408,35.381828901340306],[139.30643113080237,35.381955238076564],[139.3065187058011,35.382022168305305],[139.3065648637334,35.38203814429895],[139.30663806578093,35.38212050353466],[139.3067197176411,35.382345290769635]]]]}},{"type":"Feature","properties":{"area_id":"142030801","city":"平塚市","ward":"","town":"寺田縄","chome":"","num_households":1077},"geometry":{"type":"MultiPolygon","coordinates":[[[[139.32154596567744,35.36198462164926],[139.32155727211247,35.36197072557413],[139.3216105092741,35.36190510509603],[139.3215343298688,35.361420761900526],[139.32145237373805,35.36115175098633],[139.3214660819187,35.36107701932109],[139.32146385801485,35.36106827687683],[139.32142625099078,35.36108142795299],[139.32031698946605,35.36168448762938],[139.3201100975277,35.36176192174515],[139.31982139314894,35.36184872638772],[139.31955918932007,35.361945432666325],[139.31924651646537,35.36204312010459],[139.31889564489035,35.36224761785342],[139.31687183354217,35.36342682680141],[139.31654008918414,35.36351428434669],[139.3158230103029,35.363558121420134],[139.31562474680172,35.36355473865528],[139.31557945475564,35.36357299567312],[139.31516475631088,35.363564530375164],[139.3149346280632,35.363576924486594],[139.31481685141918,35.363563391632646],[139.31456720032585,35.36360408232044],[139.31442772889943,35.36361566743778],[139.31409970064155,35.363618415220856],[139.31382411130974,35.363662091599615],[139.31376484268336,35.36361366852669],[139.31312607012637,35.36365226267917],[139.3130041832909,35.36204666558802],[139.31062707547093,35.362055157202526],[139.31064905735857,35.3620258166409],[139.30944602340162,35.36204941849983],[139.30939057468126,35.35910202800106],[139.30815187325592,35.359108644317786],[139.30812333352753,35.3580791683861],[139.3080937542796,35.3570110263833],[139.3080699159333,35.35600600685817],[139.30854251576233,35.35603502133399],[139.30916330231366,35.35604523779289],[139.30935312671835,35.35593443853701],[139.30964000923376,35.35592926747046],[139.30967897675308,35.35587781694867],[139.30980099723388,35.35577728737409],[139.30985946509955,35.35569444230321],[139.30999006648346,35.355549020877575],[139.3105712276007,35.355255540504686],[139.31058207727293,35.35525932011949],[139.3105817709188,35.3552466423076],[139.31148721280695,35.35514757998318],[139.3126600794121,35.355047191382],[139.31484776462014,35.354887607145706],[139.31562299917337,35.354905983702324],[139.3166385706668,35.35494551994513],[139.31715163443093,35.35494284164958],[139.31772456840872,35.354912881073524],[139.31895975595353,35.35481748283091],[139.31903389011134,35.35481174034],[139.319229948809,35.3547522880735],[139.31930044644795,35.35468906529661],[139.31932186151298,35.354626056786834],[139.3194183814427,35.354702803267216],[139.32015228072285,35.35471935769295],[139.32031907795835,35.35472041376184],[139.3206943663157,35.35470791336661],[139.32186141879433,35.35464783120723],[139.32199164395422,35.35462070310242],[139.3220944341196,35.35453430471754],[139.32217188405576,35.354376035801316],[139.3230599884748,35.354268641247025],[139.32306302118286,35.35427154135559],[139.3232249573177,35.35507772734725],[139.32324168441022,35.35516561701944],[139.32325871675602,35.355255065549365],[139.3233043130236,35.355494546251144],[139.32348678226012,35.35549827098763],[139.32420063575412,35.355518380144474],[139.32423180670278,35.35581985370224],[139.32338132950036,35.35592839845297],[139.32346634499805,35.35666433035768],[139.32345711330308,35.35681422411762],[139.32346102993506,35.3574806592023],[139.3234671876631,35.35756836254852],[139.32342105464267,35.35788711736056],[139.3234195319314,35.35789682942265],[139.32345590447434,35.35792275740542],[139.32334010150726,35.35851615303965],[139.32327945299522,35.3587632482504],[139.32296389911957,35.358750446656394],[139.322906001367,35.358869676491956],[139.32289924618158,35.35888358476326],[139.32288698527637,35.358908773383554],[139.3227307487212,35.35911535539078],[139.3227238874124,35.359124427630015],[139.32272702893854,35.35913443550585],[139.32278212116248,35.35930996885479],[139.3228026415166,35.35937535443539],[139.32281344155098,35.359407850883734],[139.3229899983355,35.3594543290992],[139.32316414760842,35.359500173043855],[139.32317152887097,35.35965736263608],[139.32319461960438,35.35977950449871],[139.32324779453893,35.36006043630338],[139.32333698906803,35.36034835141343],[139.32333855228688,35.36035258451171],[139.3234316735863,35.36060375393911],[139.32335771333936,35.36094549006086],[139.32326619618905,35.3611256008901],[139.32288290570474,35.36168406437968],[139.3223253302937,35.362369961632325],[139.3222809698968,35.3623771688693],[139.32163042507142,35.36230709718695],[139.32154596567744,35.36198462164926]]]]}},{"type":"Feature","properties":{"area_id":"142030802","city":"平塚市","ward":"","town":"入野","chome":"","num_households":1247},"geometry":{"type":"MultiPolygon","coordinates":[[[[139.3080699159333,35.35600600685817],[139.3080696822868,35.35582178289282],[139.30806233596886,35.355721119178135],[139.30806083613808,35.35570026789238],[139.3074853040698,35.35597136487509],[139.30678661609699,35.35609108251053],[139.3064401076406,35.356104368780834],[139.30590052038744,35.35613920914977],[139.30560857745564,35.356182305856755],[139.3055731943824,35.35581124362378],[139.30553619579683,35.35579678675423],[139.30543669609762,35.35513861784817],[139.30540640190856,35.35493813729032],[139.3054084417503,35.35492842799996],[139.30547790587428,35.35460127024622],[139.30541170585755,35.35445675955703],[139.30541080095944,35.35443062983002],[139.3054331377364,35.35437938911593],[139.30554925194787,35.35428883918516],[139.30588660626825,35.354041223361726],[139.30666028667525,35.35347339008795],[139.30668805334489,35.35345294677378],[139.30667582355565,35.35201757212599],[139.3066761365523,35.35190898428686],[139.30829294661328,35.351786261858265],[139.30931861262215,35.350768805349134],[139.31161005326354,35.352354330274004],[139.3145083297559,35.34963449178701],[139.3144792330563,35.34956028324997],[139.3144488045936,35.34952670425212],[139.31546424342037,35.34951546040785],[139.3164872085919,35.349503536777334],[139.31728427062737,35.34949424046417],[139.3175622812964,35.349488233465706],[139.31757601746864,35.349490827380066],[139.31803941795198,35.349480181913606],[139.3181907929958,35.349478427653736],[139.31881688018797,35.34947100268187],[139.31987766826987,35.34945850561745],[139.31994596488636,35.3494640751359],[139.31998230451762,35.34946704517167],[139.320112826259,35.34947365140534],[139.32033285885433,35.34946148040482],[139.32042901240987,35.34943850360249],[139.3205239308224,35.349393198458266],[139.32072798527227,35.34938497961169],[139.3207701535967,35.34939030614939],[139.3208109638574,35.349395462457],[139.32084353461644,35.349395599450865],[139.32083820106777,35.34931784844236],[139.32082545074277,35.349131985791],[139.3208467542267,35.34912879354409],[139.3209072324199,35.349121170897966],[139.32099209622643,35.34911047453714],[139.32117597168738,35.34908781073742],[139.32131932833687,35.34906963536355],[139.32134113273867,35.349066870417495],[139.32137266663364,35.34906217393382],[139.32151182278818,35.3490414465266],[139.32152673276906,35.34911993218679],[139.3215448597897,35.34921195320189],[139.32156299814426,35.34930217132008],[139.3215677702695,35.349319047311155],[139.32162942655415,35.34931664775122],[139.32198915524847,35.3492663262795],[139.3220216581221,35.34926406939231],[139.32264730356056,35.3491752830737],[139.3232822520428,35.34909702529935],[139.32331532961763,35.34909293998132],[139.32332913092358,35.349091235503735],[139.32337458087673,35.34926649911231],[139.32441232157055,35.34913675106056],[139.3244742251272,35.34927870309089],[139.3245121428044,35.349400905577845],[139.32451981692188,35.34956974490074],[139.32452975434086,35.349654860172095],[139.3245413186208,35.34975392232953],[139.32445647189218,35.350121392001554],[139.32434264294218,35.35036697680658],[139.32410825158897,35.35072487664448],[139.324086756804,35.350760350762705],[139.32366206484622,35.35146851574192],[139.32349681242712,35.35171705350013],[139.3234772728644,35.35177669092112],[139.32346332782427,35.35179360348755],[139.32317744668032,35.35238431629341],[139.32315549858563,35.352485352022676],[139.32303197057928,35.35284476880763],[139.32281735980897,35.35284802272864],[139.32223148055414,35.35336979443298],[139.32213335511423,35.35348719918005],[139.3220476827292,35.35364775704342],[139.32200633774863,35.35377800686246],[139.32201591039677,35.353944387481015],[139.32217188405576,35.354376035801316],[139.3220944341196,35.35453430471754],[139.32199164395422,35.35462070310242],[139.32186141879433,35.35464783120723],[139.3206943663157,35.35470791336661],[139.32031907795835,35.35472041376184],[139.32015228072285,35.354719357693],[139.3194183814427,35.354702803267216],[139.31932186151298,35.35462605678685],[139.31930044644795,35.35468906529661],[139.319229948809,35.3547522880735],[139.3190338901113,35.35481174034],[139.3189597559535,35.35481748283091],[139.31772456840872,35.354912881073524],[139.31715163443093,35.35494284164958],[139.3166385706668,35.35494551994513],[139.31562299917337,35.354905983702324],[139.31484776462014,35.354887607145706],[139.3126600794121,35.355047191382],[139.31148721280695,35.35514757998318],[139.3105817709188,35.3552466423076],[139.31058207727293,35.35525932011949],[139.3105712276007,35.355255540504686],[139.30999006648346,35.355549020877575],[139.30985946509955,35.35569444230321],[139.30980099723388,35.35577728737409],[139.30967897675308,35.35587781694867],[139.30964000923376,35.35592926747046],[139.30935312671835,35.35593443853701],[139.30916330231366,35.35604523779289],[139.30854251576233,35.35603502133399],[139.3080699159333,35.35600600685817]]]]}},{"type":"Feature","properties":{"area_id":"142030803","city":"平塚市","ward":"","town":"長持","chome":"","num_households":1584},"geometry":{"type":"MultiPolygon","coordinates":[[[[139.32441232157055,35.34913675106056],[139.32337458087673,35.34926649911231],[139.32332913092358,35.349091235503735],[139.32331532961763,35.34909293998132],[139.3232822520428,35.34909702529935],[139.32264730356056,35.3491752830737],[139.3220216581221,35.34926406939231],[139.32198915524847,35.3492663262795],[139.32162942655415,35.34931664775122],[139.3215677702695,35.349319047311155],[139.32156299814426,35.34930217132008],[139.3215448597897,35.34921195320189],[139.32152673276906,35.34911993218679],[139.32151182278818,35.3490414465266],[139.32137266663364,35.34906217393382],[139.32134113273867,35.349066870417495],[139.32131932833687,35.34906963536355],[139.32117597168738,35.34908781073742],[139.32099209622643,35.34911047453714],[139.3209072324199,35.349121170897966],[139.3208467542267,35.34912879354409],[139.32082545074277,35.349131985791],[139.32083820106777,35.34931784844236],[139.32084353461644,35.349395599450865],[139.3208109638574,35.349395462457],[139.3207701535967,35.34939030614939],[139.32072798527227,35.34938497961169],[139.3205239308224,35.349393198458266],[139.32042901240987,35.34943850360249],[139.32033285885433,35.34946148040482],[139.320112826259,35.34947365140534],[139.31998230451762,35.34946704517167],[139.31994596488636,35.3494640751359],[139.31987766826987,35.34945850561745],[139.31881688018797,35.34947100268187],[139.3181907929958,35.349478427653736],[139.31803941795198,35.349480181913606],[139.31757601746864,35.349490827380066],[139.3175622812964,35.349488233465706],[139.31728427062737,35.34949424046417],[139.3164872085919,35.349503536777334],[139.31546424342037,35.34951546040785],[139.3144488045936,35.34952670425212],[139.3144792330563,35.34956028324997],[139.3145083297559,35.34963449178701],[139.31161005326354,35.352354330274004],[139.30931861262215,35.350768805349134],[139.3105600898047,35.349541416476825],[139.3105424552095,35.34951676318018],[139.30667925268003,35.349840169024816],[139.30665984520587,35.34975741069007],[139.30723972510546,35.34924500158118],[139.30775869031643,35.34886070368101],[139.30801698973139,35.34865858351882],[139.30813200760775,35.348609714939236],[139.30825449513293,35.348595525681276],[139.30834289498304,35.34853569713574],[139.308569769378,35.34826104760623],[139.30865437186495,35.34818324501495],[139.3088308152699,35.348105416352645],[139.30991834908272,35.34804079981161],[139.31151011985872,35.34803642479485],[139.31198319194044,35.34809140551372],[139.31200832255067,35.34811996332556],[139.31242765976137,35.3481707690853],[139.31275764039046,35.34812175639332],[139.312920008929,35.34799949350883],[139.31295224492607,35.34799906770673],[139.31305298392817,35.34791069503622],[139.31327588525025,35.347757704073224],[139.31352079752253,35.34763043882455],[139.31357990446742,35.34756048000836],[139.31367019140245,35.34741262641291],[139.31365129403187,35.347417406124286],[139.3137003315685,35.347200925431686],[139.31372328100744,35.34719419224389],[139.31382813923094,35.34710654139771],[139.31382347056703,35.34706342268864],[139.31385605088118,35.34663694472793],[139.31390536951687,35.346281241619785],[139.31394295547315,35.34584464394441],[139.31395653764508,35.345587309071945],[139.31395976200284,35.34552626740292],[139.31438788359478,35.34522724399015],[139.31437907444527,35.34521361508898],[139.3158252314186,35.34514897557083],[139.3158782758239,35.345146665625606],[139.3162240582861,35.345131580057114],[139.31653990739073,35.34512671950577],[139.31718479801188,35.345103812735864],[139.31745731631165,35.345094118217034],[139.31748148417535,35.34509154476006],[139.31773631924975,35.34506480304114],[139.3178423488383,35.3450425039376],[139.31809459469957,35.345010610165566],[139.31845353965977,35.344966137857895],[139.31849811693235,35.344977733671165],[139.31885271956307,35.34506979191418],[139.31887330742634,35.345049033418235],[139.3194862291342,35.34443006095995],[139.31987707794232,35.344128743959494],[139.3198829175103,35.34412278198292],[139.3199937723369,35.34400909237687],[139.31996883277893,35.343956663445404],[139.32033047224633,35.34339233121967],[139.32042988587202,35.34338302956678],[139.32064466375675,35.343061180345266],[139.32063381555497,35.342961345316965],[139.321139951337,35.34313339591239],[139.3213319810852,35.3431638469962],[139.32166275672697,35.343045440485376],[139.32189136942992,35.342963578047765],[139.32240322833115,35.34296937843879],[139.32260514275657,35.34358445661708],[139.32278584866975,35.34413493844325],[139.3228255329621,35.34425573995217],[139.32310564174918,35.34510882545726],[139.32317227473183,35.345256430217454],[139.3232764091422,35.3457508178652],[139.32331927415268,35.34595423932271],[139.32235091029247,35.346101600922914],[139.3221484590242,35.3466302678983],[139.32225148942862,35.34717662276917],[139.3222813137801,35.347334707731314],[139.32260804766688,35.34727417435923],[139.3226528025252,35.34747063289347],[139.32296957835555,35.34742850681301],[139.32299723503345,35.34756932903655],[139.323795398719,35.34746189000116],[139.32384867787707,35.34762894551838],[139.323853105014,35.347642838057475],[139.3239631189754,35.34798781050909],[139.32441232157055,35.34913675106056]]]]}},{"type":"Feature","properties":{"area_id":"142030804","city":"平塚市","ward":"","town":"飯島","chome":"","num_households":114},"geometry":{"type":"MultiPolygon","coordinates":[[[[139.30944602340162,35.36204941849983],[139.30911487425715,35.36206333839753],[139.3088581250582,35.36209117211103],[139.30821409665649,35.362185073468524],[139.30777352544183,35.36216950253687],[139.3077432190062,35.362150147037006],[139.3076602749266,35.36217443459884],[139.30725339687675,35.362519709286325],[139.30720262157425,35.36281455643913],[139.3071172651188,35.36288636894815],[139.3069163779935,35.36290310207163],[139.3062763546441,35.362841517708695],[139.30606388548523,35.362861227177504],[139.30605317884678,35.3628286457189],[139.30579038401413,35.36251475902123],[139.3045654645808,35.36104296488558],[139.30456304809502,35.36096478674019],[139.30458549765518,35.360212856341285],[139.3045981748898,35.35978862280293],[139.30456680412908,35.35976771235768],[139.30449441412864,35.359450360240025],[139.30448175292784,35.359341221940085],[139.3044761344715,35.359292888452515],[139.30449444448797,35.35902100179622],[139.30447903246863,35.35884551465383],[139.30437758090744,35.35833022250177],[139.30434594466394,35.35768037782925],[139.3043722580832,35.357453454235696],[139.3044419540056,35.357343689941644],[139.30414020794422,35.35708125239104],[139.30429481218425,35.356955097394135],[139.30456777458633,35.35675748703905],[139.3048329219367,35.356611531188186],[139.30548657972668,35.356284872602174],[139.30561268239896,35.356225281306],[139.30560857745564,35.356182305856755],[139.30590052038744,35.35613920914977],[139.3064401076406,35.356104368780834],[139.30678661609699,35.35609108251053],[139.3074853040698,35.35597136487509],[139.30806083613808,35.35570026789238],[139.30806233596886,35.355721119178135],[139.3080696822868,35.35582178289282],[139.3080699159333,35.35600600685817],[139.3080937542796,35.3570110263833],[139.30812333352753,35.3580791683861],[139.30815187325592,35.359108644317786],[139.30939057468126,35.35910202800106],[139.30944602340162,35.36204941849983]]]]}},{"type":"Feature","properties":{"area_id":"142030805","city":"平塚市","ward":"","town":"入部","chome":"","num_households":0},"geometry":{"type":"MultiPolygon","coordinates":[[[[139.3105600898047,35.349541416476825],[139.30931861262215,35.35076880534912],[139.30829294661328,35.351786261858265],[139.3066761365523,35.35190898428686],[139.30667925268003,35.349840169024844],[139.3105424552095,35.34951676318018],[139.3105600898047,35.349541416476825]]]]}},{"type":"Feature","properties":{"area_id":"142030851","city":"平塚市","ward":"","town":"広川","chome":"","num_households":1135},"geometry":{"type":"MultiPolygon","coordinates":[[[[139.30414020794422,35.35708125239104],[139.3040933345917,35.35710485102302],[139.3024429310415,35.35840297180693],[139.3023726753593,35.3583140741582],[139.30176747528995,35.35843557801496],[139.30165746955228,35.35845763090355],[139.30152903358865,35.35797714872463],[139.3014792320584,35.357856157870046],[139.3013764717453,35.35773627349286],[139.3009615837989,35.35763558466397],[139.30058834047432,35.35759507484668],[139.30052611107112,35.357567689108166],[139.300423649104,35.357461536932206],[139.3003274323891,35.35743231235349],[139.30030763539355,35.357357367951806],[139.30022344202501,35.35725763484745],[139.29991640718717,35.357076572001596],[139.29981916503525,35.35698107593175],[139.29982904541416,35.356876473850804],[139.2997652374563,35.35675528128934],[139.299591414685,35.35661853399715],[139.29947446235647,35.35634950550973],[139.2990363424674,35.355997727732216],[139.29898124333874,35.35596473960752],[139.29882473738448,35.35595369847662],[139.29880141575032,35.35595719499692],[139.29878412400922,35.35595978717788],[139.29854107817553,35.3557027385299],[139.29851038849378,35.3553817649737],[139.29842535319958,35.355142311805366],[139.29823565878417,35.35492310137458],[139.2982050422914,35.35478782951303],[139.29824503231225,35.354568644251536],[139.29829436415488,35.35446499134689],[139.29835071398165,35.354392424348],[139.29849402369183,35.35425862245235],[139.29853285457386,35.35417034478924],[139.298500300905,35.353989500498784],[139.29844615108888,35.353713353260474],[139.2983691860348,35.35363315777215],[139.2982402222145,35.35355843628467],[139.29808574533288,35.35349444822074],[139.2979866663963,35.35337859207892],[139.29793085830897,35.35323102551677],[139.29791379477632,35.35309377175381],[139.29807755835947,35.3529018935355],[139.29805696657544,35.35281103025549],[139.29789930275805,35.352584707941155],[139.29782343073904,35.35241036462036],[139.29783315907258,35.352316467072065],[139.29788732556742,35.352131288479754],[139.29791352964386,35.352041617195226],[139.29791530675234,35.35200007691794],[139.2981397219384,35.351989446319635],[139.29836987448263,35.35192982675166],[139.29849355334332,35.35188593559862],[139.2984924555984,35.35188283281486],[139.29838225516247,35.3515758777018],[139.29831332426207,35.35134572170265],[139.29830033118117,35.35131503103518],[139.298177817904,35.3510179509164],[139.2980295848659,35.35065850573053],[139.29797899999335,35.35050152690382],[139.29781082030942,35.34997974481113],[139.29775463326808,35.3498054882269],[139.29773591715974,35.349638649975425],[139.29761393551806,35.349281151576655],[139.2975157648908,35.348988684630555],[139.29748758180133,35.34892187277831],[139.29747891469074,35.34890021494171],[139.29747231627087,35.34887103232258],[139.29762156183625,35.348905350230616],[139.29770275114993,35.34892401824351],[139.29814400238251,35.349026731922805],[139.29843715987923,35.3490835828323],[139.2987538816819,35.34908575050784],[139.29917645761597,35.3490548615249],[139.29939003318867,35.34900502603447],[139.29950038003784,35.349014031300406],[139.29960366920335,35.348978639939595],[139.29965027432527,35.34905468803069],[139.29986462795125,35.34906971252479],[139.300147711001,35.34910961422234],[139.30049890542756,35.349249319224405],[139.30090982741652,35.3494365365144],[139.3010712424365,35.349509917225575],[139.30185950770633,35.349868285123925],[139.30218030850654,35.35001679567994],[139.3023442880838,35.350053003858285],[139.3023609663735,35.350052513314346],[139.3030440349848,35.35010014007226],[139.30318044971594,35.350013413012796],[139.3033214095562,35.34960403727265],[139.3035392991927,35.34905492926277],[139.3036688392897,35.34909316914695],[139.30380666202225,35.3491134870843],[139.30462290310317,35.349128586336505],[139.30506867542232,35.349158832963646],[139.30665275446205,35.34919112443426],[139.30665984520587,35.34975741069007],[139.30667925268003,35.34984016902483],[139.3066761365523,35.35190898428686],[139.30667582355565,35.352017572126],[139.30668805334489,35.35345294677378],[139.30666028667525,35.35347339008795],[139.30588660626825,35.35404122336175],[139.30554925194787,35.35428883918516],[139.3054331377364,35.35437938911593],[139.30541080095944,35.35443062983002],[139.30541170585755,35.35445675955703],[139.30547790587428,35.35460127024622],[139.3054084417503,35.35492842799996],[139.30540640190856,35.35493813729032],[139.30543669609762,35.35513861784817],[139.30553619579683,35.35579678675423],[139.3055731943824,35.35581124362378],[139.30560857745564,35.356182305856755],[139.30561268239896,35.356225281306],[139.30548657972668,35.356284872602174],[139.3048329219367,35.356611531188186],[139.30456777458633,35.35675748703905],[139.30429481218425,35.356955097394135],[139.30414020794422,35.35708125239104]]]]}},{"type":"Feature","properties":{"area_id":"142030852","city":"平塚市","ward":"","town":"片岡","chome":"","num_households":1307},"geometry":{"type":"MultiPolygon","coordinates":[[[[139.30469527159002,35.36840455840233],[139.30474461284422,35.368969414324326],[139.30474557351016,35.36898047471219],[139.30145086280984,35.36910559779928],[139.3005231182355,35.369143975170346],[139.30034697721916,35.369147565799196],[139.29993909257473,35.36915821837644],[139.29992291715718,35.36898596122183],[139.2998914464132,35.36865079148255],[139.2986785053736,35.36872214148125],[139.29864782824788,35.36872378613159],[139.29862197880516,35.36819060423914],[139.2985718368058,35.3671570282054],[139.29856676235696,35.36705250080078],[139.2986348334714,35.3671143494373],[139.2986199327018,35.36674464490653],[139.2984718969298,35.364690661690375],[139.29847121011187,35.36469051781538],[139.29824712611835,35.36446150550696],[139.29784394794305,35.36402614384331],[139.2975872055647,35.36374374845081],[139.29750419189577,35.363646974881725],[139.2970789594967,35.363075743372534],[139.29709827597017,35.363073293154926],[139.29708348761508,35.3624584556853],[139.29707575715412,35.36218265486419],[139.29706725924046,35.361879737600866],[139.29703480770945,35.36114721943237],[139.29702676261755,35.36096514703288],[139.297000782256,35.36037955486582],[139.29699567737225,35.36003151341994],[139.29698672691785,35.35932705543791],[139.2971194545597,35.35930757272665],[139.29709688318988,35.35924324932195],[139.29684498095605,35.35862623675195],[139.29687634333544,35.35861524892709],[139.29670482231353,35.35850104270014],[139.29646726054025,35.358428867865555],[139.29630498661362,35.35840498199324],[139.29610503237774,35.35839205623558],[139.29572978202617,35.35838778953049],[139.2956912344561,35.358405999202354],[139.2955227032662,35.35839926666853],[139.29540548431677,35.358341495582714],[139.29536704526774,35.35804567228601],[139.29535280439538,35.35802718212456],[139.29526087948054,35.35790782467551],[139.29510454582606,35.35775389686693],[139.2949557414236,35.357639954376126],[139.29494476801023,35.35762940372298],[139.29474738422232,35.357500927199865],[139.2944612585993,35.35727219991584],[139.29438550017164,35.35712609281617],[139.2943586887833,35.357061031850186],[139.29434486716383,35.356987958766645],[139.29433034897048,35.356853588144894],[139.2943159585685,35.35683014083701],[139.29411502260655,35.35650274230877],[139.29409847556434,35.35647578144212],[139.29402310234127,35.3563925196027],[139.2940121672021,35.356381196631204],[139.29397501816524,35.35634273012682],[139.2939272645869,35.356314364785014],[139.29393396184477,35.35626981835262],[139.29390013976064,35.35613270035399],[139.29386781862812,35.35612607761794],[139.29372333651574,35.35616832209786],[139.29371074850255,35.356128479175794],[139.2936444971927,35.35615057807343],[139.29355543136685,35.356054481018006],[139.29344608112908,35.35583442475586],[139.29326628792055,35.355555534883884],[139.29325390622202,35.355399991510886],[139.29329024611957,35.355247481478216],[139.293307814223,35.35485271206276],[139.29328763904897,35.354615023796306],[139.29318585311714,35.35437577628647],[139.2931410062965,35.35431367740741],[139.29300517364968,35.354010758150245],[139.29274413090806,35.353566230503496],[139.29244953526216,35.35308162533267],[139.29227951407793,35.35282172237648],[139.29226787784862,35.35276188381675],[139.29257086087074,35.352571125287376],[139.29306908556262,35.35214250882666],[139.2932795454759,35.35203372945958],[139.29348319459763,35.35184985086725],[139.29353917964346,35.351781017625825],[139.29361453266898,35.35185726462685],[139.2936404647124,35.3518613936761],[139.29372515636672,35.35186444548817],[139.29381319882648,35.35186124414947],[139.29376485831375,35.351684345648735],[139.29422853568937,35.35144753628419],[139.29428307609547,35.35151897356384],[139.29438937238334,35.351420292831854],[139.29447665926352,35.35136208988849],[139.29452239048618,35.351342433417734],[139.29461456673837,35.35132495554456],[139.29473675133883,35.35132549672229],[139.29477659241994,35.35137116416601],[139.29486138844163,35.351436396806236],[139.29490573359377,35.35149630962128],[139.2950836115004,35.35183645227637],[139.29514330794646,35.35191467239571],[139.29626777931617,35.352663564575735],[139.29636173266564,35.35279390575671],[139.29639290524835,35.3528769282582],[139.29651206266715,35.35283499032945],[139.29676479621963,35.352787305065185],[139.29709312736097,35.35267389878638],[139.2971568365453,35.352651925879336],[139.29726082115522,35.35259689431371],[139.29727981281877,35.352577823704735],[139.29739801998844,35.35250355731998],[139.2974488599261,35.35247131818067],[139.29752290331402,35.352420307511956],[139.29758706833132,35.35236826846576],[139.2976369570639,35.35231081340542],[139.2976691605312,35.35226321022622],[139.29774159847213,35.352122900225666],[139.29788732556742,35.352131288479754],[139.29783315907258,35.352316467072065],[139.29782343073904,35.35241036462036],[139.29789930275805,35.352584707941155],[139.29805696657544,35.35281103025549],[139.29807755835947,35.3529018935355],[139.29791379477632,35.35309377175381],[139.29793085830897,35.35323102551677],[139.2979866663963,35.35337859207892],[139.29808574533288,35.35349444822074],[139.2982402222145,35.35355843628467],[139.2983691860348,35.35363315777215],[139.29844615108888,35.353713353260474],[139.298500300905,35.353989500498784],[139.29853285457386,35.35417034478924],[139.29849402369183,35.35425862245235],[139.29835071398165,35.354392424348],[139.29829436415488,35.35446499134689],[139.29824503231225,35.354568644251536],[139.2982050422914,35.35478782951303],[139.29823565878417,35.35492310137458],[139.29842535319958,35.355142311805366],[139.29851038849378,35.3553817649737],[139.29854107817553,35.3557027385299],[139.29878412400922,35.35595978717788],[139.29880141575032,35.35595719499692],[139.29882473738448,35.35595369847662],[139.29898124333874,35.35596473960752],[139.2990363424674,35.355997727732216],[139.29947446235647,35.35634950550973],[139.299591414685,35.35661853399715],[139.2997652374563,35.35675528128934],[139.29982904541416,35.356876473850804],[139.29981916503525,35.35698107593175],[139.29991640718717,35.357076572001596],[139.30022344202501,35.35725763484745],[139.30030763539355,35.357357367951806],[139.3003274323891,35.35743231235349],[139.300423649104,35.357461536932206],[139.30052611107112,35.357567689108166],[139.30058834047432,35.35759507484668],[139.3009615837989,35.35763558466397],[139.3013764717453,35.35773627349286],[139.3014792320584,35.357856157870046],[139.30152903358865,35.35797714872463],[139.30165746955228,35.35845763090355],[139.30176747528995,35.35843557801496],[139.3023726753593,35.3583140741582],[139.3024429310415,35.35840297180693],[139.3040933345917,35.35710485102302],[139.30414020794422,35.35708125239104],[139.3044419540056,35.357343689941644],[139.3043722580832,35.357453454235696],[139.30434594466394,35.35768037782925],[139.30437758090744,35.35833022250177],[139.30447903246863,35.35884551465383],[139.30449444448797,35.35902100179622],[139.3044761344715,35.359292888452515],[139.30448175292784,35.359341221940085],[139.30449441412864,35.359450360240025],[139.30456680412908,35.35976771235768],[139.3045981748898,35.35978862280293],[139.30458549765518,35.360212856341285],[139.30456304809502,35.36096478674019],[139.3045654645808,35.36104296488558],[139.30579038401413,35.36251475902123],[139.30605317884678,35.3628286457189],[139.30606388548523,35.362861227177504],[139.30607412170824,35.36287359662753],[139.30609625800398,35.36290017153109],[139.30542930137773,35.36296874582646],[139.30490478710024,35.363078218631095],[139.3045710231507,35.36309000265356],[139.30458584067944,35.36379477641647],[139.30458169119984,35.366344231926085],[139.3045537772954,35.366373122550726],[139.30469527159002,35.36840455840233]]]]}},{"type":"Feature","properties":{"area_id":"142030853","city":"平塚市","ward":"","town":"千須谷","chome":"","num_households":73},"geometry":{"type":"MultiPolygon","coordinates":[[[[139.29274413090806,35.353566230503496],[139.29200242609812,35.35378003608047],[139.2921636534948,35.35423912022626],[139.29201811314803,35.35426628820854],[139.29177481290205,35.35428407819414],[139.29173435576132,35.35424699656617],[139.29148747859517,35.35431166887806],[139.29102187682426,35.35433663378019],[139.29005670186464,35.35437020963949],[139.28929986519785,35.354343375013755],[139.28910894835568,35.35430435203677],[139.2889591952627,35.35422847323833],[139.28874422666323,35.35411610559637],[139.28836975958387,35.35384880201787],[139.28809596216811,35.35360603380887],[139.28798597232506,35.35341998291697],[139.28778732044418,35.353316771774075],[139.28762911864558,35.35320007994124],[139.287477576024,35.353013349411064],[139.28725398062878,35.35283615501492],[139.28693613660997,35.352670999965724],[139.28670565073364,35.35251539262679],[139.286177873863,35.35203381030895],[139.28654229374266,35.35191228508978],[139.28675071483988,35.35183315462279],[139.28721972850352,35.35172033650558],[139.28752700290192,35.35168559064609],[139.28781807252722,35.35170260044358],[139.28788285027758,35.35169493466463],[139.2879363914346,35.351215191783275],[139.28796235164003,35.351105804479026],[139.28799220449088,35.350980097166584],[139.28808257981478,35.35053192770828],[139.2882288414204,35.35047300685752],[139.28829164368986,35.35042019268123],[139.28834064804929,35.35027098032329],[139.2883706632077,35.349555294107795],[139.2883821204311,35.34928169296592],[139.28847949959814,35.34876904887848],[139.28861200024053,35.34845380859535],[139.2886320481078,35.34816158335913],[139.28861348671614,35.34799354937899],[139.28865038088833,35.347913434515604],[139.2888955881373,35.347730032351095],[139.2888729467189,35.34770309986665],[139.2889360692002,35.34760176715184],[139.28898269742228,35.347454163341254],[139.2890509247769,35.34735397845357],[139.28922808230826,35.34729491473064],[139.28947081667377,35.347320434586244],[139.2896359759925,35.34732687669903],[139.28982932042123,35.34733435994524],[139.28984619082743,35.347607877412244],[139.28997774467624,35.34767205382422],[139.29017440078937,35.34784067275529],[139.29033870600594,35.34793675506862],[139.29048690902124,35.34799206245834],[139.29087709041298,35.34808985695239],[139.2909099748969,35.34810817087925],[139.29109308062075,35.34835017635222],[139.29117611264616,35.34851800624706],[139.29074839739548,35.34864137758431],[139.2907822567793,35.34884257773933],[139.29080503548943,35.34889401620755],[139.2908988164111,35.34898379709585],[139.2909526252838,35.34903530292724],[139.29094748546174,35.349142530547894],[139.29137818604784,35.34939775111434],[139.29152680178902,35.34955298610233],[139.29162529916303,35.34950912934256],[139.29174554798587,35.34941262567476],[139.29175207119962,35.34940737374844],[139.2917642104549,35.349423835710816],[139.2917904665371,35.349443740140046],[139.2918114301038,35.3494904522196],[139.29196829697617,35.34984029351057],[139.29196271761094,35.349851958441],[139.2918443946395,35.350104733944676],[139.29195738926614,35.350155727688744],[139.29203289730182,35.350214653392925],[139.2920835691233,35.350298890800254],[139.29209028336732,35.35035546759138],[139.29208262943033,35.35051141493963],[139.2920933920734,35.350547518002486],[139.29211183141396,35.35059266901754],[139.2921575576672,35.35066406681187],[139.29229063219617,35.35083683694367],[139.29231134636552,35.350863054456056],[139.2924326434236,35.35099070310056],[139.29250032221836,35.35107029730156],[139.29260812265122,35.35124386966128],[139.29289548724168,35.351210006737965],[139.29301107662832,35.351200591631894],[139.29309358737277,35.35120187310153],[139.2933486162743,35.35126800420669],[139.29345491130502,35.35142220364936],[139.29349758501695,35.35150739039442],[139.29350484652383,35.35157235015003],[139.2935084485336,35.35169046044017],[139.2935158728294,35.35173105549213],[139.29352347234385,35.351751792795845],[139.29354308004932,35.35177624525817],[139.29353917964346,35.351781017625825],[139.29348319459763,35.35184985086725],[139.2932795454759,35.35203372945958],[139.29306908556262,35.35214250882666],[139.29257086087074,35.352571125287376],[139.29226787784862,35.35276188381675],[139.29227951407793,35.35282172237648],[139.29244953526216,35.35308162533267],[139.29274413090806,35.353566230503496]]]]}},{"type":"Feature","properties":{"area_id":"142030854","city":"平塚市","ward":"","town":"南金目","chome":"","num_households":1845},"geometry":{"type":"MultiPolygon","coordinates":[[[[139.29274413090806,35.353566230503496],[139.29300517364968,35.354010758150245],[139.2931410062965,35.35431367740741],[139.29318585311714,35.35437577628647],[139.29328763904897,35.354615023796306],[139.293307814223,35.35485271206276],[139.29329024611957,35.355247481478216],[139.29325390622202,35.355399991510886],[139.29326628792055,35.355555534883884],[139.29344608112908,35.35583442475586],[139.29355543136685,35.356054481018006],[139.2936444971927,35.35615057807343],[139.29371074850255,35.356128479175794],[139.29372333651574,35.35616832209786],[139.29386781862812,35.35612607761794],[139.29390013976064,35.35613270035399],[139.29393396184477,35.35626981835262],[139.2939272645869,35.356314364785014],[139.29397501816524,35.35634273012682],[139.2940121672021,35.356381196631204],[139.29402310234127,35.3563925196027],[139.29409847556434,35.35647578144212],[139.29411502260655,35.35650274230877],[139.2943159585685,35.35683014083701],[139.29433034897048,35.356853588144894],[139.29434486716383,35.356987958766645],[139.2943586887833,35.357061031850186],[139.29438550017164,35.35712609281617],[139.2944612585993,35.35727219991584],[139.29474738422232,35.357500927199865],[139.29494476801023,35.35762940372298],[139.2949557414236,35.357639954376126],[139.29510454582606,35.35775389686693],[139.29526087948054,35.35790782467551],[139.29535280439538,35.35802718212456],[139.29536704526774,35.35804567228601],[139.29540548431677,35.358341495582714],[139.2955227032662,35.35839926666853],[139.2956912344561,35.358405999202354],[139.29572978202617,35.35838778953049],[139.29610503237774,35.35839205623558],[139.29630498661362,35.35840498199324],[139.29646726054025,35.358428867865555],[139.29670482231353,35.35850104270014],[139.29687634333544,35.35861524892709],[139.29684498095605,35.35862623675195],[139.29709688318988,35.35924324932195],[139.2971194545597,35.35930757272665],[139.29698672691785,35.35932705543791],[139.29699567737225,35.36003151341994],[139.297000782256,35.36037955486582],[139.29702676261755,35.36096514703288],[139.29703480770945,35.36114721943237],[139.29706725924046,35.361879737600866],[139.29707575715412,35.36218265486419],[139.29708348761508,35.3624584556853],[139.29709827597017,35.363073293154926],[139.2970789594967,35.363075743372534],[139.29750419189577,35.363646974881725],[139.2975872055647,35.36374374845081],[139.29784394794305,35.36402614384331],[139.29824712611835,35.36446150550696],[139.29847121011187,35.36469051781538],[139.2984718969298,35.364690661690375],[139.2986199327018,35.36674464490653],[139.2986348334714,35.3671143494373],[139.29856676235696,35.36705250080078],[139.2977955656701,35.36617171881474],[139.29738674274287,35.36595343553267],[139.29715023128634,35.365764436017855],[139.2963523249242,35.365307744511334],[139.29625282650693,35.36514892789501],[139.2961017343136,35.364887562156746],[139.29603419884913,35.36477071690985],[139.29602342492723,35.364729190943535],[139.29535595415155,35.36415420598099],[139.29531177246747,35.36416619209751],[139.29438275516452,35.363935242550426],[139.29419546457206,35.363616815044026],[139.29402433035824,35.36339070925476],[139.29400412265448,35.363365407838515],[139.29392324558185,35.363134633115195],[139.29331554883055,35.3630146792519],[139.2932987938284,35.363026224528625],[139.2932482764948,35.36287825754303],[139.29286142819606,35.36276583508622],[139.29286490432654,35.36274718869379],[139.29271084734856,35.36266284254537],[139.29259728278197,35.36323450062867],[139.29258049267114,35.363264423618155],[139.29228754232275,35.363201076979095],[139.29218711618918,35.36319020730352],[139.29212042343275,35.36314174185643],[139.29201481607748,35.362946278628755],[139.29170360984006,35.36297833770058],[139.29160617337132,35.36287952640533],[139.29155026029423,35.36294948481713],[139.29104334665317,35.36269624347713],[139.28984708870362,35.36212739062624],[139.2898845048583,35.36202101256669],[139.28911202337682,35.36180340386816],[139.28906958086998,35.36188997054235],[139.28900864845002,35.3619194143096],[139.28748838398428,35.361430773887186],[139.28696840824938,35.361238018395056],[139.28664957173012,35.36113905094544],[139.28659799628548,35.361164099353324],[139.28645106202782,35.36110217199087],[139.2862356746541,35.36107613117359],[139.28626188968337,35.360993225396506],[139.28547276841297,35.36058080698657],[139.2849653250004,35.3603152872575],[139.2851895476391,35.360017366772496],[139.28475949298698,35.359800996299455],[139.28474942736756,35.35978912028631],[139.28345887051427,35.36011283602216],[139.28342251245866,35.360169358153335],[139.28331343096085,35.3602123825643],[139.2827265853183,35.360504913903995],[139.2819384334602,35.36037766975166],[139.28150779739994,35.360381411684635],[139.28080041709234,35.3603875517442],[139.28013064962607,35.360393366030394],[139.27945722816972,35.36039922973893],[139.2793908141648,35.360431741669785],[139.27930841340512,35.360476291353955],[139.27919049809307,35.36058595730253],[139.2791103514302,35.36065319255942],[139.2789667459358,35.360754361262515],[139.27886512074713,35.360781569866276],[139.27866036594347,35.36081661635455],[139.2784564722968,35.36085152447238],[139.27732505643218,35.360939637207885],[139.27699631200161,35.360971927497744],[139.27690460900902,35.36098094258072],[139.27688324787397,35.36058157064515],[139.27677961218825,35.360562856379126],[139.27485887228352,35.36052056152558],[139.27481096765845,35.360466893097154],[139.2745793762697,35.36020724888094],[139.27438009589704,35.360031621652816],[139.27328423856355,35.35969017154136],[139.27312555629683,35.35963183576219],[139.27272077961211,35.35939892227146],[139.27152585777677,35.35896467457201],[139.2699047899985,35.35860437595253],[139.26995221942914,35.35899605106714],[139.26999985182977,35.359289282822765],[139.27001105215749,35.35956135955182],[139.27054803879486,35.36019939149556],[139.270585575815,35.36063038265912],[139.27066641163788,35.36082694491194],[139.26958232624466,35.36096728908045],[139.26913771690877,35.36029757486095],[139.26907019359388,35.36022205159338],[139.26864881269356,35.35975102285639],[139.26859869353885,35.359695016762544],[139.2680904770828,35.35912689309112],[139.26809012166908,35.35907865560008],[139.26808831144535,35.35906076036368],[139.26806597890516,35.35883989488062],[139.2678710938079,35.35843541421267],[139.26777622217378,35.35837504219177],[139.26762661740543,35.35832328666421],[139.26757200458093,35.35826486409172],[139.2676085430481,35.35817060567338],[139.2676160557945,35.35804733776282],[139.26742280286277,35.35754427984348],[139.26723796608618,35.35694316458295],[139.26716364470508,35.35670149242261],[139.26720636983552,35.3566885951154],[139.26789375717138,35.3564815587333],[139.26973464816385,35.35592699296126],[139.269739687895,35.35592546792646],[139.27178903563274,35.355169962011345],[139.27264936824017,35.354859101592496],[139.2750191594994,35.354320970801005],[139.2754365075569,35.35330907522102],[139.2754635160444,35.35324363882886],[139.27563915301297,35.35327240265592],[139.27579206634869,35.352942690692046],[139.2760141612339,35.352803080476356],[139.27708244614925,35.3526583336734],[139.27731502322473,35.352657003549886],[139.27751819863,35.352655821243964],[139.2776043672735,35.35251241643289],[139.27764619060568,35.35244282113269],[139.27781471094644,35.35225521679961],[139.27794532609843,35.35214222653768],[139.27816171596226,35.35203772603863],[139.27861410179284,35.35182057384625],[139.28089248004724,35.350882328734336],[139.28106360229796,35.35083493918566],[139.28160481805514,35.35073684008426],[139.28213455175134,35.350734456744696],[139.28218731997828,35.350733392942296],[139.28219722402008,35.35073319197486],[139.28244404554135,35.350728044606235],[139.28266189133421,35.35067966883482],[139.28297680980222,35.35058919793213],[139.28325071311377,35.35057051023191],[139.28367677789993,35.35054941233588],[139.28387792518762,35.3505743364529],[139.28394503298972,35.3506035117157],[139.2840180090616,35.35060398271036],[139.28457737140178,35.35081530614633],[139.28514699195077,35.351098920495915],[139.28547657143753,35.35135800130574],[139.28572271974292,35.351580580742706],[139.286177873863,35.35203381030895],[139.28670565073364,35.35251539262679],[139.28693613660997,35.352670999965724],[139.28725398062878,35.35283615501492],[139.287477576024,35.353013349411064],[139.28762911864558,35.35320007994124],[139.28778732044418,35.353316771774075],[139.28798597232506,35.35341998291697],[139.28809596216811,35.35360603380887],[139.28836975958387,35.35384880201787],[139.28874422666323,35.35411610559637],[139.2889591952627,35.35422847323833],[139.28910894835568,35.35430435203677],[139.28929986519785,35.354343375013755],[139.29005670186464,35.35437020963949],[139.29102187682426,35.35433663378019],[139.29148747859517,35.35431166887806],[139.29173435576132,35.35424699656617],[139.29177481290205,35.35428407819414],[139.29201811314803,35.35426628820854],[139.2921636534948,35.35423912022626],[139.29200242609812,35.35378003608047],[139.29274413090806,35.353566230503496]]]]}},{"type":"Feature","properties":{"area_id":"14203086001","city":"平塚市","ward":"","town":"北金目","chome":"1","num_households":610},"geometry":{"type":"MultiPolygon","coordinates":[[[[139.28732335013308,35.36931658533696],[139.28707926613396,35.36936196096808],[139.286805737338,35.369387554979724],[139.28639754974026,35.369403667436295],[139.28639551023667,35.36941295411069],[139.2864270535919,35.369633015530326],[139.2864306059185,35.36963535542452],[139.28582668805385,35.36967184795999],[139.28582393505104,35.36967211662778],[139.28578895816793,35.36936802963418],[139.2853558455483,35.36936994193104],[139.28488464667507,35.369371961166586],[139.28487684265804,35.36974761216918],[139.2848580994812,35.36974759816433],[139.28451911065378,35.36975239743719],[139.28427329574356,35.36949136564826],[139.28409655298256,35.36948154824174],[139.28378886909402,35.369471979221416],[139.28379535820207,35.36945306659789],[139.28393661689236,35.36916478024463],[139.28355809445267,35.36914165024463],[139.28346051090242,35.36912275564124],[139.28339631590583,35.369112253679575],[139.28305476838244,35.3690501364883],[139.2830248007283,35.36904464919802],[139.28245111975514,35.36894939986928],[139.2823725916626,35.36893636129667],[139.28231612771697,35.36892698664971],[139.28219138951755,35.368906277123926],[139.28181712888653,35.368844149799834],[139.28180018200777,35.368841327726386],[139.2817797295468,35.3688379224397],[139.28142749490817,35.36873533332813],[139.28113716062208,35.36854373418859],[139.28099751486127,35.36845155183406],[139.28091583496138,35.36838195665893],[139.28073820810647,35.36832530209736],[139.2806239374395,35.36828879529839],[139.28045191360926,35.368261671984705],[139.27988375759946,35.36816562343192],[139.27969886630635,35.36810886430082],[139.27944840708403,35.36801596119779],[139.27939931057827,35.36799777821946],[139.27921761643822,35.36790702033408],[139.27885756842718,35.36779755740781],[139.27848761117136,35.36760861639583],[139.27773515375694,35.36721771620997],[139.27766289288726,35.36719259658963],[139.27750622276588,35.36705702400299],[139.27772364675116,35.36700006955022],[139.2777997291682,35.36706407771207],[139.27839241189722,35.36720608970926],[139.27881855101973,35.36727395800866],[139.27935805937219,35.36734002037283],[139.279566969126,35.36736625836987],[139.2815261161078,35.36755331132188],[139.28163657728965,35.36754282991082],[139.28191484968895,35.36752698964931],[139.28215960238475,35.36750367060632],[139.28241058383549,35.367448621089416],[139.28245964170677,35.367442065315245],[139.28262256972187,35.367420293297656],[139.28284653922398,35.36738708984711],[139.2830553510324,35.36738318217718],[139.2832123781224,35.367383756434016],[139.28331017111046,35.367383304934684],[139.2834655774302,35.36738258523756],[139.28374874826073,35.36741197195769],[139.28404073125827,35.3674670284217],[139.2843070180803,35.367520560165055],[139.28431538787171,35.36752224149223],[139.2844950462877,35.36755831284741],[139.2847551842332,35.367618785195376],[139.2849815453313,35.367645230812286],[139.2850317569986,35.36765116216495],[139.28508462583292,35.36765548203899],[139.2854268032251,35.36768344206732],[139.2856879030763,35.36767729979194],[139.28579242443286,35.36766415906484],[139.28584902368397,35.367657043555326],[139.28608199126032,35.36762781652036],[139.2868988898893,35.36747630242623],[139.28748963900532,35.367369112715174],[139.28742021581388,35.36776202174207],[139.2874133352427,35.36780107293839],[139.28733627446715,35.36790839668826],[139.2871604730082,35.36812534094424],[139.2871132170454,35.368223714837434],[139.28706465461906,35.3683248995732],[139.28705880268004,35.36859612798439],[139.28705793070125,35.36863668559846],[139.28722445076326,35.36906326304742],[139.28732335013308,35.36931658533696]]]]}},{"type":"Feature","properties":{"area_id":"14203086002","city":"平塚市","ward":"","town":"北金目","chome":"2","num_households":736},"geometry":{"type":"MultiPolygon","coordinates":[[[[139.28748963900532,35.367369112715174],[139.2868988898893,35.36747630242623],[139.28608199126032,35.36762781652036],[139.28584902368397,35.367657043555326],[139.28579242443286,35.36766415906484],[139.2856879030763,35.36767729979194],[139.2854268032251,35.36768344206732],[139.28508462583292,35.36765548203899],[139.2850317569986,35.36765116216495],[139.2849815453313,35.367645230812286],[139.2847551842332,35.367618785195376],[139.2844950462877,35.36755831284741],[139.28431538787171,35.36752224149223],[139.2843070180803,35.367520560165055],[139.28404073125827,35.3674670284217],[139.28374874826073,35.36741197195769],[139.2834655774302,35.36738258523756],[139.28331017111046,35.367383304934684],[139.2832123781224,35.367383756434016],[139.2830553510324,35.36738318217718],[139.28284653922398,35.36738708984711],[139.28262256972187,35.367420293297656],[139.28245964170677,35.367442065315245],[139.28241058383549,35.367448621089416],[139.28215960238475,35.36750367060632],[139.28191484968895,35.36752698964931],[139.28163657728965,35.36754282991082],[139.2815261161078,35.36755331132188],[139.28154256184382,35.367294316154734],[139.28154280028852,35.367290725333746],[139.28154714560108,35.367226452245696],[139.28154924988254,35.367194843805116],[139.28156930677207,35.36689748628542],[139.28159278725323,35.36673633438431],[139.28165223021705,35.3665459825447],[139.28170662783106,35.36638968978407],[139.2819062017956,35.36581654602648],[139.2821302674789,35.36521281011275],[139.2821376152318,35.36520084819824],[139.28222875090287,35.36505249388238],[139.28225935439934,35.36496327070204],[139.2824394039395,35.364742201283796],[139.28262385470475,35.364620723924],[139.28293847484642,35.36441449162283],[139.28278802974492,35.3642732498983],[139.282666528497,35.36415544906964],[139.28270203659113,35.36408476930678],[139.28286076359154,35.36393395038634],[139.28279142861066,35.36346696937154],[139.28275947265877,35.363463372816405],[139.28258800477295,35.36337400504665],[139.2825435421572,35.36335084598686],[139.28257027283385,35.36288500551739],[139.28262237547787,35.36197627421649],[139.28274169927514,35.36050723606739],[139.282887687522,35.3605880373593],[139.28357370399794,35.36095275956746],[139.2839519870541,35.361153693970024],[139.2857871864623,35.36212850188155],[139.28593072332112,35.36215872459942],[139.28589445927878,35.36220785557678],[139.28609798697124,35.36224046138842],[139.28661912108927,35.36224774142101],[139.28662146865665,35.36249471165621],[139.28662309091106,35.362528449848476],[139.28663541703594,35.36254287150333],[139.28664764750113,35.36290629060514],[139.28665142221894,35.363081299212475],[139.28665458751516,35.36322518080799],[139.28665501014189,35.36324546349205],[139.28668688701356,35.36326088818769],[139.28725906217247,35.363247268944725],[139.28739213856701,35.363215475691774],[139.2878753562209,35.36320504437638],[139.28788676199113,35.36330586600524],[139.28822934579645,35.363306490921325],[139.2884554956708,35.36331828198121],[139.28866304349276,35.36331562237896],[139.28878898796145,35.36402587800888],[139.2888080355267,35.364128494523484],[139.28884289735683,35.36417364868898],[139.28886552207484,35.36435860236121],[139.28896910395753,35.3650062233998],[139.28744970970433,35.36503650029251],[139.2866900114012,35.36505166672073],[139.2859994342686,35.364475618612666],[139.28603965119854,35.36481233449659],[139.28704563358494,35.36603625399704],[139.28741578831628,35.3665382531529],[139.28742562537278,35.36661012475206],[139.2874972281395,35.3671338750758],[139.28748963900532,35.367369112715174]]]]}},{"type":"Feature","properties":{"area_id":"14203086003","city":"平塚市","ward":"","town":"北金目","chome":"3","num_households":884},"geometry":{"type":"MultiPolygon","coordinates":[[[[139.2819062017956,35.36581654602648],[139.28170662783106,35.36638968978407],[139.28165223021705,35.3665459825447],[139.28159278725323,35.36673633438431],[139.28156930677207,35.36689748628542],[139.28154924988254,35.367194843805116],[139.28154714560108,35.367226452245696],[139.28154280028855,35.367290725333746],[139.28154256184382,35.367294316154734],[139.2815261161078,35.36755331132188],[139.279566969126,35.36736625836987],[139.27935805937219,35.36734002037283],[139.27881855101973,35.36727395800866],[139.27839241189722,35.36720608970926],[139.2777997291682,35.36706407771207],[139.27772364675116,35.36700006955022],[139.27784345052518,35.366803236712535],[139.2780764119133,35.36682804287057],[139.27852882622162,35.366876217043746],[139.2792879576949,35.36695704405325],[139.2793131286139,35.36651457883962],[139.27936787328787,35.36644117079735],[139.2794035391455,35.36631570740366],[139.2794190701925,35.3659893886549],[139.2793832734623,35.36575867389956],[139.27946939983917,35.36563349780423],[139.27923939763218,35.36562169766506],[139.27923696012743,35.365586027696864],[139.27922738041917,35.36544587762386],[139.2792124215607,35.36521686371034],[139.27921046360416,35.36518080038484],[139.2792074799574,35.36513391594245],[139.2792074073935,35.36511861440655],[139.2793190824347,35.36512145061779],[139.27937813923137,35.36512027657091],[139.27950345256946,35.3651001823092],[139.27965684978176,35.36507558376057],[139.27966495052917,35.36507419598384],[139.27966356146928,35.36505939014366],[139.27965557408717,35.36493857175127],[139.2795324086583,35.36492628949539],[139.2795241535646,35.36484512935725],[139.27956664422194,35.36474527334357],[139.2795676822236,35.3647240474138],[139.27948124688882,35.36472030658987],[139.27875294437715,35.36475210742826],[139.27806027651104,35.364942437193136],[139.27781813747833,35.36496801396252],[139.2775395211579,35.364997435290334],[139.27682382400792,35.365217228464545],[139.2768083558402,35.364975410686895],[139.27676008419093,35.364024539784694],[139.27675618822298,35.36374981885907],[139.27675121825055,35.36339876100669],[139.27684547405238,35.362798102565215],[139.27688284859022,35.362541668420484],[139.27691982099105,35.36235698993264],[139.27694188782783,35.36224688702308],[139.27699631200161,35.360971927497744],[139.27732505643218,35.360939637207885],[139.2784564722968,35.36085152447238],[139.27866036594347,35.36081661635455],[139.27886512074713,35.360781569866276],[139.2789667459358,35.360754361262515],[139.2791103514302,35.36065319255942],[139.2791904980931,35.360585957302504],[139.27930841340512,35.360476291353955],[139.2793908141648,35.360431741669785],[139.27945722816972,35.36039922973893],[139.28013064962607,35.360393366030394],[139.28080041709234,35.3603875517442],[139.28150779739994,35.360381411684635],[139.2819384334602,35.36037766975166],[139.2827265853183,35.360504913903995],[139.28274169927514,35.36050723606739],[139.28262237547787,35.36197627421649],[139.28257027283385,35.36288500551739],[139.2825435421572,35.36335084598686],[139.28258800477295,35.36337400504665],[139.28275947265877,35.363463372816405],[139.28279142861066,35.36346696937154],[139.28286076359154,35.36393395038634],[139.28270203659113,35.36408476930678],[139.282666528497,35.36415544906964],[139.28278802974492,35.3642732498983],[139.28293847484642,35.36441449162283],[139.28262385470475,35.364620723924],[139.2824394039395,35.364742201283796],[139.28225935439934,35.36496327070204],[139.28222875090287,35.36505249388238],[139.2821376152318,35.36520084819824],[139.2821302674789,35.36521281011274],[139.2819062017956,35.36581654602648]]]]}},{"type":"Feature","properties":{"area_id":"14203086004","city":"平塚市","ward":"","town":"北金目","chome":"4","num_households":18},"geometry":{"type":"MultiPolygon","coordinates":[[[[139.27511608458585,35.36629865658193],[139.27458955852194,35.36629706732625],[139.27440397091556,35.36643197552558],[139.27413022898563,35.36659760968574],[139.2732285630682,35.36714317988279],[139.27314991261005,35.36702134324652],[139.27304978275404,35.36685955142366],[139.2729888625523,35.366760120214806],[139.27247825404683,35.36595012593669],[139.27246052468604,35.36591511638114],[139.27210041488274,35.36533242609744],[139.2720740206981,35.36505562985287],[139.2720366984265,35.3647803331693],[139.27165796818096,35.36389778425204],[139.2714777976151,35.36344852217285],[139.2713969748503,35.36323639769101],[139.27136230596463,35.36315814153749],[139.2713160395651,35.363053706991145],[139.27122091078272,35.36280933496956],[139.2710959701198,35.36256862685474],[139.27100809149664,35.36243336552102],[139.27088784731745,35.36222267657532],[139.27079253474218,35.362112097272934],[139.27059969371874,35.36185874857331],[139.27057650934867,35.361828289130024],[139.27047589548528,35.361688884430855],[139.27025218931445,35.36145370017629],[139.26989893637304,35.361180587395346],[139.2696020516295,35.360980549359525],[139.26958232624466,35.36096728908045],[139.27066641163788,35.36082694491196],[139.270585575815,35.36063038265912],[139.27054803879486,35.36019939149556],[139.27001105215749,35.35956135955182],[139.26999985182977,35.359289282822765],[139.26995221942914,35.35899605106714],[139.2699047899985,35.35860437595253],[139.27152585777677,35.35896467457201],[139.27272077961211,35.35939892227146],[139.27312555629683,35.35963183576219],[139.27328423856355,35.359690171541374],[139.27438009589704,35.360031621652816],[139.2745793762697,35.36020724888094],[139.27481096765845,35.360466893097154],[139.27485887228352,35.36052056152558],[139.27677961218825,35.360562856379126],[139.27688324787397,35.36058157064515],[139.27690460900902,35.36098094258072],[139.27699631200161,35.360971927497744],[139.27694188782783,35.36224688702308],[139.27691982099105,35.36235698993264],[139.27688284859022,35.36254166842048],[139.27684547405238,35.362798102565215],[139.27675121825055,35.36339876100669],[139.27675618822298,35.36374981885907],[139.27676008419087,35.3640245397847],[139.2768083558402,35.364975410686895],[139.27682382400792,35.365217228464545],[139.2775395211579,35.364997435290334],[139.27781813747828,35.36496801396252],[139.27806027651104,35.36494243719316],[139.27875294437715,35.36475210742826],[139.27948124688882,35.36472030658987],[139.2795676822236,35.3647240474138],[139.27956664422194,35.36474527334357],[139.2795241535646,35.36484512935725],[139.2795324086583,35.36492628949539],[139.27965557408717,35.36493857175127],[139.27966356146928,35.36505939014366],[139.27966495052917,35.36507419598384],[139.27965684978176,35.36507558376057],[139.27950345256946,35.3651001823092],[139.27937813923137,35.36512027657091],[139.2793190824347,35.36512145061779],[139.2792074073935,35.36511861440655],[139.2792074799574,35.36513391594245],[139.27921046360416,35.36518080038484],[139.2792124215607,35.36521686371034],[139.27922738041917,35.36544587762386],[139.27923696012743,35.365586027696864],[139.27923939763218,35.36562169766506],[139.27946939983917,35.36563349780423],[139.2793832734623,35.36575867389956],[139.2794190701925,35.3659893886549],[139.2794035391455,35.36631570740366],[139.27936787328787,35.36644117079735],[139.2793131286139,35.36651457883962],[139.2792879576949,35.36695704405325],[139.27852882622162,35.366876217043746],[139.2780764119133,35.36682804287057],[139.27784345052518,35.366803236712535],[139.27772364675116,35.36700006955022],[139.27750622276585,35.367057024003],[139.27733775289204,35.366933452829066],[139.2769854269116,35.366823404871695],[139.2765445909965,35.36667734947136],[139.2761443273696,35.366537330462954],[139.27536132120918,35.36627338111115],[139.27511608458585,35.36629865658193]]]]}},{"type":"Feature","properties":{"area_id":"142030861","city":"平塚市","ward":"","town":"北金目","chome":"","num_households":186},"geometry":{"type":"MultiPolygon","coordinates":[[[[139.28848817070536,35.36937620048031],[139.28766209328884,35.36943867151126],[139.28740997069417,35.369477673235224],[139.28738750658061,35.369481163811216],[139.28732335013308,35.36931658533696],[139.28722445076326,35.36906326304742],[139.28705793070125,35.36863668559846],[139.28705880268004,35.36859612798439],[139.28706465461906,35.3683248995732],[139.2871132170454,35.368223714837434],[139.2871604730082,35.36812534094424],[139.28733627446715,35.36790839668826],[139.2874133352427,35.36780107293839],[139.28742021581388,35.36776202174207],[139.28748963900532,35.367369112715174],[139.2874972281395,35.3671338750758],[139.28742562537278,35.36661012475206],[139.28741578831628,35.3665382531529],[139.28704563358494,35.36603625399704],[139.28603965119854,35.36481233449659],[139.2859994342686,35.364475618612666],[139.2866900114012,35.36505166672073],[139.28744970970433,35.36503650029251],[139.28896910395753,35.3650062233998],[139.28886552207484,35.36435860236121],[139.28884289735683,35.36417364868898],[139.2888080355267,35.364128494523484],[139.28878898796145,35.36402587800888],[139.28866304349276,35.36331562237896],[139.2884554956708,35.36331828198121],[139.28822934579645,35.363306490921325],[139.28788676199113,35.36330586600524],[139.2878753562209,35.36320504437638],[139.28739213856701,35.363215475691774],[139.28725906217247,35.363247268944725],[139.28668688701356,35.36326088818769],[139.28665501014189,35.36324546349205],[139.28665458751516,35.36322518080799],[139.28665142221894,35.363081299212475],[139.28664764750113,35.36290629060514],[139.28663541703594,35.36254287150333],[139.28662309091106,35.362528449848476],[139.28662146865665,35.36249471165621],[139.28661912108927,35.36224774142101],[139.28609798697124,35.36224046138842],[139.28589445927878,35.36220785557678],[139.28593072332112,35.36215872459942],[139.2857871864623,35.36212850188155],[139.2839519870541,35.361153693970024],[139.28357370399794,35.36095275956746],[139.282887687522,35.3605880373593],[139.28274169927514,35.36050723606739],[139.2827265853183,35.360504913903995],[139.28331343096085,35.3602123825643],[139.28342251245866,35.360169358153335],[139.28345887051427,35.36011283602216],[139.28474942736756,35.35978912028631],[139.28475949298698,35.359800996299455],[139.2851895476391,35.360017366772496],[139.2849653250004,35.3603152872575],[139.28547276841297,35.36058080698657],[139.28626188968337,35.360993225396506],[139.2862356746541,35.36107613117359],[139.28645106202782,35.36110217199087],[139.28659799628548,35.361164099353324],[139.28664957173012,35.36113905094544],[139.28696840824938,35.361238018395056],[139.28748838398428,35.361430773887186],[139.28900864845002,35.3619194143096],[139.28906958086998,35.36188997054235],[139.28911202337682,35.36180340386816],[139.2898845048583,35.36202101256669],[139.28984708870362,35.36212739062624],[139.29104334665317,35.36269624347713],[139.29155026029423,35.36294948481713],[139.29160617337132,35.36287952640533],[139.29170360984006,35.36297833770058],[139.29201481607748,35.362946278628755],[139.29212042343275,35.36314174185643],[139.29218711618918,35.36319020730352],[139.29228754232275,35.363201076979095],[139.29258049267114,35.363264423618155],[139.29259728278197,35.36323450062867],[139.29271084734856,35.36266284254537],[139.29286490432654,35.36274718869379],[139.29286142819606,35.36276583508622],[139.2932482764948,35.36287825754303],[139.2932987938284,35.363026224528625],[139.29331554883055,35.3630146792519],[139.29392324558185,35.363134633115195],[139.29400412265448,35.363365407838515],[139.29402433035824,35.36339070925476],[139.29419546457206,35.363616815044026],[139.29438275516452,35.363935242550426],[139.29531177246747,35.36416619209751],[139.29535595415155,35.36415420598099],[139.29602342492723,35.364729190943535],[139.29603419884913,35.36477071690985],[139.2961017343136,35.364887562156746],[139.29625282650693,35.36514892789501],[139.2963523249242,35.3653077445113],[139.29715023128637,35.36576443601786],[139.29738674274287,35.36595343553267],[139.29779556567013,35.36617171881474],[139.29856676235696,35.36705250080078],[139.2985718368058,35.3671570282054],[139.29862197880516,35.36819060423914],[139.29864782824788,35.36872378613159],[139.2986626860093,35.369030270736765],[139.29865404373447,35.369030654483915],[139.29866287398355,35.36919202695335],[139.29677825687483,35.36923268842846],[139.2964127937863,35.369256418690696],[139.29559604164405,35.36942475828732],[139.29558775921424,35.369422609416326],[139.2954083837041,35.36942089715086],[139.29484882776813,35.36946467315385],[139.29459010194188,35.36930599130616],[139.29409761544255,35.36930288261456],[139.29302454648857,35.36933140493377],[139.29197020654368,35.36935549289254],[139.29097953950827,35.36937802827765],[139.29009589601375,35.36940279541712],[139.28892511148916,35.36943175654436],[139.2886218111275,35.369441869293524],[139.2886109337407,35.36944210255089],[139.28848817070536,35.36937620048031]]]]}},{"type":"Feature","properties":{"area_id":"14203087001","city":"平塚市","ward":"","town":"真田","chome":"1","num_households":254},"geometry":{"type":"MultiPolygon","coordinates":[[[[139.28639492214452,35.37222430256343],[139.2863239559345,35.37222306489724],[139.28621319241378,35.372233126515916],[139.28614965420454,35.372246078295404],[139.28587425770758,35.37244017384893],[139.2860182795791,35.372990589362495],[139.28611567808102,35.3738721868528],[139.28617734126044,35.37389535349405],[139.28620662804101,35.37393224388995],[139.28538068413613,35.37403251037945],[139.28532453597586,35.37403936748849],[139.2835297610844,35.37425732353298],[139.2839226271525,35.37328754126123],[139.28399545437946,35.373107952698646],[139.28402408206594,35.37266049881651],[139.2840242756445,35.37265733138919],[139.2840098132001,35.37241072779058],[139.2839765240792,35.372246781459665],[139.28389414857173,35.37197303956475],[139.283848213079,35.371820381921395],[139.2837494155275,35.37149205204863],[139.2837029981131,35.37135628451478],[139.28369983785146,35.37133869341302],[139.2836304817661,35.37095266480542],[139.28361543991807,35.37081161677085],[139.28359404888946,35.370610895416185],[139.28361358542733,35.37024980437639],[139.2836809052571,35.36984034238211],[139.28368986871484,35.36978573806853],[139.28368991406487,35.36978538618017],[139.28378886909402,35.369471979221416],[139.28409655298256,35.36948154824174],[139.28427329574356,35.36949136564826],[139.28451911065378,35.36975239743719],[139.2848580994812,35.36974759816433],[139.28487684265804,35.36974761216918],[139.28488464667507,35.369371961166586],[139.2853558455483,35.36936994193104],[139.28578895816793,35.36936802963418],[139.28582393505104,35.36967211662778],[139.28582668805385,35.36967184795999],[139.2864306059185,35.36963535542452],[139.2864270535919,35.369633015530326],[139.28639551023667,35.36941295411069],[139.28639754974026,35.369403667436295],[139.286805737338,35.369387554979724],[139.28707926613396,35.36936196096808],[139.28732335013308,35.36931658533696],[139.28738750658061,35.369481163811216],[139.28740997069417,35.369477673235224],[139.2876620932889,35.36943867151126],[139.28848817070536,35.36937620048031],[139.2886109337407,35.36944210255089],[139.28862181112754,35.369441869293524],[139.28880361737058,35.37031736967411],[139.28896683386128,35.37029930176809],[139.28907647990874,35.37029535875024],[139.2894473393479,35.37030146335361],[139.28947174661465,35.37050938150273],[139.28901208210166,35.37095349228041],[139.28884460294913,35.37098520229898],[139.28872564853305,35.37099910210404],[139.2882215187891,35.371013027166505],[139.2880933845879,35.37108815102262],[139.28810495314985,35.371164819607934],[139.2882286629697,35.37143036654076],[139.28812943244594,35.37161920677063],[139.28812608759114,35.37163095119437],[139.28813999781238,35.371775233065904],[139.28814782951858,35.371832026503235],[139.28814104254278,35.37186354383423],[139.28811881021093,35.37189682241544],[139.28804799221362,35.371950585184756],[139.28793969160216,35.37201678334048],[139.2878503372559,35.372052434951996],[139.28781732291827,35.372052285976224],[139.28770721491605,35.372060802744],[139.28751567039066,35.37206536090005],[139.2873340552805,35.37206996249737],[139.2872691798433,35.37206424771808],[139.2872021546892,35.37204591756969],[139.28678287853432,35.371879945575635],[139.28678677029046,35.37196017137564],[139.28657079762615,35.37196623560831],[139.2865935591033,35.37225864924053],[139.28648511885098,35.37223611746534],[139.28639492214452,35.37222430256343]]]]}},{"type":"Feature","properties":{"area_id":"14203087002","city":"平塚市","ward":"","town":"真田","chome":"2","num_households":475},"geometry":{"type":"MultiPolygon","coordinates":[[[[139.28361358542733,35.37024980437639],[139.28359404888946,35.37061089541618],[139.28361543991807,35.37081161677085],[139.2836304817661,35.37095266480542],[139.28369983785146,35.37133869341302],[139.2837029981131,35.37135628451478],[139.2837494155275,35.371492052048595],[139.283848213079,35.371820381921395],[139.28389414857173,35.37197303956475],[139.2839765240792,35.372246781459665],[139.2840098132001,35.37241072779058],[139.2840242756445,35.37265733138919],[139.28402408206594,35.37266049881651],[139.2839182072108,35.372646708134624],[139.28390477902445,35.37264474127616],[139.28352801017056,35.3725895682768],[139.28303179076744,35.37251689993083],[139.28241477960182,35.37242648443038],[139.28120146180913,35.37224879181682],[139.28114468551777,35.37224047622611],[139.28076010282388,35.37217139599018],[139.27992560018382,35.3720833407161],[139.2799124543718,35.372081952928795],[139.27938141686803,35.372022716117684],[139.27933572423194,35.372017619423715],[139.2786484692182,35.371940875648555],[139.27865101096612,35.371260642086604],[139.27865140183377,35.37116113564395],[139.2786514273129,35.37115459397284],[139.27881017354048,35.37073689473686],[139.27902549396697,35.37047733481913],[139.2791773664271,35.37023656556953],[139.2793268967324,35.3701702835642],[139.27963539342724,35.37012980012317],[139.27985973265103,35.37013202586795],[139.27991665810742,35.370132602046844],[139.28008281763948,35.370134282859944],[139.28016496785284,35.370135114796],[139.2807276545432,35.370100510375515],[139.28101946831438,35.370047623104874],[139.2811613980767,35.369980106782506],[139.2813242031863,35.369825295516655],[139.28141439493044,35.369678110053265],[139.28167346035968,35.36949613461349],[139.28170257155193,35.369475705862456],[139.28164146272866,35.36944577872219],[139.2816233369298,35.3694321881532],[139.28146907800857,35.36931653120091],[139.28127124943882,35.36916820856507],[139.28115728458982,35.369077276434055],[139.2810720211698,35.36899215903373],[139.28106433008813,35.36899032103283],[139.2810510270329,35.368999361272664],[139.28096658354423,35.36906136444255],[139.28087083505133,35.369125541166625],[139.28083998021228,35.3691317096405],[139.28080705197416,35.36911893973282],[139.28080193368623,35.36911317663817],[139.28076445651274,35.36907097288217],[139.28065873723372,35.36892593982402],[139.28065687443822,35.36892338522232],[139.28050603604726,35.36871645713961],[139.2804332976323,35.36856920268346],[139.28043463427446,35.36853405610993],[139.28048126623702,35.368472976671164],[139.2806412185929,35.368416021997014],[139.28073820810647,35.36832530209736],[139.28091583496138,35.36838195665893],[139.28099751486127,35.36845155183406],[139.28113716062208,35.36854373418859],[139.28142749490817,35.36873533332813],[139.2817797295468,35.3688379224397],[139.28180018200777,35.368841327726386],[139.28181712888653,35.368844149799834],[139.28219138951755,35.368906277123926],[139.28231612771697,35.36892698664971],[139.2823725916626,35.36893636129667],[139.28245111975514,35.36894939986928],[139.2830248007283,35.36904464919802],[139.28305476838244,35.3690501364883],[139.28339631590583,35.369112253679575],[139.28346051090242,35.36912275564124],[139.28355809445267,35.36914165024463],[139.28393661689236,35.36916478024463],[139.28379535820207,35.36945306659789],[139.28378886909402,35.369471979221416],[139.28368991406487,35.36978538618017],[139.28368986871484,35.36978573806853],[139.2836809052571,35.36984034238211],[139.28361358542733,35.37024980437639]]]]}},{"type":"Feature","properties":{"area_id":"14203087003","city":"平塚市","ward":"","town":"真田","chome":"3","num_households":363},"geometry":{"type":"MultiPolygon","coordinates":[[[[139.28402408206594,35.37266049881651],[139.28399545437946,35.373107952698646],[139.2839226271525,35.37328754126123],[139.2835297610844,35.37425732353298],[139.28343082192106,35.37449052282639],[139.28230713052497,35.37423956146547],[139.28248660443268,35.373717239329274],[139.28217368150868,35.373615744207406],[139.28226639766567,35.373311183854845],[139.28222915475513,35.37328150765142],[139.28222121930088,35.37318309668678],[139.2820191377968,35.37319435537282],[139.28118500732862,35.37324096140388],[139.28032494474743,35.3733208201505],[139.27863944277368,35.373477299046776],[139.27834984678415,35.373493078947476],[139.27810347068134,35.37350652198803],[139.2776712700347,35.37353002367758],[139.27742044211874,35.37352161558821],[139.27722405816627,35.37351021759847],[139.27618327514338,35.373335214671734],[139.27602740275714,35.37330900327102],[139.27602258183944,35.37331623355708],[139.27494025837635,35.373124761253074],[139.27486744347547,35.37309843985086],[139.27447387135226,35.37262594158676],[139.27421299268244,35.372282006317576],[139.27402540799037,35.37199552018555],[139.2740051394971,35.371954513732476],[139.27492194570667,35.37196854681541],[139.27542001066172,35.37195599255973],[139.27554101122217,35.3719529533672],[139.2761444056655,35.37193779106138],[139.27679412463706,35.371938590556475],[139.27739308467304,35.37193932384536],[139.2786484692182,35.371940875648555],[139.27933572423194,35.372017619423715],[139.27938141686803,35.372022716117684],[139.2799124543718,35.372081952928795],[139.27992560018382,35.3720833407161],[139.28076010282388,35.37217139599018],[139.28114468551777,35.37224047622611],[139.28120146180913,35.37224879181682],[139.28241477960182,35.37242648443038],[139.28303179076744,35.37251689993083],[139.28352801017056,35.3725895682768],[139.28390477902445,35.37264474127616],[139.2839182072108,35.372646708134624],[139.28402408206594,35.37266049881651]]]]}},{"type":"Feature","properties":{"area_id":"14203087004","city":"平塚市","ward":"","town":"真田","chome":"4","num_households":1728},"geometry":{"type":"MultiPolygon","coordinates":[[[[139.27963539342724,35.37012980012317],[139.2793268967324,35.37017028356422],[139.2791773664271,35.37023656556953],[139.27902549396697,35.370477334819164],[139.27881017354048,35.370736894736844],[139.2786514273129,35.37115459397289],[139.27865140183377,35.37116113564395],[139.27865101096612,35.371260642086604],[139.2786484692182,35.371940875648555],[139.27739308467304,35.37193932384536],[139.27679412463706,35.371938590556475],[139.2761444056655,35.37193779106138],[139.27554101122217,35.3719529533672],[139.27542001066172,35.37195599255973],[139.27492194570667,35.37196854681541],[139.2740051394971,35.371954513732476],[139.27396060389606,35.37189754957422],[139.2738722235979,35.37172024900415],[139.27369954068797,35.37126118343123],[139.27369682784698,35.37125397112742],[139.27368100560523,35.37121009700585],[139.2736872236132,35.37118090276986],[139.27375074559862,35.37106310623076],[139.27362491264702,35.37063529416552],[139.2735836954817,35.3703818088071],[139.27357119978132,35.37012127283558],[139.2736887006964,35.36983521455519],[139.2737822816004,35.36966523659327],[139.27385342599877,35.36952015301624],[139.2738837613316,35.36947191600496],[139.27390704622456,35.36912049608593],[139.27396394863698,35.369009007109184],[139.27396507777206,35.369002164537655],[139.27398345132767,35.36889100531995],[139.27395321958522,35.3686403182331],[139.27395161874767,35.36862911322757],[139.27387914285956,35.36820641039877],[139.27385059242243,35.36813811318282],[139.2738390861921,35.36811066657587],[139.2732719096636,35.36721034755163],[139.27327189239216,35.36721031941434],[139.2732285630682,35.36714317988279],[139.27413022898563,35.36659760968574],[139.27440397091556,35.36643197552558],[139.27458955852197,35.36629706732621],[139.27511608458585,35.36629865658193],[139.27536132120918,35.36627338111115],[139.2761443273696,35.366537330462954],[139.2765445909965,35.36667734947136],[139.2769854269116,35.366823404871695],[139.27733775289204,35.366933452829066],[139.27750622276585,35.367057024003],[139.2776628928872,35.36719259658963],[139.27773515375694,35.36721771620997],[139.27848761117136,35.36760861639583],[139.27885756842718,35.36779755740781],[139.27921761643822,35.36790702033408],[139.27939931057827,35.36799777821946],[139.27944840708403,35.36801596119779],[139.27969886630635,35.36810886430082],[139.27988375759946,35.36816562343192],[139.28045191360926,35.368261671984705],[139.2806239374395,35.36828879529839],[139.28073820810647,35.36832530209736],[139.2806412185929,35.368416021997014],[139.28048126623702,35.368472976671164],[139.28043463427446,35.36853405610993],[139.2804332976323,35.36856920268346],[139.28050603604726,35.36871645713961],[139.28065687443822,35.36892338522232],[139.28065873723372,35.36892593982402],[139.28076445651274,35.36907097288217],[139.28080193368623,35.36911317663817],[139.28080705197416,35.36911893973282],[139.28083998021228,35.3691317096405],[139.28087083505133,35.369125541166625],[139.28096658354423,35.36906136444255],[139.2810510270329,35.368999361272664],[139.28106433008813,35.36899032103283],[139.2810720211698,35.36899215903373],[139.28115728458982,35.369077276434055],[139.28127124943882,35.36916820856507],[139.28146907800857,35.36931653120091],[139.2816233369298,35.3694321881532],[139.28164146272866,35.36944577872219],[139.28170257155193,35.369475705862456],[139.28167346035968,35.36949613461349],[139.28141439493044,35.369678110053265],[139.2813242031863,35.369825295516655],[139.2811613980767,35.369980106782506],[139.28101946831438,35.370047623104874],[139.2807276545432,35.370100510375515],[139.28016496785284,35.370135114796],[139.28008281763948,35.370134282859944],[139.27991665810742,35.370132602046844],[139.27985973265103,35.37013202586795],[139.27963539342724,35.37012980012317]]]]}},{"type":"Feature","properties":{"area_id":"142030871","city":"平塚市","ward":"","town":"真田","chome":"","num_households":1},"geometry":{"type":"MultiPolygon","coordinates":[[[[139.29227106579287,35.37356583787095],[139.29067792956846,35.37373889751793],[139.28796370942743,35.37403363493245],[139.28728595647212,35.37405606530928],[139.28675339529437,35.37402471467497],[139.28657768137344,35.374014342547426],[139.286206628041,35.37393224388995],[139.28617734126053,35.37389535349405],[139.28611567808102,35.3738721868528],[139.2860182795791,35.372990589362495],[139.28587425770758,35.37244017384893],[139.28614965420454,35.372246078295404],[139.28621319241378,35.372233126515916],[139.2863239559345,35.37222306489724],[139.28639492214452,35.37222430256343],[139.28648511885106,35.372236117465334],[139.28659355910324,35.37225864924053],[139.28657079762615,35.37196623560831],[139.28678677029046,35.37196017137564],[139.28678287853432,35.371879945575635],[139.2872021546892,35.37204591756969],[139.2872691798433,35.37206424771808],[139.2873340552805,35.37206996249735],[139.2875156703906,35.37206536090005],[139.28770721491605,35.372060802744],[139.28781732291827,35.372052285976224],[139.2878503372559,35.372052434951996],[139.2879396916022,35.37201678334047],[139.28804799221362,35.37195058518474],[139.28811881021093,35.37189682241544],[139.28814104254278,35.37186354383423],[139.28814782951858,35.371832026503235],[139.28813999781238,35.371775233065904],[139.28812608759114,35.37163095119437],[139.28812943244594,35.37161920677063],[139.2882286629697,35.37143036654076],[139.28810495314985,35.371164819607934],[139.2880933845879,35.37108815102262],[139.2882215187891,35.371013027166505],[139.28872564853305,35.37099910210404],[139.28884460294913,35.370985202298975],[139.28901208210166,35.37095349228041],[139.28947174661465,35.37050938150269],[139.2894473393479,35.37030146335359],[139.28907647990874,35.37029535875023],[139.28896683386128,35.37029930176807],[139.28880361737058,35.37031736967411],[139.28862181112754,35.369441869293546],[139.28892511148916,35.36943175654433],[139.29009589601375,35.36940279541713],[139.29097953950827,35.36937802827765],[139.29197020654368,35.36935549289254],[139.29302454648857,35.36933140493377],[139.2940976154426,35.369302882614534],[139.29459010194188,35.36930599130616],[139.29484882776816,35.369464673153864],[139.2954083837041,35.36942089715084],[139.29558775921424,35.369422609416326],[139.29559604164405,35.36942475828732],[139.29559483684207,35.36942503516439],[139.29553090629778,35.36988311655154],[139.29552851553208,35.369900077777714],[139.29556700482925,35.36993700830847],[139.29593706621102,35.37029216227198],[139.2962226663751,35.37067250352804],[139.2963148459471,35.37089248461523],[139.2964141930467,35.37139516260222],[139.296490476053,35.37160739672211],[139.2965439368993,35.37166220931824],[139.29657881641634,35.37174461515867],[139.29681320905476,35.371937974187794],[139.29442115581597,35.37306898521907],[139.2940488110777,35.37316872912361],[139.29348525438218,35.37337162917302],[139.2928078955923,35.373491342531544],[139.29243721710193,35.373553202539135],[139.29237378405915,35.37362171881697],[139.29227106579287,35.37356583787095]]]]}},{"type":"Feature","properties":{"area_id":"14203089101","city":"平塚市","ward":"","town":"めぐみが丘","chome":"1","num_households":429},"geometry":{"type":"MultiPolygon","coordinates":[[[[139.29788732556742,35.352131288479754],[139.29774159847213,35.352122900225666],[139.2976691605312,35.35226321022622],[139.2976369570639,35.35231081340542],[139.29758706833132,35.35236826846576],[139.29752290331402,35.352420307511956],[139.2974488599261,35.35247131818067],[139.29739801998844,35.35250355731998],[139.29727981281877,35.352577823704735],[139.29726082115522,35.35259689431371],[139.2971568365453,35.352651925879336],[139.29709312736097,35.35267389878638],[139.29676479621963,35.352787305065185],[139.29651206266715,35.35283499032945],[139.29639290524835,35.3528769282582],[139.29636173266564,35.35279390575671],[139.29626777931617,35.352663564575735],[139.29514330794646,35.35191467239571],[139.2950836115004,35.35183645227637],[139.29490573359377,35.35149630962128],[139.29486138844163,35.351436396806236],[139.29477659241994,35.35137116416601],[139.29473675133883,35.35132549672229],[139.29466913354005,35.35124280487131],[139.2946229478379,35.351201404386224],[139.29454537100267,35.35112352846751],[139.2945301020638,35.3510991652494],[139.29451926699448,35.35107383688861],[139.29449676061225,35.350987259876625],[139.29448957255954,35.35090427284795],[139.29449218337496,35.35084752560539],[139.29474068499724,35.350853908385126],[139.29511040196488,35.35086462872895],[139.2951193771645,35.350501440070175],[139.29484544112802,35.349836797714964],[139.29470452336562,35.34951709851346],[139.29456466276187,35.34920008094746],[139.294521388828,35.349095384897836],[139.29443255736027,35.3488804205397],[139.29428529961487,35.34851921584259],[139.29416392317074,35.34824108090782],[139.2940251916804,35.3479231518718],[139.29388541538495,35.34760071118303],[139.29375538767206,35.34729908816029],[139.29365040474514,35.34703813713551],[139.2935972652493,35.346918046002905],[139.29341411301368,35.34650076756003],[139.29334701056698,35.34633463045595],[139.29332441595895,35.34625516591151],[139.29331384415573,35.346190262404455],[139.29331347619598,35.346083855059334],[139.29332785654026,35.34590455875375],[139.29346970585033,35.345913286910765],[139.29348651707454,35.34591223475097],[139.29352666799025,35.34590382099526],[139.29379318985318,35.34586070777792],[139.29389016072963,35.3458450113279],[139.2945978759903,35.34602229613448],[139.2950187152821,35.3459088793554],[139.29553142569782,35.34574488368959],[139.2960816312391,35.34589054819881],[139.2960651083649,35.345906742399826],[139.2957142016574,35.34639644616013],[139.29548536332715,35.34672718640691],[139.29567922366368,35.346865010253026],[139.29576117122227,35.34695100354811],[139.29591702742616,35.347168939611784],[139.29599940281378,35.347359508509754],[139.29641270940698,35.34724866001715],[139.29648442826192,35.347217428045944],[139.29655182427996,35.34717716313769],[139.29659059128116,35.34713768793788],[139.29661838067622,35.34709450244303],[139.29663308693532,35.347027878534384],[139.29664125021944,35.34696305670051],[139.2966177171023,35.34669253817568],[139.29662021162702,35.34664656513552],[139.29663696954285,35.346607837886644],[139.29666253083923,35.3465701342408],[139.29670231921952,35.34653876129532],[139.2967585982913,35.346515558848665],[139.29689185256004,35.346498118684615],[139.2971208422593,35.34714178687301],[139.29727006035927,35.34793143496224],[139.29727392222708,35.34795194490373],[139.29739554925365,35.34853295669348],[139.29747231627087,35.34887103232258],[139.29747891469074,35.34890021494171],[139.29748758180133,35.34892187277831],[139.2975157648908,35.348988684630555],[139.29761393551806,35.349281151576655],[139.29773591715974,35.349638649975425],[139.29775463326808,35.3498054882269],[139.29781082030942,35.349979744811094],[139.29797899999335,35.35050152690382],[139.2980295848659,35.35065850573053],[139.298177817904,35.35101795091639],[139.29830033118117,35.35131503103518],[139.29831332426207,35.35134572170265],[139.29838225516247,35.3515758777018],[139.2984924555984,35.35188283281486],[139.29849355334332,35.35188593559862],[139.29836987448263,35.35192982675166],[139.2981397219384,35.35198944631968],[139.29791530675234,35.35200007691794],[139.29791352964386,35.352041617195226],[139.29788732556742,35.352131288479754]]]]}},{"type":"Feature","properties":{"area_id":"14203089102","city":"平塚市","ward":"","town":"めぐみが丘","chome":"2","num_households":433},"geometry":{"type":"MultiPolygon","coordinates":[[[[139.29473675133883,35.35132549672229],[139.29461456673837,35.35132495554456],[139.29452239048618,35.351342433417734],[139.29447665926352,35.35136208988849],[139.29438937238334,35.351420292831854],[139.29428307609547,35.35151897356384],[139.29422853568937,35.35144753628419],[139.29376485831375,35.351684345648735],[139.29381319882648,35.35186124414947],[139.29372515636672,35.35186444548817],[139.2936404647124,35.3518613936761],[139.29361453266898,35.35185726462685],[139.29353917964346,35.351781017625825],[139.29354308004932,35.35177624525817],[139.29352347234385,35.351751792795845],[139.2935158728294,35.35173105549213],[139.2935084485336,35.35169046044017],[139.29350484652383,35.35157235015003],[139.29349758501695,35.35150739039442],[139.29345491130502,35.35142220364936],[139.2933486162743,35.35126800420669],[139.29309358737277,35.35120187310153],[139.29301107662832,35.351200591631894],[139.29289548724168,35.351210006737965],[139.29260812265122,35.35124386966128],[139.29250032221836,35.35107029730156],[139.2924326434236,35.35099070310056],[139.29231134636552,35.350863054456056],[139.29229063219617,35.35083683694367],[139.2921575576672,35.35066406681187],[139.29211183141396,35.35059266901754],[139.2920933920734,35.350547518002486],[139.29208262943033,35.35051141493963],[139.29209028336732,35.35035546759138],[139.2920835691233,35.350298890800254],[139.29203289730182,35.350214653392925],[139.29195738926614,35.350155727688744],[139.2918443946395,35.350104733944676],[139.29196271761094,35.349851958441],[139.29196829697617,35.34984029351057],[139.2918114301038,35.3494904522196],[139.2917904665371,35.349443740140046],[139.2917642104549,35.349423835710816],[139.29175207119962,35.34940737374844],[139.29174554798587,35.34941262567476],[139.29162529916303,35.34950912934256],[139.29152680178902,35.34955298610233],[139.29137818604784,35.34939775111434],[139.29094748546174,35.349142530547894],[139.2909526252838,35.34903530292724],[139.2908988164111,35.34898379709585],[139.29080503548943,35.34889401620755],[139.2907822567793,35.34884257773933],[139.29074839739548,35.34864137758431],[139.29117611264616,35.34851800624706],[139.29109308062075,35.34835017635222],[139.2909099748969,35.34810817087925],[139.29087709041298,35.34808985695239],[139.29048690902124,35.34799206245834],[139.29033870600594,35.34793675506862],[139.29017440078937,35.34784067275529],[139.28997774467624,35.34767205382422],[139.28984619082743,35.347607877412244],[139.28982932042123,35.34733435994524],[139.28998743739126,35.34732724944875],[139.2902215464343,35.34715724447078],[139.29041665328984,35.346932417792296],[139.29071034091095,35.34672803133166],[139.29100050500332,35.346587709142014],[139.29107126865335,35.34654534980394],[139.29113775891443,35.346557264845885],[139.29126085286686,35.346529927879274],[139.29165772177996,35.34636444571857],[139.29178922032096,35.346320455987296],[139.29197098243628,35.346259716756464],[139.292207446856,35.3461805590853],[139.2922611542368,35.346163052498405],[139.29266316695964,35.34592773436973],[139.29279646899104,35.34590311487567],[139.29284818590483,35.345900668573094],[139.29309360542297,35.34588999850959],[139.2931396130598,35.34589294855683],[139.29332785654026,35.34590455875375],[139.29331347619598,35.346083855059334],[139.29331384415573,35.346190262404455],[139.29332441595895,35.34625516591151],[139.29334701056698,35.34633463045595],[139.29341411301368,35.34650076756003],[139.2935972652493,35.346918046002905],[139.29365040474514,35.34703813713551],[139.29375538767206,35.34729908816029],[139.29388541538495,35.34760071118303],[139.2940251916804,35.3479231518718],[139.29416392317074,35.34824108090782],[139.29428529961487,35.34851921584259],[139.29443255736027,35.3488804205397],[139.294521388828,35.349095384897836],[139.29456466276187,35.34920008094746],[139.29470452336562,35.34951709851346],[139.29484544112802,35.349836797714964],[139.2951193771645,35.350501440070175],[139.29511040196488,35.35086462872895],[139.29474068499724,35.350853908385126],[139.29449218337496,35.35084752560539],[139.29448957255954,35.35090427284795],[139.29449676061225,35.350987259876625],[139.29451926699448,35.35107383688861],[139.2945301020638,35.3510991652494],[139.29454537100267,35.35112352846751],[139.2946229478379,35.351201404386224],[139.29466913354005,35.35124280487131],[139.29473675133883,35.35132549672229]]]]}},{"type":"Feature","properties":{"area_id":"142030901","city":"平塚市","ward":"","town":"土屋","chome":"","num_households":846},"geometry":{"type":"MultiPolygon","coordinates":[[[[139.26720636983552,35.3566885951154],[139.26710383945218,35.35643679021447],[139.2654168533284,35.356614674527],[139.26497232110574,35.35670644274778],[139.2644012874795,35.356824300531514],[139.2631053503869,35.35713934424058],[139.26300507186457,35.35712781389693],[139.26261473699745,35.35708300811504],[139.26215203389063,35.357018422041044],[139.26185417339687,35.35697024997866],[139.26166415455515,35.35692773005161],[139.26127212243838,35.35673876468569],[139.26120894028884,35.356702128819954],[139.2611265739026,35.356686103684424],[139.2607778865555,35.356648109602105],[139.26048693633643,35.35652194232055],[139.26015616001985,35.35664514975223],[139.26003568428308,35.35663936429398],[139.25987120791913,35.35657097853199],[139.2594264913441,35.35665723394824],[139.2592298209186,35.356656296178805],[139.25900138096617,35.35649711728778],[139.25871629653838,35.35644167578597],[139.25857816102786,35.35639848310193],[139.25843759796476,35.35624831348069],[139.2583436677022,35.356122730701735],[139.25822919023656,35.356003598119216],[139.25784285861116,35.35578789036684],[139.25766510416568,35.35570725670082],[139.25659780742828,35.35537561666862],[139.256096863472,35.35521991427342],[139.25407188200856,35.35454212434417],[139.25390806368253,35.35452133765837],[139.2530782194753,35.354521918708784],[139.2524317186913,35.35431803581679],[139.25235651057858,35.35430535014188],[139.2518553503298,35.35430293092923],[139.25153843634484,35.354264992748135],[139.25123228964023,35.35418781293505],[139.25077353865547,35.35401257352045],[139.25059670128374,35.3539617206342],[139.2504890037018,35.35400873180257],[139.25024851265087,35.35389200932723],[139.25030518506077,35.35384622955269],[139.24914960921615,35.35333156727302],[139.24878161804224,35.35315330949481],[139.2482555209708,35.35284823204868],[139.24768845796544,35.35253872844113],[139.24749977556291,35.35239647811294],[139.24721938305552,35.352158293404834],[139.24610734651148,35.35132094566349],[139.24538339139812,35.350724979106324],[139.24511285539486,35.35055141386631],[139.24456141368407,35.35021261127806],[139.24386982912847,35.349749111147126],[139.24315501979362,35.349312886843],[139.24237419300434,35.34878380367297],[139.24180017162803,35.34837973761057],[139.2412949763778,35.34803269546199],[139.24090259077974,35.34768627466877],[139.24052591272036,35.34730204444763],[139.24033264741468,35.3470784270064],[139.24014156045865,35.34691580339001],[139.24004308693213,35.34680609789602],[139.23996760273621,35.34670854777567],[139.23992370917418,35.34665185513503],[139.2396817552105,35.346622988517275],[139.23928543902943,35.34661117767423],[139.23888995184333,35.346527118954434],[139.23869309082306,35.34640840633807],[139.23883518993642,35.34553393094613],[139.23902891710682,35.34399184391618],[139.23894978693167,35.343752869960234],[139.23882609804588,35.343430792880454],[139.23863212382597,35.34305935552305],[139.23847025876032,35.34276941262574],[139.23849297893136,35.34270635789526],[139.2386211797966,35.342681075734404],[139.2400246861062,35.34246109687348],[139.24009066892978,35.34245839293646],[139.24024146208598,35.34245223362917],[139.2401653126379,35.342045605182925],[139.23999780104623,35.341598246814044],[139.2399736395002,35.34141123338543],[139.23989770116106,35.341017140598744],[139.23986574918882,35.34087895984127],[139.23959518386056,35.339708653333744],[139.23953611023444,35.33803419335291],[139.23957347007334,35.33780776513601],[139.23968742975399,35.33711785558172],[139.23986004651866,35.33712863482732],[139.23993486054644,35.336974852539825],[139.2400283628071,35.336827501037256],[139.2401203298535,35.33673147768148],[139.24021751002363,35.33668061868808],[139.24021336378962,35.3366481351321],[139.240539898235,35.33667044386804],[139.2405672505977,35.33653720168229],[139.2404050595422,35.33652281328134],[139.24021899220796,35.3365064053482],[139.24020486679024,35.3364456330452],[139.24013136551432,35.33612922244397],[139.2408105508142,35.336216220409526],[139.24095212995715,35.336252407946155],[139.24101877918906,35.33677286298093],[139.2412849130968,35.33678135214773],[139.24148201518815,35.336751687456534],[139.2413523247031,35.336285076452754],[139.2411641784079,35.33628865988349],[139.24098184075893,35.336249878130786],[139.24109519752997,35.335787135792216],[139.24075670279282,35.335749417897716],[139.24076502776884,35.33566199596522],[139.24051025627338,35.33560398488561],[139.24006871165548,35.335467098877956],[139.24000816737308,35.33534307150872],[139.24004518351012,35.33499128912998],[139.24423312852477,35.33561673052498],[139.24444036577168,35.33578971005923],[139.24450430052917,35.335790163563004],[139.24460046341707,35.33585612451301],[139.244634658144,35.335958471790114],[139.24466622920372,35.3359420774706],[139.2448653185606,35.33575558805364],[139.24495701201394,35.33561315046702],[139.24526056895485,35.335347523625984],[139.2456202003025,35.335063860232744],[139.24589400612584,35.33478815623936],[139.24600084231253,35.334618962710415],[139.24607801508517,35.334463566399485],[139.24618388606876,35.33417162344679],[139.2463026480498,35.33407649857073],[139.2465430386831,35.33384605357813],[139.24662803706858,35.333707806692274],[139.24670672331243,35.33353889750504],[139.24677730493525,35.33327220377493],[139.24678920729863,35.333230361620075],[139.24674545488526,35.33307071546639],[139.24668657282393,35.33293557270573],[139.2464995785011,35.332583121045175],[139.24649509139357,35.33244817178536],[139.24658879912283,35.33198314354929],[139.24767862189776,35.33123733650876],[139.24810687519496,35.33093259421777],[139.2485487312654,35.33052214401587],[139.24869924214326,35.33033090624936],[139.24896618414448,35.329925168549146],[139.24921816237799,35.32973127107338],[139.24927665670256,35.32968625816077],[139.24977602198913,35.32933777215038],[139.2499568983268,35.329249424233055],[139.25034064359994,35.32906192105715],[139.25046546935386,35.32901266796794],[139.25103733545345,35.32878698916295],[139.25179719990663,35.32877432500801],[139.25315130650438,35.328783817782906],[139.25342766136131,35.328862894367866],[139.25428745937612,35.32909907039562],[139.25509859994318,35.329344513837654],[139.25517418970804,35.329373257152184],[139.25618022391137,35.329662514976185],[139.2577735447146,35.32994443374742],[139.25804704890626,35.33009975236425],[139.26071616780894,35.33166180333681],[139.26081162784584,35.33198738932312],[139.2608723018629,35.33247520082779],[139.26097848535062,35.33282795057968],[139.26153253034934,35.33327866747677],[139.26146752199338,35.333278360123174],[139.26161640304989,35.33335843012062],[139.26183705460065,35.333589822867886],[139.26204593752345,35.3337227810454],[139.26220049077924,35.33390090383851],[139.2623764565968,35.33401617061289],[139.2625965627426,35.33418481427681],[139.26278340079975,35.334299991563284],[139.263046748019,35.33440574260041],[139.26336853389225,35.334474797967054],[139.26374020242477,35.33448965247531],[139.26408510482077,35.3343994532987],[139.2649036873598,35.334114663022476],[139.2651273920333,35.33418134919401],[139.265710514237,35.334367753341425],[139.26582147926848,35.334377360079905],[139.26592471325907,35.33455875631365],[139.26615398756425,35.334812504535414],[139.26642581368742,35.33527398084934],[139.2666427690415,35.33571709981654],[139.26631476037534,35.336089138670175],[139.26776128507396,35.3376215219677],[139.26796827898488,35.33791093522857],[139.2680450847537,35.33809967082572],[139.26807246720628,35.33827106194624],[139.26805789882178,35.33894343877343],[139.26810576778587,35.33917802270275],[139.268186350111,35.33929381912677],[139.268303442953,35.33938718216076],[139.26841107624287,35.339561343526576],[139.2690906873914,35.34056675078095],[139.26923998267432,35.34048484664932],[139.2695434160481,35.34092921046953],[139.269662837115,35.34108349794559],[139.26991348653507,35.3413198729712],[139.27013130389838,35.341537997693834],[139.27029439353055,35.341728684137856],[139.27041280660293,35.34197317375978],[139.2706583112236,35.34267887652647],[139.2707966811585,35.343113100788635],[139.27118581695046,35.34377461524957],[139.27131583273788,35.34390817535871],[139.27157870881896,35.344093269080105],[139.27188435741678,35.34433904977725],[139.27209247674895,35.344439728858084],[139.27229056398303,35.34445008206912],[139.27248938725253,35.344397342163916],[139.2726114957001,35.344307909086496],[139.2728657463769,35.344219369667904],[139.27310729040042,35.34428421717848],[139.27333665640265,35.34445724249181],[139.27354269667413,35.344747481688366],[139.27370468871277,35.345037446176725],[139.2738643297252,35.34554394564257],[139.2744735470381,35.346225047470426],[139.274985544163,35.346734011546665],[139.27519420028835,35.34678954895335],[139.2752825266266,35.34692586612023],[139.27538920965043,35.34733606421775],[139.27543937088538,35.34752882494603],[139.27547926927562,35.34779548010842],[139.27597320649664,35.34805844826275],[139.27632034538888,35.34853918272309],[139.27660967389576,35.3492722501422],[139.2770405108912,35.35015969272611],[139.2773341620565,35.35049567593102],[139.27783563213072,35.3509683796291],[139.27817365824734,35.351277592134636],[139.27861410179284,35.35182057384625],[139.27816171596226,35.35203772603863],[139.27794532609843,35.35214222653768],[139.27781471094644,35.35225521679961],[139.27764619060568,35.35244282113269],[139.2776043672735,35.35251241643289],[139.27751819863,35.352655821243964],[139.27731502322473,35.352657003549886],[139.27708244614925,35.3526583336734],[139.2760141612339,35.352803080476356],[139.27579206634869,35.352942690692046],[139.27563915301297,35.35327240265592],[139.2754635160444,35.35324363882886],[139.2754365075569,35.35330907522102],[139.2750191594994,35.354320970801005],[139.27264936824017,35.354859101592496],[139.27178903563274,35.355169962011345],[139.269739687895,35.35592546792646],[139.26973464816385,35.35592699296126],[139.26789375717138,35.3564815587333],[139.26720636983552,35.3566885951154]],[[139.24127919466162,35.33741412060099],[139.24092177678153,35.33740152091508],[139.2409411717107,35.33745844584472],[139.24104470725058,35.33759141420646],[139.24121273913704,35.337777937930156],[139.2414798464934,35.33810825228303],[139.24169453055316,35.338391478932614],[139.24174361383987,35.33829524398384],[139.24179526014677,35.33815395262865],[139.24192214153263,35.337948173692226],[139.24195692063122,35.33785729030064],[139.24198553339252,35.337704196133345],[139.24202088931548,35.337527755487784],[139.24179234501074,35.337490579651885],[139.24161890827267,35.337444659961996],[139.24127919466162,35.33741412060099]],[[139.24220203743562,35.336671418154786],[139.24239002786413,35.33683726357504],[139.2430338337064,35.33649429863397],[139.24321097761484,35.33663938730397],[139.2432586775421,35.33663293073331],[139.24377282485332,35.33659495305528],[139.24402629459863,35.33656013612866],[139.24424691775357,35.336498116575925],[139.24434629802263,35.33643374411908],[139.2443466299651,35.336429521028094],[139.24434906227464,35.33639615333487],[139.24423660981768,35.3361225114176],[139.24412267870707,35.336059772627685],[139.24394052828336,35.33599487057506],[139.24371194129515,35.33596396479702],[139.24320794713012,35.33599487974887],[139.24308774555087,35.33588429401678],[139.2428014596406,35.33592345532037],[139.24250150367845,35.33587424105335],[139.24241530047456,35.33638577940047],[139.2426439092054,35.3364139407851],[139.24220203743562,35.336671418154786]]]]}},{"type":"Feature","properties":{"area_id":"142030902","city":"平塚市","ward":"","town":"上吉沢","chome":"","num_households":383},"geometry":{"type":"MultiPolygon","coordinates":[[[[139.28982932042123,35.34733435994524],[139.2896359759925,35.34732687669903],[139.28947081667377,35.347320434586244],[139.28922808230826,35.34729491473064],[139.2890509247769,35.34735397845357],[139.28898269742228,35.347454163341254],[139.2889360692002,35.34760176715184],[139.2888729467189,35.34770309986665],[139.2888955881373,35.347730032351095],[139.28865038088833,35.347913434515604],[139.28861348671614,35.34799354937899],[139.2886320481078,35.34816158335913],[139.28861200024053,35.34845380859535],[139.28847949959814,35.34876904887848],[139.2883821204311,35.34928169296592],[139.2883706632077,35.349555294107795],[139.28834064804929,35.35027098032329],[139.28829164368986,35.35042019268123],[139.2882288414204,35.35047300685752],[139.28808257981478,35.35053192770828],[139.28799220449088,35.350980097166584],[139.28796235164003,35.351105804479026],[139.2879363914346,35.351215191783275],[139.28788285027758,35.35169493466463],[139.28781807252722,35.35170260044358],[139.28752700290192,35.35168559064609],[139.28721972850352,35.35172033650558],[139.28675071483988,35.35183315462279],[139.28654229374266,35.35191228508978],[139.286177873863,35.35203381030895],[139.28572271974292,35.351580580742706],[139.28547657143753,35.35135800130574],[139.28514699195077,35.351098920495915],[139.28457737140178,35.35081530614633],[139.2840180090616,35.35060398271036],[139.28394503298972,35.3506035117157],[139.28387792518762,35.3505743364529],[139.28367677789993,35.35054941233588],[139.28325071311377,35.35057051023191],[139.28297680980222,35.35058919793213],[139.28266189133421,35.35067966883482],[139.28244404554135,35.350728044606235],[139.28219722402008,35.35073319197486],[139.28218731997828,35.350733392942296],[139.28213455175134,35.350734456744696],[139.28160481805514,35.35073684008426],[139.28106360229796,35.35083493918566],[139.28089248004724,35.350882328734336],[139.27861410179284,35.35182057384625],[139.27817365824734,35.351277592134636],[139.27783563213072,35.3509683796291],[139.2773341620565,35.35049567593102],[139.2770405108912,35.35015969272611],[139.27660967389576,35.3492722501422],[139.27632034538888,35.34853918272309],[139.27597320649664,35.34805844826275],[139.27547926927562,35.34779548010842],[139.27543937088538,35.34752882494603],[139.27538920965043,35.34733606421775],[139.2752825266266,35.34692586612023],[139.27519420028835,35.34678954895335],[139.274985544163,35.346734011546665],[139.2744735470381,35.346225047470426],[139.2738643297252,35.34554394564257],[139.27370468871277,35.345037446176725],[139.27354269667413,35.344747481688366],[139.27333665640265,35.34445724249181],[139.27310729040042,35.34428421717848],[139.2728657463769,35.344219369667904],[139.2726114957001,35.344307909086496],[139.27248938725253,35.344397342163916],[139.27229056398303,35.34445008206912],[139.27209247674895,35.344439728858084],[139.27188435741678,35.34433904977725],[139.27157870881896,35.344093269080105],[139.27131583273788,35.34390817535871],[139.27118581695046,35.34377461524957],[139.2707966811585,35.343113100788635],[139.2706583112236,35.34267887652647],[139.27041280660293,35.34197317375978],[139.27029439353055,35.341728684137856],[139.27013130389838,35.341537997693834],[139.26991348653507,35.3413198729712],[139.269662837115,35.34108349794559],[139.2695434160481,35.34092921046953],[139.26923998267432,35.34048484664932],[139.2690906873914,35.34056675078095],[139.26841107624287,35.339561343526576],[139.268303442953,35.33938718216076],[139.268186350111,35.33929381912677],[139.26810576778587,35.33917802270275],[139.26805789882178,35.33894343877343],[139.26807246720628,35.33827106194624],[139.2680450847537,35.33809967082572],[139.26796827898488,35.33791093522857],[139.26776128507396,35.3376215219677],[139.26631476037534,35.336089138670175],[139.2666427690415,35.33571709981654],[139.26642581368742,35.33527398084934],[139.26615398756425,35.334812504535414],[139.26592471325907,35.33455875631365],[139.26582147926848,35.334377360079905],[139.2659581493637,35.33433652635228],[139.26612643362662,35.334205208993474],[139.2662637065765,35.33408395760559],[139.2664313227723,35.334054254021446],[139.26686526161967,35.33406136449759],[139.26715041261303,35.33407284485274],[139.26759659150747,35.33410543195205],[139.26794399171575,35.334081640290655],[139.26879401639727,35.33399421850064],[139.26903604347493,35.33395978962611],[139.2693457729811,35.334001871866704],[139.26967403808442,35.334054180496544],[139.26994691126802,35.33404531577668],[139.2700801564132,35.33401481277864],[139.27054084062794,35.33384584362283],[139.2707299746242,35.3337801091171],[139.27088552482644,35.33369914768517],[139.27100988196173,35.33364888458458],[139.2712626947505,35.33369485114289],[139.27134429854632,35.333706358080306],[139.2714981223064,35.33387474625497],[139.27187576208755,35.33395776911818],[139.27208806546858,35.333970936658936],[139.27223852999032,35.33394142324029],[139.27243690090322,35.33388776675752],[139.2725710694856,35.33382888376186],[139.27276364869053,35.333773931819074],[139.27330807804256,35.33368434173218],[139.27369492806855,35.33359021881944],[139.27383781684745,35.333550246801735],[139.27392460977893,35.333550647849485],[139.27428378166476,35.33361329063303],[139.27462957265453,35.33359129550935],[139.27490449027502,35.333509468114755],[139.27495655944819,35.33351062372276],[139.2751976522279,35.333473709076536],[139.27547892905218,35.333372684487344],[139.27553663239328,35.33334823290197],[139.27576243723942,35.333209700430224],[139.2759303537549,35.33309139329267],[139.2761831874278,35.333108824645215],[139.27666475858223,35.333161530426764],[139.27727990133081,35.333292028705806],[139.27735443147714,35.33333251039294],[139.2810123984749,35.33532108095796],[139.28129119974253,35.33600887588581],[139.28138685063587,35.3363254267731],[139.28146256162105,35.33645231690188],[139.28185646843292,35.33668065284806],[139.28209693649706,35.33684469868014],[139.28224852886353,35.33708038048751],[139.2823578237912,35.33715334113629],[139.282544621943,35.337190738252005],[139.2827637361611,35.337291520315006],[139.2829059100435,35.33738272618954],[139.28311402362758,35.33748338660128],[139.283499889222,35.33744084409776],[139.2836982704408,35.33742414003461],[139.28380777515682,35.337479071047376],[139.28389407693416,35.33764206242164],[139.2840033142393,35.33772403441031],[139.28412460873238,35.33770683804824],[139.28438907676426,35.33769057181015],[139.28450979092543,35.337727454564934],[139.28464075966133,35.337836633310346],[139.28478241868928,35.33797297238773],[139.28496617310827,35.3382901289889],[139.2850303738843,35.338462031603456],[139.28514893672914,35.33869748749879],[139.28525728427,35.33886071670979],[139.28542061756656,35.339033277888376],[139.28555883187298,35.33913284206424],[139.28566099704153,35.33920639783954],[139.28587922999108,35.339388360757624],[139.28619491940196,35.33972441745601],[139.2865314989446,35.34016894196302],[139.2867048463353,35.34043189496585],[139.28686766905776,35.34064959025648],[139.28703096827368,35.34082214832291],[139.28718384436678,35.34094050651091],[139.2873270842937,35.340932417269464],[139.28751494632934,35.34087051739286],[139.28772464722783,35.34082681256654],[139.28793250984108,35.340954570996864],[139.28818505643832,35.341019433367414],[139.2885041682317,35.34103959478721],[139.28867888488716,35.34117614650626],[139.2889195901097,35.341322147910645],[139.28917360173273,35.34125166823101],[139.28930573882144,35.34125254172006],[139.28971226292612,35.3413364684125],[139.28985665505667,35.34122014765398],[139.2900735182575,35.341133092422886],[139.2903655021476,35.34100686647986],[139.29046496247085,35.34097146765502],[139.29057645435358,35.34084584423358],[139.29075378612131,35.34073868224134],[139.29100721863068,35.340722348971084],[139.29126085864849,35.34068791943284],[139.29174379400183,35.3408355568627],[139.29200890455505,35.34075610740567],[139.29230591218175,35.34078517459736],[139.29249251988645,35.34084050931225],[139.29250220112294,35.340858086765515],[139.2927313026903,35.34074587151696],[139.2929166215809,35.34068444534481],[139.29307680673193,35.34069353712708],[139.2932783492167,35.340667532401916],[139.29354332054433,35.34067370885126],[139.29368337541334,35.34062721962554],[139.2938030481518,35.34055029026547],[139.2939466021392,35.34027995450051],[139.29408274348754,35.34019464661618],[139.2941515232252,35.34018474092586],[139.29409862063588,35.33995768635514],[139.295770721916,35.34011318333239],[139.29616121290238,35.33995639702762],[139.29617218610613,35.34000623113866],[139.2963634313139,35.341166664452615],[139.2964805937201,35.34200065890776],[139.2966538784591,35.34324720328639],[139.29681281437647,35.34323156702781],[139.29720316353195,35.34331947894287],[139.29706761286513,35.343714213394016],[139.29695420872514,35.34400820537172],[139.29673418314374,35.34398836344316],[139.2967392396258,35.344023172631935],[139.2967831836892,35.34432694185762],[139.2967292894,35.34440606737026],[139.29659109298265,35.344587278897116],[139.29649513074497,35.344678681872374],[139.2963022427964,35.34468740802069],[139.29587510395243,35.34478009541276],[139.29569174739933,35.345011880430135],[139.2943172896963,35.34574240084017],[139.29414691558122,35.34580347479098],[139.29389016072963,35.3458450113279],[139.29379318985318,35.34586070777792],[139.29352666799025,35.34590382099526],[139.29348651707454,35.34591223475097],[139.29346970585033,35.345913286910765],[139.29332785654026,35.34590455875375],[139.2931396130598,35.34589294855683],[139.29309360542297,35.34588999850959],[139.29284818590483,35.345900668573094],[139.29279646899104,35.34590311487567],[139.29266316695964,35.34592773436973],[139.2922611542368,35.346163052498405],[139.292207446856,35.3461805590853],[139.29197098243628,35.346259716756464],[139.29178922032096,35.346320455987296],[139.29165772177996,35.34636444571857],[139.29126085286686,35.346529927879274],[139.29113775891443,35.346557264845885],[139.29107126865335,35.34654534980394],[139.29100050500332,35.346587709142014],[139.29071034091095,35.34672803133166],[139.29041665328984,35.346932417792296],[139.2902215464343,35.34715724447078],[139.28998743739126,35.34732724944875],[139.28982932042123,35.34733435994524]]]]}},{"type":"Feature","properties":{"area_id":"142030903","city":"平塚市","ward":"","town":"下吉沢","chome":"","num_households":180},"geometry":{"type":"MultiPolygon","coordinates":[[[[139.29249251988645,35.34084050931225],[139.29230591218175,35.34078517459736],[139.29200890455505,35.34075610740567],[139.29174379400183,35.3408355568627],[139.29126085864849,35.34068791943284],[139.29100721863068,35.340722348971084],[139.29075378612131,35.34073868224134],[139.29057645435358,35.34084584423358],[139.29046496247085,35.34097146765502],[139.2903655021476,35.34100686647986],[139.2900735182575,35.341133092422886],[139.28985665505667,35.34122014765398],[139.28971226292612,35.3413364684125],[139.28930573882144,35.34125254172006],[139.28917360173273,35.34125166823101],[139.2889195901097,35.341322147910645],[139.28867888488716,35.34117614650626],[139.2885041682317,35.34103959478721],[139.28818505643832,35.341019433367414],[139.28793250984108,35.340954570996864],[139.28772464722783,35.34082681256654],[139.28751494632934,35.34087051739286],[139.2873270842937,35.340932417269464],[139.28718384436678,35.34094050651091],[139.28703096827368,35.34082214832291],[139.28686766905776,35.34064959025648],[139.2867048463353,35.34043189496585],[139.2865314989446,35.34016894196302],[139.28619491940196,35.33972441745601],[139.28587922999108,35.339388360757624],[139.28566099704153,35.33920639783954],[139.28555883187298,35.33913284206424],[139.28542061756656,35.339033277888376],[139.28525728427,35.33886071670979],[139.28514893672914,35.33869748749879],[139.2850303738843,35.338462031603456],[139.28496617310827,35.3382901289889],[139.28478241868928,35.33797297238773],[139.28464075966133,35.337836633310346],[139.28450979092543,35.337727454564934],[139.28438907676426,35.33769057181015],[139.28412460873238,35.33770683804824],[139.2840033142393,35.33772403441031],[139.28389407693416,35.33764206242164],[139.28380777515682,35.337479071047376],[139.2836982704408,35.33742414003461],[139.283499889222,35.33744084409776],[139.28311402362758,35.33748338660128],[139.2829059100435,35.33738272618954],[139.2827637361611,35.337291520315006],[139.282544621943,35.337190738252005],[139.2823578237912,35.33715334113629],[139.28224852886353,35.33708038048751],[139.28209693649706,35.33684469868014],[139.28185646843292,35.33668065284806],[139.28146256162105,35.33645231690188],[139.28138685063587,35.3363254267731],[139.28129119974253,35.33600887588581],[139.2810123984749,35.33532108095796],[139.27735443147714,35.33333251039294],[139.27757054270157,35.33295217818048],[139.27766991549822,35.33283475118572],[139.2777813152648,35.33276794143042],[139.27820536903414,35.332641933402684],[139.27873239193153,35.33256322496509],[139.27888524768892,35.332535264155176],[139.27899418079454,35.33248977818078],[139.2791243575297,35.33237249165003],[139.27921250190872,35.332344727127236],[139.27961619071817,35.33241945828934],[139.27980891460652,35.332474211425875],[139.2799642761727,35.33258942397133],[139.2800252252738,35.33268730461299],[139.28007345431746,35.33284244894111],[139.28027417850163,35.332934208330904],[139.28072392881154,35.33325610881789],[139.28194606332548,35.332985634681],[139.28211027455598,35.33300659293683],[139.28228228227582,35.333088148121234],[139.28261566092428,35.333318388819926],[139.28272522468694,35.333376349758204],[139.28277523838187,35.33337657719153],[139.28277408512812,35.33329312382767],[139.28301960846395,35.33298791408084],[139.28356614612517,35.33234175899368],[139.28357756407087,35.33220364703366],[139.28342972480436,35.332074529731536],[139.28334947345564,35.33197747867224],[139.28334200447262,35.331690343386676],[139.28341361138598,35.33148356322568],[139.28334684228474,35.331349673355405],[139.28328045812256,35.33126057224544],[139.28315930802336,35.33116291265573],[139.28295082576017,35.33107478511083],[139.2828177437693,35.33086073720365],[139.28270621812206,35.33061073272836],[139.28271586748275,35.33046740110592],[139.282775462551,35.330410209516224],[139.28279556554304,35.330296713611176],[139.28319365755718,35.330136910378236],[139.28407654231594,35.329944307431425],[139.284577584865,35.32996805635234],[139.28510307866162,35.33003606492125],[139.28528878250364,35.33006126991718],[139.2854458772723,35.33009169721636],[139.2856194653134,35.33012311483029],[139.28608659342203,35.330174800063965],[139.28677996544673,35.330280669997194],[139.287537714095,35.330461682222456],[139.2876245524544,35.33046749600157],[139.28774547085692,35.33047881388163],[139.28781916220103,35.33047830045798],[139.28786097981182,35.33047665770827],[139.28793037357374,35.33046344935655],[139.2880283694794,35.33044586277061],[139.28803393956363,35.330441873909265],[139.28823511544877,35.330428060937486],[139.28883901059228,35.33044767541204],[139.28913623630643,35.330578863487524],[139.2892350843559,35.330600926470346],[139.28933198814138,35.33058600987752],[139.28950383867237,35.330543543318385],[139.2895765337817,35.33053126375374],[139.28963709541415,35.330521606773054],[139.2897306545013,35.33051209662283],[139.28981646260266,35.33051156643958],[139.2899516597369,35.33052752390051],[139.29006594227312,35.33054155658367],[139.2901472655422,35.33055001864766],[139.29023531281243,35.330542315418775],[139.29036751910027,35.3305104437006],[139.2904215902423,35.330488151652425],[139.29046017737167,35.33047480392726],[139.29077007487197,35.33034908484679],[139.2909004932013,35.33031452865956],[139.29118440241623,35.33023918244341],[139.29137178029583,35.33034910030493],[139.2915758697869,35.33042029093589],[139.29179107474005,35.3304807561421],[139.2918771918615,35.330504942485355],[139.29193385412808,35.33051294164645],[139.2920239787574,35.33052235773485],[139.2921196207637,35.330529122453456],[139.29219332545642,35.330526705652545],[139.29223628891197,35.3305206295494],[139.29227268584816,35.33050727149838],[139.2922992270669,35.330483024897816],[139.29237444268173,35.33042118092742],[139.2924196636473,35.33039884855427],[139.29260436745804,35.33041319299199],[139.2926725663834,35.330411666252914],[139.29273315137021,35.33039841594189],[139.2928610386245,35.33035666367285],[139.2931675372852,35.33046422174517],[139.2932330388895,35.33048718852574],[139.29353596336,35.33058951862965],[139.29377272014207,35.33054909620788],[139.2943304289592,35.330542563274456],[139.29463528877446,35.330515046419194],[139.2948570008521,35.3305926471961],[139.29502169089153,35.330638446667244],[139.29544629840953,35.3306304026107],[139.2957362551472,35.33086245085109],[139.2958460690502,35.33088997854215],[139.29593215588093,35.33084712291223],[139.29625817800945,35.33111623009667],[139.2959920216163,35.33144496290427],[139.29592420243205,35.33155191090388],[139.29591385585255,35.331622212974],[139.2959395187532,35.33173140499514],[139.2960560508533,35.33207619970962],[139.29620637234802,35.3326339484909],[139.29623007367562,35.33271489536969],[139.29628382121393,35.33289836204848],[139.2963131968654,35.33311573474923],[139.29633263702902,35.33333482336839],[139.29630980111548,35.33363125655596],[139.29629059875288,35.3337938385242],[139.29628643022494,35.33383938105982],[139.29620835771001,35.33400219541422],[139.2959409196783,35.33435437325503],[139.29583748450872,35.334694601670634],[139.29576174324856,35.335005235948486],[139.29568472481535,35.33534022949074],[139.29566084381813,35.335397233976586],[139.29565342329997,35.33541487569723],[139.29561545770014,35.33550301390753],[139.29558322534146,35.335556106708765],[139.29519567223244,35.33610422026679],[139.2951223669058,35.336214734718546],[139.29514556448635,35.336430319917305],[139.29566949124046,35.337742714774826],[139.29575703089273,35.33812005495203],[139.2958158617154,35.33838727354164],[139.29616121290238,35.33995639702762],[139.29577072191603,35.3401131833324],[139.29409862063588,35.33995768635514],[139.29415152322522,35.340184740925835],[139.2940827434876,35.34019464661618],[139.2939466021392,35.34027995450051],[139.2938030481518,35.340550290265455],[139.29368337541337,35.34062721962554],[139.29354332054433,35.34067370885122],[139.2932783492167,35.340667532401916],[139.29307680673193,35.34069353712705],[139.2929166215809,35.34068444534481],[139.2927313026903,35.34074587151693],[139.29250220112294,35.340858086765465],[139.29249251988645,35.34084050931225]]]]}},{"type":"Feature","properties":{"area_id":"142030951","city":"平塚市","ward":"","town":"公所","chome":"","num_households":1454},"geometry":{"type":"MultiPolygon","coordinates":[[[[139.3033214095562,35.34960403727265],[139.30318044971594,35.350013413012796],[139.3030440349848,35.35010014007226],[139.3023609663735,35.350052513314346],[139.3023442880838,35.35005300385828],[139.30218030850654,35.35001679567994],[139.30185950770633,35.349868285123925],[139.3010712424365,35.349509917225575],[139.30090982741652,35.3494365365144],[139.30049890542756,35.349249319224405],[139.300147711001,35.34910961422234],[139.29986462795125,35.34906971252479],[139.29965027432527,35.34905468803069],[139.29960366920335,35.348978639939595],[139.29950038003784,35.349014031300406],[139.29939003318867,35.34900502603447],[139.29917645761597,35.3490548615249],[139.2987538816819,35.34908575050784],[139.29843715987923,35.3490835828323],[139.29814400238251,35.349026731922805],[139.29770275114993,35.34892401824351],[139.29762156183625,35.348905350230616],[139.29747231627087,35.34887103232258],[139.29739554925365,35.34853295669348],[139.29727392222708,35.34795194490373],[139.29727006035927,35.34793143496224],[139.2971208422593,35.34714178687301],[139.29689185256004,35.346498118684615],[139.2967585982913,35.346515558848665],[139.29670231921952,35.34653876129532],[139.29666253083923,35.3465701342408],[139.29663696954285,35.346607837886644],[139.29662021162702,35.34664656513552],[139.2966177171023,35.34669253817568],[139.29664125021944,35.34696305670051],[139.29663308693532,35.347027878534384],[139.29661838067622,35.34709450244303],[139.29659059128116,35.34713768793788],[139.29655182427996,35.34717716313769],[139.29648442826192,35.347217428045944],[139.29641270940698,35.34724866001715],[139.29599940281378,35.347359508509754],[139.29591702742616,35.347168939611784],[139.29576117122227,35.34695100354811],[139.29567922366368,35.346865010253026],[139.29548536332715,35.34672718640691],[139.2957142016574,35.34639644616013],[139.2960651083649,35.345906742399826],[139.2960816312391,35.34589054819881],[139.29553142569782,35.34574488368959],[139.2950187152821,35.3459088793554],[139.2945978759903,35.34602229613448],[139.29389016072963,35.3458450113279],[139.29414691558122,35.34580347479098],[139.2943172896963,35.34574240084017],[139.29569174739933,35.345011880430135],[139.29587510395243,35.34478009541276],[139.2963022427964,35.34468740802069],[139.29649513074497,35.344678681872374],[139.29659109298265,35.344587278897116],[139.2967292894,35.34440606737026],[139.2967831836892,35.34432694185762],[139.2967392396258,35.344023172631935],[139.29673418314374,35.34398836344316],[139.29695420872514,35.34400820537172],[139.29706761286513,35.343714213394016],[139.2973161348116,35.343752488888924],[139.29725959396887,35.34402546508061],[139.2972439277742,35.34410109690401],[139.29732248264264,35.34412742734276],[139.29740914199846,35.34415653974742],[139.2974333250963,35.344164673401146],[139.2974457774031,35.344153109102976],[139.29758558225015,35.34402690003108],[139.2977784868252,35.34385057538458],[139.29785062378383,35.343741742835704],[139.2979023687154,35.343590147249415],[139.29791218536275,35.34347597150701],[139.29809824663107,35.343392638349],[139.29823191261062,35.343304357668785],[139.29826810959415,35.343072837878324],[139.29821207045293,35.34303393219897],[139.2981953309024,35.34287985188702],[139.29866954104466,35.34283341603502],[139.29878133047347,35.342798134466065],[139.29906302125252,35.34258078994599],[139.29940178709472,35.34245432412665],[139.29949615141848,35.34245501887918],[139.29980784321387,35.342394134686906],[139.29992271708625,35.34239294775155],[139.30017583236062,35.342405111204236],[139.30042178138766,35.34245534007298],[139.30089592351607,35.342662756988794],[139.30098221412294,35.34270163420843],[139.30097487307134,35.34273388655476],[139.30095405878595,35.34279877099942],[139.30094455395405,35.34282839737135],[139.30104807212382,35.34286636345028],[139.30099978874983,35.34296204075387],[139.30119414972523,35.343016972084705],[139.30119755621232,35.34300076250181],[139.30120357094884,35.34300150672829],[139.30121848667434,35.34299634712761],[139.30140645969072,35.34301880073395],[139.30152503921838,35.34305447208645],[139.3016237705955,35.34309726749269],[139.30169941757885,35.34313725751773],[139.30176181725992,35.34318440104635],[139.30179588880688,35.343233630859544],[139.30181181720496,35.34327745987605],[139.30182050461693,35.34336245638198],[139.30182112507376,35.343368538799474],[139.30181528441761,35.34342079242439],[139.30179124694885,35.34349124810711],[139.301767821608,35.34353140528517],[139.30170631449957,35.34359878707205],[139.30171757823467,35.34365087659329],[139.30176875699874,35.34379672640262],[139.3018613766276,35.3440456401264],[139.30191679067116,35.34412165363503],[139.3019693967129,35.34427920032994],[139.30219958928242,35.34424238911413],[139.30225680732948,35.34418644361228],[139.30239831808686,35.34404798277448],[139.30253112658895,35.343915559648686],[139.30258128076554,35.34386555063644],[139.30281122961063,35.343766908365474],[139.30288216129023,35.343756373371505],[139.3031838644425,35.34377170077943],[139.3032055535638,35.34375355605444],[139.3031976307054,35.34353099648601],[139.30324033871292,35.343452805692024],[139.30346291463312,35.34337729896416],[139.3034736098347,35.343364740436094],[139.30349134592643,35.343128208570924],[139.3034933222928,35.34310167017199],[139.30404204474812,35.34310187209462],[139.30406108961628,35.34328624243846],[139.30362817933838,35.343286050253106],[139.30363567385064,35.34376718794615],[139.3036797891657,35.34378970333633],[139.3037266430058,35.34380772268389],[139.30408511565642,35.343783086404365],[139.30408936763732,35.34405534516999],[139.30409265452198,35.34426422447861],[139.303770006458,35.34428429831404],[139.30378588814372,35.34470470058189],[139.30411689592313,35.34463515727116],[139.30412472613233,35.344938629006926],[139.30460765045615,35.34468925921895],[139.305289279098,35.34432082537721],[139.30547412821,35.344278107699246],[139.3084082196419,35.34413516598499],[139.30841726762648,35.344272030549504],[139.308402019008,35.344518222632416],[139.30837924352988,35.345922383956626],[139.3083788593715,35.346309839584805],[139.30835278766997,35.34769181280337],[139.30834770266628,35.347961433445526],[139.30833960383637,35.34839237590843],[139.30813200760775,35.348609714939236],[139.30801698973139,35.34865858351882],[139.30775869031643,35.34886070368101],[139.30723972510546,35.34924500158118],[139.30665984520587,35.34975741069007],[139.30665275446205,35.34919112443426],[139.30506867542232,35.349158832963646],[139.30462290310317,35.34912858633647],[139.30380666202228,35.3491134870843],[139.3036688392897,35.34909316914695],[139.3035392991927,35.34905492926274],[139.3033214095562,35.34960403727265]]]]}},{"type":"Feature","properties":{"area_id":"142030952","city":"平塚市","ward":"","town":"根坂間","chome":"","num_households":946},"geometry":{"type":"MultiPolygon","coordinates":[[[[139.3084082196419,35.34413516598499],[139.30547412821,35.344278107699246],[139.305289279098,35.34432082537721],[139.30460765045615,35.34468925921895],[139.30412472613233,35.344938629006926],[139.30411689592313,35.34463515727116],[139.30378588814372,35.34470470058189],[139.303770006458,35.34428429831404],[139.30409265452198,35.34426422447861],[139.30408936763732,35.34405534516999],[139.30408511565642,35.343783086404365],[139.3037266430058,35.34380772268389],[139.3036797891657,35.34378970333633],[139.30363567385064,35.34376718794615],[139.30362817933838,35.343286050253106],[139.30406108961628,35.34328624243846],[139.30404204474812,35.34310187209462],[139.3034933222928,35.34310167017199],[139.30350929568885,35.342851890674766],[139.30333801955916,35.34284297792823],[139.303230392824,35.342806806378626],[139.30298450049688,35.34266799515843],[139.30283948365926,35.34247356968071],[139.3028754886048,35.342467811814736],[139.30280004382644,35.342161230199416],[139.3027279447162,35.34191501084462],[139.3026100678184,35.34151233328211],[139.30246999605598,35.34096724048779],[139.30253805990472,35.34093486243889],[139.30261771313317,35.34088443705914],[139.30267625251176,35.340796668404536],[139.30265798288877,35.34050005254445],[139.30271060330944,35.34029155933926],[139.30273978735337,35.34017802905039],[139.30281120409998,35.339900465784105],[139.30282344181762,35.339782988618744],[139.30268129557396,35.33934577000413],[139.30254614614927,35.33936651867705],[139.30242045157755,35.33931414270322],[139.30233029262916,35.33920262889777],[139.30226633787504,35.33907277879023],[139.3022383907213,35.338929846147906],[139.30210651356467,35.33869850811346],[139.30208924994793,35.33859766288233],[139.3021055657252,35.338507174202476],[139.30215843437907,35.33840579002506],[139.30216206578473,35.33834285043587],[139.30211966296906,35.338209291556566],[139.3020504712732,35.33809188282038],[139.30203933878067,35.33805923018285],[139.30190741825032,35.33802640331962],[139.30140196601863,35.338071240161355],[139.301138037942,35.33810487513224],[139.30064069437535,35.33830297568784],[139.30047364273136,35.33831999140651],[139.3003315120528,35.338291202536155],[139.3000176410943,35.33819483526585],[139.2998357740825,35.338131366678134],[139.29968339128288,35.33810661655013],[139.29959514431368,35.33812404579806],[139.29917944339692,35.33819046213341],[139.29913357457593,35.3381867396866],[139.29875676490676,35.33789806085872],[139.29941310419983,35.337331245888336],[139.29942616856596,35.33723898364425],[139.29941124393574,35.337103079873025],[139.29937398311748,35.33704482045543],[139.29931215227387,35.33701152375814],[139.29918792779358,35.33699816299258],[139.29886073145292,35.33701482738671],[139.29877159652858,35.33695162353079],[139.29874108491214,35.33684036800239],[139.29875406865457,35.336806694732104],[139.29888048702583,35.33647825166085],[139.2985255472076,35.33666992511369],[139.29842723906444,35.33666893070846],[139.29827717063847,35.33655384137155],[139.2974816692286,35.33660675536874],[139.29736098772898,35.33651890595968],[139.29690262090986,35.33678187773347],[139.29637887727569,35.337086028135985],[139.29609642595534,35.337256670690564],[139.29605537036952,35.337305219562445],[139.2958993032716,35.3376964805531],[139.29566949124046,35.337742714774826],[139.29514556448635,35.336430319917305],[139.2951223669058,35.336214734718546],[139.29519567223244,35.33610422026679],[139.29558322534146,35.335556106708765],[139.29561545770014,35.33550301390753],[139.29602547638106,35.33571129614816],[139.2963604110396,35.33516548406409],[139.29649962350157,35.33532989334088],[139.29672215109784,35.3355143175146],[139.2967860713166,35.335517135647],[139.29695805500538,35.33535726754984],[139.29741213467898,35.33522258057662],[139.29758870073752,35.33539799482494],[139.29760073611973,35.335371218164894],[139.29830803629636,35.33503898952484],[139.29921055918425,35.335156108634614],[139.29927985754802,35.33515134199171],[139.29936761197857,35.335149403548286],[139.29971520426807,35.335028678337906],[139.29973695682656,35.33503356088436],[139.29984902984998,35.33505834618048],[139.29994571525683,35.33507052845943],[139.30005806514276,35.33505299265652],[139.3001462514981,35.33502450664852],[139.30039548009296,35.334977008382374],[139.30041763510766,35.334972808571166],[139.30051628593182,35.334954015378045],[139.30075649923123,35.33506322753619],[139.3010199157628,35.33515268353138],[139.3011549360022,35.335190241963204],[139.3012022314517,35.33519227921958],[139.30122337200586,35.33518561128627],[139.30159376794708,35.33511906174566],[139.3019735221576,35.33501431522491],[139.30227030154913,35.334916247016785],[139.30224644033873,35.335281192218225],[139.30277287449454,35.335172362723014],[139.3028087252049,35.33514357782407],[139.30284177061748,35.33513660821287],[139.30375493618854,35.335131422487926],[139.30418198984853,35.33513334653412],[139.30482843774206,35.33513621998856],[139.3048427045534,35.335149309189056],[139.30527223785404,35.335160042398506],[139.30527082495487,35.335471285402754],[139.3052489924916,35.33567772698939],[139.30526942920466,35.335773443415036],[139.30526872217695,35.33592230447731],[139.30525212455274,35.33594399295584],[139.30536271626968,35.33618487890604],[139.3053721139291,35.336193369764246],[139.3066801140492,35.33620522039911],[139.3072138374283,35.336211818302985],[139.30722715329784,35.33567937408331],[139.3072223407551,35.33566604430566],[139.30796584646765,35.3356712205281],[139.30797336540965,35.33567132332948],[139.30797579940827,35.33520636394875],[139.30878535896315,35.335215903625226],[139.30879887417106,35.335205539882786],[139.30878748432673,35.33586129374851],[139.30878580022065,35.336885735389366],[139.30857478277466,35.337265799203635],[139.30844774203027,35.33750341246006],[139.30843855455893,35.33752210459619],[139.30842884534368,35.337541850232974],[139.3084240489239,35.338067654357204],[139.3084111682672,35.3380926689204],[139.30840024487833,35.339244266828146],[139.30837714949783,35.33938789418717],[139.3083663905796,35.34066744633339],[139.30837645306474,35.340920437518356],[139.3083839321452,35.34095356648075],[139.3084607232239,35.34095354570049],[139.3084447493164,35.342483134644674],[139.3084370135495,35.343225607246715],[139.30842058802878,35.34324039502181],[139.3084090422011,35.344074044644984],[139.3084082196419,35.34413516598499]]]]}},{"type":"Feature","properties":{"area_id":"142030953","city":"平塚市","ward":"","town":"出縄","chome":"","num_households":1140},"geometry":{"type":"MultiPolygon","coordinates":[[[[139.30482843774206,35.33513621998856],[139.30418198984853,35.33513334653412],[139.30375493618854,35.335131422487926],[139.30284177061748,35.33513660821287],[139.3028087252049,35.33514357782407],[139.30277287449454,35.335172362723014],[139.30224644033873,35.335281192218225],[139.30227030154913,35.334916247016785],[139.3019735221576,35.33501431522491],[139.30159376794708,35.33511906174566],[139.30122337200586,35.33518561128627],[139.3012022314517,35.33519227921958],[139.3011549360022,35.335190241963204],[139.3010199157628,35.33515268353138],[139.30075649923123,35.33506322753619],[139.30051628593182,35.334954015378045],[139.30041763510766,35.334972808571166],[139.30039548009296,35.334977008382374],[139.3001462514981,35.33502450664852],[139.30005806514276,35.33505299265652],[139.29994571525683,35.33507052845943],[139.29984902984998,35.33505834618048],[139.29973695682656,35.33503356088436],[139.29971520426807,35.335028678337906],[139.29936761197857,35.335149403548286],[139.29927985754802,35.33515134199171],[139.29921055918425,35.335156108634614],[139.29830803629636,35.33503898952484],[139.29760073611973,35.335371218164894],[139.29758870073752,35.33539799482494],[139.29741213467898,35.33522258057662],[139.29695805500538,35.33535726754984],[139.2967860713166,35.335517135647],[139.29672215109784,35.3355143175146],[139.29649962350157,35.33532989334088],[139.2963604110396,35.33516548406409],[139.29602547638106,35.33571129614816],[139.29561545770014,35.33550301390753],[139.29565342329997,35.33541487569723],[139.29566084381813,35.335397233976586],[139.29568472481535,35.33534022949074],[139.29576174324856,35.335005235948486],[139.29583748450872,35.334694601670634],[139.2959409196783,35.33435437325503],[139.29620835771001,35.33400219541422],[139.29628643022494,35.33383938105982],[139.29629059875288,35.33379383852421],[139.29630980111548,35.333631256556],[139.29633263702902,35.33333482336843],[139.2963131968654,35.33311573474923],[139.29628382121393,35.33289836204848],[139.29623007367562,35.33271489536969],[139.29620637234797,35.3326339484909],[139.2960560508533,35.33207619970962],[139.2959395187532,35.33173140499514],[139.29591385585255,35.33162221297403],[139.29592420243205,35.33155191090388],[139.2959920216163,35.33144496290427],[139.29625817800945,35.33111623009667],[139.29593215588093,35.33084712291223],[139.2958460690502,35.330889978542196],[139.2957362551472,35.33086245085109],[139.29544629840953,35.3306304026107],[139.29569486069406,35.33063692677925],[139.29572319379366,35.330627686147984],[139.29572842975722,35.33062869596296],[139.29579295027554,35.33060489803225],[139.29587302144847,35.33064046245654],[139.2958962681553,35.330620707373114],[139.2959181709023,35.33063531075207],[139.29598058342418,35.330676993687206],[139.29621714347678,35.33066628246566],[139.29636856242368,35.33072462564718],[139.2964240896328,35.3307225482722],[139.29649616156559,35.330719838837524],[139.29648328057053,35.33067288285058],[139.29647009993073,35.33050156583881],[139.2964653550182,35.33043943539804],[139.29644707797178,35.32999127981137],[139.29641864092326,35.329631524163574],[139.29641791463908,35.329624267986404],[139.29640935884382,35.329540431999504],[139.29635840102952,35.329423029251224],[139.29626988509915,35.32933883859572],[139.29623131466732,35.32931106347522],[139.29622604349012,35.32930251970559],[139.2962205017865,35.32914553061643],[139.29624669635987,35.328828127924915],[139.29623274863877,35.3284540719045],[139.29620378605958,35.32833718871179],[139.2961243784323,35.32820804029596],[139.29603776308494,35.328109912866864],[139.29594826062603,35.32799994368701],[139.2958062452034,35.32798290563043],[139.29578030788423,35.32788948386799],[139.29556185323673,35.32757387896844],[139.29551276645586,35.32744704716417],[139.2954581566648,35.327356104049954],[139.29538119306832,35.32712393958622],[139.29540800452003,35.32711096168281],[139.2954322236185,35.3270997311057],[139.29563322703086,35.32708409472577],[139.29573880754154,35.327075881387806],[139.29724136439876,35.326959017473094],[139.29752468804514,35.326884776202064],[139.29771423251995,35.32685406316453],[139.29793125418917,35.32689853731488],[139.29805532569628,35.327004641959604],[139.2981632845611,35.32707152237091],[139.29837683675254,35.327094785666304],[139.2986031546084,35.32719577480311],[139.29868607498196,35.32717621060952],[139.29876107494997,35.327126401762726],[139.29886754749714,35.32707292854396],[139.29941885339395,35.32714062781271],[139.2994906700025,35.327169885703114],[139.30004104074015,35.3273017286357],[139.30005464240804,35.32733073091989],[139.29997538274515,35.32761790294429],[139.30006461677172,35.327828283298516],[139.30004252711979,35.3278620585112],[139.3001472547714,35.32793082234457],[139.30018579014046,35.327944371771395],[139.3003788586912,35.328117531102244],[139.30052476527888,35.32819013751201],[139.3009294353125,35.32835724972588],[139.3012339338872,35.32839165142119],[139.3013424548176,35.32840391183475],[139.30139826860187,35.328398859940435],[139.30225153218979,35.328321616914906],[139.30225316460798,35.32832155306508],[139.3022534361107,35.32833275079095],[139.30257198387724,35.32831885870683],[139.3030695744312,35.32829722596993],[139.30309161627605,35.32829711013596],[139.3032543390242,35.32829486039166],[139.303313450041,35.32820378549188],[139.30351404081333,35.32820578506001],[139.3035302193224,35.328466684712005],[139.30372043695877,35.32901466304205],[139.30375129999632,35.329071907105366],[139.3037822691308,35.32941103589843],[139.30381051274813,35.329885285130615],[139.30387726063037,35.32992838961219],[139.3041040413016,35.330106195498395],[139.30412853641226,35.33012538527744],[139.30469174470852,35.329838974408375],[139.3050612035138,35.32977332811367],[139.30547845107913,35.32977246027065],[139.30574657943768,35.3298356602288],[139.30606915869325,35.3300100743754],[139.3062654140504,35.3302049967436],[139.30625735237896,35.331167156416164],[139.30543672447473,35.33114846380158],[139.3054364113461,35.331156912637084],[139.30541766766962,35.3316964471485],[139.30541554999743,35.33216324006221],[139.30488239773172,35.33216564825882],[139.3048824859226,35.33217846476994],[139.30487165594516,35.3330812501014],[139.30486475486862,35.33395412567982],[139.3048606393238,35.33411198615358],[139.30485807774824,35.33420893990712],[139.3048539292276,35.334511086709156],[139.30484518390355,35.33452133042578],[139.30482843774206,35.33513621998856]]]]}},{"type":"Feature","properties":{"area_id":"142030954","city":"平塚市","ward":"","town":"万田","chome":"","num_households":2072},"geometry":{"type":"MultiPolygon","coordinates":[[[[139.31246314779492,35.33522997172081],[139.31244452236368,35.3352398215194],[139.3114080505171,35.33522945329159],[139.31127824995804,35.33522812859437],[139.31005534815995,35.33521583262258],[139.31003644214516,35.33521568195917],[139.30879887417106,35.335205539882786],[139.30878535896315,35.335215903625226],[139.30797579940827,35.33520636394875],[139.30797685045093,35.33514989264367],[139.30793766663768,35.33514930190217],[139.3079501716798,35.33466868152574],[139.30798093431844,35.33466902585073],[139.3089507629321,35.33467819938077],[139.3093784834043,35.33468320279599],[139.30939212648707,35.3341442819424],[139.30940777040254,35.33358825680812],[139.3094239545917,35.333570369456794],[139.31001707154095,35.33358591272925],[139.31002378198625,35.33336370093979],[139.31003922000986,35.33254402855765],[139.30939384038936,35.33252523829912],[139.30939398688884,35.33251580290565],[139.30940867745946,35.33145198905545],[139.30880244678957,35.33144037381227],[139.30864554161536,35.331365336944316],[139.30778780230037,35.33136438745025],[139.30761304395685,35.331452924442026],[139.3075740750263,35.331452614949725],[139.30696792956883,35.331447956936785],[139.3062789044534,35.33144258483429],[139.3062572515761,35.331442420221066],[139.3062573096281,35.33117377554334],[139.30625735237896,35.331167156416164],[139.3062654140504,35.3302049967436],[139.30606915869325,35.3300100743754],[139.30574657943768,35.3298356602288],[139.30547845107913,35.32977246027065],[139.3050612035138,35.32977332811367],[139.30469174470852,35.329838974408375],[139.30412853641226,35.33012538527744],[139.3041040413016,35.330106195498395],[139.30387726063037,35.32992838961219],[139.30381051274813,35.329885285130615],[139.3037822691308,35.32941103589843],[139.30375129999632,35.329071907105366],[139.30372043695877,35.32901466304205],[139.3035302193224,35.328466684712005],[139.30351404081333,35.32820578506001],[139.303313450041,35.32820378549188],[139.3032543390242,35.32829486039166],[139.30309161627605,35.32829711013596],[139.3030695744312,35.32829722596993],[139.30257198387724,35.32831885870683],[139.3022534361107,35.32833275079095],[139.30225316460798,35.32832155306508],[139.30225153218979,35.328321616914934],[139.30139826860187,35.328398859940435],[139.3013424548176,35.32840391183475],[139.3012339338872,35.32839165142119],[139.3009294353125,35.32835724972588],[139.30052476527888,35.32819013751201],[139.3003788586912,35.328117531102244],[139.30018579014046,35.327944371771395],[139.3001472547714,35.32793082234457],[139.30004252711979,35.32786205851122],[139.30006461677172,35.327828283298516],[139.29997538274515,35.32761790294429],[139.30005464240804,35.32733073091991],[139.3000410407402,35.32730172863571],[139.29949067000248,35.32716988570312],[139.29941885339395,35.32714062781271],[139.29886754749714,35.327072928544],[139.29876107494997,35.327126401762726],[139.29868607498196,35.32717621060952],[139.2986031546084,35.32719577480311],[139.29837683675254,35.32709478566631],[139.2981632845611,35.32707152237091],[139.29805532569628,35.32700464195959],[139.29793125418922,35.32689853731488],[139.29771423251995,35.326854063164525],[139.29752468804514,35.326884776202064],[139.29724136439876,35.326959017473094],[139.2957388075416,35.327075881387806],[139.29563322703086,35.32708409472577],[139.2954322236185,35.3270997311057],[139.29540800452003,35.32711096168281],[139.29538119306832,35.32712393958622],[139.2953603409731,35.32706110351043],[139.29533905056292,35.327038826169186],[139.29514166060437,35.326832182635826],[139.29483559577062,35.3267973733649],[139.29454616591374,35.326793902606504],[139.29443668340772,35.326762854128056],[139.29435971598136,35.3267004004954],[139.29430408723076,35.32658853770973],[139.2942311268229,35.326369136449344],[139.29397160766578,35.32543766352316],[139.2938424925438,35.32504365296678],[139.2936610013429,35.32489637053304],[139.29372537924726,35.32477060501164],[139.2938713796434,35.32478188972595],[139.29410283314385,35.32479982177685],[139.29428730776908,35.32472388572775],[139.29448932655524,35.32472316581233],[139.29494696411672,35.32461407882105],[139.29510058689303,35.32469419558043],[139.29525942753713,35.32475194263441],[139.29530103449096,35.324749380928886],[139.29545504031904,35.32464816737074],[139.29552537345046,35.324576230012575],[139.29574851774515,35.32449926604115],[139.29584613311818,35.32442723816998],[139.2961869572759,35.32407644071588],[139.29625760993468,35.32404034782381],[139.29645386357268,35.324008261340644],[139.29716396377628,35.32404619275668],[139.29740442453274,35.32407225431992],[139.2975130634871,35.3240091450412],[139.29770475729634,35.32407569279787],[139.2979337179402,35.32403459279106],[139.29811854966158,35.32394879274387],[139.29871932515962,35.32336851157544],[139.29896699882164,35.32344790928882],[139.2991310242897,35.323258641263486],[139.2992168247914,35.323113885022785],[139.29930053251178,35.32303925804895],[139.29950814331335,35.323056509616514],[139.29983016649948,35.323046448321655],[139.30020550506575,35.32289268575086],[139.3004248517331,35.32288231230141],[139.30061480303831,35.322873359048536],[139.30100638030345,35.322706145141446],[139.30117554141697,35.32269660690584],[139.30120681166747,35.32269857508619],[139.30127371062983,35.32272771260048],[139.30161227621443,35.32283751082443],[139.3016512530133,35.32285015044059],[139.30174625520982,35.32276045963453],[139.30182533035784,35.32268635000112],[139.30198655705956,35.32253524549366],[139.3019987064627,35.32252718635388],[139.30203841744375,35.32250933337805],[139.30205714971265,35.32250400760016],[139.3020626486893,35.32250403170893],[139.3020692475284,35.32250406063946],[139.30207474062698,35.32250498585618],[139.30208023372035,35.322505911897736],[139.3021120806881,35.322513261960644],[139.30212744769148,35.32251783609554],[139.30213404132556,35.322518766133385],[139.3021681291724,35.32251981751391],[139.30224290859167,35.32252104612813],[139.30291021085617,35.322371882828094],[139.30397357668426,35.322134178788545],[139.30468697129896,35.32197470141596],[139.30560160088322,35.32177007612265],[139.30605823280166,35.32166791302155],[139.3071245814246,35.32174105340552],[139.30760464699816,35.32183444566606],[139.30780690938167,35.321871174976536],[139.30792671976042,35.32183937320453],[139.3085302868777,35.32157278736491],[139.3090791732514,35.3212974425335],[139.30929065367974,35.32113985168034],[139.30940293418766,35.32101639464153],[139.30940266506204,35.32099822524731],[139.30912688293165,35.3209469757609],[139.3084684397985,35.32104347920677],[139.30795031586266,35.32106496163462],[139.30784330409443,35.32107766500683],[139.3076038845176,35.321163730936405],[139.3073697361529,35.32123172285204],[139.30724414341944,35.321227726103366],[139.3063109463048,35.32067518773161],[139.30640404929733,35.32056792565132],[139.30639221729226,35.32049766736019],[139.30622808902478,35.32055328610589],[139.30609776963078,35.320662498737235],[139.30595483017947,35.32066391841682],[139.30561321505766,35.32062236082935],[139.3043181116108,35.32008667106177],[139.30433073727156,35.31999490156796],[139.3043178722408,35.31997822614821],[139.30430074570944,35.31995604059678],[139.30443560795868,35.319776280146655],[139.30460418341474,35.31970398901116],[139.30471268404014,35.319627421469825],[139.3049155934413,35.31934866152797],[139.30528876698813,35.31910768662183],[139.30549006491665,35.31901715709398],[139.30555055691661,35.3189899563513],[139.30575123021188,35.31891625452251],[139.30652147500382,35.31922552688333],[139.30665644662923,35.31929991750212],[139.30681540253178,35.31937906031581],[139.30691422253537,35.3194038567065],[139.30697276564342,35.31932629463212],[139.3070372378068,35.31926013870588],[139.3071815923527,35.319216597557904],[139.30754746366617,35.31893154062298],[139.30797945654442,35.31879550203115],[139.3081756714164,35.31872514239648],[139.30840751945928,35.31875679688832],[139.3089183749911,35.319065549289384],[139.30926530225994,35.31927522233702],[139.30939686100572,35.31933978326903],[139.30940557434906,35.319339521263956],[139.30941613281874,35.319346469969865],[139.30965191556672,35.31945767545657],[139.30997975601886,35.31948335230922],[139.3100404161646,35.319550368867226],[139.31013359773172,35.319590408471846],[139.31029322257214,35.31973326318941],[139.31039810161406,35.31985835259202],[139.3106930359948,35.31987071876762],[139.31083045353523,35.31997333572066],[139.3109302790889,35.32014331826768],[139.31099276896333,35.32040750222968],[139.3111237335507,35.3203980531303],[139.3111520566315,35.32051006465165],[139.31115357175608,35.320675901633365],[139.31119253657917,35.32075641120149],[139.31129124932795,35.32080534223281],[139.311303076431,35.32090390533252],[139.31128308052766,35.32110119867104],[139.3110909255588,35.32098540123803],[139.31077897500444,35.32090585756651],[139.31066383660422,35.3208524907123],[139.3105596868247,35.320827407565176],[139.31102358474845,35.321551338283214],[139.31109878166467,35.321656223485725],[139.31070686130235,35.32171316261834],[139.31049320462904,35.32176092122791],[139.31033771725004,35.32182244531352],[139.31026474454546,35.32188614624328],[139.31023701800228,35.321922082784106],[139.31020923942486,35.3219661175436],[139.31019017058455,35.32202553865713],[139.31018320002508,35.32208050514464],[139.31024813325044,35.32342911303998],[139.31029380758736,35.32437844926895],[139.31034760872538,35.32442346137439],[139.31040431665687,35.32447087876949],[139.31042501205795,35.32449976684578],[139.3104412260946,35.324543986840524],[139.31044057779854,35.324644960269055],[139.31042487456395,35.32474199901572],[139.31042456004846,35.32474403921894],[139.31040217539075,35.32480436226428],[139.3103465934327,35.32489602214006],[139.31023214484563,35.32496870199031],[139.31028087140157,35.32499832218624],[139.30991948325735,35.32556083197169],[139.31008441649155,35.32565851691802],[139.310123564079,35.32568014471964],[139.30999743745582,35.32583462355548],[139.309840699836,35.32575973954479],[139.3097949417573,35.32581206720015],[139.3097519146141,35.32586417255052],[139.3097415622497,35.32587670863921],[139.3096256609194,35.32602093774989],[139.3096151255958,35.326034046282835],[139.30955165650548,35.3261079949716],[139.30945190696033,35.326255063562634],[139.30944414089967,35.326238928521775],[139.30942317503536,35.32617891620097],[139.30941658373862,35.32618825318694],[139.30928701585432,35.32632649482491],[139.30920604060745,35.326431559653145],[139.30882323245288,35.32687156113917],[139.30884653095276,35.32688306796004],[139.30872249658586,35.32704934978737],[139.3086629572087,35.3271078209597],[139.3085760647643,35.327157441416766],[139.3083854656521,35.32721189627978],[139.30812540838878,35.32729752739616],[139.30818749096784,35.3273843373594],[139.30838673575997,35.32765475214355],[139.30857606361866,35.32804426763941],[139.30861889715396,35.32811134734726],[139.30878729678633,35.328235020512544],[139.30893272614236,35.32828958553039],[139.3094192754929,35.328368145586616],[139.30998621157877,35.32846722582519],[139.31019136305272,35.32853555220101],[139.31033124901697,35.328664444797816],[139.3104072178248,35.32879778560146],[139.31041494961727,35.328811408967034],[139.31055056887922,35.32911020347072],[139.31056371227112,35.32939263586768],[139.31057810144202,35.32948064909701],[139.31067307424792,35.32969265767552],[139.31080322191625,35.33010804109444],[139.31084191454602,35.330117922177365],[139.3110087854703,35.33043501643456],[139.31109066484967,35.3305380321004],[139.31125269525108,35.330678496541445],[139.31151011386964,35.331027239329195],[139.31151662490365,35.331070644604864],[139.31213075068672,35.33190466650592],[139.31250960213933,35.33238778664532],[139.31252259776852,35.33244544394094],[139.31250574581668,35.333328846700766],[139.31248657053195,35.33339115624241],[139.3124552943614,35.33417816504572],[139.31249079195408,35.334170638694836],[139.31247272472987,35.334712364409434],[139.31246314779492,35.33522997172081]]]]}},{"type":"Feature","properties":{"area_id":"142030955","city":"平塚市","ward":"","town":"高根","chome":"","num_households":402},"geometry":{"type":"MultiPolygon","coordinates":[[[[139.32035023068315,35.32662827890274],[139.31948852822225,35.32675167693359],[139.31938287212267,35.326766379098046],[139.31891354319652,35.32683182308466],[139.31888279471409,35.32683648452845],[139.31783693726052,35.32699459562528],[139.31776517239106,35.32702380281231],[139.3176268119465,35.32715483716236],[139.3173208803994,35.32736164856211],[139.31713689387027,35.327451439044474],[139.31677951858535,35.32757888506354],[139.3166689053176,35.32760933744405],[139.31598982460574,35.327686852858065],[139.31553853179,35.327853758447624],[139.31422669701985,35.3282888722681],[139.31430438198106,35.32830180314924],[139.3139972305219,35.328341359211564],[139.31390492408426,35.32833041011932],[139.31317342304555,35.32834649649501],[139.31310102458468,35.328373655468454],[139.31204580552705,35.328412741103485],[139.31177074919466,35.3283912323421],[139.31161998176626,35.32840489328895],[139.311284475286,35.32851755788033],[139.31042590248478,35.32879180904261],[139.3104072178248,35.32879778560146],[139.31033124901697,35.328664444797816],[139.31019136305272,35.32853555220101],[139.30998621157877,35.32846722582519],[139.3094192754929,35.328368145586616],[139.30893272614236,35.32828958553039],[139.30878729678633,35.328235020512544],[139.30861889715396,35.32811134734726],[139.30857606361866,35.32804426763941],[139.30838673575997,35.32765475214355],[139.30818749096784,35.3273843373594],[139.30812540838878,35.32729752739616],[139.3083854656521,35.32721189627978],[139.3085760647643,35.327157441416766],[139.3086629572087,35.3271078209597],[139.30872249658586,35.32704934978737],[139.30884653095276,35.32688306796004],[139.30882323245288,35.32687156113917],[139.30920604060745,35.326431559653145],[139.30928701585432,35.32632649482491],[139.30941658373862,35.32618825318694],[139.30942317503536,35.32617891620097],[139.30944414089967,35.326238928521775],[139.30945190696033,35.326255063562634],[139.30955165650548,35.3261079949716],[139.30961512559574,35.326034046282835],[139.3096256609194,35.32602093774992],[139.3097415622497,35.32587670863921],[139.3097519146141,35.32586417255052],[139.3097949417573,35.32581206720015],[139.309840699836,35.32575973954479],[139.30999743745582,35.325834623555515],[139.310123564079,35.32568014471964],[139.31008441649155,35.32565851691802],[139.30991948325735,35.32556083197169],[139.31028087140157,35.32499832218624],[139.31023214484563,35.32496870199031],[139.3103465934327,35.32489602214006],[139.31040217539075,35.32480436226428],[139.31042456004846,35.32474403921894],[139.31042487456395,35.32474199901572],[139.31044057779854,35.324644960269055],[139.3104412260946,35.324543986840524],[139.31042501205795,35.32449976684578],[139.31040431665687,35.32447087876949],[139.31034760872538,35.32442346137439],[139.31029380758736,35.32437844926895],[139.31024813325044,35.32342911303998],[139.31018320002508,35.32208050514464],[139.31019017058455,35.32202553865713],[139.31020923942486,35.3219661175436],[139.31023701800228,35.321922082784106],[139.31026474454546,35.32188614624328],[139.31033771725004,35.32182244531352],[139.31049320462904,35.32176092122791],[139.31070686130235,35.32171316261834],[139.31109878166467,35.321656223485725],[139.31102358474845,35.321551338283214],[139.3105596868247,35.320827407565176],[139.31066383660422,35.3208524907123],[139.31077897500444,35.32090585756651],[139.3110909255588,35.32098540123803],[139.31128308052766,35.32110119867104],[139.31142325973335,35.32117586613783],[139.31159369966755,35.32131487939943],[139.31167786142788,35.3213954377739],[139.31183300807015,35.32155473706142],[139.3121440678391,35.321928265204555],[139.3122106300238,35.32201332554284],[139.31222482203327,35.322031411741136],[139.312278267144,35.32209832105359],[139.31234674371515,35.3220925517604],[139.31238061511405,35.32208973680273],[139.3125994646484,35.32208973806989],[139.31270940446396,35.32209653620946],[139.31300824385306,35.32214461553864],[139.3134049960442,35.32219225776182],[139.31373362568277,35.32222426414648],[139.31388865139425,35.322234840468845],[139.31412161743185,35.322264684971195],[139.31417101125015,35.32228017236315],[139.31429501644712,35.32232484125154],[139.31448263068742,35.32239956257701],[139.31471845187235,35.32250061013081],[139.31521862982711,35.32270817368905],[139.31531632777694,35.3227419587333],[139.31537786145745,35.32274672194419],[139.31543292105883,35.32273610720654],[139.3155321048156,35.32270497368116],[139.31567439724034,35.32264430361447],[139.31575935348704,35.322600505380215],[139.3158333361659,35.32255300078259],[139.316015664056,35.3224185588893],[139.3160730115075,35.32239267225466],[139.31612153889614,35.32237576338618],[139.3161886747574,35.32236428253702],[139.31619580676892,35.32236445304813],[139.31625137285928,35.32236186755782],[139.31646253649018,35.322368168611895],[139.316569099247,35.32238572258827],[139.3167536310724,35.322425219239136],[139.31687535718106,35.322456708751275],[139.31777211238062,35.32260577351062],[139.31777254864215,35.32262506969282],[139.31778153095698,35.323031556831154],[139.317728365158,35.323184141452266],[139.31773586642478,35.32340373460007],[139.3177588724354,35.32352917250767],[139.31775986802856,35.32363670401658],[139.31772275218725,35.323757879147195],[139.31773542985297,35.32396073387723],[139.31770788743356,35.32425954137412],[139.31777318850348,35.32448381076534],[139.317795776637,35.324587417566725],[139.3178404145368,35.324655203586225],[139.31791276982386,35.32469514949316],[139.31807617323923,35.324733782095095],[139.31816540397944,35.32475485561123],[139.31826201450463,35.32477771956666],[139.31834651518875,35.324806025239745],[139.31841584348382,35.32480180603977],[139.318485400821,35.32475428154887],[139.31855074986572,35.32468603626847],[139.31859595484957,35.324664605490554],[139.31865197752495,35.32467835786175],[139.31867391146747,35.32468837708812],[139.31871010843565,35.325051741149565],[139.31883505176285,35.325119014221],[139.31906746581646,35.32506765743208],[139.31922669775207,35.325107116391926],[139.3194082914536,35.32508892640552],[139.3196994911771,35.32530821476775],[139.31976862103312,35.3253283579718],[139.31999508620444,35.32534823746437],[139.32017894611784,35.325313948799106],[139.32028358443716,35.32529443323513],[139.3203772770773,35.32509201737446],[139.32056549681127,35.32524243302565],[139.3208927893194,35.32531856793915],[139.32106935805132,35.325490904166884],[139.3210950230527,35.32551593795992],[139.3212505730924,35.325614813052205],[139.3214555782338,35.325720228432175],[139.32161789998875,35.32579476651261],[139.32193398031626,35.32571381959521],[139.3219814464224,35.32570162106491],[139.32207368092838,35.32572361763707],[139.32221904034378,35.325694498308025],[139.3222307359832,35.325686166629005],[139.32224312256918,35.325677274445916],[139.32232179921598,35.32562098170173],[139.3224649608891,35.325592769183615],[139.32255353252276,35.325500251469286],[139.32260147661592,35.32553643214743],[139.32275168856904,35.32564978627715],[139.3228014904624,35.32565569436671],[139.32333200147713,35.32571892080507],[139.32359784496262,35.325769583185156],[139.32377688812474,35.3258090453997],[139.3239403297298,35.32587639946427],[139.32395205602498,35.3259317950626],[139.32391830114025,35.325949964825575],[139.32391845184685,35.3259669359026],[139.32340985733651,35.32605343982898],[139.32327323631435,35.326066400543866],[139.32315822416376,35.326079591019365],[139.3221320526974,35.32649176254569],[139.32208658092702,35.32650094214734],[139.32197994144377,35.32654916283298],[139.3217733724188,35.32657584904141],[139.32096155010737,35.32659770880849],[139.32035023068315,35.32662827890274]]]]}},{"type":"Feature","properties":{"area_id":"142030956","city":"平塚市","ward":"","town":"山下","chome":"","num_households":3157},"geometry":{"type":"MultiPolygon","coordinates":[[[[139.3154597673709,35.334212639799304],[139.31527162599872,35.33473112221261],[139.31505903481118,35.33531696310847],[139.31382716538732,35.335349453028485],[139.31379348976597,35.335354310324625],[139.31372547469684,35.33524557848774],[139.31246314779492,35.33522997172081],[139.31247272472987,35.334712364409434],[139.31249079195408,35.334170638694836],[139.3124552943614,35.33417816504572],[139.31248657053195,35.33339115624241],[139.31250574581668,35.333328846700766],[139.31252259776852,35.33244544394094],[139.31250960213933,35.33238778664532],[139.31213075068672,35.33190466650592],[139.31151662490365,35.331070644604864],[139.31151011386964,35.331027239329195],[139.31125269525108,35.330678496541445],[139.31109066484967,35.3305380321004],[139.3110087854703,35.33043501643456],[139.31084191454602,35.330117922177365],[139.31080322191625,35.33010804109444],[139.31067307424792,35.32969265767552],[139.31057810144202,35.32948064909701],[139.31056371227115,35.3293926358677],[139.31055056887922,35.32911020347072],[139.31041494961727,35.328811408967034],[139.3104072178248,35.32879778560146],[139.31042590248475,35.32879180904261],[139.311284475286,35.32851755788033],[139.31161998176626,35.32840489328895],[139.31177074919466,35.3283912323421],[139.31204580552705,35.328412741103485],[139.31310102458468,35.328373655468454],[139.31317342304555,35.32834649649501],[139.31390492408426,35.32833041011932],[139.3139972305219,35.328341359211564],[139.31430438198106,35.32830180314924],[139.31422669701985,35.3282888722681],[139.31553853179,35.327853758447624],[139.31598982460574,35.327686852858065],[139.3166689053176,35.32760933744405],[139.31677951858535,35.32757888506354],[139.31713689387027,35.327451439044474],[139.3173208803994,35.32736164856211],[139.3176268119465,35.32715483716236],[139.31776517239106,35.32702380281231],[139.31783693726052,35.32699459562528],[139.31888279471409,35.32683648452845],[139.31891354319652,35.32683182308466],[139.31938287212267,35.326766379098046],[139.31948852822225,35.32675167693359],[139.32035023068315,35.32662827890274],[139.3209615501073,35.326597708808485],[139.32177337241885,35.3265758490414],[139.32197994144377,35.32654916283298],[139.32208658092702,35.32650094214734],[139.3221320526974,35.32649176254567],[139.32315822416376,35.326079591019365],[139.3232732363144,35.32606640054384],[139.32340985733651,35.32605343982898],[139.32355630469385,35.32652893165813],[139.32361630744768,35.326723668184385],[139.32378600427458,35.327266853504604],[139.32394564733238,35.327878934335885],[139.3240617933082,35.32827472746734],[139.3240501618372,35.32827975048637],[139.32407333654493,35.32837343602886],[139.32362869141494,35.32885478926241],[139.32318244097706,35.32933781962714],[139.32311474200412,35.32941106329728],[139.32257929539765,35.32999597379454],[139.32221961323165,35.330388856579525],[139.3220962289455,35.33052362859691],[139.32187380962404,35.3308910861427],[139.3215606454993,35.331408512675196],[139.32101888831883,35.33207033688199],[139.32039123547813,35.33183605040809],[139.31973027177702,35.33221815407112],[139.3194766023718,35.332339420453685],[139.31943639344556,35.33235868873424],[139.3194145854127,35.33236909123263],[139.31799858624012,35.33261536865427],[139.3177071309376,35.332650278216924],[139.31728178359788,35.33288321170348],[139.31674079228864,35.33317946002233],[139.3166791147373,35.33321631337507],[139.31612572571944,35.33352933580185],[139.31570528921907,35.333799321975086],[139.31556380262055,35.333953792128945],[139.3154597673709,35.334212639799304]]]]}},{"type":"Feature","properties":{"area_id":"142030957","city":"平塚市","ward":"","town":"河内","chome":"","num_households":1477},"geometry":{"type":"MultiPolygon","coordinates":[[[[139.3116245362692,35.340664893977895],[139.31161423586067,35.34134243645752],[139.3116166389061,35.341396811876564],[139.3116155890564,35.34250346550928],[139.31159137773508,35.34408768229073],[139.3115910596936,35.344110568140316],[139.31147679580928,35.34411001005129],[139.31148137041805,35.344766418553384],[139.31143819920058,35.344783698424614],[139.3112233377147,35.344869608213536],[139.31098356500928,35.345188647908174],[139.31092578749974,35.345265582793076],[139.3106842003744,35.345592361197255],[139.308647721096,35.34747259633867],[139.30859487505344,35.347557296923476],[139.3085218083612,35.34777930084463],[139.30839437361482,35.3482892340096],[139.30833960383637,35.34839237590843],[139.30834770266628,35.347961433445526],[139.30835278766997,35.34769181280337],[139.3083788593715,35.346309839584805],[139.30837924352988,35.345922383956626],[139.308402019008,35.344518222632416],[139.30841726762648,35.344272030549504],[139.3084082196419,35.34413516598499],[139.3084090422011,35.344074044644984],[139.30842058802878,35.34324039502181],[139.3084370135495,35.343225607246715],[139.3084447493164,35.342483134644674],[139.3084607232239,35.34095354570049],[139.3083839321452,35.34095356648075],[139.30837645306474,35.340920437518356],[139.3083663905796,35.34066744633339],[139.30837714949783,35.33938789418717],[139.30840024487833,35.339244266828146],[139.3084111682672,35.3380926689204],[139.3084240489239,35.338067654357204],[139.30842884534368,35.337541850232974],[139.30843855455893,35.33752210459619],[139.30844774203027,35.33750341246006],[139.30857478277466,35.337265799203635],[139.30878580022065,35.336885735389366],[139.30878748432673,35.33586129374851],[139.30879887417106,35.335205539882786],[139.31003644214516,35.33521568195917],[139.31005534815995,35.33521583262258],[139.31127824995804,35.33522812859437],[139.3114080505171,35.33522945329159],[139.31244452236368,35.3352398215194],[139.31246314779492,35.33522997172081],[139.31372547469684,35.33524557848774],[139.31379348976597,35.335354310324625],[139.31382716538732,35.335349453028485],[139.31505903481118,35.33531696310847],[139.31505861657493,35.33532181972971],[139.31477299550806,35.3361614245841],[139.31460376490654,35.33661026823374],[139.31431309707418,35.337107627014326],[139.3142741976801,35.337150067378865],[139.31423266274592,35.33718122973975],[139.3132484592695,35.33774502124603],[139.31263200767393,35.338088954796504],[139.31221184696597,35.33832414094668],[139.31200723144755,35.3384439745871],[139.31189385018317,35.33850835115145],[139.3116812969518,35.3385989262611],[139.31167549886766,35.33921113751097],[139.311652662337,35.33975926509315],[139.3116149524528,35.340664853219025],[139.3116245362692,35.340664893977895]]]]}},{"type":"Feature","properties":{"area_id":"142030958","city":"平塚市","ward":"","town":"徳延","chome":"","num_households":2177},"geometry":{"type":"MultiPolygon","coordinates":[[[[139.32166989571655,35.34019247506847],[139.32128660161257,35.340162918285685],[139.3208925191755,35.34012704823108],[139.3205792476972,35.340080388236686],[139.32038783645453,35.33996627788389],[139.32014206378307,35.33978426314851],[139.32008580143943,35.33980684508055],[139.3198112547875,35.339882599170245],[139.31918205311595,35.34005553013352],[139.31917430427225,35.340057751209635],[139.31883526866426,35.340145063944654],[139.31857052969667,35.34014360143053],[139.31791966129805,35.34013988446235],[139.31791523600987,35.340139865881845],[139.31791344522298,35.34115351799578],[139.31791205270895,35.34124492092423],[139.31790436738208,35.34165988704161],[139.3178917554639,35.34233821251092],[139.31782572143288,35.34235624442287],[139.31725717645958,35.342508145769564],[139.31717842656283,35.342532390666754],[139.31661129862886,35.34267725192257],[139.31658416111816,35.34268086921178],[139.31615084935595,35.342798546141246],[139.31575601641066,35.34289962232084],[139.31511882617062,35.34297171480423],[139.31445078159985,35.34305712211978],[139.31429849688232,35.343075349874674],[139.31381011442997,35.34318214830143],[139.31382407213198,35.34252095295564],[139.31382514556364,35.342503134905684],[139.31383252721437,35.342380639458895],[139.3138334588058,35.342273686323914],[139.31383968729668,35.34155836243835],[139.31385101052626,35.34114264380984],[139.31386352487337,35.340681367649054],[139.313863900615,35.34027729190669],[139.31386383797758,35.34011821016802],[139.31398217655845,35.340119134006954],[139.31433249019346,35.339129294018576],[139.31434306289452,35.33830322637432],[139.31432976728405,35.337960921934375],[139.31440401157042,35.33767116951259],[139.31449842462143,35.337575090329935],[139.3147686916262,35.33748954069782],[139.3142741976801,35.337150067378865],[139.31431309707418,35.337107627014326],[139.31460376490654,35.33661026823374],[139.31477299550806,35.3361614245841],[139.31505861657493,35.33532181972971],[139.31505903481113,35.33531696310852],[139.31527162599872,35.33473112221261],[139.3154597673709,35.334212639799304],[139.31556380262052,35.33395379212898],[139.31570528921907,35.333799321975086],[139.31612572571944,35.33352933580185],[139.3166791147373,35.33321631337507],[139.31674079228864,35.33317946002233],[139.31728178359788,35.33288321170348],[139.3177071309376,35.332650278216924],[139.3179985862401,35.33261536865427],[139.3194145854127,35.33236909123263],[139.31943639344556,35.33235868873424],[139.3194766023718,35.332339420453685],[139.31973027177702,35.33221815407112],[139.32039123547813,35.33183605040809],[139.32101888831883,35.332070336882026],[139.3205114288108,35.33244209509125],[139.32067035003814,35.33292344512777],[139.3206503721024,35.33330595764367],[139.32070656566273,35.33386131596605],[139.32095392559035,35.334765839339944],[139.32087702788152,35.33479072998591],[139.32098682367732,35.33531582005229],[139.3211922596756,35.336280942666875],[139.32129736751068,35.33645813528608],[139.3212660351512,35.33662370553111],[139.32130109152789,35.336782867295945],[139.32141900358218,35.33731829383227],[139.32160333522222,35.33767012125174],[139.32151595102263,35.33783236619623],[139.32164152647726,35.338427684724294],[139.3216557851618,35.33871056479651],[139.32169071800047,35.339398255328604],[139.32169263315427,35.33943558720542],[139.32166989571655,35.34019247506847]]]]}},{"type":"Feature","properties":{"area_id":"142030959","city":"平塚市","ward":"","town":"纒","chome":"","num_households":2002},"geometry":{"type":"MultiPolygon","coordinates":[[[[139.32063381555497,35.342961345316965],[139.32064466375675,35.343061180345266],[139.32042988587202,35.34338302956678],[139.32033047224633,35.34339233121967],[139.31996883277893,35.343956663445404],[139.3199937723369,35.34400909237687],[139.3198829175103,35.34412278198292],[139.31987707794232,35.344128743959494],[139.3194862291342,35.34443006095995],[139.31887330742634,35.345049033418235],[139.31885271956307,35.34506979191418],[139.31849811693235,35.344977733671165],[139.31845353965977,35.344966137857895],[139.31809459469957,35.345010610165566],[139.3178423488383,35.3450425039376],[139.31773631924975,35.34506480304114],[139.31748148417535,35.34509154476006],[139.31745731631165,35.345094118217034],[139.31718479801188,35.345103812735864],[139.31653990739073,35.34512671950577],[139.3162240582861,35.345131580057114],[139.3158782758239,35.345146665625606],[139.3158252314186,35.34514897557083],[139.31437907444527,35.34521361508898],[139.31438788359478,35.34522724399015],[139.31395976200284,35.34552626740292],[139.31395653764508,35.345587309071945],[139.31394295547315,35.34584464394441],[139.31390536951687,35.346281241619785],[139.31385605088118,35.34663694472793],[139.31382347056703,35.34706342268864],[139.31382813923094,35.34710654139771],[139.31372328100744,35.34719419224389],[139.3137003315685,35.347200925431686],[139.31365129403187,35.347417406124286],[139.31367019140245,35.34741262641291],[139.31357990446742,35.34756048000836],[139.31352079752253,35.34763043882455],[139.31327588525025,35.347757704073224],[139.31305298392817,35.34791069503622],[139.31295224492607,35.34799906770673],[139.312920008929,35.34799949350883],[139.31275764039046,35.34812175639332],[139.31242765976137,35.3481707690853],[139.31200832255067,35.34811996332556],[139.31198319194044,35.34809140551372],[139.31151011985872,35.34803642479485],[139.30991834908272,35.34804079981161],[139.3088308152699,35.348105416352645],[139.30865437186495,35.34818324501495],[139.308569769378,35.34826104760623],[139.30834289498304,35.34853569713574],[139.30825449513293,35.348595525681276],[139.30813200760775,35.348609714939236],[139.30833960383637,35.34839237590843],[139.30839437361482,35.3482892340096],[139.3085218083612,35.34777930084463],[139.30859487505344,35.347557296923476],[139.308647721096,35.34747259633867],[139.3106842003744,35.345592361197255],[139.31092578749974,35.345265582793076],[139.31098356500928,35.345188647908174],[139.3112233377147,35.344869608213536],[139.31143819920058,35.344783698424614],[139.31148137041805,35.344766418553384],[139.31147679580928,35.34411001005129],[139.3115910596936,35.344110568140316],[139.31159137773508,35.34408768229073],[139.3116155890564,35.34250346550928],[139.3116166389061,35.341396811876564],[139.31161423586067,35.34134243645752],[139.3116245362692,35.340664893977895],[139.31161495245274,35.340664853219025],[139.311652662337,35.33975926509315],[139.31167549886766,35.33921113751097],[139.3116812969518,35.3385989262611],[139.31189385018317,35.33850835115145],[139.31200723144755,35.3384439745871],[139.31221184696597,35.33832414094668],[139.31263200767393,35.338088954796504],[139.3132484592695,35.33774502124603],[139.31423266274592,35.33718122973975],[139.3142741976801,35.337150067378865],[139.3147686916262,35.33748954069782],[139.31449842462143,35.337575090329935],[139.31440401157042,35.33767116951259],[139.31432976728405,35.337960921934375],[139.31434306289452,35.33830322637432],[139.31433249019346,35.339129294018576],[139.31398217655845,35.340119134006954],[139.31386383797758,35.34011821016802],[139.313863900615,35.34027729190669],[139.31386352487337,35.340681367649054],[139.31385101052626,35.34114264380982],[139.31383968729668,35.34155836243835],[139.3138334588058,35.342273686323914],[139.31383252721432,35.34238063945893],[139.31382514556364,35.342503134905684],[139.31382407213198,35.34252095295564],[139.31381011442997,35.34318214830143],[139.3142984968823,35.3430753498747],[139.31445078159985,35.34305712211978],[139.31511882617062,35.34297171480423],[139.31575601641066,35.34289962232084],[139.31615084935595,35.342798546141246],[139.31658416111816,35.34268086921178],[139.31661129862886,35.34267725192257],[139.31717842656283,35.342532390666754],[139.31725717645958,35.342508145769564],[139.31782572143288,35.34235624442287],[139.3178917554639,35.34233821251092],[139.31790436738208,35.34165988704161],[139.31791205270895,35.34124492092423],[139.31791344522298,35.34115351799578],[139.31791523600987,35.340139865881845],[139.31791966129805,35.34013988446235],[139.31857052969667,35.34014360143053],[139.31883526866426,35.340145063944654],[139.31917430427225,35.340057751209635],[139.31918205311595,35.34005553013352],[139.3198112547875,35.339882599170245],[139.32008580143943,35.33980684508055],[139.32014206378307,35.33978426314851],[139.32038783645453,35.33996627788389],[139.3205792476972,35.340080388236686],[139.3208925191755,35.34012704823108],[139.32128660161257,35.340162918285685],[139.32166989571655,35.34019247506847],[139.3217320878768,35.340211255645784],[139.3214514937322,35.34109565975063],[139.32137598429915,35.34133034795642],[139.32129214656095,35.34159098683985],[139.3209710529013,35.34231218726742],[139.32082137850472,35.34260029684018],[139.32063381555497,35.342961345316965]]]]}},{"type":"Feature","properties":{"area_id":"14203096101","city":"平塚市","ward":"","town":"日向岡","chome":"1","num_households":456},"geometry":{"type":"MultiPolygon","coordinates":[[[[139.3014728840416,35.33840533619192],[139.30144203988075,35.33854906871655],[139.30129663426612,35.33877236692583],[139.30128611622337,35.33879724943386],[139.30102968766434,35.33923575778152],[139.30102070576257,35.33925578748392],[139.30086970797265,35.339512369883856],[139.30077240630595,35.33959363087783],[139.30075695878074,35.33961011152524],[139.30038660072782,35.33973341634734],[139.29847433343835,35.34037655701709],[139.29830227488665,35.340429037925524],[139.29779432471742,35.3405966577305],[139.29727092401808,35.340780754566815],[139.29730881097342,35.34105125933556],[139.2963634313139,35.341166664452615],[139.29617218610613,35.34000623113866],[139.29616121290238,35.33995639702762],[139.29581586171534,35.338387273541656],[139.29575703089273,35.33812005495203],[139.29566949124046,35.337742714774826],[139.2958993032716,35.3376964805531],[139.29605537036952,35.337305219562445],[139.29609642595534,35.337256670690564],[139.29637887727569,35.337086028135985],[139.29690262090986,35.33678187773347],[139.29736098772898,35.33651890595968],[139.2974816692286,35.33660675536874],[139.29827717063847,35.33655384137155],[139.29842723906444,35.33666893070846],[139.2985255472076,35.33666992511369],[139.29888048702583,35.33647825166085],[139.29875406865457,35.336806694732104],[139.29874108491208,35.33684036800242],[139.29877159652858,35.3369516235308],[139.29886073145292,35.33701482738671],[139.29918792779358,35.33699816299258],[139.29931215227387,35.33701152375814],[139.29937398311748,35.33704482045543],[139.29941124393574,35.337103079873074],[139.29942616856596,35.33723898364425],[139.29941310419983,35.337331245888336],[139.29875676490676,35.33789806085872],[139.29913357457593,35.3381867396866],[139.29917944339692,35.33819046213343],[139.29959514431368,35.33812404579806],[139.29968339128288,35.33810661655013],[139.2998357740825,35.338131366678134],[139.3000176410943,35.33819483526585],[139.3003315120528,35.338291202536155],[139.30047364273136,35.33831999140651],[139.30064069437535,35.33830297568789],[139.301138037942,35.33810487513224],[139.3014019660186,35.338071240161355],[139.3014728840416,35.33840533619192]]]]}},{"type":"Feature","properties":{"area_id":"14203096102","city":"平塚市","ward":"","town":"日向岡","chome":"2","num_households":528},"geometry":{"type":"MultiPolygon","coordinates":[[[[139.3034933222928,35.34310167017199],[139.30349134592643,35.343128208570924],[139.3034736098347,35.343364740436094],[139.30346291463312,35.34337729896416],[139.30324033871292,35.343452805692024],[139.3031976307054,35.34353099648601],[139.3032055535638,35.34375355605444],[139.3031838644425,35.34377170077943],[139.30288216129023,35.343756373371505],[139.30281122961063,35.343766908365474],[139.30258128076554,35.34386555063644],[139.30253112658895,35.343915559648686],[139.30239831808686,35.34404798277448],[139.30225680732948,35.34418644361228],[139.30219958928242,35.34424238911413],[139.3019693967129,35.34427920032994],[139.30191679067116,35.34412165363503],[139.3018613766276,35.3440456401264],[139.30176875699874,35.34379672640262],[139.30171757823467,35.34365087659329],[139.30170631449957,35.34359878707205],[139.301767821608,35.34353140528517],[139.30179124694885,35.34349124810711],[139.30181528441761,35.34342079242439],[139.30182112507376,35.343368538799474],[139.30182050461693,35.34336245638198],[139.30181181720496,35.34327745987605],[139.30179588880688,35.343233630859544],[139.30176181725992,35.34318440104635],[139.30169941757885,35.34313725751773],[139.3016237705955,35.34309726749269],[139.30152503921838,35.34305447208645],[139.30140645969072,35.34301880073395],[139.30121848667434,35.34299634712761],[139.30120357094884,35.34300150672829],[139.30119755621232,35.34300076250181],[139.30119414972523,35.343016972084705],[139.30099978874983,35.34296204075387],[139.30104807212382,35.34286636345028],[139.30094455395405,35.34282839737135],[139.30095405878595,35.34279877099942],[139.30097487307134,35.34273388655476],[139.30098221412294,35.34270163420843],[139.30089592351607,35.342662756988794],[139.30042178138766,35.34245534007298],[139.30017583236062,35.342405111204236],[139.29992271708625,35.34239294775155],[139.29980784321387,35.342394134686906],[139.29949615141848,35.34245501887918],[139.29940178709472,35.34245432412665],[139.29906302125252,35.34258078994599],[139.29878133047347,35.342798134466065],[139.29866954104466,35.34283341603502],[139.2981953309024,35.34287985188702],[139.29821207045293,35.34303393219897],[139.29826810959415,35.343072837878324],[139.29823191261062,35.343304357668785],[139.29809824663107,35.343392638349],[139.29791218536275,35.34347597150701],[139.2979023687154,35.343590147249415],[139.29785062378383,35.343741742835704],[139.2977784868252,35.34385057538458],[139.29758558225015,35.34402690003108],[139.2974457774031,35.344153109102976],[139.2974333250963,35.344164673401146],[139.29740914199846,35.34415653974742],[139.29732248264264,35.34412742734276],[139.2972439277742,35.34410109690401],[139.29725959396887,35.34402546508061],[139.2973161348116,35.343752488888924],[139.29706761286513,35.343714213394016],[139.29720316353195,35.34331947894287],[139.29681281437647,35.34323156702781],[139.2966538784591,35.34324720328639],[139.2964805937201,35.34200065890776],[139.2963634313139,35.341166664452615],[139.29730881097342,35.34105125933556],[139.29727092401808,35.340780754566815],[139.29779432471742,35.3405966577305],[139.29830227488665,35.340429037925524],[139.29847433343835,35.34037655701709],[139.30038660072782,35.33973341634734],[139.30075695878074,35.33961011152524],[139.30077240630595,35.33959363087783],[139.30086970797265,35.339512369883856],[139.30102070576257,35.33925578748392],[139.30102968766434,35.33923575778152],[139.30128611622337,35.33879724943386],[139.30129663426618,35.33877236692581],[139.30144203988075,35.33854906871655],[139.3014728840416,35.33840533619192],[139.30140196601863,35.338071240161355],[139.30190741825032,35.33802640331962],[139.30203933878067,35.33805923018285],[139.3020504712732,35.33809188282038],[139.30211966296906,35.338209291556566],[139.30216206578473,35.33834285043587],[139.30215843437907,35.33840579002506],[139.3021055657252,35.338507174202476],[139.30208924994793,35.33859766288233],[139.30210651356467,35.33869850811346],[139.3022383907213,35.338929846147906],[139.30226633787504,35.33907277879023],[139.30233029262916,35.33920262889777],[139.30242045157755,35.33931414270322],[139.30254614614927,35.33936651867705],[139.30268129557396,35.33934577000413],[139.30282344181762,35.339782988618744],[139.30281120409998,35.339900465784105],[139.30273978735337,35.34017802905039],[139.30271060330944,35.34029155933926],[139.30265798288877,35.34050005254445],[139.30267625251176,35.340796668404536],[139.30261771313317,35.34088443705914],[139.30253805990472,35.34093486243889],[139.30246999605598,35.34096724048779],[139.3026100678184,35.34151233328211],[139.3027279447162,35.34191501084466],[139.30280004382644,35.342161230199416],[139.3028754886048,35.342467811814736],[139.30283948365926,35.34247356968071],[139.30298450049688,35.34266799515843],[139.303230392824,35.342806806378626],[139.30333801955916,35.34284297792823],[139.30350929568885,35.342851890674766],[139.3034933222928,35.34310167017199]]]]}},{"type":"Feature","properties":{"area_id":"142030962","city":"平塚市","ward":"","town":"高村","chome":"","num_households":959},"geometry":{"type":"MultiPolygon","coordinates":[[[[139.30797579940827,35.33520636394875],[139.30797336540965,35.33567132332948],[139.30796584646765,35.3356712205281],[139.3072223407551,35.33566604430566],[139.30722715329784,35.33567937408331],[139.3072138374283,35.336211818302985],[139.3066801140492,35.33620522039911],[139.3053721139291,35.336193369764246],[139.30536271626968,35.33618487890604],[139.30525212455274,35.33594399295584],[139.30526872217695,35.33592230447731],[139.30526942920466,35.335773443415036],[139.3052489924916,35.33567772698939],[139.30527082495487,35.335471285402754],[139.30527223785404,35.335160042398506],[139.3048427045534,35.335149309189056],[139.30482843774206,35.33513621998856],[139.30484518390355,35.33452133042578],[139.3048539292276,35.334511086709156],[139.30485807774824,35.33420893990712],[139.3048606393238,35.33411198615358],[139.30486475486862,35.33395412567982],[139.30487165594516,35.3330812501014],[139.3048824859226,35.33217846476994],[139.30488239773172,35.33216564825882],[139.30541554999743,35.33216324006221],[139.30541766766962,35.3316964471485],[139.3054364113461,35.331156912637084],[139.30543672447473,35.33114846380158],[139.30625735237896,35.331167156416164],[139.3062573096281,35.33117377554334],[139.3062572515761,35.331442420221066],[139.3062789044534,35.331442584834264],[139.30696792956883,35.331447956936785],[139.3075740750263,35.33145261494968],[139.30761304395685,35.331452924442],[139.30778780230037,35.33136438745025],[139.30864554161536,35.331365336944316],[139.30880244678963,35.33144037381227],[139.30940867745946,35.33145198905545],[139.30939398688884,35.33251580290565],[139.30939384038936,35.33252523829912],[139.31003922000986,35.33254402855765],[139.31002378198625,35.33336370093979],[139.3100170715409,35.33358591272925],[139.3094239545917,35.333570369456794],[139.30940777040254,35.33358825680812],[139.309392126487,35.3341442819424],[139.3093784834043,35.33468320279599],[139.3089507629321,35.33467819938077],[139.30798093431844,35.33466902585073],[139.3079501716798,35.33466868152574],[139.30793766663768,35.33514930190217],[139.30797685045093,35.33514989264367],[139.30797579940827,35.33520636394875]]]]}}]}