{"type":"FeatureCollection","features":[{"type":"Feature","properties":{"area_id":"14206001001","city":"小田原市","ward":"","town":"栄町","chome":"1","num_households":748},"geometry":{"type":"MultiPolygon","coordinates":[[[[139.15862470382146,35.253998800487096],[139.15762939372797,35.25513158913096],[139.1570387042308,35.255433134536176],[139.1569055406761,35.25551111983868],[139.1568605730454,35.25553445895373],[139.15687297284535,35.2559985316974],[139.15674546740198,35.256087675068066],[139.15682834747284,35.256253839420225],[139.15584073644985,35.25674639032685],[139.1556074379109,35.25642635576733],[139.15535114426328,35.25609999506868],[139.1551420152077,35.25581108039248],[139.15476768165996,35.255293988284365],[139.15459411524787,35.25497231471223],[139.1544956357727,35.25481408887509],[139.15445592517378,35.25475802115149],[139.15422216425526,35.25442798100657],[139.15399078117522,35.25410126349189],[139.15376270832692,35.253779211872875],[139.1535459043425,35.25344940699772],[139.15327641363803,35.2530759243394],[139.1532216147817,35.25299195534263],[139.15317215657868,35.25291618526119],[139.15308764891526,35.25278676803991],[139.15313966763924,35.25276177993714],[139.1534752765922,35.252600505059505],[139.15364878252393,35.25268739522579],[139.15376666443885,35.25272214320134],[139.15378042801785,35.2527239812017],[139.15379458829022,35.25273483533984],[139.1542094944877,35.25313596491749],[139.15421978722873,35.25316778220212],[139.15426966741654,35.25321897726279],[139.15435559627613,35.25330713486578],[139.15457559132832,35.253389074482236],[139.15475666646162,35.25335136134108],[139.15495167268554,35.25329006418659],[139.15506629779847,35.2532833844322],[139.15554587910128,35.253013900063756],[139.15586340025453,35.2528077989732],[139.15625926238977,35.252554883785805],[139.15642214686792,35.25245903791081],[139.15675468834013,35.252263300106875],[139.15715543840295,35.25220110987028],[139.15757203879184,35.252116824338636],[139.15927009617855,35.25212800699585],[139.1592770326284,35.2523108597579],[139.15974734139363,35.2523232705369],[139.1602258924908,35.25233572568077],[139.16051488965684,35.25233747651348],[139.16097681073103,35.25233631466554],[139.16100667613446,35.25231690372005],[139.16150984999547,35.25231033674404],[139.16143675492233,35.253216815074325],[139.16137107006327,35.25403178512761],[139.16135764631306,35.25404065393656],[139.16092394873118,35.25403281804951],[139.16069503951678,35.25403640346226],[139.16052642058057,35.25403201341779],[139.1604748875726,35.254030658018245],[139.16017665400346,35.25402281236872],[139.15971132535398,35.25401423254028],[139.15931998807048,35.254008678054014],[139.15862470382146,35.253998800487096]]]]}},{"type":"Feature","properties":{"area_id":"14206001002","city":"小田原市","ward":"","town":"栄町","chome":"2","num_households":482},"geometry":{"type":"MultiPolygon","coordinates":[[[[139.16135764631306,35.25404065393656],[139.16135888873833,35.25509852464009],[139.16135936021172,35.25549239189959],[139.16134304108635,35.256218904893906],[139.1613584697817,35.25649145006901],[139.16123260890387,35.25727904161246],[139.1597961277026,35.257325897032345],[139.15970620983325,35.257329339111116],[139.15970693659938,35.25735546986802],[139.15898360987833,35.257386361930195],[139.15894040924942,35.257388233322054],[139.1586438680976,35.25743960394136],[139.1580826820908,35.25758850624475],[139.15762679290165,35.257799683378906],[139.15761214127252,35.25780643223382],[139.15739096066272,35.257911530686044],[139.15700012917122,35.258109197298],[139.15584073644985,35.25674639032685],[139.15682834747284,35.256253839420225],[139.15674546740198,35.256087675068066],[139.15687297284535,35.2559985316974],[139.1568605730454,35.25553445895373],[139.1569055406761,35.25551111983868],[139.1570387042308,35.255433134536176],[139.15762939372797,35.25513158913094],[139.15862470382146,35.253998800487096],[139.15931998807048,35.254008678054014],[139.15971132535398,35.25401423254028],[139.16017665400346,35.25402281236872],[139.1604748875726,35.254030658018245],[139.16052642058057,35.25403201341779],[139.16069503951678,35.25403640346226],[139.16092394873118,35.25403281804951],[139.16135764631306,35.25404065393656]]]]}},{"type":"Feature","properties":{"area_id":"14206001003","city":"小田原市","ward":"","town":"栄町","chome":"3","num_households":529},"geometry":{"type":"MultiPolygon","coordinates":[[[[139.1602548619913,35.26049112772289],[139.16025195899064,35.260680614692],[139.15956418638626,35.26049488116113],[139.15945428440065,35.26070207969345],[139.1591977639579,35.26079719443911],[139.15915662296848,35.26075781140262],[139.15898580349338,35.26058256579333],[139.15867771299946,35.26026634593016],[139.1582372077948,35.25970537737476],[139.1582323221222,35.259699153030475],[139.15700658664346,35.25812768319734],[139.15700163549351,35.25812941599504],[139.15698036729856,35.25813683248443],[139.15700012917122,35.258109197298],[139.15739096066272,35.257911530686044],[139.15761214127252,35.25780643223382],[139.15762679290165,35.257799683378906],[139.1580826820908,35.25758850624475],[139.1586438680976,35.25743960394136],[139.15894040924942,35.257388233322054],[139.15898360987833,35.257386361930195],[139.15970693659938,35.25735546986803],[139.15970620983325,35.257329339111116],[139.1597961277026,35.25732589703235],[139.16123260890387,35.25727904161246],[139.16120743681088,35.257602415444346],[139.1611733441081,35.25778468641141],[139.16115637329892,35.25787458994002],[139.16112601032776,35.25810406422327],[139.16107944646896,35.25849626042634],[139.1613312163973,35.25850188757653],[139.16130127684636,35.25889283839795],[139.1612655291038,35.25935777035904],[139.16120068552567,35.2601272505744],[139.16119806851535,35.26015822121636],[139.16049374385815,35.260151692546195],[139.16046919984495,35.260186555499665],[139.1602548619913,35.26049112772289]]]]}},{"type":"Feature","properties":{"area_id":"14206001004","city":"小田原市","ward":"","town":"栄町","chome":"4","num_households":379},"geometry":{"type":"MultiPolygon","coordinates":[[[[139.1623257609067,35.254002655166346],[139.16262613170272,35.253984675510935],[139.1631113667715,35.25393208766386],[139.16348080626585,35.253893151388056],[139.16401586400545,35.253961819027595],[139.1642124932864,35.25399980883341],[139.16402201461187,35.25508450672235],[139.16393494546355,35.255419369639014],[139.1638128510812,35.25577981243372],[139.16372049119977,35.25599091588054],[139.16360946790914,35.25623198554957],[139.1635151122362,35.25650272490967],[139.16340785165426,35.25687550202889],[139.16332437806628,35.25712778020757],[139.16325849341163,35.25730346734539],[139.1632502645412,35.25772813109208],[139.16244408200683,35.257894567609306],[139.1624194854009,35.25789964156933],[139.16236289636902,35.25790080656464],[139.16191461836362,35.257992397541905],[139.16167140131793,35.258032311759735],[139.16148517077787,35.25805423307396],[139.16133910728178,35.258098489798506],[139.16112601032776,35.25810406422327],[139.16115637329892,35.25787458994002],[139.1611733441081,35.25778468641141],[139.16120743681088,35.257602415444346],[139.16123260890387,35.25727904161246],[139.1613584697817,35.25649145006901],[139.16134304108635,35.256218904893906],[139.16135936021172,35.25549239189959],[139.16135888873833,35.25509852464009],[139.16135764631306,35.25404065393656],[139.16137107006327,35.25403178512761],[139.16194149518938,35.25402291376647],[139.1623257609067,35.254002655166346]]]]}},{"type":"Feature","properties":{"area_id":"14206005001","city":"小田原市","ward":"","town":"中町","chome":"1","num_households":519},"geometry":{"type":"MultiPolygon","coordinates":[[[[139.16326340380914,35.25787327192028],[139.1631969613019,35.25860499990249],[139.16315268645886,35.25900721097592],[139.1631505501577,35.25902677561699],[139.1631004543943,35.25948902289795],[139.16310183951927,35.25952410080913],[139.1630023829561,35.260349093746534],[139.16297567500442,35.26058379952718],[139.16295639644144,35.26077108333176],[139.1629028586111,35.26129119668101],[139.1630313690758,35.261704154116266],[139.16240310605082,35.26188925027304],[139.1622036632653,35.26196602604922],[139.16208505565606,35.262011703221276],[139.1618581721249,35.26214649422923],[139.16172909435673,35.26224858945897],[139.1615744318766,35.26241793509437],[139.16147679260513,35.262591119485954],[139.16133921647653,35.262894921568964],[139.16112211726258,35.26267745230714],[139.16099528079403,35.26255034073939],[139.1602814529139,35.261834341746244],[139.1602372424874,35.261792054770865],[139.1591977639579,35.26079719443911],[139.15945428440065,35.26070207969345],[139.15956418638626,35.26049488116113],[139.16025195899064,35.260680614692],[139.1602548619913,35.26049112772289],[139.16046919984495,35.26018655549963],[139.16049374385815,35.260151692546195],[139.16119806851535,35.26015822121636],[139.16120068552567,35.2601272505744],[139.1612655291038,35.25935777035904],[139.16130127684636,35.25889283839795],[139.1613312163973,35.25850188757653],[139.16107944646896,35.25849626042634],[139.16112601032776,35.25810406422327],[139.16133910728178,35.258098489798506],[139.16148517077787,35.25805423307396],[139.16167140131793,35.258032311759735],[139.16191461836362,35.257992397541905],[139.16236289636902,35.25790080656464],[139.1624194854009,35.25789964156933],[139.16244408200683,35.257894567609306],[139.1632502645412,35.25772813109208],[139.16326340380914,35.25787327192028]]]]}},{"type":"Feature","properties":{"area_id":"14206005002","city":"小田原市","ward":"","town":"中町","chome":"2","num_households":415},"geometry":{"type":"MultiPolygon","coordinates":[[[[139.16326340380914,35.25787327192028],[139.16388916798886,35.2577111120002],[139.16411627707146,35.25772406061833],[139.16415911407282,35.25772471996465],[139.16413692571513,35.25808846281052],[139.16531547426823,35.25816040922074],[139.16642019045912,35.25821137353858],[139.16704340359,35.25824446163535],[139.16759058071426,35.25828937957761],[139.16819646713355,35.25845158875501],[139.16772250945027,35.258968474742886],[139.1676235813352,35.25904433696578],[139.16707731438697,35.259599130431425],[139.16704930540553,35.25962756688054],[139.16643094305644,35.260214774777644],[139.16632791697404,35.26030835872876],[139.16626818670974,35.260362605117464],[139.1659041829908,35.26060889883407],[139.1654039152816,35.26089218210259],[139.1653842469673,35.2609033406583],[139.1650549523447,35.26104736032402],[139.16435261103803,35.26129388811988],[139.163032315318,35.261704019079914],[139.1630313690758,35.261704154116266],[139.1629028586111,35.26129119668101],[139.16295639644144,35.26077108333176],[139.16297567500442,35.26058379952718],[139.1630023829561,35.260349093746534],[139.16310183951927,35.25952410080913],[139.1631004543943,35.25948902289795],[139.1631505501577,35.25902677561699],[139.16315268645886,35.25900721097592],[139.1631969613019,35.25860499990249],[139.16326340380914,35.25787327192028]]]]}},{"type":"Feature","properties":{"area_id":"14206005003","city":"小田原市","ward":"","town":"中町","chome":"3","num_households":488},"geometry":{"type":"MultiPolygon","coordinates":[[[[139.17007149868894,35.25647376608809],[139.16997144884073,35.25661927056927],[139.169812269002,35.256809027391085],[139.1693873455414,35.2572484453151],[139.1693427012996,35.25726932572462],[139.16878965238143,35.257837541512686],[139.16819646713355,35.25845158875501],[139.16759058071426,35.25828937957761],[139.16704340359,35.25824446163535],[139.16642019045912,35.25821137353858],[139.16531547426823,35.25816040922074],[139.16413692571513,35.25808846281052],[139.16415911407282,35.25772471996465],[139.1641682979013,35.25757399983005],[139.1642145154537,35.25693039573994],[139.16535962994422,35.25698391653517],[139.16548219594088,35.256612488338114],[139.16558384998677,35.25630432394066],[139.1658527133132,35.256026097588645],[139.16599249456223,35.25588377405204],[139.1662537606109,35.25572000846924],[139.16650462109695,35.255636676836446],[139.16669237907317,35.255574263640575],[139.16704290864277,35.255449721588626],[139.167417580824,35.255302001010115],[139.16767450881696,35.255195602629705],[139.16791528855583,35.25532572917991],[139.16820913894483,35.25544389475649],[139.16846294006427,35.25555662860639],[139.16866988392212,35.25565670888399],[139.16869072594335,35.255674992817305],[139.16899000997222,35.25593719760479],[139.1691992351474,35.256078697905984],[139.1694763427366,35.256229021554596],[139.16975353215526,35.256353711690195],[139.17005057899917,35.256428229416684],[139.17007149868894,35.25647376608809]]]]}},{"type":"Feature","properties":{"area_id":"14206008001","city":"小田原市","ward":"","town":"浜町","chome":"1","num_households":487},"geometry":{"type":"MultiPolygon","coordinates":[[[[139.1666570595696,35.25386945257805],[139.16633784867068,35.25416923452652],[139.16627572668614,35.25433226881419],[139.16580050490657,35.254242391575],[139.16546188066604,35.25418826759402],[139.16542531413793,35.25418222103965],[139.165007013472,35.25411321842163],[139.1642124932864,35.25399980883341],[139.16401586400545,35.253961819027595],[139.16348080626585,35.253893151388056],[139.1631113667715,35.25393208766386],[139.16262613170272,35.253984675510935],[139.1623257609067,35.254002655166346],[139.16194149518938,35.25402291376644],[139.16137107006327,35.25403178512757],[139.16143675492233,35.253216815074325],[139.16150984999547,35.252310336744],[139.161575582441,35.25149458920633],[139.16162299278898,35.25108232527548],[139.16165823931033,35.250775765391666],[139.16207485112437,35.250802587241104],[139.1624046734326,35.250823854445876],[139.1625340365606,35.25083027666913],[139.16294324866013,35.25089029280697],[139.1631438443625,35.25097196740469],[139.16332808771787,35.25111066275466],[139.1635598906516,35.25131187392987],[139.1637339985249,35.251477483922734],[139.1650409995694,35.25266554498113],[139.16496784020333,35.25272464642637],[139.16527189356378,35.252931184268625],[139.16544148725802,35.253046344786696],[139.16614291517268,35.25352274704143],[139.16659979914178,35.25382737625255],[139.1666570595696,35.25386945257805]]]]}},{"type":"Feature","properties":{"area_id":"14206008002","city":"小田原市","ward":"","town":"浜町","chome":"2","num_households":327},"geometry":{"type":"MultiPolygon","coordinates":[[[[139.16326340380914,35.25787327192028],[139.1632502645412,35.25772813109208],[139.16325849341163,35.25730346734539],[139.16332437806628,35.25712778020757],[139.16340785165426,35.25687550202889],[139.1635151122362,35.25650272490967],[139.16360946790914,35.25623198554957],[139.16372049119977,35.25599091588054],[139.1638128510812,35.25577981243372],[139.16393494546355,35.255419369639014],[139.16402201461187,35.25508450672235],[139.1642124932864,35.25399980883341],[139.165007013472,35.25411321842163],[139.16542531413793,35.25418222103965],[139.16546188066604,35.25418826759402],[139.16580050490657,35.254242391575],[139.16627572668614,35.25433226881419],[139.16633784867068,35.25416923452652],[139.1666570595696,35.25386945257805],[139.16732987870478,35.254308366256865],[139.16764392984075,35.25452220659253],[139.1680272879974,35.25475438423098],[139.16824637680807,35.25489643322833],[139.16813536266997,35.25499152510663],[139.16767450881696,35.255195602629705],[139.167417580824,35.255302001010115],[139.16704290864277,35.255449721588626],[139.16669237907317,35.255574263640575],[139.16650462109695,35.255636676836446],[139.1662537606109,35.25572000846924],[139.16599249456223,35.25588377405204],[139.1658527133132,35.256026097588645],[139.16558384998677,35.25630432394066],[139.16548219594088,35.256612488338114],[139.16535962994422,35.25698391653517],[139.1642145154537,35.25693039573994],[139.1641682979013,35.25757399983005],[139.16415911407282,35.25772471996465],[139.16411627707146,35.25772406061833],[139.16388916798886,35.2577111120002],[139.16326340380914,35.25787327192028]]]]}},{"type":"Feature","properties":{"area_id":"14206008003","city":"小田原市","ward":"","town":"浜町","chome":"3","num_households":466},"geometry":{"type":"MultiPolygon","coordinates":[[[[139.16283076716942,35.24771380646097],[139.16294888106185,35.24780312150892],[139.16327569967785,35.248010141438094],[139.16348092375304,35.24816979795599],[139.1636888738061,35.24828017371732],[139.16393275178908,35.24845293021662],[139.16403627661708,35.24853667061629],[139.16414025212757,35.24859189330445],[139.16443789524484,35.24880332672178],[139.1645163623237,35.24887573161788],[139.16467829398977,35.24895063988291],[139.16504117068413,35.24921053060595],[139.16510289358902,35.24923664555446],[139.16514649451676,35.24930540666101],[139.16523135786022,35.24934136817991],[139.16547671105283,35.24954427087101],[139.1655862790524,35.24961381830118],[139.16563592145297,35.24966838804349],[139.16574536870797,35.2497475119914],[139.1659060228774,35.249905016583824],[139.16619619222595,35.25009731994849],[139.1662885660622,35.25014923803059],[139.16651632072106,35.25036309672108],[139.16675291816227,35.250503977814674],[139.16682884762105,35.250619254021494],[139.16699834565722,35.25070377842469],[139.16709040977767,35.25077787699807],[139.16722992078846,35.25085005286149],[139.16665682487522,35.2513434351553],[139.1666369382108,35.25136057815633],[139.16636825812924,35.2515925432931],[139.16632047328505,35.251630236167806],[139.16621596021162,35.251712827543834],[139.16597553957638,35.25191135613134],[139.16589633300927,35.251975213458834],[139.16571005099718,35.25212530828267],[139.1650409995694,35.25266554498113],[139.1637339985249,35.251477483922734],[139.1635598906516,35.25131187392987],[139.16332808771787,35.25111066275466],[139.1631438443625,35.25097196740469],[139.16294324866013,35.25089029280697],[139.1625340365606,35.25083027666913],[139.1624046734326,35.250823854445876],[139.16207485112437,35.25080258724111],[139.16165823931033,35.250775765391666],[139.1616514521916,35.25070889839463],[139.16171325873933,35.249827777658005],[139.16172471782014,35.24970875941932],[139.16173708758365,35.24954185863162],[139.161749031065,35.24938488597578],[139.1617730415402,35.24907692604282],[139.16205752778623,35.24862118950751],[139.16229607672926,35.248239069710664],[139.16257248596457,35.24797560817238],[139.16283076716942,35.24771380646097]]]]}},{"type":"Feature","properties":{"area_id":"14206008004","city":"小田原市","ward":"","town":"浜町","chome":"4","num_households":434},"geometry":{"type":"MultiPolygon","coordinates":[[[[139.16722992078846,35.25085005286149],[139.16728510125384,35.2508785965569],[139.1673732249388,35.250983164622866],[139.16749809508283,35.251045330635215],[139.16751410878527,35.251086967549654],[139.16767206427338,35.25121297671266],[139.16781227720534,35.25129924066642],[139.16789004351142,35.25140008998378],[139.16821395256494,35.251614405852536],[139.16827165895344,35.251659651830295],[139.1683145309306,35.25174974617979],[139.16842243606686,35.251855408314114],[139.16853379422204,35.25190623153791],[139.16884576642383,35.25218435195049],[139.16898718154425,35.25226569174363],[139.16918543073697,35.25245163807342],[139.16946057188616,35.252614978735814],[139.16964095781285,35.2528124457939],[139.169666355638,35.25287709198732],[139.169617444317,35.25296886375032],[139.1694904576399,35.25299668742972],[139.1694920650749,35.253020568615206],[139.16969612916697,35.25301028183072],[139.16975442098786,35.252915955402386],[139.1698227876197,35.25292794984511],[139.1699571863406,35.25302763007993],[139.1701154790589,35.25320814444478],[139.17022159255777,35.25324985304496],[139.17026090670208,35.25332915212712],[139.1703735123594,35.253374981140965],[139.17047098355474,35.25350255563542],[139.1706593079582,35.253622249350066],[139.17076743867307,35.25371664318209],[139.17093227894185,35.25378423669719],[139.17107805520934,35.25386827344825],[139.17122919909133,35.253910087125576],[139.17128285842523,35.2539412962001],[139.1714202146902,35.2540999337409],[139.1714514332761,35.254151160892455],[139.17114391930212,35.25443482298129],[139.1710084579781,35.25453316339038],[139.17083302097944,35.25468022731202],[139.17075204546236,35.25478759843458],[139.17069698759147,35.25490130929219],[139.1705816475458,35.2551007438348],[139.17047598909568,35.255328892872896],[139.17044264895938,35.2554008214466],[139.17026060783348,35.25591467319353],[139.17021339393446,35.25613997318012],[139.17007149868894,35.25647376608809],[139.17005057899917,35.256428229416684],[139.16975353215526,35.256353711690195],[139.1694763427366,35.256229021554596],[139.1691992351474,35.256078697905984],[139.16899000997222,35.25593719760479],[139.16869072594335,35.255674992817305],[139.16866988392212,35.25565670888399],[139.16846294006427,35.25555662860639],[139.16820913894483,35.25544389475649],[139.16791528855583,35.25532572917991],[139.16767450881696,35.255195602629705],[139.16813536266997,35.25499152510663],[139.16824637680807,35.25489643322833],[139.1680272879974,35.25475438423098],[139.16764392984075,35.25452220659253],[139.16732987870478,35.254308366256865],[139.1666570595696,35.25386945257805],[139.16659979914178,35.25382737625255],[139.16614291517268,35.25352274704143],[139.16544148725802,35.253046344786696],[139.16527189356378,35.252931184268625],[139.16496784020333,35.25272464642637],[139.1650409995694,35.25266554498113],[139.16571005099718,35.25212530828267],[139.16589633300927,35.251975213458834],[139.16597553957638,35.25191135613134],[139.16621596021162,35.251712827543834],[139.16632047328505,35.251630236167806],[139.16636825812924,35.2515925432931],[139.1666369382108,35.25136057815633],[139.16665682487522,35.2513434351553],[139.16722992078846,35.25085005286149]]]]}},{"type":"Feature","properties":{"area_id":"14206012001","city":"小田原市","ward":"","town":"本町","chome":"1","num_households":285},"geometry":{"type":"MultiPolygon","coordinates":[[[[139.15965125653491,35.24881012299628],[139.15962877838115,35.24880337811662],[139.15942759487703,35.249403302090535],[139.15939650335628,35.249586013281075],[139.15938928329416,35.249628436487626],[139.15934225002718,35.25020076993075],[139.1593108783069,35.25058248870273],[139.15930579870982,35.25078576645605],[139.15928638343584,35.25156254508565],[139.15927922637565,35.25190728744279],[139.15927009617855,35.25212800699585],[139.15757203879184,35.252116824338636],[139.1575664183594,35.25159081747473],[139.15757045042102,35.25158076981065],[139.15756944045873,35.25148048436129],[139.15757259702147,35.25123536580612],[139.1575780263267,35.25081533311891],[139.157572209672,35.2504263647382],[139.157565749297,35.250181473449636],[139.15756581680336,35.24868354385731],[139.15748652732677,35.248679649431544],[139.155640963757,35.24869500938478],[139.15531859637107,35.248830309177954],[139.15527478939276,35.24800606457707],[139.15520577327905,35.24766659883211],[139.15519554177033,35.24763759824994],[139.15520581363515,35.24730202839231],[139.15529141700188,35.24729504445669],[139.15615832088457,35.24732068349426],[139.15653454522447,35.24735567952719],[139.1568051480602,35.247409871589205],[139.15702331733556,35.247467289895816],[139.15769301822,35.24768610496775],[139.15820755829412,35.24786855717083],[139.15860385529635,35.24800908022131],[139.15877220923517,35.24806452637146],[139.15933643022365,35.24825042084466],[139.15980930782482,35.24841087062177],[139.15965743197987,35.24879001693087],[139.15965125653491,35.24881012299628]]]]}},{"type":"Feature","properties":{"area_id":"14206012002","city":"小田原市","ward":"","town":"本町","chome":"2","num_households":580},"geometry":{"type":"MultiPolygon","coordinates":[[[[139.1617730415402,35.24907692604282],[139.161749031065,35.24938488597578],[139.16173708758365,35.24954185863162],[139.16172471782014,35.24970875941932],[139.16171325873933,35.249827777658005],[139.1616514521916,35.25070889839463],[139.16165823931033,35.250775765391666],[139.16162299278898,35.25108232527552],[139.161575582441,35.25149458920633],[139.16150984999547,35.25231033674404],[139.16100667613446,35.25231690372005],[139.16097681073103,35.25233631466554],[139.16051488965684,35.25233747651348],[139.1602258924908,35.25233572568077],[139.15974734139363,35.2523232705369],[139.1592770326284,35.2523108597579],[139.15927009617855,35.25212800699585],[139.15927922637565,35.25190728744279],[139.15928638343584,35.25156254508565],[139.15930579870982,35.25078576645605],[139.1593108783069,35.25058248870273],[139.15934225002712,35.25020076993078],[139.15938928329416,35.249628436487626],[139.15939650335628,35.249586013281075],[139.15942759487703,35.249403302090535],[139.15962877838115,35.24880337811662],[139.15965125653491,35.24881012299628],[139.15965743197987,35.24879001693086],[139.15980930782482,35.24841087062177],[139.16002205131883,35.24846015299645],[139.1602752366841,35.24855515290086],[139.1605481890505,35.24864758685919],[139.16077970922763,35.248725915605355],[139.16100176889012,35.248801093866454],[139.1610008402173,35.24880446892407],[139.1617730415402,35.24907692604282]]]]}},{"type":"Feature","properties":{"area_id":"14206012003","city":"小田原市","ward":"","town":"本町","chome":"3","num_households":481},"geometry":{"type":"MultiPolygon","coordinates":[[[[139.15906946134976,35.24492201750622],[139.15927606664476,35.245058661804585],[139.15936528603976,35.24513774916307],[139.15950437385084,35.24522781912139],[139.1596118607113,35.24532968392537],[139.15970680620148,35.245370704630616],[139.15977202282107,35.24542515151993],[139.1598632177423,35.24546284196395],[139.15993527092547,35.24553662284187],[139.16028606897262,35.24573800928427],[139.1604417068059,35.24584605627975],[139.1605849841091,35.24596966839816],[139.16070691953811,35.246094288372305],[139.16096659584454,35.246337559651906],[139.16125674803436,35.24659128191101],[139.1615629567918,35.246792909979945],[139.1618492059833,35.24704653772329],[139.16195824841057,35.24711657880033],[139.16212218062924,35.24725516341197],[139.16257640967893,35.24752169373965],[139.16283076716942,35.24771380646097],[139.16257248596457,35.24797560817238],[139.16229607672926,35.248239069710664],[139.16205752778623,35.24862118950751],[139.1617730415402,35.24907692604282],[139.1610008402173,35.24880446892407],[139.16100176889012,35.248801093866454],[139.16077970922763,35.248725915605355],[139.1605481890505,35.24864758685919],[139.1602752366841,35.24855515290086],[139.16002205131883,35.24846015299648],[139.15980930782482,35.24841087062177],[139.15933643022365,35.24825042084466],[139.15877220923517,35.24806452637146],[139.15860385529635,35.24800908022131],[139.15820755829412,35.24786855717083],[139.15769301822,35.24768610496775],[139.1579754772342,35.247048189683106],[139.1581142193533,35.246700451298025],[139.15838880617426,35.246105306416304],[139.15848219390068,35.24593618350171],[139.15854679680683,35.24580119482164],[139.15860969287536,35.24570119594285],[139.15876449122212,35.245427316529224],[139.1587769717601,35.24540523435031],[139.15906946134976,35.24492201750622]]]]}},{"type":"Feature","properties":{"area_id":"14206012004","city":"小田原市","ward":"","town":"本町","chome":"4","num_households":336},"geometry":{"type":"MultiPolygon","coordinates":[[[[139.15641970777926,35.24301344047546],[139.15673112654162,35.24325151719536],[139.15706083970608,35.24344751408294],[139.1571915790533,35.24355007509203],[139.15734532345311,35.24361670824553],[139.15755739132118,35.24376148301814],[139.15781771928332,35.24390927379162],[139.15794747502216,35.24399105379285],[139.15825075079562,35.24421337815858],[139.1583310475425,35.2443176270931],[139.1584857938879,35.244444755694616],[139.1586190019237,35.24457606050655],[139.15898593479977,35.24484479259404],[139.15906946134976,35.24492201750622],[139.1587769717601,35.24540523435031],[139.15876449122212,35.245427316529224],[139.15860969287536,35.24570119594285],[139.15854679680683,35.24580119482164],[139.15848219390068,35.24593618350171],[139.15838880617426,35.246105306416304],[139.1581142193533,35.246700451298025],[139.1579754772342,35.247048189683106],[139.15769301822,35.24768610496775],[139.15702331733556,35.247467289895816],[139.1568051480602,35.247409871589205],[139.15653454522447,35.24735567952719],[139.15615832088457,35.24732068349426],[139.15529141700188,35.24729504445669],[139.1553174471961,35.24634710958633],[139.155318976126,35.245871211436395],[139.15531230819803,35.245282030409825],[139.15531678077576,35.245229591691505],[139.15534302801782,35.24435821020011],[139.15538288555535,35.24436526478257],[139.15543818685262,35.24408544109116],[139.15581618536112,35.24367954489468],[139.15582718730423,35.24366770552257],[139.15581817606764,35.243662232568376],[139.15640495572111,35.24302215981476],[139.15641970777926,35.24301344047546]]]]}},{"type":"Feature","properties":{"area_id":"142060160","city":"小田原市","ward":"","town":"城内","chome":"","num_households":9},"geometry":{"type":"MultiPolygon","coordinates":[[[[139.15757203879184,35.252116824338636],[139.15715543840295,35.25220110987028],[139.15675468834013,35.252263300106875],[139.15642214686792,35.25245903791081],[139.15625926238977,35.252554883785805],[139.15586340025453,35.2528077989732],[139.15554587910128,35.253013900063756],[139.15506629779847,35.2532833844322],[139.15495167268554,35.25329006418659],[139.15475666646162,35.25335136134108],[139.15457559132832,35.253389074482236],[139.15435559627613,35.25330713486578],[139.15426966741654,35.25321897726279],[139.15421978722873,35.25316778220212],[139.1542094944877,35.25313596491749],[139.15379458829022,35.25273483533984],[139.15378042801785,35.2527239812017],[139.15376666443885,35.25272214320134],[139.15364878252393,35.25268739522579],[139.1534752765922,35.252600505059505],[139.15313966763924,35.25276177993714],[139.15308764891526,35.25278676803991],[139.1530870442849,35.25278704686785],[139.15281505304873,35.25230270675017],[139.1525989768653,35.25195881882462],[139.15211865843605,35.25118527992247],[139.15171318365498,35.25055779261735],[139.1516027163648,35.250386820192055],[139.15175498921968,35.250322892416975],[139.15178672067344,35.25006596447632],[139.15181899852064,35.24995868399525],[139.15189087377067,35.24983345833125],[139.1519499713381,35.249773158687404],[139.15213348387474,35.24966398560253],[139.15322376724546,35.24919485875257],[139.1534334756959,35.2491454069605],[139.15365888460377,35.2491329444311],[139.1539471170327,35.249143087529845],[139.15430442569016,35.24906418296472],[139.15441717905506,35.24903925466178],[139.15522590010713,35.2488642245958],[139.15531859637107,35.248830309177954],[139.155640963757,35.24869500938478],[139.15748652732677,35.248679649431544],[139.15756581680336,35.24868354385731],[139.157565749297,35.250181473449636],[139.157572209672,35.2504263647382],[139.1575780263267,35.25081533311891],[139.15757259702147,35.25123536580612],[139.15756944045873,35.25148048436129],[139.15757045042102,35.25158076981065],[139.1575664183594,35.25159081747473],[139.15757203879184,35.252116824338636]]]]}},{"type":"Feature","properties":{"area_id":"14206017001","city":"小田原市","ward":"","town":"南町","chome":"1","num_households":224},"geometry":{"type":"MultiPolygon","coordinates":[[[[139.15531859637107,35.248830309177954],[139.15522590010713,35.2488642245958],[139.15441717905506,35.24903925466178],[139.15430442569016,35.24906418296472],[139.1539471170327,35.249143087529845],[139.15365888460377,35.2491329444311],[139.1534334756959,35.2491454069605],[139.15322376724546,35.24919485875257],[139.15213348387474,35.24966398560253],[139.1519499713381,35.249773158687404],[139.15189087377067,35.24983345833125],[139.15181899852064,35.24995868399525],[139.15175331564143,35.249913807069035],[139.15146600544435,35.24972218861902],[139.15131313567062,35.249596679240575],[139.1513110440999,35.24951864134308],[139.15117689768243,35.249366618360476],[139.15104938812877,35.2492370981825],[139.15063620442734,35.24859928228314],[139.1506103643395,35.24864527579003],[139.15057125761754,35.248662717172515],[139.15050545589477,35.24869206280414],[139.15047212525093,35.24870588207006],[139.15045976852406,35.24871045613283],[139.15043339064283,35.248720219828755],[139.1503887293162,35.248736865556445],[139.15035958877206,35.24874433372568],[139.15030613889112,35.24875803144146],[139.15030185933196,35.24874176525616],[139.15030106234465,35.2487420314291],[139.15026894521628,35.24856981088597],[139.15033869879898,35.248334717135904],[139.14979709853344,35.24737075585294],[139.14968610486937,35.24717146997683],[139.1496622177307,35.24712823643883],[139.1493289960754,35.246579740362144],[139.14977231025327,35.24664929160103],[139.14998072192304,35.24668201986731],[139.15058448345795,35.24677677132058],[139.15170610095123,35.24692275301264],[139.15181042834232,35.24694517299317],[139.152876539486,35.24708245048611],[139.15409074714344,35.247238790334755],[139.15431958587072,35.24725176729351],[139.15520581363515,35.24730202839231],[139.15519554177033,35.24763759824994],[139.15520577327905,35.24766659883211],[139.15527478939276,35.24800606457707],[139.15531859637107,35.248830309177954]]]]}},{"type":"Feature","properties":{"area_id":"14206017002","city":"小田原市","ward":"","town":"南町","chome":"2","num_households":202},"geometry":{"type":"MultiPolygon","coordinates":[[[[139.15641970777926,35.24301344047546],[139.15640495572111,35.24302215981476],[139.15581817606764,35.243662232568376],[139.15582718730423,35.24366770552257],[139.15581618536112,35.24367954489468],[139.15543818685262,35.24408544109116],[139.15538288555535,35.24436526478257],[139.15534302801782,35.24435821020011],[139.15531678077576,35.245229591691505],[139.15531230819803,35.245282030409825],[139.155318976126,35.245871211436395],[139.1553174471961,35.24634710958633],[139.15529141700188,35.24729504445669],[139.15520581363515,35.24730202839231],[139.15431958587072,35.24725176729351],[139.15409074714344,35.247238790334755],[139.152876539486,35.24708245048611],[139.1528869827175,35.24514479881064],[139.15289808534104,35.24488014847208],[139.1530802585846,35.244140700636315],[139.15315429794848,35.2438120541693],[139.15316197026846,35.24377800108573],[139.15322046501814,35.243558476952835],[139.15327061230334,35.24341298841599],[139.15331542557507,35.243356174667824],[139.15332596716362,35.24334280897489],[139.15350781027325,35.24316167693036],[139.15351649559977,35.24316680162399],[139.15354248687788,35.2431792512249],[139.15355509644613,35.24318529092089],[139.15358273489454,35.24319853046576],[139.153603518847,35.243208486012975],[139.1536117059259,35.24321240689085],[139.15362217155655,35.24320193789935],[139.15362565851785,35.24319845024367],[139.1536385459471,35.243185558764914],[139.15369226385664,35.24313181869606],[139.153732167078,35.243091900700975],[139.1537974655203,35.24302594999499],[139.1538321691278,35.24299069558989],[139.15387782729064,35.242944314718955],[139.15392650416882,35.24289533589565],[139.1539797378579,35.242842193206116],[139.15402286552052,35.24279822371034],[139.15405184217246,35.24276789288632],[139.15408141663534,35.24273680399409],[139.1540577004987,35.24272391507246],[139.15436000523852,35.24241872222941],[139.15464222450467,35.24213383668063],[139.15476624598486,35.242202490288605],[139.1548718509892,35.24223575894288],[139.15494852122646,35.24229562427687],[139.15525411014784,35.24242916838059],[139.1554960393796,35.24254862230245],[139.15584111966348,35.24270245702347],[139.15619552674445,35.24290120048193],[139.15641970777926,35.24301344047546]]]]}},{"type":"Feature","properties":{"area_id":"14206017003","city":"小田原市","ward":"","town":"南町","chome":"3","num_households":370},"geometry":{"type":"MultiPolygon","coordinates":[[[[139.15464222450467,35.24213383668063],[139.15436000523852,35.24241872222941],[139.1540577004987,35.24272391507246],[139.15408141663534,35.24273680399409],[139.15405184217246,35.24276789288632],[139.15402286552052,35.24279822371034],[139.1539797378579,35.242842193206116],[139.15392650416882,35.24289533589565],[139.15387782729064,35.242944314718955],[139.1538321691278,35.24299069558989],[139.1537974655203,35.24302594999499],[139.153732167078,35.243091900700975],[139.15369226385664,35.24313181869606],[139.1536385459471,35.243185558764914],[139.15362565851785,35.24319845024367],[139.15362217155655,35.24320193789935],[139.1536117059259,35.24321240689085],[139.153603518847,35.243208486012975],[139.15358273489454,35.24319853046576],[139.15355509644613,35.24318529092089],[139.15354248687788,35.2431792512249],[139.15351649559977,35.24316680162399],[139.15350781027325,35.24316167693036],[139.15332596716362,35.24334280897489],[139.15331542557507,35.243356174667824],[139.15327061230334,35.24341298841599],[139.15322046501814,35.243558476952835],[139.15316197026846,35.24377800108573],[139.15315429794848,35.2438120541693],[139.1530802585846,35.244140700636315],[139.15289808534104,35.24488014847208],[139.1528869827175,35.24514479881064],[139.152876539486,35.24708245048611],[139.15181042834232,35.24694517299317],[139.15170610095123,35.24692275301264],[139.15058448345795,35.24677677132058],[139.1506365494525,35.24535641025022],[139.15063711584975,35.24534096975543],[139.15064486047146,35.245098694221795],[139.1506476413803,35.24492617870952],[139.15065811100453,35.24477423518495],[139.1506592774502,35.24475730503023],[139.1506635906902,35.24426473545709],[139.15067502726188,35.24397553680589],[139.15067591060085,35.24395319310064],[139.15067293033152,35.243220588695216],[139.15066096847744,35.24312311369555],[139.15065879126365,35.24310537129898],[139.15064238182734,35.242887396556945],[139.15060550840778,35.24281662643198],[139.1505295928959,35.24262669423219],[139.1502993678115,35.24235645561838],[139.15013977105104,35.24220083763751],[139.15001339045676,35.24193872040629],[139.1498712836832,35.241663345856885],[139.1503063436028,35.24146616406628],[139.15123448998574,35.240927833102674],[139.1515448032495,35.24074782906411],[139.15178583185244,35.24061546126989],[139.15186393889445,35.240651886624484],[139.15200471257228,35.24074901675018],[139.15212597313027,35.240813783886026],[139.1522991259938,35.24093447658701],[139.15253828966175,35.24105004732138],[139.15261364172542,35.241107935534416],[139.15288139377273,35.241228244642485],[139.15321120665752,35.24141002852254],[139.15408042812481,35.24186941660961],[139.15436349932193,35.24200086457183],[139.15447119426958,35.242061398168666],[139.15464222450467,35.24213383668063]]]]}},{"type":"Feature","properties":{"area_id":"14206017004","city":"小田原市","ward":"","town":"南町","chome":"4","num_households":356},"geometry":{"type":"MultiPolygon","coordinates":[[[[139.1498712836832,35.241663345856885],[139.15001339045676,35.24193872040629],[139.15013977105104,35.24220083763751],[139.1502993678115,35.24235645561838],[139.1505295928959,35.24262669423219],[139.15060550840778,35.24281662643198],[139.15064238182734,35.242887396556945],[139.15065879126365,35.24310537129898],[139.15066096847744,35.24312311369555],[139.15067293033152,35.243220588695216],[139.15067591060085,35.24395319310064],[139.15067502726188,35.24397553680589],[139.1506635906902,35.24426473545709],[139.1506592774502,35.24475730503023],[139.15065811100453,35.24477423518495],[139.1506476413803,35.24492617870952],[139.15064486047146,35.245098694221795],[139.15063711584975,35.24534096975543],[139.1506365494525,35.24535641025022],[139.15058448345795,35.24677677132058],[139.14998072192304,35.24668201986731],[139.14977231025327,35.24664929160103],[139.1493289960754,35.246579740362144],[139.14925386656208,35.246454246799445],[139.14879949239213,35.24570084154341],[139.1484317973505,35.24509855711573],[139.14828091745864,35.24485580561347],[139.14788088032753,35.24421164921126],[139.14770336188954,35.24392177516544],[139.14763986693094,35.24382205083159],[139.14700273697798,35.242879791715644],[139.14804015908285,35.24241703297236],[139.14812054150656,35.24238227926393],[139.14905914111966,35.24197655484849],[139.1493089407052,35.241868607186994],[139.14981316380954,35.24168456508969],[139.1498712836832,35.241663345856885]]]]}},{"type":"Feature","properties":{"area_id":"14206021001","city":"小田原市","ward":"","town":"寿町","chome":"1","num_households":379},"geometry":{"type":"MultiPolygon","coordinates":[[[[139.16795735513324,35.26632893327887],[139.16780063191993,35.26651447244773],[139.16764419912053,35.26668557578528],[139.16745751213674,35.2668653151875],[139.16713293461748,35.26713816383757],[139.16676472742353,35.267422319770304],[139.1663739732126,35.267696843941806],[139.1657682806034,35.26711837494977],[139.16571328805526,35.26706581854175],[139.16550945842525,35.26687152866095],[139.16547246659775,35.26688533771096],[139.1652430538406,35.26666970934178],[139.16490673301095,35.266335464330965],[139.16350051306188,35.26497750325614],[139.1628139085285,35.26436018994823],[139.162723190136,35.26424652000126],[139.1622606789829,35.26379713329305],[139.16133921647653,35.262894921568964],[139.16147679260513,35.262591119485954],[139.1615744318766,35.26241793509437],[139.16172909435673,35.26224858945897],[139.1618581721249,35.26214649422923],[139.16208505565606,35.262011703221276],[139.1622036632653,35.26196602604922],[139.16240310605082,35.26188925027304],[139.1630313690758,35.261704154116266],[139.163032315318,35.261704019079914],[139.163407908417,35.26207285347306],[139.16396699350366,35.26257108046761],[139.16458978241303,35.2631696538637],[139.16551177241982,35.26406395488617],[139.16613379793898,35.2646635022536],[139.16650896548887,35.265008662432265],[139.1668917211196,35.26536076439868],[139.16724244583716,35.26566677434039],[139.1672702993373,35.26568868729594],[139.1675618103245,35.26595444129101],[139.16795735513324,35.26632893327887]]]]}},{"type":"Feature","properties":{"area_id":"14206021002","city":"小田原市","ward":"","town":"寿町","chome":"2","num_households":248},"geometry":{"type":"MultiPolygon","coordinates":[[[[139.16707731438697,35.259599130431425],[139.16759724156785,35.25978530427696],[139.16818292349575,35.25994176896068],[139.16843744919868,35.26001514147506],[139.16816741356126,35.2607029372376],[139.16803978132737,35.260807936214576],[139.16778225856282,35.26101623114695],[139.16743738583662,35.26130108444261],[139.16691363479876,35.261725649324696],[139.16673787680875,35.261898194506905],[139.16655785114457,35.262067828646785],[139.16644249945554,35.262135428718764],[139.16569817056686,35.26256376616027],[139.16458978241303,35.2631696538637],[139.16396699350366,35.26257108046761],[139.163407908417,35.26207285347306],[139.163032315318,35.261704019079914],[139.16435261103803,35.26129388811988],[139.1650549523447,35.26104736032402],[139.1653842469673,35.2609033406583],[139.1654039152816,35.26089218210259],[139.1659041829908,35.26060889883407],[139.16626818670974,35.260362605117464],[139.16632791697404,35.26030835872876],[139.16643094305644,35.260214774777644],[139.16704930540553,35.25962756688054],[139.16707731438697,35.259599130431425]]]]}},{"type":"Feature","properties":{"area_id":"14206021003","city":"小田原市","ward":"","town":"寿町","chome":"3","num_households":441},"geometry":{"type":"MultiPolygon","coordinates":[[[[139.16843744919868,35.26001514147506],[139.169080404274,35.26015565006887],[139.17000779639758,35.26035546455189],[139.1702992429287,35.26041840253194],[139.17050227466413,35.26050014988077],[139.1707159913331,35.260619138037214],[139.17112861308198,35.26086815863958],[139.17103384368414,35.260955312805976],[139.17094813279496,35.26111603760205],[139.17085970899882,35.261246183454716],[139.17073451597017,35.26137366320324],[139.17061907388458,35.26145830973101],[139.17032910617533,35.261581785722996],[139.17014893382472,35.2616494562283],[139.17002544911205,35.26176187260519],[139.16993741394373,35.261864977509404],[139.16916904467644,35.262457704125374],[139.16818566931397,35.26316050680925],[139.1671357637273,35.26392250928301],[139.16688126715727,35.26411074648016],[139.166727973295,35.264224052001346],[139.166600681115,35.26431820467596],[139.16613379793898,35.2646635022536],[139.16551177241982,35.26406395488617],[139.16458978241303,35.2631696538637],[139.16569817056686,35.26256376616027],[139.16644249945554,35.262135428718764],[139.16655785114457,35.262067828646785],[139.16673787680875,35.261898194506905],[139.16691363479876,35.261725649324696],[139.16743738583662,35.26130108444261],[139.16778225856282,35.26101623114695],[139.16803978132737,35.260807936214576],[139.16816741356126,35.2607029372376],[139.16843744919868,35.26001514147506]]]]}},{"type":"Feature","properties":{"area_id":"14206021004","city":"小田原市","ward":"","town":"寿町","chome":"4","num_households":448},"geometry":{"type":"MultiPolygon","coordinates":[[[[139.1738768616885,35.26289178639231],[139.17379787915522,35.26291198948816],[139.17360419447738,35.26287368105208],[139.1735367261636,35.26289274852375],[139.1731520695269,35.2630363499118],[139.17310978040993,35.26305252647367],[139.17254625081677,35.26326782307137],[139.17204408508087,35.26345964923843],[139.1714828871992,35.263676639742506],[139.17070202927172,35.26424205558106],[139.17058222944243,35.264328788887866],[139.17020700553448,35.26460221228675],[139.17003856392813,35.26473593040471],[139.16942945730418,35.265186229477024],[139.16899126940393,35.26552493525702],[139.16795735513324,35.26632893327887],[139.1675618103245,35.26595444129101],[139.1672702993373,35.26568868729594],[139.16724244583716,35.26566677434039],[139.1668917211196,35.26536076439868],[139.16650896548887,35.265008662432265],[139.16613379793898,35.2646635022536],[139.166600681115,35.26431820467596],[139.166727973295,35.264224052001346],[139.16688126715727,35.26411074648016],[139.1671357637273,35.26392250928301],[139.16818566931397,35.26316050680925],[139.16916904467644,35.262457704125374],[139.16993741394373,35.261864977509404],[139.17002544911205,35.26176187260519],[139.17014893382472,35.2616494562283],[139.17032910617533,35.261581785722996],[139.17061907388458,35.26145830973101],[139.17073451597017,35.26137366320324],[139.17085970899882,35.261246183454716],[139.17094813279496,35.26111603760205],[139.17103384368414,35.260955312805976],[139.17112861308198,35.26086815863958],[139.1715382026385,35.26109976669962],[139.1716699870096,35.26119041778763],[139.17178460498187,35.26129097340863],[139.1719076403676,35.26144882721708],[139.17203437439605,35.26158465920945],[139.1721255363209,35.26170782992468],[139.1722431414565,35.261825792609564],[139.1727042368239,35.262104709967865],[139.17272001991935,35.2621117683009],[139.17347837154378,35.262452163458995],[139.1735642175156,35.26250093939893],[139.1737267342632,35.26269210111926],[139.1738768616885,35.26289178639231]]]]}},{"type":"Feature","properties":{"area_id":"14206021005","city":"小田原市","ward":"","town":"寿町","chome":"5","num_households":420},"geometry":{"type":"MultiPolygon","coordinates":[[[[139.1738768616885,35.26289178639231],[139.1741022817019,35.26283400284435],[139.17411282055966,35.262831314434635],[139.17440429397925,35.26352942884532],[139.17462543181293,35.264018998485305],[139.17576765832933,35.263692054457515],[139.17629750376713,35.264616736765966],[139.17639901694488,35.26470341230109],[139.17746864718458,35.265765241450765],[139.17597633707783,35.26684844210503],[139.1755150243502,35.26714620527503],[139.17382807013823,35.268242683178784],[139.17237177499553,35.26910434699174],[139.17183674182976,35.26937310137756],[139.17064408293606,35.269967598723184],[139.16966855173447,35.27036574789402],[139.16933462078032,35.27051151246088],[139.16933286124325,35.2705115027875],[139.1688713255467,35.27006581208072],[139.16816159099284,35.269380731709205],[139.1678448084453,35.26907498266755],[139.16681538901952,35.26813187195584],[139.1663739732126,35.267696843941806],[139.16676472742353,35.267422319770304],[139.16713293461748,35.26713816383757],[139.16745751213674,35.2668653151875],[139.16764419912053,35.26668557578528],[139.16780063191993,35.26651447244773],[139.16795735513324,35.26632893327887],[139.16899126940393,35.26552493525702],[139.16942945730418,35.265186229477024],[139.17003856392813,35.26473593040471],[139.17020700553448,35.26460221228675],[139.17058222944243,35.264328788887866],[139.17070202927172,35.26424205558106],[139.1714828871992,35.263676639742506],[139.17204408508087,35.26345964923843],[139.17254625081677,35.26326782307137],[139.17310978040993,35.26305252647367],[139.1731520695269,35.2630363499118],[139.1735367261636,35.26289274852375],[139.17360419447738,35.26287368105208],[139.17379787915522,35.26291198948816],[139.1738768616885,35.26289178639231]]]]}},{"type":"Feature","properties":{"area_id":"14206026001","city":"小田原市","ward":"","town":"東町","chome":"1","num_households":798},"geometry":{"type":"MultiPolygon","coordinates":[[[[139.17026060783348,35.25591467319353],[139.17153688195268,35.2562596250985],[139.17158206377647,35.25627287530948],[139.17189634891275,35.256365042108996],[139.1722509589851,35.256481203887],[139.1728639277109,35.25674694259685],[139.1731026431142,35.25686268039421],[139.17347129671631,35.257062928004935],[139.1740307900406,35.25734400154769],[139.1744548531515,35.25755637887288],[139.17436165230112,35.25766291186916],[139.17418510713148,35.25781997642531],[139.17400762309637,35.257897035747746],[139.17390546452768,35.25802823749872],[139.1738334045907,35.25811101299053],[139.17358791645947,35.25838959924829],[139.17334561252042,35.25867242875602],[139.17306739302026,35.258990060123374],[139.17279673916806,35.259306253845615],[139.1724555072702,35.2596333992989],[139.17236616455824,35.25971903664647],[139.17205323056064,35.25997633719963],[139.1717377845711,35.260235663248395],[139.17188995272124,35.26045339429209],[139.17196621747317,35.26056634463127],[139.17198042666175,35.26067163244732],[139.1719215287177,35.260745393259356],[139.1718658418347,35.26081508770587],[139.1715382026385,35.26109976669962],[139.17112861308198,35.26086815863958],[139.1707159913331,35.260619138037214],[139.17050227466413,35.26050014988077],[139.1702992429287,35.26041840253194],[139.17000779639758,35.26035546455189],[139.169080404274,35.26015565006887],[139.16843744919868,35.26001514147506],[139.16818292349575,35.25994176896068],[139.16759724156785,35.25978530427696],[139.16707731438697,35.259599130431425],[139.1676235813352,35.25904433696578],[139.16772250945027,35.258968474742886],[139.16819646713355,35.25845158875501],[139.16878965238143,35.257837541512686],[139.1693427012996,35.25726932572462],[139.1693873455414,35.2572484453151],[139.169812269002,35.256809027391085],[139.16997144884073,35.25661927056927],[139.17007149868894,35.25647376608809],[139.17021339393446,35.25613997318012],[139.17026060783348,35.25591467319353]]]]}},{"type":"Feature","properties":{"area_id":"14206026002","city":"小田原市","ward":"","town":"東町","chome":"2","num_households":216},"geometry":{"type":"MultiPolygon","coordinates":[[[[139.1754083438742,35.258153882454906],[139.1751235154664,35.25795381519084],[139.17474149594346,35.25770702230689],[139.1744922165494,35.257575314448694],[139.1744548531515,35.25755637887288],[139.1740307900406,35.25734400154769],[139.17347129671631,35.257062928004935],[139.1731026431142,35.25686268039421],[139.1728639277109,35.25674694259685],[139.1722509589851,35.256481203887],[139.17189634891275,35.256365042108996],[139.17158206377647,35.25627287530948],[139.17153688195268,35.2562596250985],[139.17026060783348,35.25591467319353],[139.17044264895938,35.2554008214466],[139.17047598909568,35.255328892872896],[139.1705816475458,35.2551007438348],[139.17069698759147,35.25490130929219],[139.17075204546236,35.25478759843458],[139.17083302097944,35.25468022731202],[139.1710084579781,35.25453316339038],[139.17114391930212,35.25443482298129],[139.1714514332761,35.254151160892455],[139.1714202146902,35.2540999337409],[139.17180538216718,35.25426380150976],[139.1720716622844,35.254420043824894],[139.17261243043055,35.25474728977455],[139.1729475383263,35.25492784857406],[139.1732837589254,35.25509834278592],[139.17343395907528,35.25515599226445],[139.17361662667028,35.25524332519905],[139.17390839098223,35.255370055316455],[139.1741592028494,35.25546543421663],[139.17454080965658,35.25557138498255],[139.17473284117077,35.25566348489691],[139.17516882732846,35.25581296846307],[139.1755495163479,35.25591588236771],[139.1757435383651,35.25600102031529],[139.1759633596298,35.256064749165816],[139.1760944751118,35.256083489401796],[139.17643761116395,35.256180562775995],[139.17670403323876,35.25624672635401],[139.1770281449181,35.256381933642075],[139.17740150823914,35.25658451872879],[139.17750488069112,35.256652824559644],[139.17757426474483,35.25667207304915],[139.1768220024094,35.25755016276815],[139.17649209058422,35.2579450560638],[139.17647095060292,35.25796881470868],[139.17631448029263,35.25788951506539],[139.1761832556782,35.258016476439686],[139.17579278870298,35.25776809118191],[139.1754083438742,35.258153882454906]]]]}},{"type":"Feature","properties":{"area_id":"14206026003","city":"小田原市","ward":"","town":"東町","chome":"3","num_households":501},"geometry":{"type":"MultiPolygon","coordinates":[[[[139.1744548531515,35.25755637887288],[139.1744922165494,35.257575314448694],[139.17474149594346,35.25770702230689],[139.1751235154664,35.25795381519084],[139.1754083438742,35.258153882454906],[139.17640297125882,35.258825333578784],[139.17682392594094,35.25911036054039],[139.17651525721863,35.25944705960032],[139.17649366706593,35.25955278578],[139.1764369125403,35.25967515230473],[139.17624433491045,35.25988776458369],[139.1763890706874,35.26012819462638],[139.17624114705632,35.26023879800705],[139.17583553171474,35.26046004209286],[139.17546048317558,35.26062785923619],[139.17529398248192,35.26069455832691],[139.17521948548762,35.260754926798825],[139.17495616766396,35.26097144845118],[139.17480980072298,35.261101354011124],[139.1746896633219,35.2611836564741],[139.17454032706308,35.26124051909785],[139.17445868924327,35.26127598891128],[139.1743289959178,35.26136669009415],[139.17418179381423,35.261514828933805],[139.17394441699233,35.26178690859043],[139.17373562067658,35.26201245383062],[139.17347837154378,35.262452163458995],[139.17272001991935,35.2621117683009],[139.1727042368239,35.262104709967865],[139.1722431414565,35.261825792609564],[139.1721255363209,35.26170782992468],[139.17203437439605,35.26158465920945],[139.1719076403676,35.26144882721708],[139.17178460498187,35.26129097340863],[139.1716699870096,35.26119041778763],[139.1715382026385,35.26109976669962],[139.1718658418347,35.26081508770587],[139.1719215287177,35.260745393259356],[139.17198042666175,35.26067163244732],[139.17196621747317,35.26056634463127],[139.17188995272124,35.26045339429209],[139.1717377845711,35.260235663248395],[139.17205323056064,35.25997633719963],[139.17236616455824,35.25971903664647],[139.1724555072702,35.2596333992989],[139.17279673916806,35.259306253845615],[139.17306739302026,35.258990060123374],[139.17334561252042,35.25867242875602],[139.17358791645947,35.25838959924829],[139.1738334045907,35.25811101299053],[139.17390546452768,35.25802823749872],[139.17400762309637,35.257897035747746],[139.17418510713148,35.25781997642531],[139.17436165230112,35.25766291186916],[139.1744548531515,35.25755637887288]]]]}},{"type":"Feature","properties":{"area_id":"14206026004","city":"小田原市","ward":"","town":"東町","chome":"4","num_households":196},"geometry":{"type":"MultiPolygon","coordinates":[[[[139.17757426474483,35.25667207304915],[139.17785246714087,35.25682111355647],[139.1781226535916,35.25694222366554],[139.17849035641686,35.25711801400679],[139.17873587603802,35.25719483443006],[139.17934273331863,35.257460084067255],[139.17952942991707,35.2575335573173],[139.17993159662825,35.257732134760936],[139.1800968327373,35.257821195205565],[139.1803839556338,35.25794556008371],[139.18069982765698,35.25806599491669],[139.18082793494125,35.2581229520606],[139.1814051645325,35.25849211433938],[139.18208878360997,35.25892931080509],[139.18457439059281,35.260452429854894],[139.18294154441017,35.26172983749031],[139.18233916017329,35.262201021949394],[139.18113726441524,35.26311466388833],[139.18105644856107,35.263176128405675],[139.18048697201468,35.26265138063702],[139.1798703632853,35.26196222511763],[139.17828028916657,35.26041090924714],[139.17815418859834,35.26029135511997],[139.1776196506244,35.25981874849762],[139.17682392594094,35.25911036054039],[139.17640297125882,35.258825333578784],[139.1754083438742,35.258153882454906],[139.17579278870298,35.25776809118191],[139.1761832556782,35.258016476439686],[139.17631448029263,35.25788951506539],[139.17647095060292,35.25796881470868],[139.17649209058422,35.2579450560638],[139.1768220024094,35.25755016276815],[139.17757426474483,35.25667207304915]]]]}},{"type":"Feature","properties":{"area_id":"14206026005","city":"小田原市","ward":"","town":"東町","chome":"5","num_households":446},"geometry":{"type":"MultiPolygon","coordinates":[[[[139.18105644856107,35.263176128405675],[139.1800431604168,35.26397225743516],[139.17746864718458,35.265765241450765],[139.17639901694488,35.26470341230109],[139.17629750376713,35.264616736765966],[139.17576765832933,35.263692054457515],[139.17462543181293,35.264018998485305],[139.17440429397925,35.26352942884532],[139.17411282055966,35.262831314434635],[139.1741022817019,35.26283400284435],[139.1738768616885,35.26289178639231],[139.1737267342632,35.26269210111926],[139.1735642175156,35.26250093939893],[139.17347837154378,35.262452163458995],[139.17373562067658,35.26201245383062],[139.17394441699233,35.26178690859043],[139.17418179381423,35.261514828933805],[139.1743289959178,35.26136669009415],[139.17445868924327,35.26127598891128],[139.17454032706308,35.26124051909785],[139.1746896633219,35.2611836564741],[139.17480980072298,35.261101354011124],[139.17495616766396,35.26097144845118],[139.17521948548762,35.260754926798825],[139.17529398248192,35.26069455832691],[139.17546048317558,35.26062785923619],[139.17583553171474,35.26046004209286],[139.17624114705632,35.26023879800705],[139.1763890706874,35.26012819462638],[139.17624433491045,35.25988776458369],[139.1764369125403,35.25967515230473],[139.17649366706593,35.25955278578],[139.17651525721863,35.25944705960032],[139.17682392594094,35.25911036054039],[139.1776196506244,35.25981874849762],[139.17815418859834,35.26029135511997],[139.17828028916657,35.26041090924714],[139.1798703632853,35.26196222511763],[139.18048697201468,35.26265138063702],[139.18105644856107,35.263176128405675]]]]}},{"type":"Feature","properties":{"area_id":"14206031001","city":"小田原市","ward":"","town":"城山","chome":"1","num_households":659},"geometry":{"type":"MultiPolygon","coordinates":[[[[139.15600362634592,35.26115058647808],[139.15573427345248,35.26106485306363],[139.1552431343691,35.2610064646751],[139.15475674385172,35.261191404896834],[139.1546688047004,35.261219502375184],[139.15445557472287,35.261265697635096],[139.154202473485,35.261248852310345],[139.15391307604443,35.2612296198254],[139.1537823472469,35.26120494193632],[139.15373134647024,35.26108712180957],[139.15348347584995,35.260973969512946],[139.1535873690133,35.26083004965254],[139.15346861034018,35.260816635693374],[139.15292200277187,35.26071292597636],[139.1527731678924,35.26069758084012],[139.15269872421018,35.26072371016209],[139.15264984853974,35.26084927775208],[139.152562384876,35.26093307835098],[139.15242382819258,35.26100243738678],[139.15234438996197,35.261009735928106],[139.15208466134663,35.260933765485234],[139.15189718560808,35.26085749894603],[139.151671470312,35.26079545155406],[139.15154568930419,35.26077474214507],[139.15146440523264,35.26079745245609],[139.15136226870783,35.26088532480565],[139.15166504972805,35.26009803523442],[139.15178892491713,35.25978317728797],[139.15183741100125,35.259668453749484],[139.15184530205983,35.2596387095958],[139.15193401214694,35.259411327388655],[139.15199420540554,35.25913941897954],[139.1521782134329,35.25797118543193],[139.1522039819621,35.25771401148917],[139.1521977769764,35.25767587867487],[139.15250760450854,35.256547790009215],[139.15268986612077,35.25598558885416],[139.15274466083235,35.25580392954531],[139.1528141235317,35.255613621213136],[139.1528713296996,35.25554380362081],[139.15292810493466,35.2555354623049],[139.15295833701856,35.255493168174475],[139.15299250805452,35.255410968012576],[139.153006260693,35.255368229464935],[139.15304941701854,35.254751654103146],[139.15307820633186,35.25457407396142],[139.15312287554582,35.254340457096625],[139.15317310807953,35.254108842797976],[139.15320288204563,35.25362430251057],[139.15320919529205,35.25352138239461],[139.15298753126228,35.25299859402669],[139.15295562174174,35.252887923448064],[139.15297597926192,35.25284036306547],[139.1530870442849,35.25278704686785],[139.15308764891526,35.25278676803991],[139.15317215657868,35.25291618526119],[139.1532216147817,35.25299195534263],[139.15327641363803,35.2530759243394],[139.1535459043425,35.25344940699772],[139.15376270832692,35.253779211872875],[139.15399078117522,35.25410126349189],[139.15422216425526,35.25442798100657],[139.15445592517378,35.25475802115149],[139.1544956357727,35.25481408887509],[139.15459411524787,35.25497231471223],[139.15476768165996,35.255293988284365],[139.1551420152077,35.25581108039248],[139.15535114426328,35.25609999506868],[139.1556074379109,35.25642635576733],[139.15584073644985,35.25674639032685],[139.15700012917122,35.258109197298],[139.15698036729856,35.25813683248443],[139.15674458790946,35.25820086251314],[139.15676216328475,35.25848186959894],[139.15676149611167,35.25859284927925],[139.156758597422,35.25906909045661],[139.15655447428512,35.259681383761155],[139.15645214164832,35.25993763554676],[139.1563384794598,35.26024473810681],[139.15600362634592,35.26115058647808]]]]}},{"type":"Feature","properties":{"area_id":"14206031002","city":"小田原市","ward":"","town":"城山","chome":"2","num_households":530},"geometry":{"type":"MultiPolygon","coordinates":[[[[139.15250760450854,35.256547790009215],[139.1521977769764,35.25767587867487],[139.1522039819621,35.25771401148917],[139.1521782134329,35.25797118543193],[139.15199420540554,35.25913941897954],[139.15193401214694,35.259411327388655],[139.15184530205983,35.2596387095958],[139.15183741100125,35.259668453749484],[139.15178892491713,35.25978317728797],[139.15166504972805,35.26009803523442],[139.15136226870783,35.26088532480565],[139.15125051991552,35.26109011170124],[139.1511464456976,35.261295999262366],[139.150985831559,35.26113439067143],[139.15085773520522,35.26109296367661],[139.15076189540616,35.26102397343081],[139.15059886290413,35.26102241836726],[139.1498394714661,35.2606367937392],[139.14936058796982,35.260403523821324],[139.14897447465597,35.26012965208658],[139.1489503516046,35.26006310824014],[139.14876781330142,35.25981426173365],[139.14867761286936,35.25973368161139],[139.14865656958216,35.259612508293415],[139.1486561723956,35.25947645228113],[139.1487239937951,35.25931416372066],[139.14883203211843,35.25914773747992],[139.14895569486376,35.2589915392367],[139.14878066192566,35.258921886690025],[139.14850778357143,35.25887921384627],[139.14832855406416,35.25888995785997],[139.14814394941396,35.258937219733745],[139.1479461801784,35.25894215444458],[139.14736417003365,35.25890025907635],[139.14717357184225,35.258859247617664],[139.14708827084476,35.25880369413008],[139.1460929432077,35.257530030435326],[139.1460761291549,35.25743697871756],[139.1459679907324,35.25728530989836],[139.14589117932698,35.25717550863561],[139.14588201535966,35.257122147045024],[139.1457541963202,35.25704895619227],[139.14544192213515,35.25700070110774],[139.14517492583678,35.25691319571533],[139.14488146904415,35.25677716068006],[139.14463665828058,35.256619782393706],[139.14438158977393,35.2564067118199],[139.1442987539742,35.256319199347104],[139.1442462358461,35.256159395739175],[139.14278643038315,35.25508277105442],[139.14279241509286,35.255019990089714],[139.14258650126436,35.25408566115988],[139.14255889226888,35.25396036484036],[139.14261327943657,35.25386948025448],[139.14274400862826,35.25376107508492],[139.14278469932563,35.25367060508401],[139.14280577767164,35.25356931897063],[139.14321186665066,35.25355269492447],[139.14340043004216,35.253523420089024],[139.1435083098562,35.25348720620189],[139.14366719984343,35.25345424048854],[139.14407054046373,35.253437668273726],[139.14521658078917,35.253593070189815],[139.14546506477134,35.25362504828012],[139.1456840953039,35.253753968133516],[139.145901976609,35.25385154414164],[139.14611826038973,35.25390446357806],[139.1464098700652,35.25398907792141],[139.1465137549382,35.254034245116834],[139.1467169923514,35.254122511277735],[139.14697879728723,35.25421906862138],[139.1469779588487,35.254257161237234],[139.14697775448371,35.25426610358264],[139.1467001956718,35.25426614574611],[139.14640253469116,35.25424213096605],[139.14612306857424,35.254264625474214],[139.14614248001814,35.254344734467296],[139.1464129060505,35.254376201126526],[139.14655827807124,35.25444420992445],[139.1466269315508,35.25451861235181],[139.14672466029825,35.2547131784282],[139.14684277623167,35.254862508981276],[139.14688798403165,35.254897202019976],[139.14710538123515,35.25498139458181],[139.1473557516873,35.255064787065166],[139.14755770387436,35.25510234256116],[139.14781999800962,35.25513615476781],[139.14791338401017,35.255209993452326],[139.147901462344,35.2553356277548],[139.14783914859456,35.255511750283006],[139.1477574666586,35.25568381813142],[139.1492021696168,35.25619221428943],[139.1494645386674,35.256304402002115],[139.14974559049844,35.25647655344743],[139.14976293916988,35.25648601822135],[139.1501832455113,35.256775996219474],[139.15046405787245,35.2568084993233],[139.15079684575358,35.25682714143071],[139.15112885095294,35.25679056746177],[139.15146979589338,35.2566402419524],[139.15160106048816,35.256610349851336],[139.15172460576744,35.25658985047385],[139.15181024636448,35.256579418546266],[139.1523547660902,35.25653467441399],[139.15250760450854,35.256547790009215]]]]}},{"type":"Feature","properties":{"area_id":"14206031003","city":"小田原市","ward":"","town":"城山","chome":"3","num_households":574},"geometry":{"type":"MultiPolygon","coordinates":[[[[139.15250760450854,35.256547790009215],[139.1523547660902,35.25653467441399],[139.15181024636448,35.256579418546266],[139.15172460576744,35.25658985047385],[139.15160106048816,35.256610349851336],[139.15146979589338,35.2566402419524],[139.15112885095294,35.25679056746177],[139.15079684575358,35.25682714143071],[139.15046405787245,35.2568084993233],[139.1501832455113,35.256775996219474],[139.14976293916988,35.25648601822135],[139.14974559049844,35.25647655344743],[139.1494645386674,35.256304402002115],[139.1492021696168,35.25619221428943],[139.1477574666586,35.25568381813142],[139.14783914859456,35.255511750283006],[139.147901462344,35.2553356277548],[139.14791338401017,35.255209993452326],[139.14781999800962,35.25513615476781],[139.14755770387436,35.25510234256116],[139.1473557516873,35.255064787065166],[139.14710538123515,35.25498139458181],[139.14688798403165,35.254897202019976],[139.14684277623167,35.254862508981276],[139.14672466029825,35.2547131784282],[139.1466269315508,35.25451861235181],[139.14655827807124,35.25444420992445],[139.1464129060505,35.254376201126526],[139.14614248001814,35.254344734467296],[139.14612306857424,35.254264625474214],[139.14640253469116,35.25424213096605],[139.1467001956718,35.25426614574611],[139.14697775448371,35.25426610358264],[139.1469779588487,35.254257161237234],[139.14697879728723,35.25421906862138],[139.1467169923514,35.254122511277735],[139.1465137549382,35.254034245116834],[139.1464098700652,35.25398907792141],[139.14611826038973,35.25390446357806],[139.145901976609,35.25385154414164],[139.1456840953039,35.253753968133516],[139.14546506477134,35.25362504828012],[139.14521658078917,35.253593070189815],[139.14407054046373,35.253437668273726],[139.14366719984343,35.25345424048854],[139.1435083098562,35.25348720620189],[139.14340043004216,35.253523420089024],[139.14321186665066,35.25355269492447],[139.14280577767164,35.25356931897063],[139.1428446943129,35.253505739162954],[139.1428174316255,35.25313263286945],[139.14296418325966,35.25301262874944],[139.14290944392204,35.25256415622068],[139.143352190985,35.25226901504915],[139.14346844691428,35.252140878612344],[139.143575175794,35.25197712558453],[139.14364952690246,35.25182980595312],[139.14374209855796,35.251579071796016],[139.14380080103973,35.25153067537615],[139.14388008936666,35.25151979053283],[139.1441133643435,35.25158787989458],[139.1442111750838,35.2516047754143],[139.14430105804126,35.25161014701321],[139.14437449705778,35.251590425306915],[139.14454399848907,35.25149005563244],[139.14467740078757,35.25153159030919],[139.14493815208917,35.25167511534379],[139.14508863547664,35.25188406625363],[139.14512209556773,35.25197277611522],[139.14536316849367,35.252331676616635],[139.14548568991694,35.25245173834824],[139.14560674939423,35.25253158009982],[139.14576672245502,35.25262389750745],[139.14597250151493,35.25269048933089],[139.14618463894527,35.252705427346825],[139.14659079079593,35.25269097594607],[139.14674690807502,35.25267594788899],[139.1469679112637,35.25263248722914],[139.14713351261892,35.2525769503146],[139.1473978374596,35.25244063886696],[139.14762103068213,35.25230535970381],[139.1478337886925,35.252262132733364],[139.1480939461521,35.25223783545024],[139.1481259326131,35.252236080408856],[139.1483161000222,35.25222564512699],[139.14864149633573,35.25218185804864],[139.14895020467873,35.252131778439065],[139.1494399129331,35.25199659843483],[139.14965938177926,35.25191066008043],[139.14981102548163,35.25174342350846],[139.14979846310567,35.251721381003286],[139.1501029746234,35.25127198694772],[139.1509540762234,35.25057772964542],[139.1516027163648,35.250386820192055],[139.15171318365498,35.25055779261735],[139.15211865843605,35.25118527992247],[139.1525989768653,35.25195881882462],[139.15281505304873,35.25230270675017],[139.1530870442849,35.25278704686785],[139.15297597926192,35.25284036306547],[139.15295562174174,35.252887923448064],[139.15298753126228,35.25299859402669],[139.15320919529205,35.25352138239461],[139.15320288204563,35.25362430251057],[139.15317310807953,35.254108842797976],[139.15312287554582,35.254340457096625],[139.15307820633186,35.25457407396142],[139.15304941701854,35.254751654103146],[139.153006260693,35.255368229464935],[139.15299250805452,35.255410968012576],[139.15295833701856,35.255493168174475],[139.15292810493466,35.2555354623049],[139.1528713296996,35.25554380362081],[139.1528141235317,35.255613621213136],[139.15274466083235,35.25580392954531],[139.15268986612077,35.25598558885416],[139.15250760450854,35.256547790009215]]]]}},{"type":"Feature","properties":{"area_id":"14206031004","city":"小田原市","ward":"","town":"城山","chome":"4","num_households":196},"geometry":{"type":"MultiPolygon","coordinates":[[[[139.1493289960754,35.246579740362144],[139.1496622177307,35.24712823643883],[139.14968610486937,35.24717146997683],[139.14979709853344,35.24737075585294],[139.15033869879898,35.248334717135904],[139.15026894521628,35.24856981088597],[139.15030106234465,35.2487420314291],[139.15030185933196,35.24874176525616],[139.15030613889112,35.24875803144146],[139.15035958877206,35.24874433372568],[139.1503887293162,35.248736865556445],[139.15043339064283,35.248720219828755],[139.15045976852406,35.24871045613283],[139.15047212525093,35.24870588207006],[139.15050545589477,35.24869206280414],[139.15057125761754,35.248662717172515],[139.1506103643395,35.24864527579003],[139.15063620442734,35.24859928228314],[139.15104938812877,35.2492370981825],[139.15117689768243,35.249366618360476],[139.1513110440999,35.24951864134308],[139.15131313567062,35.249596679240575],[139.15146600544435,35.24972218861902],[139.15175331564143,35.249913807069035],[139.15181899852064,35.24995868399525],[139.15178672067344,35.25006596447632],[139.15175498921968,35.250322892416975],[139.1516027163648,35.250386820192055],[139.1509540762234,35.25057772964542],[139.1501029746234,35.25127198694772],[139.14979846310567,35.251721381003286],[139.14981102548163,35.25174342350846],[139.14965938177926,35.25191066008043],[139.1494399129331,35.25199659843483],[139.14895020467873,35.252131778439065],[139.14864149633573,35.25218185804864],[139.1483161000222,35.25222564512699],[139.1481259326131,35.252236080408856],[139.1480939461521,35.25223783545024],[139.1478337886925,35.252262132733364],[139.14762103068213,35.25230535970381],[139.1473978374596,35.25244063886696],[139.14713351261892,35.2525769503146],[139.1469679112637,35.25263248722914],[139.14674690807502,35.25267594788899],[139.14659079079593,35.25269097594607],[139.14618463894527,35.252705427346825],[139.14597250151493,35.25269048933089],[139.14576672245502,35.25262389750745],[139.14560674939423,35.25253158009982],[139.14548568991694,35.25245173834824],[139.14536316849367,35.252331676616635],[139.14512209556773,35.25197277611522],[139.14508863547664,35.25188406625363],[139.14493815208917,35.25167511534379],[139.14467740078757,35.25153159030919],[139.14454399848907,35.25149005563244],[139.14472914630747,35.25136688858051],[139.14481093465088,35.251248483822955],[139.14489185309358,35.25092873960384],[139.14496504957617,35.25075014672648],[139.14509914201713,35.25050732340601],[139.14533982060092,35.2503246137611],[139.14576182573694,35.25006378112747],[139.14575731826807,35.250053614841796],[139.14608863828468,35.24986198302156],[139.14659145508105,35.24955146783403],[139.14658884159954,35.249540819395584],[139.146888789908,35.24936323130562],[139.1471940925686,35.24912081662461],[139.1474843776676,35.24885704866284],[139.14762692726228,35.24820111095253],[139.14770146521275,35.24799998896502],[139.14771698223527,35.247972050014745],[139.14781073214058,35.24780328935377],[139.14802839261804,35.24737094250041],[139.14782551981642,35.247363311677155],[139.1475969072194,35.24697286647615],[139.14746620251827,35.246790578487115],[139.14730614140066,35.24655735050012],[139.14735686059376,35.246543835537885],[139.14744459990465,35.24649729315664],[139.14756887898704,35.24632208643816],[139.14764873998206,35.24623254226583],[139.14756038015864,35.24612894395824],[139.1474635352935,35.246008607034874],[139.1474806232264,35.245865678747954],[139.14759865766177,35.24579452005316],[139.1476020710323,35.24561390864513],[139.14783107731574,35.24556570276826],[139.1479061972418,35.245478455384884],[139.14793819842495,35.24530251316052],[139.14834371716987,35.245140028546594],[139.1484317973505,35.24509855711573],[139.14879949239213,35.24570084154341],[139.14925386656208,35.246454246799445],[139.1493289960754,35.246579740362144]]]]}},{"type":"Feature","properties":{"area_id":"14206035001","city":"小田原市","ward":"","town":"扇町","chome":"1","num_households":1384},"geometry":{"type":"MultiPolygon","coordinates":[[[[139.15698036729856,35.25813683248443],[139.15700163549351,35.25812941599504],[139.15700658664346,35.25812768319734],[139.1582323221222,35.259699153030475],[139.1582372077948,35.25970537737476],[139.15867771299946,35.26026634593016],[139.15898580349338,35.26058256579333],[139.15915662296848,35.26075781140262],[139.1591977639579,35.26079719443911],[139.1602372424874,35.261792054770865],[139.1602814529139,35.261834341746244],[139.16099528079403,35.26255034073939],[139.16112211726258,35.26267745230714],[139.16133921647653,35.262894921568964],[139.16097867255078,35.26366352493985],[139.1607213251222,35.264287495361955],[139.16058327274945,35.26455509902051],[139.16040072891485,35.2649744207697],[139.16027503740654,35.2652370221825],[139.1601500185712,35.265423714002274],[139.15993239932308,35.26560481958858],[139.15942297685174,35.26598175495275],[139.15914353535072,35.266172654182256],[139.15889369848335,35.26651554536174],[139.15845671946272,35.267090412079384],[139.15813803181518,35.26754439264484],[139.15803188602837,35.26768562618227],[139.157901140271,35.26781651169516],[139.15745490318378,35.26801661533874],[139.15693134373961,35.26820107478716],[139.15659338456544,35.26828748956801],[139.155987635229,35.26834986737299],[139.1553715659264,35.26836796130481],[139.15479044926403,35.268385261411126],[139.15485260950177,35.268031747711184],[139.15492013515555,35.2674934109355],[139.15497746383318,35.26703480211772],[139.15505317049997,35.266354613325795],[139.15507487015032,35.26601833709154],[139.1551486643202,35.26548468242755],[139.15519053726723,35.2651540820343],[139.15527253542155,35.26453237669547],[139.15528302856612,35.26424765566221],[139.15530206160705,35.26419459445506],[139.15536745500646,35.263602372939886],[139.15543227919827,35.26312951090514],[139.1554367402369,35.263099114277615],[139.1556031016021,35.26228591611031],[139.15563172268455,35.26223093740166],[139.15579006805305,35.26177099368099],[139.15600362634592,35.26115058647808],[139.1563384794598,35.26024473810681],[139.15645214164832,35.25993763554676],[139.15655447428512,35.259681383761155],[139.156758597422,35.25906909045661],[139.15676149611167,35.25859284927925],[139.15676216328475,35.25848186959894],[139.15674458790946,35.25820086251314],[139.15698036729856,35.25813683248443]]]]}},{"type":"Feature","properties":{"area_id":"14206035002","city":"小田原市","ward":"","town":"扇町","chome":"2","num_households":623},"geometry":{"type":"MultiPolygon","coordinates":[[[[139.1663739732126,35.267696843941806],[139.1663550923409,35.267690401290594],[139.16572162549934,35.268143506435486],[139.16533068729993,35.268377040708266],[139.16445713767664,35.2686106487692],[139.16380398778836,35.26878878436817],[139.163500316381,35.268888365451865],[139.16296025710903,35.26905501094215],[139.16251228432017,35.26923251793224],[139.16248239043395,35.26924439431565],[139.1621983752611,35.26934450282534],[139.16154358096372,35.269440155712104],[139.16123971553426,35.2695366311439],[139.16122705722566,35.269572052563674],[139.1612205114895,35.269579550565915],[139.16080315742363,35.27005580369754],[139.1603853050247,35.27053972443109],[139.1601828946396,35.27107998317613],[139.16017705479535,35.271095512831494],[139.1601030392495,35.271229601908054],[139.1601018196927,35.27123177812067],[139.15993248882063,35.27146420499653],[139.15961241248243,35.271795083117986],[139.15949054664588,35.271972775761505],[139.1586228587392,35.27161344070872],[139.15864355537715,35.27149468784123],[139.15869112219548,35.271221725035026],[139.15882385843472,35.270460032588126],[139.158889807065,35.269954012090594],[139.15899478053208,35.26921525474208],[139.15900159329442,35.269134238868375],[139.15911976858197,35.268289219549686],[139.1591982428471,35.267762983059306],[139.15922083185936,35.26758149425587],[139.15929088796665,35.26701915542269],[139.1593121673625,35.26668498831484],[139.15942297685174,35.26598175495275],[139.15993239932308,35.26560481958858],[139.1601500185712,35.265423714002274],[139.16027503740654,35.2652370221825],[139.16040072891485,35.2649744207697],[139.16058327274945,35.26455509902051],[139.1607213251222,35.264287495361955],[139.16097867255078,35.26366352493985],[139.16133921647653,35.262894921568964],[139.1622606789829,35.26379713329305],[139.162723190136,35.26424652000126],[139.1628139085285,35.26436018994823],[139.16350051306188,35.26497750325614],[139.16490673301095,35.266335464330965],[139.1652430538406,35.26666970934178],[139.16547246659775,35.26688533771096],[139.16550945842525,35.26687152866095],[139.16571328805526,35.26706581854175],[139.1657682806034,35.26711837494977],[139.1663739732126,35.267696843941806]]]]}},{"type":"Feature","properties":{"area_id":"14206035003","city":"小田原市","ward":"","town":"扇町","chome":"3","num_households":563},"geometry":{"type":"MultiPolygon","coordinates":[[[[139.15942297685174,35.26598175495275],[139.1593121673625,35.26668498831484],[139.15929088796665,35.26701915542269],[139.15922083185936,35.26758149425587],[139.1591982428471,35.267762983059306],[139.15911976858197,35.268289219549686],[139.15900159329442,35.269134238868375],[139.15899478053208,35.26921525474208],[139.158889807065,35.269954012090594],[139.15882385843472,35.270460032588126],[139.15869112219548,35.271221725035026],[139.15864355537715,35.27149468784123],[139.1586228587392,35.27161344070872],[139.1584419049114,35.27162193680473],[139.1582767736693,35.27165833680548],[139.15816271825622,35.271707275014286],[139.15767685006816,35.271905114439726],[139.15721803356178,35.27207662549044],[139.15683904559165,35.272261821215324],[139.15649144450924,35.27247761178191],[139.156162812356,35.27264287645372],[139.15580379835467,35.27280585784742],[139.15543173451067,35.272932497729094],[139.15519045476978,35.27298684584968],[139.15465255001126,35.27306480850544],[139.15422987799516,35.273066518136474],[139.15410390075618,35.2730260234887],[139.15402542287814,35.27300973734663],[139.1540254740655,35.27300875230875],[139.15407829787844,35.27178212670028],[139.1540960216147,35.27142935258373],[139.15408811786665,35.27130677784274],[139.15412543687077,35.27120833014477],[139.1541342411044,35.271156831848174],[139.15422379299406,35.27097853951676],[139.1543074152366,35.27073923031299],[139.15446181320112,35.27041532265176],[139.1544873921958,35.27021646020914],[139.15449430465324,35.2699446078909],[139.15449479704134,35.26935716336479],[139.15449867745642,35.26930387744197],[139.154450821361,35.269281566416154],[139.15448388232213,35.26917858622108],[139.15452925409602,35.26916426409714],[139.1546150826491,35.268388643055694],[139.15479044926403,35.268385261411126],[139.1553715659264,35.26836796130481],[139.155987635229,35.26834986737299],[139.15659338456544,35.26828748956801],[139.15693134373961,35.26820107478716],[139.15745490318378,35.26801661533874],[139.157901140271,35.26781651169516],[139.15803188602837,35.26768562618227],[139.15813803181518,35.26754439264484],[139.15845671946272,35.267090412079384],[139.15889369848335,35.26651554536174],[139.15914353535072,35.266172654182256],[139.15942297685174,35.26598175495275]]]]}},{"type":"Feature","properties":{"area_id":"14206035004","city":"小田原市","ward":"","town":"扇町","chome":"4","num_households":91},"geometry":{"type":"MultiPolygon","coordinates":[[[[139.1663739732126,35.267696843941806],[139.16681538901952,35.26813187195584],[139.1678448084453,35.26907498266755],[139.16816159099284,35.269380731709205],[139.1688713255467,35.27006581208072],[139.16933286124325,35.2705115027875],[139.16933462078032,35.27051151246088],[139.16859983596206,35.27080140289987],[139.1682448450094,35.27098092040706],[139.16818793601703,35.271009689836085],[139.1677805696025,35.27127215368492],[139.16728167324172,35.27160157407746],[139.16635053200278,35.27223063581745],[139.16583016921285,35.27260014058067],[139.1656797892175,35.272691347398556],[139.16510629786646,35.27316653691539],[139.16462768190758,35.2735433802113],[139.164021219243,35.2740426061541],[139.16389388269744,35.27415569861411],[139.16388856221653,35.27416038669152],[139.1637167620215,35.274313020156455],[139.16337853183003,35.27466401684096],[139.16232347121272,35.273791715295616],[139.16201205618387,35.27353288286484],[139.16188455193839,35.27341196707032],[139.16173607044823,35.27332008934582],[139.1613607546854,35.27301667523973],[139.16093739442744,35.272692923455736],[139.16062269309575,35.27250512214376],[139.16034797308035,35.27238380829694],[139.15949054664588,35.271972775761505],[139.15961241248243,35.271795083117986],[139.15993248882063,35.27146420499653],[139.1601018196927,35.27123177812067],[139.1601030392495,35.271229601908054],[139.16017705479535,35.271095512831494],[139.1601828946396,35.27107998317613],[139.1603853050247,35.27053972443109],[139.16080315742363,35.27005580369754],[139.1612205114895,35.269579550565915],[139.16122705722566,35.269572052563674],[139.16123971553426,35.2695366311439],[139.16154358096372,35.269440155712104],[139.1621983752611,35.26934450282534],[139.16248239043395,35.26924439431565],[139.16251228432017,35.26923251793224],[139.16296025710903,35.26905501094215],[139.163500316381,35.268888365451865],[139.16380398778836,35.26878878436817],[139.16445713767664,35.2686106487692],[139.16533068729993,35.268377040708266],[139.16572162549934,35.268143506435486],[139.1663550923409,35.267690401290594],[139.1663739732126,35.267696843941806]]]]}},{"type":"Feature","properties":{"area_id":"14206035005","city":"小田原市","ward":"","town":"扇町","chome":"5","num_households":717},"geometry":{"type":"MultiPolygon","coordinates":[[[[139.15949054664588,35.271972775761505],[139.16034797308035,35.27238380829694],[139.16062269309575,35.27250512214376],[139.16093739442744,35.272692923455736],[139.1613607546854,35.27301667523973],[139.16173607044823,35.27332008934582],[139.16188455193839,35.27341196707032],[139.16060858447088,35.27447961130639],[139.16046596173663,35.27460768472776],[139.15940489657834,35.27522603830968],[139.15802694845524,35.27598162378453],[139.15712343296056,35.27645401637272],[139.15683585430912,35.27656021980753],[139.15533027547826,35.27703535305993],[139.15522065278552,35.27707677903807],[139.1549779831461,35.27719315869847],[139.15471316072322,35.27728856925804],[139.15460418028542,35.276396726079206],[139.15450520468517,35.27574084474508],[139.15443383932453,35.27533116415811],[139.1543318265161,35.27467420918983],[139.15426306895986,35.2741327179703],[139.1542158204213,35.27361205148281],[139.15422987799516,35.273066518136474],[139.15465255001126,35.27306480850544],[139.15519045476978,35.27298684584968],[139.15543173451067,35.272932497729094],[139.15580379835467,35.27280585784742],[139.156162812356,35.27264287645372],[139.15649144450924,35.27247761178191],[139.15683904559165,35.272261821215324],[139.15721803356178,35.27207662549044],[139.15767685006816,35.271905114439726],[139.15816271825622,35.271707275014286],[139.1582767736693,35.27165833680548],[139.1584419049114,35.27162193680473],[139.1586228587392,35.27161344070872],[139.15949054664588,35.271972775761505]]]]}},{"type":"Feature","properties":{"area_id":"14206035006","city":"小田原市","ward":"","town":"扇町","chome":"6","num_households":0},"geometry":{"type":"MultiPolygon","coordinates":[[[[139.15513250406934,35.27975616643081],[139.15509402646657,35.27977728752107],[139.15504280633849,35.27980213916786],[139.15485766199973,35.2782666644206],[139.15481404230601,35.278030161082356],[139.15478617855857,35.27784494236792],[139.15475998540913,35.277629592864194],[139.15471316072322,35.277288569258005],[139.1549779831461,35.27719315869847],[139.15522065278552,35.27707677903807],[139.15533027547826,35.27703535305993],[139.15683585430912,35.27656021980753],[139.15712343296056,35.27645401637272],[139.15802694845524,35.27598162378453],[139.15940489657834,35.27522603830968],[139.16046596173663,35.27460768472776],[139.16060858447088,35.2744796113064],[139.16188455193839,35.27341196707032],[139.16201205618387,35.27353288286484],[139.16232347121272,35.273791715295616],[139.16337853183,35.27466401684094],[139.1633654916212,35.274678028437556],[139.1633635427076,35.274680060346846],[139.16331394797575,35.27473252899993],[139.1628648474314,35.2752192426017],[139.16245864016403,35.27575203537645],[139.16218569071378,35.27614627670649],[139.1619461599888,35.276611194341776],[139.1615430778712,35.277423284875404],[139.15992514575643,35.27685535247382],[139.1596141199655,35.27720022301398],[139.1593538010503,35.277446859230814],[139.15912906100345,35.27763306194302],[139.15839635187933,35.278124937736706],[139.1579438505785,35.27838507369908],[139.15773239091936,35.278496915180604],[139.15687772717467,35.27891091692911],[139.15602743617188,35.27932479683782],[139.15513250406934,35.27975616643081]]]]}},{"type":"Feature","properties":{"area_id":"142060410","city":"小田原市","ward":"","town":"緑","chome":"","num_households":1},"geometry":{"type":"MultiPolygon","coordinates":[[[[139.1459679907324,35.25728530989836],[139.14551455700547,35.25756293485021],[139.1453946704422,35.257607321833746],[139.14508920759963,35.25757065310438],[139.1448414511702,35.2574921301697],[139.14444782393565,35.25739883220747],[139.14403903979505,35.25726558700672],[139.14364388638379,35.25712981324097],[139.14361731082033,35.25708473279883],[139.1434364672874,35.256866310556134],[139.14339849016727,35.25679405280066],[139.14336617152398,35.25657098457935],[139.14332753985892,35.256439288119175],[139.14324348611405,35.25632338770587],[139.14312803647147,35.25629033393995],[139.14299816888965,35.25629191588945],[139.1427901626032,35.25618882831506],[139.14262715555031,35.25610451787372],[139.14247415477286,35.25609047381107],[139.1423423279461,35.25607514277877],[139.14228055133867,35.256035424021036],[139.14221975843105,35.255879938435704],[139.14226326758262,35.25574589464782],[139.14242359607624,35.255458717900716],[139.14250306733604,35.255376216131005],[139.14279241509286,35.2550199900897],[139.14278643038315,35.25508277105445],[139.1442462358461,35.256159395739175],[139.1442987539742,35.256319199347104],[139.14438158977393,35.2564067118199],[139.14463665828058,35.256619782393706],[139.14488146904415,35.25677716068006],[139.14517492583678,35.25691319571531],[139.14544192213515,35.25700070110777],[139.1457541963202,35.25704895619225],[139.14588201535966,35.257122147045024],[139.14589117932698,35.25717550863561],[139.1459679907324,35.25728530989836]]]]}},{"type":"Feature","properties":{"area_id":"142060420","city":"小田原市","ward":"","town":"十字","chome":"","num_households":15},"geometry":{"type":"MultiPolygon","coordinates":[[[[139.14279241509286,35.255019990089714],[139.14250306733604,35.255376216131005],[139.14241483824767,35.25506501388968],[139.1423703889197,35.25497659182973],[139.14226546373894,35.254887402469514],[139.1420427558518,35.25473169488046],[139.14191168002523,35.2546789735386],[139.14173104715857,35.254623292973655],[139.14170200572255,35.25450503097361],[139.14155420602378,35.254561085233775],[139.1415301041869,35.254538342050246],[139.1413367202813,35.254523431642404],[139.1410704204868,35.25429000995352],[139.14098129207196,35.254256401366554],[139.14069266388657,35.254401786688035],[139.14024378402436,35.254643503277315],[139.13996617054562,35.25445353406701],[139.139849150275,35.254333357869626],[139.1397649273661,35.25420780654589],[139.13965347638862,35.25401357910193],[139.13947809042554,35.25410292304149],[139.1393509795808,35.2540836723534],[139.13920915751208,35.254037858137075],[139.13907666090364,35.254020970546975],[139.13896450604943,35.254034903310654],[139.13851948023196,35.254267410955684],[139.13844818152987,35.25434749229376],[139.13845226824785,35.254522160128914],[139.13808628497156,35.254516604325666],[139.13806246579193,35.25447104622319],[139.13746787835916,35.25444304612968],[139.1372031508135,35.254418212533274],[139.1370808072628,35.254378635237536],[139.13706450525584,35.254307415478024],[139.13712596929528,35.25418284318756],[139.1371503114527,35.25409721001424],[139.13712309273433,35.25395240886563],[139.1371318918007,35.253872319827025],[139.1372615040494,35.25398031833797],[139.13732418283686,35.25388927225462],[139.13737346972405,35.253732939634915],[139.13745741092185,35.25363518562628],[139.13745909651186,35.25366885716193],[139.1375817218243,35.253565199180144],[139.1376476268864,35.25356353584374],[139.13790078215567,35.253445488908476],[139.13814444388376,35.25344351066093],[139.1382787622363,35.25346308516959],[139.1385155217603,35.25347522112106],[139.1386059146772,35.253466233966364],[139.13866324260675,35.25334311530369],[139.13888333864122,35.253235650093856],[139.1390406687949,35.25317430238621],[139.1392714782711,35.25314429028508],[139.13926237416126,35.253154801163284],[139.1394765303011,35.25314955222566],[139.139583607618,35.253136998233934],[139.13993550638023,35.253152609173355],[139.14007712222184,35.25313694312666],[139.1407472735277,35.25303114008175],[139.14061847464083,35.25266625431048],[139.14104945922998,35.25250830479681],[139.14121344103913,35.25273909857467],[139.14196071011148,35.25236275066904],[139.14259302237073,35.25202130269929],[139.14288053309366,35.25187492063614],[139.143138035736,35.2517438591477],[139.14352721732797,35.251488128887445],[139.14349236283635,35.25128582136704],[139.14357655913412,35.25110644649953],[139.143737155697,35.25091229663218],[139.1439482450856,35.25105032982143],[139.14399923009978,35.25124378574729],[139.1440912584613,35.251380504535696],[139.14419247502886,35.25141072908585],[139.14416681450194,35.25148579302066],[139.1442111750838,35.2516047754143],[139.1441133643435,35.25158787989458],[139.14388008936666,35.25151979053283],[139.14380080103973,35.25153067537615],[139.14374209855796,35.251579071796016],[139.14364952690246,35.25182980595312],[139.143575175794,35.25197712558453],[139.14346844691428,35.252140878612344],[139.143352190985,35.25226901504915],[139.14290944392204,35.25256415622068],[139.14296418325966,35.25301262874944],[139.1428174316255,35.25313263286945],[139.1428446943129,35.253505739162954],[139.14280577767164,35.25356931897063],[139.14278469932563,35.25367060508401],[139.14274400862826,35.25376107508492],[139.14261327943657,35.25386948025448],[139.14255889226888,35.25396036484036],[139.14258650126436,35.25408566115988],[139.14279241509286,35.255019990089714]]],[[[139.14771698223527,35.247972050014745],[139.14770146521275,35.24799998896502],[139.14762692726228,35.24820111095253],[139.1474843776676,35.24885704866284],[139.1471940925686,35.24912081662461],[139.146888789908,35.24936323130562],[139.14658884159954,35.249540819395584],[139.14659145508105,35.24955146783403],[139.14608863828468,35.24986198302156],[139.14575731826807,35.250053614841796],[139.1456852579276,35.24988525047202],[139.14599536522715,35.24969962482402],[139.1460823896303,35.24943378720949],[139.14632816222078,35.24948539448428],[139.14641536668935,35.24923864177497],[139.14661017503855,35.24928179100462],[139.1466886447063,35.249149140509786],[139.1468620142753,35.24919463181977],[139.14692127187377,35.249203052820924],[139.14694797293615,35.24913527355438],[139.14697276589092,35.24907233423776],[139.1469858456609,35.24903913186572],[139.1469863954201,35.24903844068258],[139.14701121364217,35.24900591736383],[139.1470713239975,35.24900841235981],[139.14714155173013,35.24901230887522],[139.14716923451093,35.24898722737705],[139.14720420987717,35.24898846098541],[139.1472351462017,35.24898940480341],[139.14724820481922,35.24886207291989],[139.14725774145253,35.2487690667147],[139.14726403807248,35.24870765567368],[139.1472674783723,35.24867410195754],[139.14732201147797,35.24867759449531],[139.14733275806879,35.248633876726885],[139.14733955423335,35.2485777110392],[139.14746082012178,35.24793622976028],[139.14771698223527,35.247972050014745]]]]}},{"type":"Feature","properties":{"area_id":"142060430","city":"小田原市","ward":"","town":"荻窪","chome":"","num_households":1513},"geometry":{"type":"MultiPolygon","coordinates":[[[[139.15415047503282,35.26598575007211],[139.15365544362908,35.265927475474676],[139.15302252925386,35.26590842027377],[139.15245056715048,35.265865199489596],[139.15210567882852,35.265826285165744],[139.15172480549361,35.26571688609115],[139.1512002581249,35.26555928282795],[139.15103149305898,35.26551347147037],[139.15058584816887,35.26546405446054],[139.15058975918612,35.26566780254739],[139.15005287000383,35.265655895008464],[139.14935078258446,35.26598487061723],[139.14918068242508,35.26607186276173],[139.14899878820253,35.26622364460996],[139.14844387962873,35.26617930432625],[139.14787797823843,35.26591166662077],[139.14744378016516,35.26570660209387],[139.14705683399066,35.26582876802227],[139.14677003118038,35.265896995770476],[139.1465391135177,35.265925963612],[139.14651306891136,35.26587835211398],[139.14635123461065,35.26598264030937],[139.14611732142095,35.265924199522686],[139.1460461519585,35.26592273838038],[139.14578140634748,35.26598686346957],[139.1454628155008,35.26601631730621],[139.14507355199223,35.26602642405219],[139.14493348460425,35.26603928765586],[139.1448256153874,35.26607747473846],[139.14458156027274,35.266086012465045],[139.14418300323996,35.266037685248996],[139.14398143332204,35.26599773357647],[139.14384417549084,35.26600842836409],[139.14365788918758,35.26591286065191],[139.14358544125568,35.26585984286503],[139.14356803210543,35.26579671701528],[139.14358356513165,35.26573208913928],[139.14369172711662,35.26558862599566],[139.14370127014817,35.26554170991208],[139.14354689328246,35.26548033783615],[139.14354576034856,35.26532575753197],[139.14357162233244,35.265187317384644],[139.14358845633876,35.26507558607973],[139.14363090039882,35.26493083176272],[139.14361989592334,35.26483647570749],[139.14357900644987,35.26473258307973],[139.14351256785463,35.264659529629924],[139.1435499950132,35.26449897356362],[139.1437775428951,35.2642143642743],[139.14364083355642,35.26397380211026],[139.1434465015028,35.263795091022075],[139.14340840182223,35.26379247912759],[139.1420974090526,35.263562244459635],[139.14166596916482,35.26351540929881],[139.14130701017444,35.26350208612004],[139.14123351565985,35.26347666625817],[139.1401248732625,35.263622628851905],[139.13967669022347,35.263661252265194],[139.13950051176133,35.263655311031336],[139.13839784495698,35.26321285663428],[139.1380334201369,35.26298097644066],[139.13778524672767,35.26288990197283],[139.1376085100449,35.262798957314764],[139.13737086030824,35.262692309145955],[139.13685690996925,35.262355904088174],[139.1363340290352,35.26211021711404],[139.13591203457887,35.26190461700231],[139.13568557439353,35.261815283075826],[139.13525983774682,35.26169585470632],[139.134853109153,35.26157252017428],[139.13450742251297,35.261459747950916],[139.1344348416514,35.26156805789317],[139.13414902413615,35.26147239322526],[139.13398016380307,35.26152430304065],[139.13386459725032,35.261534268298014],[139.1336335469387,35.26150476348997],[139.13334333358284,35.26134125755715],[139.13307418709658,35.26124406746359],[139.13289124210777,35.2612267409072],[139.1326130367493,35.26104013437273],[139.13247299552256,35.26091143868061],[139.1321974826248,35.26062696130369],[139.13198442980095,35.26032805660096],[139.1317667839846,35.2601832063045],[139.13165225364176,35.260167824009834],[139.13133523016393,35.26036583888896],[139.13115278773873,35.260335344551734],[139.1309193181977,35.2599901944989],[139.13068443662368,35.25980369341661],[139.13041631777438,35.25973748934699],[139.13010819186775,35.25973569842564],[139.12982428725564,35.259836862512586],[139.1296879455159,35.25985670222049],[139.12952679012108,35.25984689218656],[139.12899137846742,35.25961455611611],[139.12886533351283,35.2595955825905],[139.12855810017555,35.25956999071948],[139.1286296563472,35.25928858423236],[139.12868930054978,35.25887570201416],[139.12867405341268,35.258762799111274],[139.12872911228888,35.25872023356184],[139.12877079537827,35.258626253881445],[139.1289106179343,35.25855122441067],[139.1293064979138,35.25856148651433],[139.12959486702982,35.25855901011825],[139.130026215499,35.25833997473515],[139.13066926981392,35.257898722208424],[139.13111967775163,35.257713594847786],[139.13134954646236,35.25756556620534],[139.1315153946398,35.25743906662244],[139.13170347887603,35.25734727240428],[139.1318743073798,35.257349882666645],[139.13208703716674,35.25747639465788],[139.13225695933582,35.25762399631773],[139.13237497029377,35.257703269302375],[139.13253375174062,35.25772897733627],[139.1328488461929,35.25766355074907],[139.13331302331048,35.25747898767194],[139.13352512990522,35.257369231369076],[139.13363533495158,35.25730811016786],[139.13378131692897,35.25725480064633],[139.13405312176994,35.25702158794838],[139.13423261648504,35.256820094573285],[139.13439353608115,35.25670694281828],[139.1345516158663,35.256639478976446],[139.13449327628774,35.25646491950574],[139.13437536875907,35.25642346372636],[139.13409932276858,35.25641165788055],[139.13404479452268,35.256397821912806],[139.1340534635202,35.25629836664146],[139.13416671339772,35.256257331906724],[139.1342786691485,35.25627699246405],[139.1344130682507,35.25619770144713],[139.13451822773175,35.25616915486788],[139.13470705136004,35.256170529052476],[139.13473812131053,35.25607669668122],[139.13477334918417,35.255808737227774],[139.13472583489894,35.25565825399234],[139.13491479569296,35.25518900451934],[139.13484667883856,35.254973193486364],[139.1346993694275,35.254686925001835],[139.13465459366955,35.2546874412969],[139.13460000572942,35.254635859167706],[139.13460214367115,35.25449693034423],[139.13462994652318,35.25423878686359],[139.13473566273393,35.25393532070242],[139.13487219544356,35.25371717043977],[139.1349110253808,35.25356436998895],[139.1351008011797,35.25324934660224],[139.13524417008549,35.25287976020599],[139.1354125315786,35.252793761995065],[139.1355425662633,35.25278718911636],[139.13583882474845,35.25296854375386],[139.13596755711816,35.25292851285783],[139.13611069264223,35.253076096419434],[139.13659796403135,35.25349868747203],[139.1370093727574,35.25377323621404],[139.1371318918007,35.253872319827025],[139.13712309273433,35.25395240886563],[139.1371503114527,35.25409721001424],[139.13712596929528,35.25418284318756],[139.13706450525584,35.254307415478024],[139.1370808072628,35.254378635237536],[139.1372031508135,35.254418212533274],[139.13746787835916,35.25444304612968],[139.13806246579193,35.25447104622319],[139.13808628497156,35.254516604325666],[139.13845226824785,35.254522160128914],[139.13844818152987,35.25434749229376],[139.13851948023196,35.254267410955684],[139.13896450604943,35.254034903310654],[139.13907666090364,35.254020970546975],[139.13920915751208,35.254037858137075],[139.1393509795808,35.2540836723534],[139.13947809042554,35.25410292304149],[139.13965347638862,35.25401357910193],[139.1397649273661,35.25420780654589],[139.139849150275,35.254333357869626],[139.13996617054562,35.25445353406701],[139.14024378402436,35.254643503277315],[139.14069266388657,35.254401786688035],[139.14098129207196,35.254256401366554],[139.1410704204868,35.25429000995352],[139.1413367202813,35.254523431642404],[139.1415301041869,35.254538342050246],[139.14155420602378,35.254561085233775],[139.14170200572255,35.25450503097361],[139.14173104715857,35.254623292973655],[139.14191168002523,35.2546789735386],[139.1420427558518,35.25473169488046],[139.14226546373894,35.254887402469514],[139.1423703889197,35.25497659182973],[139.14241483824767,35.25506501388968],[139.14250306733604,35.255376216131005],[139.1424235960762,35.255458717900716],[139.14226326758262,35.25574589464782],[139.14221975843108,35.25587993843571],[139.14228055133867,35.25603542402104],[139.14234232794604,35.25607514277877],[139.14247415477286,35.25609047381107],[139.14262715555031,35.25610451787373],[139.1427901626032,35.25618882831506],[139.14299816888962,35.256291915889484],[139.14312803647147,35.256290333939916],[139.14324348611405,35.25632338770587],[139.14332753985894,35.256439288119196],[139.14336617152404,35.25657098457935],[139.14339849016727,35.25679405280064],[139.14343646728744,35.256866310556134],[139.14361731082033,35.25708473279883],[139.14364388638384,35.25712981324098],[139.14403903979505,35.25726558700673],[139.14444782393565,35.25739883220747],[139.1448414511702,35.2574921301697],[139.14508920759963,35.25757065310438],[139.14539467044216,35.257607321833746],[139.14551455700553,35.25756293485021],[139.1455362001867,35.257622845710884],[139.14581282438516,35.257861317916834],[139.14594985886652,35.25793132179486],[139.1462119338155,35.25797689639466],[139.14633011953964,35.25804728559705],[139.14647374595717,35.25818542320414],[139.14658029552953,35.25831201260913],[139.14670893338305,35.25845619249973],[139.146858771797,35.25865197016461],[139.1469199113417,35.258838581338885],[139.14696893971993,35.259046250574116],[139.14695926564187,35.259124292780236],[139.14678919021378,35.259463531897225],[139.146732906414,35.25964687063545],[139.14661733168998,35.25985106852364],[139.1466273506179,35.25988971632715],[139.1467068523212,35.25991537962615],[139.14690264135768,35.25988100007906],[139.14714606046257,35.25987428409869],[139.14720827995924,35.25988773642899],[139.14730455449438,35.25985898800229],[139.1477275517564,35.259958218230736],[139.1478714509506,35.26008508886889],[139.14804831744684,35.26012581048633],[139.14825162149114,35.26016217371976],[139.1484340358582,35.26013560300438],[139.14859648954757,35.2601597629765],[139.1488165534602,35.26025023440146],[139.14904444389822,35.26040011424568],[139.14915283216504,35.260497768559986],[139.14917710795982,35.260622621396],[139.14917840106762,35.260744316503576],[139.149394361578,35.26082258013514],[139.14935999070045,35.2608819623912],[139.1494307481566,35.26090616479009],[139.1492679141398,35.261278404584246],[139.1497796400078,35.26138982009115],[139.14992175346808,35.26109203846755],[139.15044338895999,35.26121949283466],[139.15046600390593,35.26119511411763],[139.1506520929882,35.26123193978016],[139.1506776151173,35.26112229748126],[139.1508337843623,35.26115888337103],[139.15085773520522,35.26109296367661],[139.150985831559,35.26113439067143],[139.1511464456976,35.261295999262366],[139.15125051991552,35.26109011170124],[139.15136226870783,35.26088532480565],[139.15146440523264,35.26079745245609],[139.15154568930419,35.26077474214507],[139.151671470312,35.26079545155406],[139.15189718560808,35.26085749894603],[139.15208466134663,35.260933765485234],[139.15234438996197,35.261009735928106],[139.15242382819258,35.26100243738678],[139.152562384876,35.26093307835098],[139.15264984853974,35.26084927775208],[139.15269872421018,35.26072371016209],[139.1527731678924,35.26069758084012],[139.15292200277187,35.26071292597636],[139.15346861034018,35.260816635693374],[139.1535873690133,35.26083004965254],[139.15348347584995,35.260973969512946],[139.15373134647024,35.26108712180957],[139.1537823472469,35.26120494193632],[139.15391307604443,35.2612296198254],[139.154202473485,35.261248852310345],[139.15445557472287,35.261265697635096],[139.1546688047004,35.261219502375184],[139.15475674385172,35.261191404896834],[139.1552431343691,35.2610064646751],[139.15573427345248,35.26106485306363],[139.15600362634592,35.26115058647808],[139.15579006805305,35.26177099368099],[139.15563172268455,35.26223093740166],[139.1556031016021,35.26228591611031],[139.1554367402369,35.263099114277615],[139.15543227919827,35.26312951090514],[139.15536745500646,35.263602372939886],[139.15530206160705,35.26419459445506],[139.15528302856612,35.26424765566221],[139.1548704200403,35.26414484869726],[139.15448288968852,35.264303019314184],[139.15432395598486,35.26416994690385],[139.15432393890214,35.26417198900238],[139.15420005761257,35.26422129181042],[139.15402862098964,35.26431504358524],[139.1541749931358,35.26453325457316],[139.15418280557205,35.26454372017319],[139.1541906607891,35.2650363562463],[139.15419065313424,35.265037271119525],[139.15419064429634,35.265038327377205],[139.15418814558805,35.26511119854101],[139.15417101278234,35.265476021211434],[139.15416607959492,35.26559852567812],[139.15415047503282,35.26598575007211]]]]}},{"type":"Feature","properties":{"area_id":"142060440","city":"小田原市","ward":"","town":"谷津","chome":"","num_households":37},"geometry":{"type":"MultiPolygon","coordinates":[[[[139.15076189540616,35.26102397343081],[139.15085773520516,35.26109296367661],[139.1508337843623,35.26115888337103],[139.1506776151173,35.261122297481236],[139.1506520929882,35.26123193978016],[139.15046600390593,35.26119511411763],[139.15044338895999,35.26121949283466],[139.14992175346808,35.26109203846755],[139.1497796400078,35.26138982009115],[139.1492679141398,35.26127840458423],[139.1494307481566,35.26090616479009],[139.14935999070045,35.26088196239122],[139.149394361578,35.26082258013514],[139.14917840106762,35.260744316503576],[139.14917710795982,35.260622621396],[139.14915283216504,35.260497768559986],[139.14904444389822,35.26040011424568],[139.1488165534602,35.26025023440147],[139.14859648954757,35.2601597629765],[139.14843403585817,35.26013560300438],[139.14825162149114,35.26016217371976],[139.14804831744684,35.260125810486315],[139.1478714509506,35.260085088868905],[139.1477275517564,35.259958218230736],[139.14730455449438,35.259858988002264],[139.14720827995924,35.25988773642902],[139.14714606046257,35.25987428409869],[139.14690264135768,35.25988100007905],[139.1467068523212,35.25991537962616],[139.1466273506179,35.25988971632715],[139.14661733168998,35.25985106852364],[139.146732906414,35.259646870635486],[139.14678919021378,35.259463531897225],[139.14695926564187,35.259124292780236],[139.14696893971993,35.259046250574116],[139.1469199113417,35.258838581338885],[139.146858771797,35.25865197016461],[139.14670893338305,35.25845619249973],[139.14658029552953,35.25831201260913],[139.14647374595717,35.25818542320414],[139.14633011953964,35.25804728559705],[139.1462119338155,35.257976896394645],[139.14594985886652,35.25793132179483],[139.14581282438516,35.25786131791681],[139.1455362001867,35.257622845710884],[139.14551455700547,35.25756293485021],[139.1459679907324,35.25728530989836],[139.1460761291549,35.25743697871754],[139.1460929432077,35.257530030435326],[139.14708827084482,35.25880369413008],[139.14717357184225,35.25885924761768],[139.14736417003365,35.258900259076356],[139.1479461801784,35.258942154444576],[139.1481439494139,35.258937219733745],[139.14832855406416,35.25888995785997],[139.14850778357143,35.25887921384627],[139.14878066192566,35.258921886690025],[139.14895569486382,35.2589915392367],[139.14883203211843,35.25914773747992],[139.14872399379513,35.25931416372066],[139.1486561723956,35.25947645228113],[139.14865656958216,35.259612508293415],[139.14867761286936,35.25973368161139],[139.14876781330142,35.25981426173365],[139.1489503516046,35.26006310824014],[139.14897447465597,35.26012965208658],[139.14936058796982,35.260403523821324],[139.1498394714661,35.2606367937392],[139.15059886290413,35.26102241836726],[139.15076189540616,35.26102397343081]]]]}},{"type":"Feature","properties":{"area_id":"142060450","city":"小田原市","ward":"","town":"池上","chome":"","num_households":145},"geometry":{"type":"MultiPolygon","coordinates":[[[[139.15528302856612,35.26424765566221],[139.15527253542155,35.26453237669547],[139.15519053726723,35.2651540820343],[139.1551486643202,35.26548468242755],[139.15507487015032,35.26601833709154],[139.15416283588968,35.265986172209935],[139.15415047503282,35.26598575007211],[139.15416607959492,35.26559852567812],[139.15417101278234,35.265476021211434],[139.15418814558805,35.26511119854101],[139.15419064429634,35.265038327377205],[139.15419065313424,35.265037271119525],[139.1541906607891,35.2650363562463],[139.15418280557205,35.26454372017319],[139.1541749931358,35.26453325457316],[139.15402862098964,35.26431504358524],[139.15420005761257,35.26422129181042],[139.15432393890214,35.26417198900238],[139.15432395598486,35.26416994690385],[139.15448288968852,35.264303019314184],[139.1548704200403,35.26414484869726],[139.15528302856612,35.26424765566221]]]]}},{"type":"Feature","properties":{"area_id":"142060460","city":"小田原市","ward":"","town":"井細田","chome":"","num_households":43},"geometry":{"type":"MultiPolygon","coordinates":[[[[139.1544873921958,35.27021646020914],[139.15412724379746,35.27023901222076],[139.15396743680515,35.27025008516537],[139.15396063019085,35.27017603575552],[139.15397611268978,35.26996789165067],[139.15399734360412,35.26906768587194],[139.1540232653533,35.26837123305497],[139.15403707522103,35.26801920840934],[139.15414583387434,35.26801791791989],[139.15485260950177,35.268031747711184],[139.15479044926403,35.268385261411126],[139.1546150826491,35.268388643055694],[139.15452925409602,35.26916426409712],[139.15448388232213,35.2691785862211],[139.15445082136094,35.269281566416154],[139.15449867745642,35.26930387744197],[139.15449479704134,35.26935716336479],[139.15449430465324,35.2699446078909],[139.1544873921958,35.27021646020914]]]]}},{"type":"Feature","properties":{"area_id":"142060470","city":"小田原市","ward":"","town":"多古","chome":"","num_households":292},"geometry":{"type":"MultiPolygon","coordinates":[[[[139.1544873921958,35.27021646020914],[139.15446181320112,35.27041532265176],[139.1543074152366,35.27073923031299],[139.15422379299406,35.27097853951676],[139.1541342411044,35.271156831848174],[139.15412543687077,35.27120833014477],[139.15408811786665,35.27130677784274],[139.15409196629506,35.27119595883647],[139.15408679118468,35.27115769183643],[139.15407806797532,35.27099976178152],[139.15401537532324,35.270780192733355],[139.15396743680515,35.27025008516537],[139.15412724379743,35.27023901222076],[139.1544873921958,35.27021646020914]]],[[[139.15478617855854,35.27784494236795],[139.15430134014215,35.27801714084769],[139.15406162477802,35.27807255187204],[139.15329718824742,35.27819648727244],[139.15264852229342,35.27828839414208],[139.15196177843094,35.27832304390047],[139.15185973530583,35.27832042579542],[139.15164442418512,35.27834308356348],[139.15140898239383,35.278395485679766],[139.15133349077274,35.27843202923666],[139.15125374265813,35.27853044836892],[139.15108861139254,35.278447547633796],[139.15120189364217,35.27831868606357],[139.15103422834994,35.2781645775417],[139.15111922671488,35.27809541182176],[139.15110394294166,35.277982794919886],[139.15081299559563,35.27794185786039],[139.15079078029856,35.27792849349191],[139.15066189556964,35.277860373852754],[139.15039919429145,35.27769298134048],[139.15027435216686,35.27769044484037],[139.1500811926508,35.277734068819484],[139.14982569180185,35.27774663802375],[139.1498127231316,35.27741059185307],[139.14978109963934,35.27731633229093],[139.14977201760968,35.27718142723349],[139.1497449630255,35.27709529176493],[139.14959753649381,35.277041924630744],[139.14953701504044,35.27690701016914],[139.14942723128334,35.27683484250428],[139.14922043985285,35.276611497886265],[139.1490284349819,35.27634049263019],[139.14898454077354,35.276199404668795],[139.14892319035872,35.276066315537065],[139.14900807447574,35.276056514988106],[139.149078735275,35.27601733979865],[139.14908888239935,35.2760411286932],[139.14914804767957,35.27593456604071],[139.14929668838093,35.27575717582334],[139.14934518764656,35.27574421089608],[139.15028411798434,35.27539432541501],[139.15056650952326,35.27532317775535],[139.15063281555095,35.27532186230428],[139.15072218182448,35.275325183944005],[139.1509300242354,35.27536769365098],[139.15117337270576,35.27544124781549],[139.15147091075178,35.27550919256855],[139.15161421037604,35.27551190185719],[139.1517527546704,35.27545212299281],[139.15200187505224,35.275298674970564],[139.15220241683537,35.275193260532824],[139.1522524661145,35.27516938868007],[139.15245026952275,35.275129236899005],[139.15263167169667,35.275129836924606],[139.15276591253584,35.27512214268077],[139.15282459317567,35.27511874036222],[139.15295511698136,35.275078139534074],[139.15300966041337,35.275061122832774],[139.15324244930534,35.274975676158185],[139.1540896665699,35.274725310891085],[139.15419313564044,35.274695471153734],[139.15419314389732,35.27469448532464],[139.154095785197,35.27399488189517],[139.15407424023329,35.27384004927829],[139.15402759460764,35.27372429876605],[139.1539885959076,35.273541339865815],[139.15396753341813,35.273318624790505],[139.15402542287814,35.27300973734663],[139.15410390075618,35.2730260234887],[139.15422987799516,35.273066518136474],[139.1542158204213,35.27361205148281],[139.15426306895986,35.2741327179703],[139.1543318265161,35.27467420918986],[139.1544338393245,35.27533116415814],[139.15450520468517,35.27574084474508],[139.15460418028542,35.276396726079206],[139.15471316072322,35.27728856925804],[139.15475998540913,35.2776295928642],[139.15478617855854,35.27784494236795]]],[[[139.15251003995718,35.279081873058814],[139.15212135390865,35.27923073199653],[139.15208602649793,35.279168070957546],[139.15200749127575,35.27891778117672],[139.15231873914914,35.278847848753266],[139.15239144259158,35.279015574636645],[139.15269224098984,35.278916709920004],[139.15251003995718,35.279081873058814]]]]}},{"type":"Feature","properties":{"area_id":"142060480","city":"小田原市","ward":"","town":"蓮正寺","chome":"","num_households":3681},"geometry":{"type":"MultiPolygon","coordinates":[[[[139.1594617254871,35.287332843585304],[139.15778408038426,35.28693969370507],[139.15774956647047,35.28679387382126],[139.1569730797981,35.286813966393794],[139.1569347748166,35.28721563235968],[139.15666413791587,35.2873198870504],[139.1566053857955,35.28733082508808],[139.156300563973,35.28759480781172],[139.15622764999532,35.28765080540515],[139.15624710247207,35.287743655576946],[139.15601245728968,35.28775424144973],[139.15603605666863,35.28872847865722],[139.15606573790464,35.288825259762454],[139.15613191858083,35.28888647259984],[139.15623695596946,35.28904134957703],[139.15630320632246,35.28921755624678],[139.15634101541139,35.28948810682138],[139.15655306021935,35.2895359823233],[139.15652519166545,35.28977757435471],[139.1555829219916,35.28970891559972],[139.1554555583661,35.289800449952885],[139.1553554907003,35.29078230252368],[139.15429288519806,35.29082570012612],[139.15395494087355,35.29080647755105],[139.153249777541,35.290766456438774],[139.1532272257815,35.2908491421028],[139.15322743655872,35.2908654540593],[139.15321126918164,35.29086424791521],[139.15311252191864,35.29085793699454],[139.1529948052223,35.290850410646534],[139.1529555918874,35.29084976074704],[139.15284418313396,35.29091247462605],[139.15264290365204,35.290973520821126],[139.15254694624312,35.29102685067275],[139.15249559744151,35.291112120281035],[139.152426679356,35.29132587569618],[139.15237729044543,35.29160241389509],[139.15139566279657,35.291559485663534],[139.1513014371724,35.2922236372894],[139.1509479361849,35.29220495222718],[139.1508768687806,35.29219391762598],[139.15075536418877,35.29218506274033],[139.15055814739281,35.29213521869967],[139.15009593507142,35.29207789066573],[139.14964879053986,35.29200592859123],[139.14918672557988,35.29194148562753],[139.14840822084523,35.29179278723364],[139.14855382718812,35.2912460357291],[139.14865845402733,35.29094967241004],[139.14889416542488,35.290417021724544],[139.14914333873662,35.289947824233266],[139.14942617596589,35.2893668501667],[139.14954663484326,35.288979664238646],[139.14963232023854,35.28875410451652],[139.14979963665752,35.28845774258777],[139.14996886838452,35.288224416121],[139.15018597389573,35.2879104493048],[139.15016264827028,35.28749843742657],[139.1501998411699,35.28730415017913],[139.15029864444386,35.28699416137707],[139.15004413041,35.28690153013673],[139.15004170087218,35.28681264831551],[139.15008147290024,35.28674555217796],[139.15018359646595,35.28623530929578],[139.15005433506755,35.286205213716265],[139.14975583213595,35.28604353320166],[139.14946646736516,35.28592866200325],[139.1493887978441,35.285901744838405],[139.1492131621116,35.285876526493574],[139.14922606916798,35.28585829111847],[139.14888803785146,35.285846940373744],[139.14843077620765,35.28586378543302],[139.14811023807573,35.28584034968365],[139.14799346236896,35.285801661681646],[139.14795287283357,35.28578234788654],[139.14792658958837,35.28577448406779],[139.14781995948042,35.28574258122342],[139.14753315506744,35.285772290530815],[139.1472926609956,35.28583021848567],[139.14723617212718,35.28583264414228],[139.1470709810103,35.28590268873824],[139.14672358604298,35.28607704933424],[139.1467045857762,35.28608658436876],[139.1462623729672,35.28630849654055],[139.14559144972392,35.286676631821344],[139.14558480127377,35.28666567959884],[139.1454677891207,35.28647262793223],[139.14541004147313,35.286410541499244],[139.14578865072838,35.285875821316985],[139.14588548095253,35.28576489938222],[139.14602567342465,35.28566542016293],[139.14606056634932,35.28564630511463],[139.14613597123025,35.28560280790562],[139.14621654986237,35.28555567222364],[139.1462823305838,35.28551719200875],[139.14639291529068,35.28545250431539],[139.1464732953795,35.285405482851836],[139.14654342874744,35.285364588966274],[139.14657597349066,35.28534541804769],[139.1466454153598,35.28530479634289],[139.14676042160337,35.2852375196571],[139.1467747640168,35.28522938412329],[139.14676400697266,35.28522083637766],[139.14646150631108,35.284923849770145],[139.1466341965446,35.2847998368091],[139.1464016568301,35.28458303212974],[139.14626749274277,35.28413369896934],[139.14590462204484,35.28390263230534],[139.14588807934717,35.28388873547497],[139.1467371319508,35.28321718714539],[139.14709534498084,35.282963459217214],[139.14720708407427,35.282911842607945],[139.14771655326868,35.28260974784395],[139.1478207201196,35.282519216837095],[139.1486240867939,35.28202668133225],[139.1491152514824,35.28181123398704],[139.14920302621712,35.28178525328506],[139.14954305590288,35.28168485858825],[139.15029615442248,35.28141786311132],[139.15092606953345,35.281220515130045],[139.15100524031018,35.2812013152001],[139.1524444675136,35.28085177344146],[139.15257958195875,35.28081281818474],[139.15290388907061,35.28072767740833],[139.15291253901282,35.28072540172617],[139.1532229198297,35.28061623913547],[139.15332600034458,35.28056724406119],[139.15404315887227,35.280276853947235],[139.15415530341784,35.28023241594619],[139.15504280633849,35.279802139167884],[139.15509402646654,35.27977728752107],[139.15513250406934,35.27975616643081],[139.15602743617188,35.27932479683782],[139.1568777271747,35.278910916929114],[139.15773239091936,35.2784969151806],[139.1579438505785,35.27838507369908],[139.15839635187933,35.278124937736706],[139.15912906100345,35.27763306194305],[139.1593538010503,35.277446859230835],[139.1596141199655,35.27720022301398],[139.15992514575643,35.27685535247382],[139.1615430778712,35.27742328487541],[139.16144246940073,35.277626026624986],[139.16101764984788,35.27866094132566],[139.16064589788348,35.27984036585753],[139.16046729477273,35.280406809102764],[139.1603016100997,35.280932480881425],[139.160209969085,35.281223153094054],[139.1599795745272,35.28235315413053],[139.15985231136713,35.2836029483948],[139.15982058549508,35.283948389491144],[139.15981652412952,35.28399265997175],[139.15979560560322,35.28422084292024],[139.15978390733125,35.28448139859935],[139.15977088475773,35.284932431364865],[139.1597656489718,35.28511295753317],[139.1597605213624,35.28529087768891],[139.1597403074786,35.28553230276939],[139.15967796546315,35.28625980773293],[139.15965118936646,35.28659330444242],[139.1596024422544,35.28687865183458],[139.1594617254871,35.287332843585304]]]]}},{"type":"Feature","properties":{"area_id":"142060490","city":"小田原市","ward":"","town":"中曽根","chome":"","num_households":1037},"geometry":{"type":"MultiPolygon","coordinates":[[[[139.15553180421722,35.2987654088327],[139.15388999742112,35.298558522137625],[139.1533922703483,35.29850093699756],[139.15291954308114,35.29845334812395],[139.1527158821272,35.29923603285268],[139.15193276018542,35.299187677716944],[139.15192734251724,35.29892259077284],[139.1520599755168,35.29831344134258],[139.1520693614503,35.29824934272183],[139.15208293752247,35.29815688894104],[139.15221447457182,35.29771892124878],[139.1522512379608,35.297637091103034],[139.15227849613916,35.29756717746856],[139.15249348597163,35.297271715118114],[139.15167494702104,35.2970399993288],[139.15144723947935,35.29695273254511],[139.15137848201093,35.2970493816465],[139.15128408233505,35.29718208179395],[139.15127953449326,35.29731430268277],[139.15129873402913,35.297472430357296],[139.15125668161937,35.297529373615006],[139.15021485528285,35.297368988546765],[139.15043945268323,35.29642305439802],[139.14993908617362,35.29635952435874],[139.1501092301837,35.29539786094184],[139.15021702333425,35.295357557610956],[139.15030882851016,35.295333992812076],[139.15049165927357,35.2944308485007],[139.15049514396532,35.29430791751208],[139.15045686424028,35.29418714418297],[139.1504107896812,35.29410470448421],[139.15020964121655,35.294077583449706],[139.14965719974458,35.294040231518636],[139.14961748601047,35.29403754599848],[139.14894675650925,35.293970090233096],[139.14865928182695,35.29395374409958],[139.14854509146986,35.29396844829403],[139.14847858068418,35.294027856339525],[139.14836788312348,35.294162785584724],[139.14827346769417,35.294226049743415],[139.14816228560773,35.294220137372626],[139.14829935179674,35.292977178343065],[139.14817968977428,35.29252659360746],[139.14824811553945,35.292215026257175],[139.14837807693118,35.29209217800149],[139.14840822084523,35.29179278723364],[139.14918672557988,35.29194148562753],[139.14964879053986,35.29200592859123],[139.15009593507142,35.29207789066573],[139.15055814739281,35.29213521869967],[139.15075536418877,35.29218506274033],[139.1508768687806,35.29219391762598],[139.1509479361849,35.29220495222718],[139.1513014371724,35.2922236372894],[139.15139566279657,35.291559485663534],[139.15237729044543,35.29160241389509],[139.152426679356,35.29132587569618],[139.15249559744151,35.291112120281035],[139.15254694624312,35.29102685067275],[139.15264290365204,35.290973520821126],[139.15284418313396,35.29091247462605],[139.1529555918874,35.29084976074704],[139.1529948052223,35.290850410646534],[139.15311252191864,35.29085793699454],[139.15321126918164,35.29086424791521],[139.15322743655872,35.2908654540593],[139.1532272257815,35.2908491421028],[139.153249777541,35.290766456438774],[139.15395494087355,35.29080647755105],[139.15429288519806,35.29082570012612],[139.1553554907003,35.29078230252368],[139.1554555583661,35.289800449952885],[139.1555829219916,35.28970891559972],[139.15652519166545,35.28977757435471],[139.15655306021935,35.2895359823233],[139.15634101541139,35.28948810682138],[139.15630320632246,35.28921755624678],[139.15623695596946,35.28904134957703],[139.15613191858083,35.28888647259984],[139.15606573790464,35.288825259762454],[139.15603605666863,35.28872847865722],[139.15601245728968,35.28775424144973],[139.15624710247207,35.287743655576946],[139.15622764999532,35.28765080540515],[139.156300563973,35.28759480781172],[139.1566053857955,35.28733082508808],[139.15666413791587,35.2873198870504],[139.1569347748166,35.28721563235968],[139.1569730797981,35.286813966393794],[139.15774956647047,35.28679387382126],[139.15778408038426,35.28693969370507],[139.1594617254871,35.287332843585304],[139.15926823352936,35.28794152171577],[139.15891312927633,35.288975121963844],[139.15865023498074,35.28971234849255],[139.15845628680438,35.29011645594959],[139.15849839177122,35.29012429688945],[139.15776147884887,35.29217950912395],[139.15740722080153,35.29316346274221],[139.15699671505078,35.294268502364964],[139.1569780403405,35.29433466252902],[139.15697786319154,35.294335224888286],[139.15629807662808,35.29625744305149],[139.15629846187758,35.29625751617915],[139.15606762447047,35.29694604482656],[139.1559169879296,35.29739552876868],[139.15553180421722,35.2987654088327]]]]}},{"type":"Feature","properties":{"area_id":"142060500","city":"小田原市","ward":"","town":"飯田岡","chome":"","num_households":2310},"geometry":{"type":"MultiPolygon","coordinates":[[[[139.14816228560773,35.294220137372626],[139.14798116388434,35.29512617523637],[139.1474898145426,35.29508224282272],[139.14746734532474,35.295080233227004],[139.1474301387012,35.29507185398508],[139.14599890134735,35.29489923308865],[139.14595833686974,35.29489434081438],[139.14585262927375,35.29487578285759],[139.14584316194092,35.294898191993745],[139.1458423733955,35.29490001894241],[139.1450310029555,35.29484068182808],[139.14454484444184,35.29485023268417],[139.1439458285985,35.294889207281635],[139.14397525355102,35.29475719875044],[139.14353753877208,35.29456013297607],[139.1425204506191,35.294456084579295],[139.14235821619252,35.29443381957972],[139.14243490839578,35.29397660714192],[139.14213542804137,35.293968062869624],[139.1421238891578,35.29388067762565],[139.14223069896926,35.29235947043558],[139.1422313041464,35.29228849181718],[139.14226696258777,35.291798228815736],[139.14231744612786,35.29141776353051],[139.14292321747382,35.29145995869298],[139.14334805457747,35.28963600529781],[139.14368810362106,35.28814999827192],[139.1437786858231,35.28769398974795],[139.14512793549088,35.28495576525389],[139.14567651581362,35.28538941629179],[139.14564133577676,35.28541722691322],[139.14574274401713,35.28549793562833],[139.1457778680063,35.28546953434809],[139.14602567342465,35.28566542016293],[139.14588548095253,35.28576489938222],[139.14578865072838,35.285875821316985],[139.14541004147313,35.286410541499244],[139.1454677891207,35.28647262793223],[139.14558480127377,35.28666567959884],[139.14559144972392,35.286676631821344],[139.1462623729672,35.28630849654055],[139.1467045857762,35.28608658436876],[139.14672358604298,35.28607704933424],[139.1470709810103,35.28590268873824],[139.14723617212718,35.28583264414228],[139.1472926609956,35.28583021848567],[139.14753315506744,35.285772290530815],[139.14781995948042,35.28574258122342],[139.14792658958837,35.28577448406779],[139.14795287283357,35.28578234788654],[139.14799346236896,35.285801661681646],[139.14811023807573,35.28584034968365],[139.14843077620765,35.28586378543302],[139.14888803785146,35.285846940373744],[139.14922606916798,35.28585829111847],[139.1492131621116,35.285876526493574],[139.1493887978441,35.285901744838405],[139.14946646736516,35.28592866200325],[139.14975583213595,35.28604353320166],[139.15005433506755,35.286205213716265],[139.15018359646595,35.28623530929578],[139.15008147290024,35.28674555217796],[139.15004170087218,35.28681264831551],[139.15004413041,35.28690153013673],[139.15029864444386,35.28699416137707],[139.1501998411699,35.28730415017913],[139.15016264827028,35.28749843742657],[139.15018597389573,35.2879104493048],[139.14996886838452,35.288224416121],[139.14979963665752,35.28845774258777],[139.14963232023854,35.28875410451652],[139.14954663484326,35.288979664238646],[139.14942617596589,35.2893668501667],[139.14914333873662,35.289947824233266],[139.14889416542488,35.290417021724544],[139.14865845402733,35.29094967241004],[139.14855382718812,35.2912460357291],[139.14840822084523,35.29179278723364],[139.14837807693118,35.29209217800149],[139.14824811553945,35.292215026257175],[139.14817968977428,35.29252659360746],[139.14829935179674,35.292977178343065],[139.14816228560773,35.294220137372626]]],[[[139.14191880861944,35.284876804462534],[139.14196464434005,35.284917227073095],[139.14205328160105,35.28498016074693],[139.1421427469342,35.285044437059916],[139.14226304287251,35.2851181354709],[139.14236584334176,35.28518091778342],[139.1424339020572,35.285222665002024],[139.14249488756707,35.285260073975664],[139.14249634976233,35.28526107920663],[139.14248630890546,35.28527010969917],[139.14294558446818,35.28559645102763],[139.14296926794682,35.28562911997839],[139.1429495209488,35.28876475977306],[139.14256261532864,35.28943786380166],[139.14185275433547,35.290524447738854],[139.14173321706667,35.29069804972183],[139.14128678873786,35.29135376696086],[139.14089642968997,35.291900092022864],[139.14073762030552,35.29206051016196],[139.14037274899903,35.29238755428563],[139.14036982913782,35.29222684204658],[139.14040979952824,35.29173597129138],[139.14026923287582,35.29160608725807],[139.14010690730845,35.2914493900386],[139.13968380574934,35.291028321641406],[139.13964486874696,35.29097648055424],[139.1394853974943,35.29081782664367],[139.138560393771,35.289847280703256],[139.13828561626323,35.28965916014932],[139.13828505318307,35.289659720258804],[139.13755998810421,35.28914346105244],[139.13743478718817,35.289045702834606],[139.1372577212175,35.28896158907341],[139.1371638551197,35.28892548667481],[139.13712097430016,35.28890805681367],[139.13684136655587,35.28879814148725],[139.1369777826448,35.288380147435404],[139.13710085938084,35.28813016630095],[139.13735813925533,35.287769486046294],[139.13777197513653,35.28705493610648],[139.1377055327114,35.2870210341956],[139.137701517993,35.28701347627252],[139.1379369390109,35.28683744695341],[139.13817650328636,35.286643696025145],[139.13821491087538,35.2866077036469],[139.13826085237653,35.28656646211336],[139.13846673491253,35.28638128184204],[139.13867191348038,35.28619623521622],[139.1389306249701,35.28596747859472],[139.1390589142456,35.28585529974044],[139.1391297918908,35.285794753963025],[139.13923451330552,35.28570529976514],[139.13933785087852,35.28562235511967],[139.1394014894474,35.2855799340164],[139.13951747379187,35.28551054817332],[139.13974425184523,35.285405024236915],[139.14001628342737,35.28532546303143],[139.1401725605824,35.28529403801162],[139.14091638341307,35.28521077202054],[139.14140304450316,35.285120255585284],[139.14176899162382,35.284788634541],[139.14178147230606,35.28477510080238],[139.14189263192418,35.28485371950408],[139.14191880861944,35.284876804462534]]]]}},{"type":"Feature","properties":{"area_id":"142060510","city":"小田原市","ward":"","town":"堀之内","chome":"","num_households":993},"geometry":{"type":"MultiPolygon","coordinates":[[[[139.15125668161937,35.297529373615006],[139.15116776901795,35.297617176326256],[139.1510658111851,35.29770370874084],[139.15095928819494,35.29787337991624],[139.15046753645365,35.29808115403994],[139.15041569926967,35.29816768747389],[139.15015406252883,35.29845724995427],[139.15004515416996,35.29859880916232],[139.15000209275212,35.29872426322411],[139.1498140891746,35.29872101686471],[139.14976595305035,35.2987197592394],[139.14936087741123,35.298752887029764],[139.14898763018147,35.29877035005313],[139.14835487751077,35.29881394524365],[139.14829036754702,35.29888005487954],[139.14805020475993,35.29893481737605],[139.14785361774898,35.29903228860772],[139.14772091018656,35.299168640541396],[139.14758551833927,35.29936856582644],[139.14721591034134,35.29983869611676],[139.14711590350814,35.299927208531855],[139.1466833897625,35.30069900467495],[139.14660991786317,35.300793511208994],[139.1460246805058,35.301806112096884],[139.14582606186644,35.30201525066524],[139.14577551992934,35.30195320550493],[139.1454793411952,35.30204792163196],[139.14528603616557,35.30204083361217],[139.1448877611566,35.302054688825685],[139.14479027224718,35.301684433910125],[139.14461363163716,35.301677441020566],[139.14458603545026,35.30130582431987],[139.14472755078546,35.30096291803642],[139.14466517256386,35.300878623038955],[139.1442419480756,35.301377659115374],[139.14416529103292,35.30134616678931],[139.1440396842499,35.30126756644941],[139.14393448258107,35.30113309968242],[139.14389311834788,35.301042446371255],[139.14367015550894,35.30109377480026],[139.14318534310675,35.30024964198933],[139.1422503995249,35.300078878921866],[139.14232146169041,35.299527063268215],[139.1423503365942,35.29898648316299],[139.1423150465022,35.29782571174954],[139.14228326473946,35.2972513360022],[139.14227664819734,35.29698969220374],[139.14282367298773,35.296935079016535],[139.1428285618074,35.29664857274119],[139.1422604356147,35.29671503753736],[139.14218872478764,35.294985284428286],[139.14218364021295,35.29468506040389],[139.14235942124117,35.29469036237683],[139.14235821619252,35.29443381957972],[139.1425204506191,35.294456084579295],[139.14353753877208,35.29456013297607],[139.14397525355102,35.29475719875044],[139.1439458285985,35.294889207281635],[139.14454484444184,35.29485023268417],[139.1450310029555,35.29484068182808],[139.1458423733955,35.29490001894241],[139.14584316194092,35.294898191993745],[139.14585262927375,35.29487578285759],[139.14595833686974,35.29489434081438],[139.14599890134735,35.29489923308865],[139.1474301387012,35.29507185398508],[139.14746734532474,35.295080233227004],[139.1474898145426,35.29508224282272],[139.14798116388434,35.29512617523637],[139.14816228560773,35.294220137372626],[139.14827346769417,35.294226049743415],[139.14836788312348,35.294162785584724],[139.14847858068418,35.294027856339525],[139.14854509146986,35.29396844829403],[139.14865928182695,35.29395374409958],[139.14894675650925,35.293970090233096],[139.14961748601047,35.29403754599848],[139.14965719974458,35.294040231518636],[139.15020964121655,35.294077583449706],[139.1504107896812,35.29410470448421],[139.15045686424028,35.29418714418297],[139.15049514396532,35.29430791751208],[139.15049165927357,35.2944308485007],[139.15030882851016,35.295333992812076],[139.15021702333425,35.295357557610956],[139.1501092301837,35.29539786094184],[139.14993908617362,35.29635952435874],[139.15043945268323,35.29642305439802],[139.15021485528285,35.297368988546765],[139.15125668161937,35.297529373615006]]]]}},{"type":"Feature","properties":{"area_id":"142060520","city":"小田原市","ward":"","town":"柳新田","chome":"","num_households":329},"geometry":{"type":"MultiPolygon","coordinates":[[[[139.1422503995249,35.300078878921866],[139.142071464574,35.30121786207845],[139.14206215385158,35.30127710068234],[139.1415978617636,35.30185032397992],[139.14159356687523,35.30185029936414],[139.14121759657564,35.30184765100202],[139.14117680817557,35.301840939133044],[139.14101308507477,35.301714513635496],[139.14122153831156,35.301064055550455],[139.14124495079002,35.3008371602467],[139.14036815334586,35.30080283555504],[139.14036837984128,35.30059052487389],[139.1402850658004,35.30035329932135],[139.14017991112232,35.300148763361655],[139.1399672529692,35.29983896789574],[139.13986476638536,35.29977465038468],[139.1399318559882,35.299588567417864],[139.1400270643401,35.29960502940842],[139.1402070083864,35.299350583598084],[139.14008836789628,35.29931701742335],[139.13944796229123,35.29873308923201],[139.13948223131507,35.29854301469269],[139.13945879489495,35.29838584660348],[139.1394164131854,35.29825927211344],[139.13962263806897,35.298196024805186],[139.13945187561322,35.29787949735323],[139.1393470646323,35.297600389513384],[139.13927728827463,35.29729275276917],[139.1397224423717,35.29719306250483],[139.1397176929253,35.29645807695499],[139.13952796166177,35.29643142444164],[139.13953015037163,35.29634630094498],[139.13948483946558,35.29613570081905],[139.13945283984825,35.29586010984034],[139.1394517153613,35.295685394852015],[139.13948813837783,35.29537386046122],[139.13956227321108,35.29494128294951],[139.13962547281167,35.29494347633672],[139.1396520201328,35.294802298567454],[139.13992126786135,35.29481095767279],[139.14000602602022,35.29474806695363],[139.1402093730138,35.29475902296414],[139.14032507104756,35.29438245353527],[139.14070775065656,35.29441514018573],[139.1406736864091,35.2946621149464],[139.14093764202207,35.294671937997414],[139.1409418943657,35.2950337735395],[139.14156740347028,35.296173633868975],[139.1416474400815,35.29623627148925],[139.14192279521004,35.296758031732935],[139.1419493666305,35.296754662399444],[139.14199578146017,35.297259759582396],[139.14228326473946,35.2972513360022],[139.1423150465022,35.29782571174954],[139.1423503365942,35.29898648316299],[139.14232146169041,35.299527063268215],[139.1422503995249,35.300078878921866]]]]}},{"type":"Feature","properties":{"area_id":"142060530","city":"小田原市","ward":"","town":"小台","chome":"","num_households":589},"geometry":{"type":"MultiPolygon","coordinates":[[[[139.14117680817557,35.301840939133044],[139.14108072889042,35.30183566949754],[139.14000195031613,35.30219466827502],[139.13977609819628,35.3022114681602],[139.13951317604833,35.302243757846604],[139.13949441657712,35.3022324529055],[139.13940144196363,35.301628783739694],[139.1386564672917,35.301547671675436],[139.13803340977333,35.301469158765656],[139.1361935846793,35.301267641825],[139.136059070519,35.301266794407056],[139.13544925758833,35.301401501341225],[139.13541708350877,35.301322235457704],[139.13497133006803,35.301278603276636],[139.13459665217883,35.301250873535686],[139.13366895254845,35.3011822661483],[139.13354120006713,35.30115941472164],[139.1322768172044,35.301075467753435],[139.13237084772055,35.30040872909744],[139.13254739261973,35.299984144072084],[139.1331269519581,35.29829957605949],[139.13312794711018,35.29818437729129],[139.13312826280352,35.298147832510494],[139.13327134788352,35.29764798708197],[139.13329684008303,35.297540816634516],[139.13312846642953,35.29727415225539],[139.13320128738908,35.29717690357568],[139.13368876092346,35.29645941948651],[139.13369225554715,35.29645260914806],[139.13385561976318,35.2961302646375],[139.1340109443958,35.29566436007448],[139.1340723227773,35.295454446698216],[139.13417146291994,35.295059127903855],[139.13449092948815,35.29510104532946],[139.13449218549866,35.29509499661306],[139.13484402711615,35.29513273483349],[139.1348347205879,35.29539041193252],[139.13520577809243,35.2954213587442],[139.13519826560412,35.29553567487138],[139.13519670666614,35.295548307070185],[139.13519773975915,35.2955486574329],[139.1352858054599,35.29555438354154],[139.13537935934838,35.29556046699199],[139.1353905686488,35.29553763147687],[139.13539795710057,35.295407681713094],[139.1356066760487,35.29539846643313],[139.1356275829563,35.29437667328189],[139.1357800425891,35.292875242469485],[139.13598083776432,35.2929175969314],[139.13634583566812,35.29294780092211],[139.13620148320777,35.29377269723785],[139.13615210435935,35.294370477034185],[139.13615572586517,35.29448366066591],[139.1362465038226,35.29492944216586],[139.13629101305136,35.29544699331206],[139.13622367197783,35.29608121537976],[139.13616637390786,35.29614179656587],[139.13601128314318,35.296377225427364],[139.13587032365797,35.29660724358041],[139.13563934185962,35.296573164596175],[139.13545138160606,35.29654538926833],[139.13495956424632,35.29647276111064],[139.13494007579496,35.29657130460996],[139.13493265102528,35.29659569740975],[139.13532768567183,35.29749377394274],[139.13520177591863,35.297726342217416],[139.1346829840024,35.297697990706986],[139.1345633822063,35.29826972971143],[139.13537285369407,35.29831849397402],[139.13546564956366,35.298330297349096],[139.13562430147698,35.300091886584894],[139.13596850006832,35.30016718055692],[139.13641732796714,35.30004724456886],[139.1364306712002,35.300042185458196],[139.13686533869435,35.299877375460255],[139.13660038642678,35.2995669912078],[139.13652161456704,35.299237401268144],[139.1364531105395,35.29912743418347],[139.1364408639802,35.29868858612117],[139.1366066448617,35.29868405088173],[139.13662760809015,35.298348627339486],[139.13610746538146,35.29830217642706],[139.13587838755913,35.298305641733535],[139.13600994340914,35.297930860633585],[139.13618514746113,35.29798405194723],[139.1362124200572,35.29789407380116],[139.13644020974053,35.297935316102645],[139.13653029831363,35.297677611551705],[139.13669665766656,35.29770547194116],[139.136709926505,35.29764069308481],[139.1366351463703,35.297466538677895],[139.13634896328756,35.29744347977829],[139.13643655496475,35.29713646792341],[139.13648849295856,35.2971049390846],[139.13661908890134,35.297141183633016],[139.13687665897743,35.297185131392375],[139.13679766697885,35.29736121541647],[139.13739272236512,35.297696036202204],[139.1375928869848,35.29778345192375],[139.13767503459357,35.297689846144706],[139.13770200796472,35.29760958361821],[139.13789629543038,35.297681121366104],[139.137825716791,35.2978630288959],[139.13785485334765,35.29785108420233],[139.1380724627769,35.297752202928756],[139.1381124127838,35.29770130912712],[139.13825853166514,35.297665320973486],[139.13835154399035,35.29760698651014],[139.1383347965608,35.297566610708145],[139.13831908800236,35.29725970728371],[139.13865696349646,35.29725482110115],[139.1386197498349,35.297447553251985],[139.13873441308323,35.29743370673023],[139.1388089248027,35.29738906749178],[139.13926979978822,35.29729439976831],[139.13927728827463,35.29729275276917],[139.1393470646323,35.297600389513384],[139.13945187561322,35.29787949735323],[139.13962263806897,35.298196024805186],[139.1394164131854,35.29825927211344],[139.13945879489495,35.29838584660348],[139.13948223131507,35.29854301469269],[139.13944796229123,35.29873308923201],[139.14008836789628,35.29931701742335],[139.1402070083864,35.299350583598084],[139.1400270643401,35.29960502940842],[139.1399318559882,35.299588567417864],[139.13986476638536,35.29977465038468],[139.1399672529692,35.29983896789574],[139.14017991112232,35.300148763361655],[139.1402850658004,35.30035329932135],[139.14036837984128,35.30059052487389],[139.14036815334586,35.30080283555504],[139.14124495079002,35.3008371602467],[139.14122153831156,35.301064055550455],[139.14101308507477,35.301714513635496],[139.14117680817557,35.301840939133044]],[[139.13476012729072,35.29575348094167],[139.13469498697904,35.295876828716914],[139.1348254457811,35.296068065263924],[139.1349630662929,35.296455106339835],[139.13507337265514,35.29619906906731],[139.1351517020716,35.2959905904787],[139.13517476478805,35.295726162285334],[139.1347734717045,35.29569518070921],[139.13476012729072,35.29575348094167]],[[139.13605470459737,35.29543830556505],[139.1362684727741,35.29544615902053],[139.13606327551005,35.29528075794891],[139.13605470459737,35.29543830556505]]],[[[139.13968380574934,35.291028321641406],[139.14010690730845,35.2914493900386],[139.14026923287582,35.29160608725807],[139.14022487456776,35.29172610841696],[139.1402131850592,35.29176113735875],[139.14010996203484,35.291747024547206],[139.13989940716914,35.29172424022302],[139.13990582955657,35.2918769448482],[139.1396414552945,35.291867046867075],[139.13951196071307,35.29196897295185],[139.13944631915257,35.2925181438797],[139.1393190234378,35.29258881646214],[139.13916389084693,35.2928108000515],[139.13911260578774,35.29295204681992],[139.1390888831405,35.29310443731596],[139.13906891059284,35.29384167698883],[139.13881650973923,35.29384198567346],[139.13883797470933,35.29309123482615],[139.1386299936613,35.293080321440875],[139.13793503928653,35.29309012347414],[139.13819817317935,35.29172298149142],[139.13823445320472,35.291358491377984],[139.13822306970303,35.29135891879536],[139.13823843341982,35.291014659829244],[139.1384035223969,35.29099870931248],[139.13839449061211,35.29049431919933],[139.13825013114572,35.29049686862741],[139.13826557234512,35.290138526310784],[139.13854900915157,35.28984770759828],[139.138560393771,35.289847280703256],[139.1394853974943,35.29081782664367],[139.13964486874696,35.29097648055424],[139.13968380574934,35.291028321641406],[139.13958259574434,35.291067174824605],[139.13949884978695,35.29095205156294],[139.13918833769705,35.29106976795647],[139.1393077310364,35.29126452856366],[139.13932967852216,35.29129621490803],[139.13945522864762,35.291477476605884],[139.13968380574934,35.291028321641406]],[[139.13853293799534,35.291752581741974],[139.1383805933632,35.29173952282345],[139.13836087865138,35.29199017031214],[139.13850629536418,35.29200487945521],[139.13853293799534,35.291752581741974]],[[139.13884190765563,35.29194575729925],[139.13887913968273,35.29194597138385],[139.1388759837643,35.292153899621695],[139.13883460578882,35.292261542569626],[139.13883264709415,35.29233976646444],[139.1388731859742,35.292339999569265],[139.13887139026895,35.29245934891222],[139.1392594116591,35.292458833093804],[139.1392707916974,35.29245882807357],[139.1391681922804,35.29179221899332],[139.13884407315774,35.29177824313967],[139.13884190765563,35.29194575729925]]],[[[139.136237159487,35.29168731423706],[139.13530406259648,35.29276151267317],[139.13463379162516,35.2935398469069],[139.13469907995818,35.293364389325156],[139.13489604329874,35.29300435144598],[139.13494988067742,35.29292170963944],[139.1345343771089,35.292697487615044],[139.1346205772937,35.29259700603074],[139.13445659559642,35.29246916345092],[139.13448045216194,35.29239212268661],[139.13426157973115,35.2917521583574],[139.13431136361592,35.29166146578378],[139.1342677006958,35.29164008734774],[139.13429917436278,35.29158104809341],[139.13444054037723,35.29163686268808],[139.1346661661384,35.291344099842526],[139.13491527724008,35.291480322411566],[139.13515036933458,35.291608857126896],[139.13541216760726,35.29154868346778],[139.13557429950492,35.29146737124942],[139.13569290624426,35.2913786247076],[139.13588051025286,35.291496110761656],[139.136237159487,35.29168731423706]]],[[[139.13776057872846,35.29615936996196],[139.13768295819983,35.296231031389596],[139.13748549281578,35.29616982718895],[139.13751869091067,35.29528929344895],[139.1380175349251,35.29526808410092],[139.1380229195015,35.29549655231874],[139.13775505162542,35.29552212082829],[139.13775684611332,35.29573852732092],[139.13793270704642,35.29575453932235],[139.1382643384482,35.295765885261645],[139.13826565924515,35.29579208801471],[139.13825588585436,35.295980260540574],[139.13824488037451,35.29606167145018],[139.1380733787424,35.29602286991655],[139.1378095987611,35.29599733760779],[139.13776057872846,35.29615936996196]]]]}},{"type":"Feature","properties":{"area_id":"142060540","city":"小田原市","ward":"","town":"新屋","chome":"","num_households":764},"geometry":{"type":"MultiPolygon","coordinates":[[[[139.13927728827463,35.29729275276917],[139.13926979978822,35.29729439976831],[139.1388089248027,35.29738906749178],[139.13873441308323,35.29743370673023],[139.1386197498349,35.297447553251985],[139.13865696349646,35.29725482110115],[139.13831908800236,35.29725970728371],[139.1383347965608,35.297566610708145],[139.13835154399035,35.29760698651014],[139.13825853166514,35.297665320973486],[139.1381124127838,35.29770130912712],[139.1380724627769,35.297752202928756],[139.13785485334765,35.29785108420233],[139.137825716791,35.2978630288959],[139.13789629543038,35.297681121366104],[139.13770200796472,35.29760958361821],[139.13767503459357,35.297689846144706],[139.1375928869848,35.29778345192375],[139.13739272236512,35.297696036202204],[139.13679766697885,35.29736121541647],[139.13687665897743,35.297185131392375],[139.13661908890134,35.297141183633016],[139.13648849295856,35.2971049390846],[139.13643655496475,35.29713646792341],[139.13634896328756,35.29744347977829],[139.1366351463703,35.297466538677895],[139.136709926505,35.29764069308481],[139.13669665766656,35.29770547194116],[139.13653029831363,35.297677611551705],[139.13644020974053,35.297935316102645],[139.1362124200572,35.29789407380116],[139.13618514746113,35.29798405194723],[139.13600994340914,35.297930860633585],[139.13587838755913,35.298305641733535],[139.13610746538146,35.29830217642706],[139.13662760809015,35.298348627339486],[139.1366066448617,35.29868405088173],[139.1364408639802,35.29868858612117],[139.1364531105395,35.29912743418347],[139.13652161456704,35.299237401268144],[139.13660038642678,35.2995669912078],[139.13686533869435,35.299877375460255],[139.1364306712002,35.300042185458196],[139.13641732796714,35.30004724456886],[139.13596850006832,35.30016718055692],[139.13562430147698,35.300091886584894],[139.13546564956366,35.298330297349096],[139.13537285369407,35.29831849397402],[139.1345633822063,35.29826972971143],[139.1346829840024,35.297697990706986],[139.13520177591863,35.297726342217416],[139.13532768567183,35.29749377394274],[139.13493265102528,35.29659569740975],[139.13494007579496,35.29657130460996],[139.13495956424632,35.29647276111064],[139.13545138160606,35.29654538926833],[139.13563934185962,35.296573164596175],[139.13587032365797,35.29660724358041],[139.13601128314318,35.296377225427364],[139.13616637390786,35.29614179656587],[139.13622367197783,35.29608121537976],[139.13629101305136,35.29544699331206],[139.1362465038226,35.29492944216586],[139.13615572586517,35.29448366066591],[139.13615210435935,35.294370477034185],[139.13620148320777,35.29377269723785],[139.13634583566812,35.29294780092211],[139.13598083776432,35.2929175969314],[139.1357800425891,35.292875242469485],[139.1356275829563,35.29437667328189],[139.1356066760487,35.29539846643313],[139.13539795710057,35.295407681713094],[139.1353905686488,35.29553763147687],[139.13537935934838,35.29556046699199],[139.1352858054599,35.29555438354154],[139.13519773975915,35.2955486574329],[139.13519670666614,35.295548307070185],[139.13519826560412,35.29553567487138],[139.13520577809243,35.2954213587442],[139.1348347205879,35.29539041193252],[139.13484402711615,35.29513273483349],[139.13449218549866,35.29509499661306],[139.13449092948815,35.29510104532946],[139.13417146291994,35.295059127903855],[139.13424947349915,35.29474825931265],[139.13443058416902,35.29415546767807],[139.13443735027772,35.29413283204445],[139.13453535293047,35.2938044738479],[139.13463379162516,35.2935398469069],[139.13530406259648,35.29276151267317],[139.136237159487,35.29168731423706],[139.13641660061617,35.29148075502133],[139.13669066401013,35.29126255943961],[139.13744732080926,35.290521821271945],[139.13780205090492,35.29014592737872],[139.13742753936418,35.28990483959403],[139.13744994849165,35.289880674252345],[139.13753201322768,35.289330754489434],[139.13755998810421,35.28914346105244],[139.13828505318307,35.289659720258804],[139.13828561626323,35.28965916014932],[139.138560393771,35.289847280703256],[139.13854900915157,35.28984770759828],[139.13826557234512,35.290138526310784],[139.13825013114572,35.29049686862741],[139.13839449061211,35.29049431919933],[139.1384035223969,35.29099870931248],[139.13823843341982,35.291014659829244],[139.13822306970303,35.29135891879536],[139.13823445320472,35.291358491377984],[139.13819817317935,35.29172298149142],[139.13793503928653,35.29309012347414],[139.1386299936613,35.293080321440875],[139.13883797470933,35.29309123482615],[139.13881650973923,35.29384198567346],[139.13906891059284,35.29384167698883],[139.1390888831405,35.29310443731596],[139.13911260578774,35.29295204681992],[139.13916389084693,35.2928108000515],[139.1393190234378,35.29258881646214],[139.13944631915257,35.2925181438797],[139.13951196071307,35.29196897295185],[139.1396414552945,35.291867046867075],[139.13990582955657,35.2918769448482],[139.13989940716914,35.29172424022302],[139.14010996203484,35.291747024547206],[139.1402131850592,35.29176113735875],[139.14022487456776,35.29172610841696],[139.14026923287582,35.29160608725807],[139.14040979952824,35.29173597129138],[139.14036982913782,35.29222684204658],[139.14037274899903,35.29238755428563],[139.1403238266844,35.29334278489894],[139.14033899852663,35.2935623670198],[139.139992689076,35.29353587420946],[139.13995831089036,35.293744256983864],[139.14022510038333,35.293788813674205],[139.14037622138005,35.29379982116915],[139.1405058043983,35.29412477281958],[139.1406805671206,35.2940027532786],[139.1407581530698,35.29397996006995],[139.14070775065656,35.29441514018573],[139.14032507104756,35.29438245353527],[139.1402093730138,35.29475902296414],[139.14000602602022,35.29474806695363],[139.13992126786135,35.29481095767279],[139.1396520201328,35.294802298567454],[139.13962547281167,35.29494347633672],[139.13956227321108,35.29494128294951],[139.13948813837783,35.29537386046122],[139.1394517153613,35.295685394852015],[139.13945283984825,35.29586010984034],[139.13948483946558,35.29613570081905],[139.13953015037163,35.29634630094498],[139.13952796166177,35.29643142444164],[139.1397176929253,35.29645807695499],[139.1397224423717,35.29719306250483],[139.13927728827463,35.29729275276917]],[[139.13776057872846,35.29615936996196],[139.1378095987611,35.29599733760779],[139.1380733787424,35.29602286991655],[139.13824488037451,35.29606167145018],[139.13825588585436,35.295980260540574],[139.13826565924515,35.29579208801471],[139.1382643384482,35.295765885261645],[139.13793270704642,35.29575453932235],[139.13775684611332,35.29573852732092],[139.13775505162542,35.29552212082829],[139.1380229195015,35.29549655231874],[139.1380175349251,35.29526808410092],[139.13751869091067,35.29528929344895],[139.13748549281578,35.29616982718895],[139.13768295819983,35.296231031389596],[139.13776057872846,35.29615936996196]]],[[[139.13968380574934,35.291028321641406],[139.13945522864762,35.291477476605884],[139.13932967852216,35.29129621490803],[139.1393077310364,35.29126452856366],[139.13918833769705,35.29106976795647],[139.13949884978695,35.29095205156294],[139.13958259574434,35.291067174824605],[139.13968380574934,35.291028321641406]]],[[[139.13853293799534,35.291752581741974],[139.13850629536418,35.29200487945521],[139.13836087865138,35.29199017031214],[139.1383805933632,35.29173952282345],[139.13853293799534,35.291752581741974]]],[[[139.13884190765563,35.29194575729925],[139.13884407315774,35.29177824313967],[139.1391681922804,35.29179221899332],[139.1392707916974,35.29245882807357],[139.1392594116591,35.292458833093804],[139.13887139026895,35.29245934891222],[139.1388731859742,35.292339999569265],[139.13883264709415,35.29233976646444],[139.13883460578882,35.292261542569626],[139.1388759837643,35.292153899621695],[139.13887913968273,35.29194597138385],[139.13884190765563,35.29194575729925]]],[[[139.13605470459737,35.29543830556505],[139.13606327551005,35.29528075794891],[139.1362684727741,35.29544615902053],[139.13605470459737,35.29543830556505]]],[[[139.13476012729072,35.29575348094167],[139.1347734717045,35.29569518070921],[139.13517476478805,35.295726162285334],[139.1351517020716,35.2959905904787],[139.13507337265514,35.29619906906731],[139.1349630662929,35.296455106339835],[139.1348254457811,35.296068065263924],[139.13469498697904,35.295876828716914],[139.13476012729072,35.29575348094167]]],[[[139.13712097430016,35.28890805681367],[139.1366298746603,35.28941181726998],[139.13614576562858,35.28983590200315],[139.13602411705298,35.2899342788535],[139.13615642403147,35.29005468392222],[139.13605992900398,35.29015933240812],[139.13588747333506,35.29002834387079],[139.13550819600124,35.29025677491658],[139.1353019170074,35.29037318159301],[139.13520459137484,35.29042451819584],[139.13512457522668,35.290380818628066],[139.13498176055046,35.29060279705044],[139.13446525042764,35.29125153407796],[139.13416352407052,35.29108148674869],[139.13418655889362,35.291054720797106],[139.13497156283435,35.290141637308565],[139.13530971315777,35.290096270616296],[139.1355256522495,35.289980059455345],[139.13575614057535,35.2898447791455],[139.1360107053878,35.28967632824687],[139.13619469313466,35.28951486453256],[139.13636395419962,35.28934303332004],[139.13666388198249,35.28899759998417],[139.13684136655587,35.28879814148725],[139.13712097430016,35.28890805681367]]]]}},{"type":"Feature","properties":{"area_id":"142060550","city":"小田原市","ward":"","town":"府川","chome":"","num_households":457},"geometry":{"type":"MultiPolygon","coordinates":[[[[139.1377055327114,35.2870210341956],[139.13743807973884,35.28718159765297],[139.13734136088962,35.28710287565276],[139.13724664954617,35.28696550689961],[139.13723022234674,35.286823095449115],[139.13716725134353,35.28675513058956],[139.13693288619913,35.28664315246059],[139.13676638682122,35.28654952080482],[139.13663109534247,35.28645719666709],[139.13658721933933,35.28644588730491],[139.13616438549676,35.286024104249634],[139.13601936149385,35.285865317265454],[139.13580778896568,35.285665233126224],[139.13549779570155,35.2854351451321],[139.13497061159325,35.28514936741606],[139.13470134204977,35.28496289144646],[139.13464289399198,35.28490861211396],[139.1344801256938,35.28456233700432],[139.13441451327458,35.284507312497816],[139.1343564115826,35.284502540001085],[139.13400778939658,35.28432102325238],[139.13369271601698,35.28415807853304],[139.133160097103,35.28385669431227],[139.13256657244747,35.283468127952666],[139.13239027953819,35.28336612325762],[139.1323584908279,35.28347177812245],[139.13239269144125,35.283668163754335],[139.13251154425987,35.283902503909815],[139.13257601839416,35.28399463413665],[139.13265361885428,35.28416782276708],[139.13264637569318,35.28431509637228],[139.1325818029704,35.2846018195478],[139.1325292683904,35.28487185237418],[139.13243466289006,35.28521480544732],[139.13218145220375,35.28575358782248],[139.1321510354559,35.2859088958927],[139.13217631282075,35.28608438621528],[139.13219572465778,35.28608921650874],[139.13184862961273,35.28623684003768],[139.13182973222317,35.28623722257394],[139.131865773949,35.28640925405301],[139.13126714693837,35.28631591862163],[139.1311044009567,35.28629525446536],[139.13100358457277,35.286348256557865],[139.13089582429885,35.28646903208288],[139.13082787767678,35.28651490178861],[139.13035554457292,35.2865749645352],[139.13037519814358,35.28674492967932],[139.13047328947462,35.28704097753599],[139.1303025645699,35.28708857210419],[139.13025649603952,35.28692908747584],[139.1300524229614,35.28699930309337],[139.1301277268872,35.28720430838207],[139.13005410392108,35.28729056488717],[139.13000723223544,35.28753541945325],[139.12999775468418,35.2876873273515],[139.13003342531238,35.2877978814055],[139.13020669227947,35.28814556298723],[139.12999010530928,35.288158032145546],[139.12988812682195,35.28818123937054],[139.12949403720387,35.28836372070136],[139.12923178097853,35.28795334027613],[139.12917185447841,35.28787165643638],[139.12884820251358,35.287430495390545],[139.1284212749912,35.28745356520863],[139.12823843429067,35.287388063428814],[139.12809546436736,35.28730061352825],[139.12795874696263,35.28727507391294],[139.12792229919071,35.28726826462903],[139.12786080213368,35.28726353921239],[139.12754107366476,35.287255684843295],[139.12721680880912,35.287201536825165],[139.12698143231214,35.28724649508384],[139.1267051846492,35.28725079374853],[139.12652351087772,35.28724381421201],[139.12574465976968,35.28715425494948],[139.1254903359861,35.28722487253481],[139.12525918106152,35.287282880260854],[139.12480746555076,35.28740529319914],[139.12432134032846,35.287602568306255],[139.12411413384217,35.28770634544078],[139.12391389286628,35.28774023778196],[139.1235477528865,35.287730972281665],[139.12326938658208,35.28770715354404],[139.12327226404298,35.287565064609815],[139.12310033281912,35.28749490219321],[139.1228098566241,35.28741263329795],[139.1224941259512,35.28730127223395],[139.1221665755111,35.28714730820551],[139.12189151871786,35.28700618782246],[139.12179518046344,35.286822389013565],[139.12140460366138,35.28671649687587],[139.1206385741382,35.286362408566504],[139.1205381989029,35.28614485346431],[139.12037855690903,35.28552781171228],[139.12011678721515,35.28538098815883],[139.12015457425127,35.28519572759167],[139.120201565715,35.285057632463996],[139.12030162606553,35.28496407344121],[139.12037065064834,35.28487420435401],[139.1204127173799,35.28472474196213],[139.12049502933212,35.28451066204543],[139.1204762731048,35.28429478665674],[139.12047734370216,35.284055789635666],[139.1204331237764,35.28389856421022],[139.12043102301834,35.283785810621154],[139.12053679630307,35.28341356645671],[139.12060070339567,35.283143674866],[139.12067649527503,35.282928640211004],[139.1208458186216,35.28256599638695],[139.12097076720804,35.28233230988046],[139.12108827278809,35.28213935088813],[139.12121523128,35.28201390980631],[139.12133743107506,35.28192681896153],[139.1220554919456,35.281396223895925],[139.12213485343977,35.28124852971535],[139.122104981664,35.28124680383139],[139.12229669654698,35.28113575613314],[139.12243245648904,35.281039519100155],[139.12253485015665,35.2809094243872],[139.1226803418147,35.280599450577306],[139.1227591451411,35.28049562448173],[139.1229518807742,35.28042436815756],[139.12308687587387,35.28042516307827],[139.12330466947682,35.280454119989095],[139.12341866569668,35.28048457825529],[139.1235525041965,35.28061740238721],[139.12369235439,35.28065223710505],[139.12380538731276,35.28056713198799],[139.12393238500835,35.28042197036714],[139.12409241006284,35.280408404462094],[139.12431714706892,35.28041930263506],[139.12433511902557,35.28037729760504],[139.1242674729795,35.28014360126102],[139.12427581323794,35.27985274921692],[139.12452089656853,35.27971687173297],[139.12485063535004,35.27971099244711],[139.12518361539466,35.27982068911671],[139.12527897152947,35.280043351435296],[139.12539317508487,35.280212182107626],[139.12552395306142,35.28029273499713],[139.12567551977628,35.28039706941997],[139.12586149612906,35.28048012817159],[139.12598049954678,35.280527302680504],[139.1269687033615,35.28099152162912],[139.1270999663754,35.2810117968106],[139.1272790809797,35.28107439101111],[139.12750835985793,35.28103235461822],[139.12765163632787,35.28102417921879],[139.12794449308987,35.280939628725974],[139.12812259509235,35.28090151706836],[139.12828875097028,35.280958189766],[139.12844706830268,35.281037491347924],[139.12859903822212,35.28106640603098],[139.12866913596866,35.281143150286844],[139.12873170507623,35.281399417896026],[139.12876523958934,35.281434189492096],[139.12909344387504,35.28146737250823],[139.1293345771718,35.281414979292165],[139.1296361077805,35.281246254792926],[139.12977195371522,35.281114589066455],[139.12984413485663,35.28100100115986],[139.13000734769307,35.28090216919233],[139.13024720510148,35.280769067220874],[139.13037854992336,35.28079969034052],[139.13079199327217,35.280975823045374],[139.13098274446205,35.281123052563125],[139.1310507529004,35.28122816146156],[139.13115119784658,35.281450213702854],[139.1314428323019,35.28159563588885],[139.13166839703672,35.281739475939546],[139.13199815070357,35.282010675288745],[139.1322149755373,35.28212763437364],[139.13247442510678,35.28217195659434],[139.13262277741234,35.28218760631258],[139.13262808498166,35.282164750458435],[139.13285633422478,35.28049841633318],[139.13280703107878,35.28024110165011],[139.13289137833328,35.2801400469059],[139.13301621429096,35.279666923130364],[139.1331079829834,35.27937775265166],[139.1332403662663,35.27875622949462],[139.13331826605287,35.27851155353076],[139.13517981843012,35.278601553968635],[139.13529947365643,35.278553233430195],[139.13549106482006,35.27864292657152],[139.1362822707863,35.27865009758656],[139.13680728017704,35.278574887856195],[139.13704386463743,35.27857061730587],[139.13735584059006,35.27852213531128],[139.1377032847092,35.27849864298056],[139.13775338936833,35.27849914310667],[139.13789133171147,35.278586269876214],[139.13812276024402,35.27869752509746],[139.13872053502394,35.27882926494355],[139.139024974569,35.278763482131595],[139.13918939679115,35.27885737951895],[139.13918473103064,35.278870802757645],[139.13889789149619,35.27957876805541],[139.13885675238686,35.27962923337152],[139.1385427436122,35.280194864942025],[139.138535108448,35.28021897476019],[139.1386590706256,35.28031447069092],[139.13878406922063,35.28038434105141],[139.13905089263335,35.28047481325348],[139.1393182907739,35.28052824779616],[139.13941385053468,35.280691463824354],[139.13945971881893,35.28079073628388],[139.13965051975987,35.28100900431662],[139.13974518717512,35.281101021381645],[139.13988253000443,35.28119384715487],[139.14025185320446,35.281344761660286],[139.14035837995337,35.28136072387881],[139.14045143352763,35.281340131153804],[139.14051214276913,35.28129597437045],[139.14058084129118,35.281211090728206],[139.14068947867943,35.281175940527135],[139.14087388531357,35.28115812494947],[139.14095080082672,35.28110152674415],[139.14101349714105,35.28101555160626],[139.14110637833693,35.28096503036784],[139.14125966094355,35.280976400106496],[139.14132443390687,35.281014374782686],[139.14133971221253,35.281105795787866],[139.14126128800058,35.28129378867504],[139.14108888973828,35.28162503838924],[139.14081580829284,35.28164819037655],[139.1407745191704,35.28172133095383],[139.1407563738894,35.28181474344476],[139.14077448334075,35.28189639191922],[139.14083068235328,35.28197290791956],[139.14093629757647,35.282005131239366],[139.141023854503,35.281994858755645],[139.14109473459064,35.2818104852199],[139.14124355569547,35.28180661896982],[139.14144870578943,35.28174329036393],[139.14155359960884,35.28173417302386],[139.14167293063878,35.28178450149471],[139.14175542264158,35.281844336321896],[139.14179779464425,35.28195119326755],[139.1417370512294,35.282069995264095],[139.1417686963604,35.28206517605988],[139.14171671031764,35.28214909974924],[139.14156883556078,35.282263389057135],[139.14137137168765,35.28239196986469],[139.14131655762887,35.28243982315756],[139.14128831476006,35.28252895221714],[139.14129053810447,35.28274648937477],[139.14133184570886,35.28280982139822],[139.14135197666047,35.28282854436191],[139.1414045500192,35.28287744170538],[139.14141473334038,35.28288691196117],[139.14145091449788,35.282901027991755],[139.14153196621294,35.282932651373535],[139.1415490979628,35.282938891314316],[139.1416542552426,35.28289609974688],[139.14177877923802,35.28281604235504],[139.14192864111376,35.282801055629356],[139.142147845478,35.28286237657692],[139.14237754750417,35.28282566449108],[139.1424345279929,35.28282099053932],[139.14253631231585,35.2828140370625],[139.14259760363385,35.28281227540964],[139.14268102492193,35.28281380852079],[139.14280223715747,35.28281985255209],[139.14284269428106,35.28281902745201],[139.14293283423262,35.28279813508912],[139.1430882799402,35.282762687410255],[139.14316667761997,35.282743910786365],[139.1432071912074,35.28273132589408],[139.14327773940096,35.28271672896269],[139.14336004305287,35.28269797451494],[139.14345410677103,35.28267499158294],[139.14353451099188,35.28267270424326],[139.14353571453967,35.28267264069448],[139.143556187413,35.28266874366992],[139.1435853059702,35.28266320593252],[139.1437132493271,35.28266534509478],[139.14374105956267,35.282702473294094],[139.14344732058098,35.28281156647669],[139.14327432555214,35.282910785085],[139.14317456223924,35.28302323744213],[139.1429764594403,35.28332279534519],[139.14191880861944,35.284876804462534],[139.14189263192418,35.28485371950408],[139.14178147230606,35.28477510080238],[139.14176899162382,35.284788634541],[139.14140304450316,35.285120255585284],[139.14091638341307,35.28521077202054],[139.1401725605824,35.28529403801162],[139.14001628342737,35.28532546303143],[139.13974425184523,35.285405024236915],[139.13951747379187,35.28551054817332],[139.1394014894474,35.2855799340164],[139.13933785087852,35.28562235511967],[139.13923451330552,35.28570529976514],[139.1391297918908,35.285794753963025],[139.1390589142456,35.28585529974044],[139.1389306249701,35.28596747859472],[139.13867191348038,35.28619623521622],[139.13846673491253,35.28638128184204],[139.13826085237653,35.28656646211336],[139.13821491087538,35.2866077036469],[139.13817650328636,35.286643696025145],[139.1379369390109,35.28683744695341],[139.137701517993,35.28701347627252],[139.1377055327114,35.2870210341956]]]]}},{"type":"Feature","properties":{"area_id":"142060560","city":"小田原市","ward":"","town":"北ノ窪","chome":"","num_households":808},"geometry":{"type":"MultiPolygon","coordinates":[[[[139.13153930677154,35.29433037569028],[139.13091041585798,35.294392137307014],[139.13042795290997,35.294441227890985],[139.13041541413475,35.294436154612875],[139.13019571686775,35.29423094280996],[139.1302461455969,35.29402202315644],[139.13055066309633,35.29402407731226],[139.1306229628928,35.29384345230184],[139.13029058617462,35.293840037863845],[139.1302957970852,35.293818660929965],[139.13045653412388,35.293161534271825],[139.13047062086846,35.29307616596277],[139.1304750730475,35.29304918356693],[139.13048202696967,35.292856558525386],[139.13044679133245,35.29262615522878],[139.13042235053112,35.2924087707036],[139.13046370443723,35.292191347851336],[139.1305721616081,35.29194642929195],[139.13065373365922,35.29176224266318],[139.13067400495098,35.291716471325095],[139.13069024988926,35.29172001639839],[139.13141260405033,35.29187752027875],[139.13170663158746,35.29189986170372],[139.13204817331192,35.29188327450299],[139.1320640457061,35.29188250298153],[139.13219139492142,35.291582837228646],[139.13226437546703,35.291392567890355],[139.13214919567358,35.29135445817577],[139.1322132379713,35.29120298439514],[139.13228157486986,35.2910546526505],[139.13228192388723,35.291053789298005],[139.13228301599548,35.29105095523736],[139.13228317810714,35.291051064557585],[139.13238748142348,35.29112139575808],[139.1324938605518,35.2909868800029],[139.13252880515304,35.29108867666849],[139.13253095006252,35.29109492282363],[139.13253244826723,35.29109928867668],[139.13257545720282,35.29112613681203],[139.13261982903626,35.29115383511597],[139.1326210115312,35.291158084704826],[139.13264829992568,35.29125609039183],[139.13264856546834,35.29125704258518],[139.1326695183044,35.29125988632718],[139.13269910509854,35.29126390082573],[139.1327259383214,35.291234974209125],[139.13280990417292,35.29120433591413],[139.13279934271117,35.29112442040922],[139.13263590839688,35.29115262460742],[139.13255456401257,35.290889983694],[139.13252437965104,35.29086445773458],[139.1320645405854,35.29062440634108],[139.13216424876077,35.2903873225086],[139.13199441762285,35.29030612843535],[139.13185491375145,35.290219054906004],[139.13177684860065,35.290098959849836],[139.1315461224111,35.28961623637866],[139.13135455302847,35.28923873440698],[139.1310908598283,35.28905735111641],[139.13097879872365,35.288980294772166],[139.1310321130064,35.2887004793146],[139.13090297281977,35.2885030483154],[139.1309037479333,35.288413621038835],[139.13078859870848,35.28828183170797],[139.13068237013914,35.288270297874575],[139.1304820265916,35.28847461325922],[139.1303431846144,35.28829198347528],[139.13020669227947,35.28814556298723],[139.13003342531238,35.2877978814055],[139.12999775468418,35.2876873273515],[139.13000723223544,35.28753541945325],[139.13005410392108,35.28729056488717],[139.1301277268872,35.28720430838207],[139.1300524229614,35.28699930309337],[139.13025649603952,35.28692908747584],[139.1303025645699,35.28708857210419],[139.13047328947462,35.28704097753599],[139.13037519814358,35.28674492967932],[139.13035554457292,35.2865749645352],[139.13082787767678,35.28651490178861],[139.13089582429885,35.28646903208288],[139.13100358457277,35.286348256557865],[139.1311044009567,35.28629525446536],[139.13126714693837,35.28631591862163],[139.131865773949,35.28640925405301],[139.13182973222317,35.28623722257394],[139.13184862961273,35.28623684003768],[139.13219572465778,35.28608921650874],[139.13217631282075,35.28608438621528],[139.1321510354559,35.2859088958927],[139.13218145220375,35.28575358782248],[139.13243466289006,35.28521480544732],[139.1325292683904,35.28487185237418],[139.1325818029704,35.2846018195478],[139.13264637569318,35.28431509637228],[139.13265361885428,35.28416782276708],[139.13257601839416,35.28399463413665],[139.13251154425987,35.283902503909815],[139.13239269144125,35.283668163754335],[139.1323584908279,35.28347177812245],[139.13239027953819,35.28336612325762],[139.13256657244747,35.283468127952666],[139.133160097103,35.28385669431227],[139.13369271601698,35.28415807853304],[139.13400778939658,35.28432102325238],[139.1343564115826,35.284502540001085],[139.13441451327458,35.284507312497816],[139.1344801256938,35.28456233700432],[139.13464289399198,35.28490861211396],[139.13470134204977,35.28496289144646],[139.13497061159325,35.28514936741606],[139.13549779570155,35.2854351451321],[139.13580778896568,35.285665233126224],[139.13601936149385,35.285865317265454],[139.13616438549676,35.286024104249634],[139.13658721933933,35.28644588730491],[139.13663109534247,35.28645719666709],[139.13676638682122,35.28654952080482],[139.13693288619913,35.28664315246059],[139.13716725134353,35.28675513058956],[139.13723022234674,35.286823095449115],[139.13724664954617,35.28696550689961],[139.13734136088962,35.28710287565276],[139.13743807973884,35.28718159765297],[139.1377055327114,35.2870210341956],[139.13777197513653,35.28705493610648],[139.13735813925533,35.287769486046294],[139.13710085938084,35.28813016630095],[139.1369777826448,35.288380147435404],[139.13684136655587,35.28879814148725],[139.13666388198249,35.28899759998417],[139.13636395419962,35.28934303332004],[139.13619469313466,35.28951486453256],[139.1360107053878,35.28967632824687],[139.13575614057535,35.2898447791455],[139.1355256522495,35.289980059455345],[139.13530971315777,35.290096270616296],[139.13497156283435,35.290141637308565],[139.13418655889362,35.291054720797106],[139.13416352407052,35.29108148674869],[139.13446525042764,35.29125153407796],[139.13427710970092,35.29150521974099],[139.13422423049366,35.29156347374765],[139.13398796132566,35.291515903946404],[139.1339429838918,35.29159102596469],[139.13391457321555,35.2916136775445],[139.13355726841544,35.29174272575174],[139.13342781581375,35.291933373127016],[139.13338659006757,35.29193313409532],[139.1330431395674,35.29191987519904],[139.13288583431222,35.29204867370497],[139.13309775354992,35.292151677357865],[139.1331027003942,35.29215408103135],[139.13314695070548,35.29208456877726],[139.13318385209348,35.29202660105284],[139.13331958727272,35.29208323021587],[139.1333060051075,35.292104347466235],[139.133235832235,35.292213650565316],[139.13323330808225,35.292217582121296],[139.13262086320668,35.293095951323124],[139.1324236874869,35.293375073457874],[139.13221003791693,35.29370163165247],[139.13217418625345,35.293755293151094],[139.13183224101994,35.293696197736224],[139.13180487511224,35.29386595837637],[139.13177885865238,35.29387489175228],[139.13177747972085,35.29392495085011],[139.13170207792635,35.29392845610758],[139.131677505802,35.294117598635744],[139.13154555708,35.29411450788554],[139.13153930677154,35.29433037569028]]]]}},{"type":"Feature","properties":{"area_id":"142060570","city":"小田原市","ward":"","town":"清水新田","chome":"","num_households":443},"geometry":{"type":"MultiPolygon","coordinates":[[[[139.1437132493271,35.28266534509478],[139.1435853059702,35.28266320593252],[139.143556187413,35.28266874366992],[139.14353571453967,35.28267264069448],[139.14353451099188,35.28267270424326],[139.14345410677103,35.28267499158294],[139.14336004305287,35.28269797451494],[139.14327773940096,35.28271672896269],[139.1432071912074,35.28273132589408],[139.14316667761997,35.282743910786365],[139.1430882799402,35.282762687410255],[139.14293283423262,35.28279813508912],[139.14284269428106,35.28281902745201],[139.14280223715747,35.28281985255209],[139.14268102492193,35.28281380852079],[139.14259760363385,35.28281227540964],[139.14253631231585,35.2828140370625],[139.1424345279929,35.28282099053932],[139.14237754750417,35.28282566449108],[139.142147845478,35.28286237657692],[139.14192864111376,35.282801055629356],[139.14177877923802,35.28281604235504],[139.1416542552426,35.28289609974688],[139.1415490979628,35.282938891314316],[139.14153196621294,35.282932651373535],[139.14145091449788,35.282901027991755],[139.14141473334038,35.28288691196117],[139.1414045500192,35.28287744170538],[139.14135197666047,35.28282854436191],[139.14133184570886,35.28280982139822],[139.14129053810447,35.28274648937477],[139.14128831476006,35.28252895221714],[139.14131655762887,35.28243982315756],[139.14137137168765,35.28239196986469],[139.14156883556078,35.282263389057135],[139.14171671031764,35.28214909974924],[139.1417686963604,35.28206517605988],[139.1417370512294,35.282069995264095],[139.14179779464425,35.28195119326755],[139.14175542264158,35.281844336321896],[139.14167293063878,35.28178450149471],[139.14155359960884,35.28173417302386],[139.14144870578943,35.28174329036393],[139.14124355569547,35.28180661896982],[139.14109473459064,35.2818104852199],[139.141023854503,35.281994858755645],[139.14093629757647,35.282005131239366],[139.14083068235328,35.28197290791956],[139.14077448334075,35.28189639191922],[139.1407563738894,35.28181474344476],[139.1407745191704,35.28172133095383],[139.14081580829284,35.28164819037655],[139.14108888973828,35.28162503838924],[139.14126128800058,35.28129378867504],[139.14133971221253,35.281105795787866],[139.14132443390687,35.281014374782686],[139.14125966094355,35.280976400106496],[139.14110637833693,35.28096503036784],[139.14101349714105,35.28101555160626],[139.14095080082672,35.28110152674415],[139.14087388531357,35.28115812494947],[139.14068947867943,35.281175940527135],[139.14058084129118,35.281211090728206],[139.14051214276913,35.28129597437045],[139.14045143352763,35.281340131153804],[139.14035837995337,35.28136072387881],[139.14025185320446,35.281344761660286],[139.13988253000443,35.28119384715487],[139.13974518717512,35.281101021381645],[139.13965051975987,35.28100900431662],[139.13945971881893,35.28079073628388],[139.13941385053468,35.280691463824354],[139.1393182907739,35.28052824779616],[139.13905089263335,35.28047481325348],[139.13878406922063,35.28038434105141],[139.1386590706256,35.28031447069092],[139.138535108448,35.28021897476019],[139.1385427436122,35.280194864942025],[139.13885675238686,35.27962923337152],[139.13889789149619,35.27957876805541],[139.13918473103064,35.278870802757645],[139.13922491188436,35.278907018155465],[139.13929519676876,35.27899298082762],[139.13947785474255,35.279138669564],[139.13952582823478,35.27918746418781],[139.13955864982975,35.27924581868593],[139.13960282947,35.27936162931698],[139.1396051746554,35.27946389119636],[139.13958404189572,35.27954496358763],[139.1395144596804,35.27963272825842],[139.13944320561265,35.27978034054508],[139.13933997885914,35.27994114771286],[139.13937537141166,35.27998487041882],[139.13952399532,35.28003867874201],[139.1396603296555,35.28010861218239],[139.1397929634686,35.28020465025016],[139.13993647047513,35.280289413100434],[139.140070928847,35.28035285789351],[139.1402170100461,35.28039784789331],[139.1403948820372,35.28041590921228],[139.14065805123053,35.28039650328107],[139.14081702404812,35.28033995231133],[139.1410044945936,35.28025476296972],[139.14158852444422,35.28041422605487],[139.14173536235768,35.28062723962104],[139.14186411635376,35.28084620451099],[139.14182846069318,35.28090846223461],[139.14186763601333,35.281052834236455],[139.14177948978298,35.281187604934516],[139.14171974672846,35.28125465466398],[139.14174715179868,35.2813391025739],[139.14182885471928,35.28140597528165],[139.14189311360548,35.281393385835386],[139.14211737456063,35.28156128025551],[139.1422695129182,35.28164658336298],[139.14217214160757,35.28173024719588],[139.14207973859916,35.281840558322344],[139.14203047188272,35.28196308737702],[139.14202358436592,35.28206578940861],[139.14209174654033,35.28214455630013],[139.14232707392298,35.28224350300956],[139.14240231556442,35.28229780328105],[139.1424943374134,35.28230276579011],[139.1425823013866,35.28226481980743],[139.1427037604078,35.28217643385669],[139.14285195533338,35.28217038018098],[139.14292307675365,35.28210339489888],[139.1430579647396,35.2820515629362],[139.14323341712188,35.28205164899983],[139.14335860146454,35.28202482993378],[139.14347379980052,35.28204133191102],[139.14363677152792,35.28211528677872],[139.14373194976986,35.282218712853854],[139.14384027121827,35.28237714022899],[139.14393993939095,35.28244742326322],[139.14381675527943,35.282607557740725],[139.1437317969608,35.28266566165035],[139.1437132493271,35.28266534509478]]],[[[139.14218872478764,35.294985284428286],[139.1422604356147,35.29671503753736],[139.1428285618074,35.29664857274119],[139.14282367298773,35.296935079016535],[139.14227664819734,35.29698969220374],[139.14228326473946,35.2972513360022],[139.14199578146017,35.297259759582396],[139.1419493666305,35.296754662399444],[139.14192279521004,35.296758031732935],[139.1416474400815,35.29623627148925],[139.14156740347028,35.296173633868975],[139.1409418943657,35.2950337735395],[139.14093764202207,35.294671937997414],[139.1406736864091,35.2946621149464],[139.14070775065656,35.29441514018573],[139.1407581530698,35.29397996006995],[139.1406805671206,35.2940027532786],[139.1405058043983,35.29412477281958],[139.14037622138005,35.29379982116915],[139.14022510038333,35.293788813674205],[139.13995831089036,35.293744256983864],[139.139992689076,35.29353587420946],[139.14033899852663,35.2935623670198],[139.1403238266844,35.29334278489894],[139.14037274899903,35.29238755428563],[139.14073762030552,35.29206051016196],[139.14089642968997,35.291900092022864],[139.14128678873786,35.29135376696086],[139.14173321706667,35.29069804972183],[139.14185275433547,35.290524447738854],[139.14256261532864,35.28943786380166],[139.1429495209488,35.28876475977306],[139.14296926794682,35.28562911997839],[139.14294558446818,35.28559645102763],[139.14248630890546,35.28527010969917],[139.14249634976233,35.28526107920663],[139.14249488756707,35.285260073975664],[139.1424339020572,35.285222665002024],[139.14236584334176,35.28518091778342],[139.14226304287251,35.2851181354709],[139.1421427469342,35.285044437059916],[139.14205328160105,35.28498016074693],[139.14196464434005,35.284917227073095],[139.14191880861944,35.284876804462534],[139.1429764594403,35.28332279534519],[139.14317456223924,35.28302323744213],[139.14327432555214,35.282910785085],[139.14344732058098,35.28281156647669],[139.14374105956267,35.282702473294094],[139.14383603867898,35.2828294885822],[139.14416929843318,35.28263273674803],[139.14420923912314,35.28268246918675],[139.14421506916233,35.28270281120538],[139.14437618573177,35.28279043073794],[139.14442349567227,35.28281615918951],[139.14443281968047,35.282821230261064],[139.14443442441492,35.28282227699186],[139.1446389037658,35.28264189317045],[139.14500154398277,35.28257530071305],[139.14578554958152,35.28240850454945],[139.1466116315398,35.282176100305314],[139.14709534498084,35.282963459217214],[139.1467371319508,35.28321718714539],[139.14588807934717,35.28388873547497],[139.14590462204484,35.28390263230534],[139.14626749274277,35.28413369896934],[139.1464016568301,35.28458303212974],[139.1466341965446,35.2847998368091],[139.14646150631108,35.284923849770145],[139.14676400697266,35.28522083637766],[139.1467747640168,35.28522938412329],[139.14676042160337,35.2852375196571],[139.1466454153598,35.28530479634289],[139.14657597349066,35.28534541804769],[139.14654342874744,35.285364588966274],[139.1464732953795,35.285405482851836],[139.14639291529068,35.28545250431539],[139.1462823305838,35.28551719200875],[139.14621654986237,35.28555567222364],[139.14613597123025,35.28560280790562],[139.14606056634932,35.28564630511463],[139.14602567342465,35.28566542016293],[139.1457778680063,35.28546953434809],[139.14574274401713,35.28549793562833],[139.14564133577676,35.28541722691322],[139.14567651581362,35.28538941629179],[139.14512793549088,35.28495576525389],[139.1437786858231,35.28769398974795],[139.14368810362106,35.28814999827192],[139.14334805457747,35.28963600529781],[139.14292321747382,35.29145995869298],[139.14231744612786,35.29141776353051],[139.14226696258777,35.291798228815736],[139.1422313041464,35.292288491817146],[139.14223069896926,35.29235947043558],[139.1421238891578,35.29388067762565],[139.14213542804137,35.293968062869624],[139.14243490839578,35.29397660714192],[139.14235821619252,35.29443381957972],[139.14235942124117,35.29469036237683],[139.14218364021295,35.2946850604039],[139.14218872478764,35.294985284428286]]]]}},{"type":"Feature","properties":{"area_id":"142060580","city":"小田原市","ward":"","town":"穴部","chome":"","num_households":605},"geometry":{"type":"MultiPolygon","coordinates":[[[[139.1466116315398,35.282176100305314],[139.14578554958152,35.28240850454945],[139.14500154398277,35.28257530071305],[139.1446389037658,35.28264189317045],[139.14443442441492,35.28282227699186],[139.14443281968047,35.282821230261064],[139.14442349567227,35.28281615918951],[139.14437618573177,35.28279043073794],[139.14421506916233,35.28270281120538],[139.14420923912314,35.28268246918675],[139.14416929843318,35.28263273674803],[139.14383603867898,35.2828294885822],[139.14374105956267,35.282702473294094],[139.1437132493271,35.28266534509478],[139.1437317969608,35.28266566165035],[139.14381675527943,35.282607557740725],[139.14393993939095,35.28244742326322],[139.14384027121827,35.28237714022899],[139.14373194976986,35.282218712853854],[139.14363677152792,35.28211528677872],[139.14347379980052,35.28204133191102],[139.14335860146454,35.28202482993378],[139.14323341712188,35.28205164899983],[139.1430579647396,35.2820515629362],[139.14292307675365,35.28210339489888],[139.14285195533338,35.28217038018098],[139.1427037604078,35.28217643385669],[139.1425823013866,35.28226481980743],[139.1424943374134,35.28230276579011],[139.14240231556442,35.28229780328105],[139.14232707392298,35.28224350300956],[139.14209174654033,35.28214455630013],[139.14202358436592,35.28206578940861],[139.14203047188272,35.28196308737702],[139.14207973859916,35.281840558322344],[139.14217214160757,35.28173024719588],[139.1422695129182,35.28164658336298],[139.14211737456063,35.28156128025551],[139.14189311360548,35.281393385835386],[139.14182885471928,35.28140597528165],[139.14174715179868,35.2813391025739],[139.14171974672846,35.28125465466398],[139.14177948978298,35.281187604934516],[139.14186763601333,35.281052834236455],[139.14182846069318,35.28090846223461],[139.14186411635376,35.28084620451099],[139.14173536235768,35.28062723962104],[139.14158852444422,35.28041422605487],[139.1410044945936,35.28025476296972],[139.14081702404812,35.28033995231133],[139.14065805123053,35.28039650328107],[139.1403948820372,35.28041590921228],[139.1402170100461,35.28039784789331],[139.140070928847,35.28035285789351],[139.13993647047513,35.280289413100434],[139.1397929634686,35.28020465025016],[139.1396603296555,35.28010861218239],[139.13952399532,35.28003867874201],[139.13937537141166,35.27998487041882],[139.13933997885914,35.27994114771286],[139.13944320561265,35.27978034054508],[139.1395144596804,35.27963272825842],[139.13958404189572,35.27954496358763],[139.1396051746554,35.27946389119636],[139.13960282947,35.27936162931698],[139.13955864982975,35.27924581868593],[139.13952582823478,35.27918746418781],[139.13947785474255,35.279138669564],[139.13929519676876,35.27899298082762],[139.13922491188436,35.278907018155465],[139.13918473103064,35.278870802757645],[139.13918939679115,35.27885737951895],[139.13922178509472,35.27877566873763],[139.13937896902402,35.27878227514667],[139.13946346001825,35.278808814654624],[139.13962487960214,35.27879706624413],[139.13988369785335,35.278813832206986],[139.14004772620584,35.27883350398906],[139.14006086567252,35.278467048210985],[139.14013387441994,35.278380006435256],[139.14040303949164,35.27836169201004],[139.1404769992897,35.2783241595112],[139.14070459035327,35.2781510350127],[139.14078899014345,35.27802701643807],[139.1408142416445,35.27795610756592],[139.1409701336446,35.27792784621486],[139.14112917817062,35.27799798021455],[139.14124477256348,35.27793702424376],[139.14130205925963,35.277775105098634],[139.14146813126658,35.27766049690213],[139.14166968889774,35.27759925899331],[139.14180669908808,35.27756962153029],[139.14189129322386,35.27741750583588],[139.14182856460025,35.27737679594213],[139.14190923523614,35.27720663033174],[139.14204426740366,35.27697044070353],[139.14216174077285,35.2769658304242],[139.14235081449272,35.27690811142883],[139.14260235752934,35.27686588826712],[139.14292833758066,35.276845920980094],[139.14294027953773,35.27684521401903],[139.14387161451353,35.276751731351965],[139.14450307196176,35.27669392537416],[139.1449433133384,35.2766276332332],[139.14507793907205,35.276595091309815],[139.14513772035534,35.27656324931356],[139.14527419229728,35.27649043815309],[139.1455217710609,35.276429314453985],[139.14574268363253,35.276404023045735],[139.14615782557797,35.27641624201033],[139.1465243335401,35.27641177653399],[139.14672859403908,35.276385473257456],[139.14698805373524,35.27630540044249],[139.14774517844674,35.27601949868346],[139.14815822627435,35.275903395982866],[139.1485005320948,35.27585104223881],[139.14913174024872,35.27579095836373],[139.14913176735843,35.27576229769946],[139.14929668838093,35.27575717582334],[139.14914804767957,35.27593456604071],[139.14908888239935,35.2760411286932],[139.149078735275,35.27601733979865],[139.14900807447574,35.276056514988106],[139.14892319035872,35.276066315537065],[139.14898454077354,35.276199404668795],[139.1490284349819,35.27634049263019],[139.14922043985285,35.276611497886265],[139.14942723128334,35.27683484250428],[139.14953701504044,35.27690701016914],[139.14959753649381,35.277041924630744],[139.1497449630255,35.27709529176493],[139.14977201760968,35.27718142723349],[139.14978109963934,35.27731633229093],[139.1498127231316,35.27741059185307],[139.14982569180185,35.27774663802375],[139.1500811926508,35.277734068819484],[139.15027435216686,35.27769044484037],[139.15039919429145,35.27769298134048],[139.15066189556964,35.277860373852754],[139.15079078029856,35.27792849349193],[139.15081299559563,35.27794185786039],[139.15110394294166,35.277982794919886],[139.15111922671488,35.27809541182176],[139.15103422834994,35.2781645775417],[139.15120189364217,35.27831868606357],[139.15108861139254,35.278447547633796],[139.15088616021626,35.27864104395468],[139.15072163750511,35.27875630600487],[139.15036654316197,35.27898506422281],[139.15047220737134,35.27914396386592],[139.1504832979544,35.27916177164077],[139.15027338355895,35.27928767780992],[139.15024961085268,35.279296286980426],[139.15023871781656,35.27927510292686],[139.15015051138624,35.2791081325924],[139.14996610487904,35.27921342304922],[139.14975688546315,35.27928216610738],[139.1498689575126,35.279414554451805],[139.1497074553967,35.27950222839049],[139.14959384332036,35.27961376353353],[139.14940726228977,35.27977277127841],[139.1490863583791,35.27999911313733],[139.14918600110212,35.280091381317305],[139.14913191145135,35.28012489999216],[139.1491558849737,35.2801559074153],[139.14919322511588,35.28020372278202],[139.14908102984336,35.28024892995921],[139.14903373624077,35.28032732103176],[139.14897493672558,35.28055310375417],[139.14894535780752,35.28135606837476],[139.14719643386383,35.28162817970071],[139.1466116315398,35.282176100305314]]]]}},{"type":"Feature","properties":{"area_id":"142060590","city":"小田原市","ward":"","town":"穴部新田","chome":"","num_households":201},"geometry":{"type":"MultiPolygon","coordinates":[[[[139.15504280633849,35.279802139167884],[139.15415530341784,35.28023241594619],[139.15404315887227,35.280276853947235],[139.15332600034458,35.28056724406119],[139.1532229198297,35.28061623913547],[139.15291253901282,35.28072540172617],[139.15290388907061,35.28072767740833],[139.15257958195875,35.28081281818474],[139.1524444675136,35.28085177344146],[139.15100524031018,35.2812013152001],[139.15092606953345,35.281220515130045],[139.15029615442248,35.28141786311132],[139.14954305590288,35.28168485858825],[139.14920302621712,35.28178525328506],[139.1491152514824,35.28181123398704],[139.1486240867939,35.28202668133225],[139.1478207201196,35.282519216837095],[139.14771655326868,35.28260974784395],[139.14720708407427,35.282911842607945],[139.14709534498084,35.282963459217214],[139.1466116315398,35.282176100305314],[139.14719643386383,35.28162817970071],[139.14894535780752,35.28135606837476],[139.14897493672558,35.28055310375417],[139.14903373624077,35.28032732103176],[139.14908102984336,35.28024892995921],[139.14919322511588,35.28020372278202],[139.1491558849737,35.2801559074153],[139.14913191145135,35.28012489999216],[139.14918600110212,35.280091381317305],[139.1490863583791,35.27999911313733],[139.14940726228977,35.27977277127841],[139.14959384332036,35.27961376353353],[139.1497074553967,35.27950222839049],[139.1498689575126,35.279414554451805],[139.14975688546315,35.27928216610738],[139.14996610487904,35.27921342304922],[139.15015051138624,35.2791081325924],[139.15023871781656,35.27927510292686],[139.15024961085268,35.279296286980426],[139.15027338355895,35.27928767780992],[139.1504832979544,35.27916177164077],[139.15047220737134,35.27914396386592],[139.15036654316197,35.27898506422281],[139.15072163750511,35.27875630600487],[139.15088616021626,35.27864104395468],[139.15108861139254,35.278447547633796],[139.15125374265813,35.27853044836892],[139.15133349077274,35.27843202923666],[139.15140898239383,35.278395485679766],[139.15164442418512,35.27834308356348],[139.15185973530583,35.27832042579542],[139.15196177843094,35.27832304390047],[139.15264852229342,35.27828839414208],[139.15329718824742,35.27819648727244],[139.15406162477802,35.27807255187204],[139.15430134014215,35.27801714084769],[139.15478617855854,35.27784494236795],[139.15481404230601,35.278030161082356],[139.15485766199973,35.2782666644206],[139.15504280633849,35.279802139167884]],[[139.15200749127575,35.27891778117672],[139.15208602649793,35.279168070957546],[139.15212135390865,35.27923073199653],[139.15251003995718,35.279081873058814],[139.1526922409898,35.278916709920004],[139.15239144259158,35.279015574636645],[139.1523187391491,35.278847848753266],[139.15200749127575,35.27891778117672]]]]}},{"type":"Feature","properties":{"area_id":"14206060002","city":"小田原市","ward":"","town":"久野","chome":"","num_households":1239},"geometry":{"type":"MultiPolygon","coordinates":[[[[139.13918939679115,35.27885737951895],[139.139024974569,35.278763482131595],[139.13872053502394,35.27882926494355],[139.13812276024402,35.27869752509746],[139.13789133171147,35.278586269876214],[139.13775338936833,35.27849914310667],[139.1377032847092,35.27849864298056],[139.13735584059006,35.27852213531128],[139.13704386463743,35.27857061730587],[139.13680728017704,35.278574887856195],[139.1362822707863,35.27865009758656],[139.13549106482006,35.27864292657152],[139.13529947365643,35.278553233430195],[139.13517981843012,35.278601553968635],[139.13331826605287,35.27851155353076],[139.1332403662663,35.27875622949462],[139.1331079829834,35.27937775265166],[139.13301621429096,35.279666923130364],[139.13289137833328,35.2801400469059],[139.13280703107878,35.28024110165011],[139.13285633422478,35.28049841633318],[139.13262808498166,35.282164750458435],[139.13262277741234,35.28218760631258],[139.13247442510678,35.28217195659434],[139.1322149755373,35.28212763437364],[139.13199815070357,35.282010675288745],[139.13166839703672,35.281739475939546],[139.1314428323019,35.28159563588885],[139.13115119784658,35.281450213702854],[139.1310507529004,35.28122816146156],[139.13098274446205,35.281123052563125],[139.13079199327217,35.280975823045374],[139.13037854992336,35.28079969034052],[139.13024720510148,35.280769067220874],[139.13000734769307,35.28090216919233],[139.12984413485663,35.28100100115986],[139.12977195371522,35.281114589066455],[139.1296361077805,35.281246254792926],[139.1293345771718,35.281414979292165],[139.12909344387504,35.28146737250823],[139.12876523958934,35.281434189492096],[139.12873170507623,35.281399417896026],[139.12866913596866,35.281143150286844],[139.12859903822212,35.28106640603098],[139.12844706830268,35.281037491347924],[139.12828875097028,35.280958189766],[139.12812259509235,35.28090151706836],[139.12794449308987,35.280939628725974],[139.12765163632787,35.28102417921879],[139.12750835985793,35.28103235461822],[139.1272790809797,35.28107439101111],[139.1270999663754,35.2810117968106],[139.1269687033615,35.28099152162912],[139.12598049954678,35.280527302680504],[139.12586149612906,35.28048012817159],[139.12567551977628,35.28039706941997],[139.12552395306142,35.28029273499713],[139.12539317508487,35.280212182107626],[139.12527897152947,35.280043351435296],[139.12518361539466,35.27982068911671],[139.12485063535004,35.27971099244711],[139.12452089656853,35.27971687173297],[139.12427581323794,35.27985274921692],[139.1242674729795,35.28014360126102],[139.12433511902557,35.28037729760504],[139.12431714706892,35.28041930263506],[139.12409241006284,35.280408404462094],[139.12393238500835,35.28042197036714],[139.12380538731276,35.28056713198799],[139.12369235439,35.28065223710505],[139.1235525041965,35.28061740238721],[139.12341866569668,35.28048457825529],[139.12330466947682,35.280454119989095],[139.12308687587387,35.28042516307827],[139.1229518807742,35.28042436815756],[139.1227591451411,35.28049562448173],[139.1226803418147,35.280599450577306],[139.12253485015665,35.2809094243872],[139.12243245648904,35.281039519100155],[139.12229669654698,35.28113575613314],[139.122104981664,35.28124680383139],[139.1220750682889,35.28124507824481],[139.12185475951063,35.28131652220019],[139.12155180042407,35.28135304160905],[139.1210196866248,35.28131961825479],[139.1208726313756,35.28132304409068],[139.12056011592054,35.28139154516094],[139.1202835984685,35.28138990957209],[139.11990145551212,35.281226740751364],[139.1194024168268,35.28117259099321],[139.11931843274058,35.28112808146647],[139.11916289172797,35.28101751661489],[139.11890494754448,35.28093556914886],[139.11873721579386,35.28073704936555],[139.11863887412682,35.280572671096344],[139.11838316496463,35.28019849531946],[139.11805490720326,35.28013880447884],[139.11760604772536,35.2800680439178],[139.11717891740176,35.280006707244375],[139.1168509128361,35.279938070295366],[139.11650040463772,35.27985056820024],[139.11644044719608,35.279842465479184],[139.1161007863969,35.27971312673624],[139.11589645249592,35.27971191064317],[139.11572171076085,35.27973403777915],[139.11549666375572,35.27971037478324],[139.11519370713836,35.27963068640311],[139.11476495923768,35.27960214639216],[139.11456067518628,35.27959057725947],[139.11277341733373,35.279375689556154],[139.11244651065343,35.27935331378019],[139.1099910614007,35.27958542208159],[139.10970537889216,35.27961560778612],[139.10956790467623,35.2796571747655],[139.10856880851753,35.279975092022674],[139.10783814166874,35.28020863501357],[139.10675961485734,35.280553379561454],[139.10474931758893,35.280916136696185],[139.10428366526435,35.28082332055449],[139.1028288306793,35.28055472065906],[139.1019451538835,35.280507171805986],[139.1009704922961,35.28047378098766],[139.09955107921957,35.28053477852318],[139.09835961564264,35.28007104823003],[139.0967211993208,35.278877702339074],[139.09618160533842,35.27877793179469],[139.0927153172702,35.27820553829016],[139.0915469679288,35.277944228806305],[139.08983715371113,35.27729206814196],[139.08872002740318,35.27639067292093],[139.08812940256095,35.27585537854878],[139.08751970846484,35.275302851764835],[139.08705277315624,35.275944984925715],[139.08592266308062,35.27625669866397],[139.08449878772876,35.27568995569818],[139.0824871264071,35.27500580585762],[139.07983211840266,35.27439118931333],[139.07837483897717,35.27370437872665],[139.07732531183555,35.27304250041832],[139.07636117780942,35.27279351221179],[139.07503968316914,35.2726994408073],[139.0741233975328,35.27261515906021],[139.07375647860874,35.272588132264126],[139.07207334145141,35.27208727332768],[139.0712589848585,35.27213156566738],[139.06977766092444,35.27224275794645],[139.0686730329777,35.27227224169674],[139.06827388596483,35.27229393588065],[139.06714547918202,35.272632807047906],[139.0670164218273,35.27265064827548],[139.06683913240934,35.27270233534259],[139.06597596975067,35.27281282838821],[139.06497912664676,35.27255721025348],[139.0633438368388,35.27200443830666],[139.06166308548455,35.27183843485047],[139.06087671527982,35.271701866015015],[139.06059622918892,35.27167014347882],[139.06039500177278,35.271330641518645],[139.0603101002602,35.27063170325744],[139.0601837827577,35.26959175310975],[139.0605256529275,35.26819229969706],[139.06067122287385,35.26757279127606],[139.06183228995457,35.26592810177402],[139.06203482758437,35.26558435471462],[139.06268556363585,35.26406800227757],[139.06352321845608,35.26205780650575],[139.06420073883817,35.26035497875321],[139.0641448160727,35.25867528416133],[139.06446506296027,35.257127341657075],[139.06499322159,35.256045058131825],[139.06533825492141,35.25594570857776],[139.06692803554643,35.25527393577246],[139.06703205113277,35.254337605222815],[139.06642245946955,35.25335766741739],[139.06578204275704,35.252540621438506],[139.06555619633565,35.25228194909752],[139.06373373694697,35.25076375697968],[139.061650664045,35.249579208998306],[139.06126119117988,35.24922329130247],[139.06055882828716,35.248711650854034],[139.05988492644585,35.2480422197645],[139.0599797318396,35.2478316057349],[139.06003294469235,35.247584518915815],[139.0600089717767,35.24742935012024],[139.05980742211358,35.247222367657436],[139.0596118372524,35.2471047957427],[139.05933243305822,35.24705405106437],[139.05946006803654,35.24674515515423],[139.05956332397898,35.24674659060567],[139.05984989256035,35.24665307691021],[139.06002945771803,35.24636410097447],[139.06013812442225,35.245819967373684],[139.06024486593225,35.2454704588436],[139.06049160307472,35.245376477644285],[139.06088477287625,35.24542919967242],[139.0612641414185,35.24567118568736],[139.06161635184796,35.24584384667075],[139.06187521408987,35.24585683656415],[139.06236458727446,35.245593705325284],[139.06276662590057,35.24506939738076],[139.06294412251535,35.244926027697154],[139.06320322065199,35.24491352453615],[139.06380015561894,35.24533371130231],[139.06404761870473,35.24545429238577],[139.06424116786107,35.24543855391188],[139.064505165623,35.245270241834945],[139.06456619115173,35.24502416638976],[139.06453810089113,35.24470673650969],[139.06441024385083,35.24434613462723],[139.0640052438729,35.24371742957379],[139.06411806517497,35.243513640051304],[139.06424636577276,35.24347107598715],[139.0646923456242,35.24372180018295],[139.0650171549871,35.243740766349],[139.06560533676927,35.24361161720615],[139.0660102241768,35.243467002890796],[139.0661548417762,35.24328630027344],[139.06621549105697,35.24309816437065],[139.06614989367006,35.24262408721525],[139.06621817862612,35.242509590855754],[139.06677601684154,35.24220045326243],[139.0669941905015,35.24194662512275],[139.0670324783072,35.241744542072766],[139.0669698380912,35.24124752416713],[139.06716755486008,35.24108779317891],[139.0673913352412,35.24113294335473],[139.0678542601412,35.241260243373475],[139.06882001390085,35.24118564978674],[139.06913634475143,35.241229059201366],[139.06988100034388,35.24091327097411],[139.06996939459665,35.24079545012319],[139.06992958014033,35.2405085074628],[139.0702946270193,35.2403623625191],[139.07043101240632,35.24030780096359],[139.07067104721796,35.240275865726225],[139.07085386153855,35.240323498582256],[139.07101292260873,35.24041471205425],[139.07130416014758,35.2406270408786],[139.0714421405467,35.240843897022394],[139.07148299345945,35.24115816943414],[139.07150969369397,35.241462138596596],[139.07167717523745,35.241728336828984],[139.0721725930021,35.24214843024655],[139.0723467590465,35.242194950033],[139.07264654859426,35.242015150208175],[139.07330022485678,35.24132053909824],[139.0736926194258,35.24103082569514],[139.0741129208861,35.240934387243165],[139.0744477180617,35.24065353789375],[139.074692216723,35.23999226290685],[139.0749404841975,35.239813402849606],[139.07545638111654,35.23987678605168],[139.0759734902514,35.23980897815265],[139.076523677599,35.23927356486057],[139.07672261069274,35.23902671689656],[139.0770682593091,35.23888909810593],[139.07742211024237,35.2388202625224],[139.07755948571028,35.238741827856735],[139.0776911761073,35.238553992816804],[139.07795268589518,35.238380705032654],[139.07806390558625,35.23789950765619],[139.07796599720155,35.237328690734245],[139.0781719888432,35.237190407963865],[139.07932167881927,35.236694374723236],[139.07972880768608,35.23642226917312],[139.08068853265914,35.23548809797929],[139.08140420691882,35.23532059146841],[139.08205507859017,35.23534888047329],[139.08222199132845,35.23525907526014],[139.08231887198852,35.23463592847772],[139.08278035748,35.2338830834333],[139.08329168872055,35.2338519747149],[139.0845564152055,35.23435838091047],[139.08531344125385,35.2347346357637],[139.08579252377606,35.23497275202763],[139.08639226227805,35.235317107390586],[139.08662530747364,35.23544756684306],[139.0871073853642,35.23606316829985],[139.08752683334322,35.23659161517905],[139.08847989854408,35.23753790677263],[139.08870302647634,35.23775941873093],[139.08993768280337,35.239080530151256],[139.09027373654357,35.24016560941151],[139.09016190820708,35.240588361820976],[139.0899824299117,35.24126688978989],[139.08990697542137,35.241521842202985],[139.08977552394742,35.24207256903267],[139.09029471250867,35.243116666774405],[139.0903429227457,35.24320513092635],[139.09042765904695,35.24324156845801],[139.09119714299544,35.24348588587665],[139.0940233127358,35.24285532219027],[139.09521652064197,35.24239609549518],[139.0962573034395,35.24215127491446],[139.09731002840817,35.242151847912005],[139.0973617805374,35.242333709276],[139.09777198504287,35.24290703866963],[139.09822556411467,35.24335422184697],[139.09870418776717,35.243709020865026],[139.09924893190473,35.243804008932365],[139.0998926301452,35.24385367801147],[139.10066226346325,35.244313395068346],[139.10163303372897,35.24490628994784],[139.10212457762185,35.244961858171415],[139.10296024932492,35.245161603504066],[139.10350500149167,35.24594548303436],[139.10379577337616,35.246516645587874],[139.10408690449796,35.24713435748689],[139.1041983274153,35.247412058574064],[139.10439890972253,35.24766487496491],[139.10445843185198,35.24771861047862],[139.10477182993327,35.248103859596654],[139.10507014703853,35.24833289712563],[139.1060098271562,35.24857015160019],[139.1064086688956,35.24872303280237],[139.1069850521003,35.24879782424415],[139.10837573452838,35.24879904120704],[139.10888268721098,35.24877566582548],[139.10925610532098,35.24876712364764],[139.11027400511486,35.24895150652908],[139.1103273503389,35.24900069709512],[139.1105918091473,35.249081426872216],[139.11110792513705,35.24929245575383],[139.1118104330859,35.24964677115192],[139.11256793247625,35.24989937075318],[139.1129921963527,35.249849642890766],[139.113170272698,35.24983647615759],[139.113687334018,35.24984039431882],[139.11397950396645,35.249860860759654],[139.1142527629281,35.25003444926848],[139.11471679568865,35.25029796887592],[139.11496245083333,35.25051110907144],[139.1150523677042,35.25077438017369],[139.11516947942897,35.25105929114411],[139.11514792788628,35.251190778269475],[139.11538702727276,35.25159274582558],[139.1159607368248,35.25218302675848],[139.11646343604744,35.25260056647517],[139.11714831379243,35.25284256732266],[139.11741441929706,35.25297744573452],[139.11783247623123,35.25325427286656],[139.1185858044,35.25360666661689],[139.1188719369998,35.25375391271953],[139.11911046817846,35.25387658317572],[139.11932678440044,35.25386511305802],[139.1194429807959,35.25394361242542],[139.11963435762843,35.25413741032063],[139.1198856680007,35.25418860728115],[139.1202560669725,35.254296841920876],[139.1205121488228,35.2545282018631],[139.12069842114113,35.25455084744846],[139.12090889128763,35.25451103075937],[139.1211131485796,35.25465110102414],[139.1214886201569,35.25493048431649],[139.1218219511048,35.25515476207383],[139.12219269595565,35.25525391015442],[139.12250708370433,35.255072734196986],[139.12280926861104,35.25492718953687],[139.1230756378703,35.25486185370631],[139.12341740532156,35.25484329589443],[139.12366842667439,35.25490349972611],[139.12395182048718,35.25498255321643],[139.1240595924839,35.25504825369237],[139.1237812708503,35.25514035243434],[139.12321707970258,35.255225350245034],[139.12273931382364,35.25535754129388],[139.1224933628171,35.255468418127144],[139.12243465304763,35.25557497118031],[139.12264801379212,35.25576924750696],[139.12277654323762,35.25587147850659],[139.12289496716474,35.255946397805594],[139.12338053789918,35.25558939779547],[139.12354798529714,35.25552157917664],[139.12371291588428,35.2555256450608],[139.12379712010804,35.25563578384816],[139.1238339394061,35.25584367086261],[139.1238054227285,35.25603201922313],[139.12373505418822,35.256156251680565],[139.1238083157854,35.25626604461266],[139.12394875598397,35.256341583877884],[139.12406844083668,35.256380523962434],[139.12429551940735,35.256179184188326],[139.12449177570065,35.25591400362479],[139.12455518163813,35.255672549856996],[139.12461669895268,35.255485098197326],[139.12470497132594,35.25547829143942],[139.1248466703515,35.25551778272621],[139.12495918406216,35.25576357595252],[139.1250171443719,35.25631404124879],[139.12508571210893,35.2565587320505],[139.12539679368479,35.25679146269417],[139.12578734477697,35.256954165679524],[139.12608420716583,35.25696153506028],[139.12626201376153,35.25691194182374],[139.12633233675558,35.25678763711574],[139.12625214972388,35.25656069543722],[139.12625650749231,35.25643473876053],[139.12637899952148,35.25639277902714],[139.12653231695006,35.25641458972415],[139.12676892114473,35.25657350343994],[139.12693356118274,35.25658657662056],[139.12715690695924,35.25649309407402],[139.1273412036992,35.25625459869981],[139.12734173716896,35.25592158198567],[139.12723076447966,35.255630871268636],[139.12718198617281,35.25544960467007],[139.12723251107394,35.25526187659853],[139.12739143807704,35.25512182095069],[139.12761507207657,35.255019325201495],[139.1279018630191,35.25499944872179],[139.12822862401654,35.25509754861781],[139.1284658563075,35.25523843386285],[139.12871688223584,35.2552986274115],[139.12889623248853,35.25520404019249],[139.12906145560936,35.255199156480025],[139.12918718755094,35.255382278178296],[139.12937980535318,35.25554001488401],[139.12998901067613,35.255744116206],[139.13022968009955,35.25578607736841],[139.13050268219547,35.25584688740473],[139.1306632638446,35.25597683110368],[139.13095223144165,35.25589400386036],[139.13124279037015,35.25576618619118],[139.13141962789385,35.25574355074898],[139.13128066808366,35.255933162639685],[139.13112033907322,35.256111875929314],[139.131090223875,35.2561842346533],[139.13162411698414,35.25636662378004],[139.13142441333775,35.25674024591114],[139.13140898609527,35.25681670335946],[139.13159047847105,35.256851980722864],[139.13194917766077,35.25684201926812],[139.13201476631656,35.25692697442843],[139.13212933994183,35.2570263686221],[139.1322358125493,35.257094519310435],[139.13261237831986,35.257213107204656],[139.13319110953356,35.25734441256432],[139.13352512990522,35.257369231369076],[139.13331302331048,35.25747898767194],[139.1328488461929,35.25766355074907],[139.13253375174062,35.25772897733627],[139.13237497029374,35.257703269302375],[139.13225695933582,35.25762399631773],[139.13208703716677,35.257476394657914],[139.1318743073798,35.257349882666645],[139.13170347887603,35.25734727240428],[139.1315153946398,35.257439066622446],[139.13134954646236,35.25756556620534],[139.13111967775163,35.257713594847786],[139.13066926981392,35.257898722208424],[139.130026215499,35.25833997473518],[139.12959486702982,35.25855901011825],[139.1293064979138,35.25856148651433],[139.1289106179343,35.25855122441067],[139.12877079537827,35.258626253881445],[139.12872911228888,35.25872023356184],[139.12867405341268,35.258762799111274],[139.12868930054978,35.25887570201416],[139.1286296563472,35.25928858423236],[139.12855810017555,35.25956999071948],[139.12886533351283,35.2595955825905],[139.12899137846742,35.25961455611611],[139.12952679012108,35.25984689218656],[139.1296879455159,35.25985670222049],[139.12982428725564,35.259836862512586],[139.13010819186775,35.25973569842564],[139.13041631777438,35.25973748934699],[139.13068443662368,35.25980369341661],[139.1309193181977,35.2599901944989],[139.13115278773873,35.260335344551734],[139.13133523016393,35.26036583888896],[139.13165225364176,35.260167824009834],[139.1317667839846,35.2601832063045],[139.13198442980095,35.26032805660096],[139.1321974826248,35.26062696130369],[139.13247299552256,35.26091143868061],[139.1326130367493,35.26104013437273],[139.13289124210777,35.2612267409072],[139.13307418709658,35.26124406746359],[139.13334333358284,35.26134125755715],[139.1336335469387,35.26150476348997],[139.13386459725032,35.261534268298014],[139.13398016380307,35.26152430304065],[139.13414902413615,35.26147239322526],[139.1344348416514,35.26156805789317],[139.13450742251297,35.261459747950916],[139.134853109153,35.26157252017428],[139.13525983774682,35.26169585470632],[139.13568557439353,35.261815283075826],[139.13591203457887,35.26190461700231],[139.1363340290352,35.26211021711404],[139.13685690996925,35.262355904088174],[139.13737086030824,35.262692309145955],[139.1376085100449,35.262798957314764],[139.13778524672767,35.26288990197283],[139.1380334201369,35.26298097644066],[139.13839784495698,35.26321285663428],[139.13950051176133,35.263655311031336],[139.13967669022347,35.263661252265194],[139.1401248732625,35.263622628851905],[139.14123351565985,35.26347666625817],[139.14130701017444,35.26350208612004],[139.14124654310262,35.26352969727784],[139.1410750553495,35.26377913019521],[139.14099983849243,35.26382468441726],[139.14071628029257,35.26387502890745],[139.1405800414681,35.26413888936705],[139.14047191957204,35.26428234956061],[139.14033135046995,35.26440949829069],[139.14013367853536,35.264522022712924],[139.14006244133301,35.264619217625494],[139.13996934503697,35.264712272512796],[139.1400448774912,35.26475552180607],[139.14002510591337,35.264873925895536],[139.13997367642497,35.264949051352254],[139.13987922859303,35.26499421232039],[139.13958032436864,35.265006087452036],[139.13947121297528,35.26511404963718],[139.13936109456483,35.265299751009096],[139.1393531936053,35.26534512646017],[139.13945787707078,35.26526805364851],[139.13962753558553,35.265273746677764],[139.1397246194679,35.26532719006671],[139.14025147046115,35.26558429161129],[139.14042222303377,35.265648226612306],[139.14039615359752,35.26573990571269],[139.14050689259977,35.266039617563344],[139.14066502670715,35.26639995153556],[139.14068995634827,35.266477134699876],[139.14074707761336,35.26684688967272],[139.14070213412157,35.26688634876896],[139.14068809277086,35.26718858432065],[139.14070648944292,35.267472766843504],[139.14119793200916,35.26743854157794],[139.1413892797177,35.26750442449606],[139.14180530326402,35.26771053308176],[139.14173995495764,35.26784198654799],[139.14092382787868,35.267858791058764],[139.1406426312249,35.26792260024589],[139.14036932181946,35.267997792306396],[139.1398497967501,35.26815762454757],[139.13852984605282,35.26837510638889],[139.13856406194384,35.26846051221251],[139.13886983961032,35.26846480557032],[139.1389531415109,35.26851366330971],[139.13904227960984,35.26865311502096],[139.1391590929752,35.26898539726719],[139.13922567177462,35.26912232546145],[139.13928039880557,35.269128907227476],[139.13938564975558,35.2695532336006],[139.13943462286556,35.27004716271427],[139.13943912824934,35.270564915408954],[139.1393271063127,35.27103770434635],[139.13931762658927,35.27111201327751],[139.13928881857274,35.27133789557831],[139.13922473735656,35.271742300873676],[139.14050738672628,35.27161537024977],[139.14177343203568,35.2714512891426],[139.14186984057397,35.27212420916568],[139.14188390968124,35.27234252065224],[139.14206009420874,35.27252654954003],[139.14212027042723,35.272639706226364],[139.1421528467348,35.27278728117126],[139.14222914630676,35.272993625521615],[139.14238852482995,35.273311144135924],[139.14244564763843,35.27354603844568],[139.14239313343927,35.273723055840804],[139.1423358059547,35.2738147662303],[139.14234346251004,35.27392903144808],[139.14236863203016,35.27395318793301],[139.14284097405766,35.27379652780289],[139.14303723514539,35.27374596071681],[139.1433478334603,35.273680271492516],[139.1436455969333,35.27362443797853],[139.1438680890989,35.27353366925038],[139.14404716916383,35.27334223285604],[139.14431985368705,35.27350913325091],[139.1441131912875,35.27383399851252],[139.14413819699314,35.27389265992488],[139.1441114518922,35.274038769825665],[139.14406006398917,35.27408861566309],[139.1440442823714,35.274147044490334],[139.14411517634767,35.27420181226791],[139.14430370758248,35.27420704192168],[139.1442828875038,35.27425713307296],[139.14407083875605,35.27461950072552],[139.14406037918587,35.274652890465504],[139.1439529179816,35.27470241648547],[139.143671071749,35.274880590322915],[139.14361453858012,35.27493456193351],[139.14318930793902,35.275018891896075],[139.1431994297416,35.27503535694288],[139.14318707267518,35.275332106239844],[139.1431741613113,35.27543174690136],[139.1430908520991,35.275862028313874],[139.1429351725576,35.2765523795361],[139.14293982024097,35.276818452442086],[139.14294027953773,35.27684521401903],[139.14292833758066,35.276845920980094],[139.14260235752934,35.27686588826712],[139.14235081449272,35.27690811142883],[139.14216174077285,35.2769658304242],[139.14204426740366,35.27697044070353],[139.14190923523614,35.27720663033174],[139.14182856460025,35.27737679594213],[139.14189129322386,35.27741750583588],[139.14180669908808,35.27756962153029],[139.14166968889774,35.27759925899331],[139.14146813126658,35.27766049690213],[139.14130205925963,35.277775105098634],[139.14124477256348,35.27793702424376],[139.14112917817062,35.27799798021455],[139.1409701336446,35.27792784621486],[139.1408142416445,35.27795610756592],[139.14078899014345,35.27802701643807],[139.14070459035327,35.2781510350127],[139.1404769992897,35.2783241595112],[139.14040303949164,35.27836169201004],[139.14013387441994,35.278380006435256],[139.14006086567252,35.278467048210985],[139.14004772620584,35.27883350398906],[139.13988369785335,35.278813832206986],[139.13962487960214,35.27879706624413],[139.13946346001825,35.278808814654624],[139.13937896902402,35.27878227514667],[139.13922178509472,35.27877566873763],[139.13918939679115,35.27885737951895]]]]}},{"type":"Feature","properties":{"area_id":"14206060003","city":"小田原市","ward":"","town":"久野","chome":"","num_households":1088},"geometry":{"type":"MultiPolygon","coordinates":[[[[139.15414583387434,35.26801791791989],[139.15403707522103,35.26801920840938],[139.1540232653533,35.26837123305497],[139.1528669950506,35.26840134530197],[139.15274719559017,35.268413487076934],[139.15123798600874,35.26847250924146],[139.1507040506225,35.26846949384311],[139.15053799362013,35.26846855555618],[139.15029821993338,35.26845220132718],[139.14972552059572,35.26841304747072],[139.14830369418442,35.26831239230763],[139.14748560115976,35.26825683674005],[139.14705686250502,35.268217361683355],[139.14575920345882,35.2681266772938],[139.14534163728837,35.268101132230306],[139.14337852559942,35.26794409816976],[139.14173995495764,35.26784198654799],[139.14180530326402,35.26771053308176],[139.1413892797177,35.26750442449606],[139.14119793200916,35.26743854157794],[139.14070648944292,35.267472766843504],[139.14068809277086,35.26718858432065],[139.14070213412157,35.26688634876896],[139.14074707761336,35.26684688967272],[139.14068995634827,35.266477134699876],[139.14066502670715,35.26639995153556],[139.14050689259977,35.266039617563344],[139.14039615359752,35.26573990571269],[139.14042222303377,35.265648226612306],[139.14025147046115,35.26558429161129],[139.1397246194679,35.26532719006671],[139.13962753558553,35.265273746677764],[139.13945787707078,35.26526805364851],[139.1393531936053,35.26534512646017],[139.13936109456483,35.265299751009096],[139.13947121297528,35.26511404963718],[139.13958032436864,35.265006087452036],[139.13987922859303,35.26499421232039],[139.13997367642497,35.264949051352254],[139.14002510591337,35.264873925895536],[139.1400448774912,35.26475552180607],[139.13996934503697,35.264712272512796],[139.14006244133301,35.264619217625494],[139.14013367853536,35.264522022712924],[139.14033135046995,35.26440949829069],[139.14047191957204,35.26428234956061],[139.1405800414681,35.26413888936705],[139.14071628029257,35.26387502890745],[139.14099983849243,35.26382468441726],[139.1410750553495,35.26377913019521],[139.14124654310262,35.26352969727784],[139.14130701017444,35.26350208612004],[139.14166596916482,35.26351540929881],[139.1420974090526,35.263562244459635],[139.14340840182223,35.26379247912759],[139.1434465015028,35.263795091022075],[139.14364083355642,35.26397380211026],[139.1437775428951,35.2642143642743],[139.1435499950132,35.26449897356362],[139.14351256785463,35.264659529629924],[139.14357900644987,35.26473258307973],[139.14361989592334,35.26483647570749],[139.14363090039882,35.26493083176272],[139.14358845633876,35.26507558607973],[139.14357162233244,35.265187317384644],[139.14354576034856,35.26532575753197],[139.14354689328246,35.26548033783615],[139.14370127014817,35.26554170991208],[139.14369172711662,35.26558862599566],[139.14358356513165,35.26573208913928],[139.14356803210543,35.26579671701528],[139.14358544125568,35.26585984286503],[139.14365788918758,35.26591286065191],[139.14384417549084,35.26600842836409],[139.14398143332204,35.26599773357647],[139.14418300323996,35.266037685248996],[139.14458156027274,35.266086012465045],[139.1448256153874,35.26607747473846],[139.14493348460425,35.26603928765586],[139.14507355199223,35.26602642405219],[139.1454628155008,35.26601631730621],[139.14578140634748,35.26598686346957],[139.1460461519585,35.26592273838038],[139.14611732142095,35.265924199522686],[139.14635123461065,35.26598264030937],[139.14651306891136,35.26587835211398],[139.1465391135177,35.265925963612],[139.14677003118038,35.265896995770476],[139.14705683399066,35.26582876802227],[139.14744378016516,35.26570660209387],[139.14787797823843,35.26591166662077],[139.14844387962873,35.26617930432625],[139.14899878820253,35.26622364460996],[139.14918068242508,35.26607186276173],[139.14935078258446,35.26598487061723],[139.15005287000383,35.265655895008464],[139.15058975918612,35.26566780254739],[139.15058584816887,35.26546405446054],[139.15103149305898,35.26551347147037],[139.1512002581249,35.26555928282795],[139.15172480549361,35.26571688609115],[139.15210567882852,35.265826285165744],[139.15245056715048,35.265865199489596],[139.15302252925386,35.26590842027377],[139.15365544362908,35.265927475474676],[139.15415047503282,35.26598575007211],[139.15416283588968,35.265986172209935],[139.15507487015032,35.26601833709154],[139.15505317049997,35.266354613325795],[139.15497746383318,35.26703480211772],[139.15492013515555,35.2674934109355],[139.15485260950177,35.268031747711184],[139.15414583387434,35.26801791791989]]]]}},{"type":"Feature","properties":{"area_id":"14206060004","city":"小田原市","ward":"","town":"久野","chome":"","num_households":2396},"geometry":{"type":"MultiPolygon","coordinates":[[[[139.14929668838093,35.27575717582334],[139.14913176735843,35.27576229769946],[139.14913174024872,35.27579095836373],[139.1485005320948,35.27585104223881],[139.14815822627435,35.275903395982866],[139.14774517844674,35.27601949868346],[139.14698805373524,35.27630540044249],[139.14672859403908,35.276385473257456],[139.1465243335401,35.27641177653399],[139.14615782557797,35.27641624201033],[139.14574268363253,35.276404023045735],[139.1455217710609,35.276429314453985],[139.14527419229728,35.27649043815309],[139.14513772035534,35.27656324931356],[139.14507793907205,35.276595091309815],[139.1449433133384,35.2766276332332],[139.14450307196176,35.27669392537416],[139.14387161451353,35.276751731351965],[139.14294027953773,35.27684521401903],[139.14293982024097,35.276818452442086],[139.1429351725576,35.2765523795361],[139.1430908520991,35.275862028313874],[139.1431741613113,35.27543174690136],[139.14318707267518,35.275332106239844],[139.1431994297416,35.27503535694288],[139.14318930793902,35.275018891896075],[139.14361453858012,35.27493456193351],[139.143671071749,35.274880590322915],[139.1439529179816,35.27470241648547],[139.14406037918587,35.274652890465504],[139.14407083875605,35.27461950072552],[139.1442828875038,35.27425713307296],[139.14430370758248,35.27420704192168],[139.14411517634767,35.27420181226791],[139.1440442823714,35.274147044490334],[139.14406006398917,35.27408861566309],[139.1441114518922,35.274038769825665],[139.14413819699314,35.27389265992488],[139.1441131912875,35.27383399851252],[139.14431985368705,35.27350913325091],[139.14404716916383,35.27334223285604],[139.1438680890989,35.27353366925038],[139.1436455969333,35.27362443797853],[139.1433478334603,35.273680271492516],[139.14303723514539,35.27374596071681],[139.14284097405766,35.27379652780289],[139.14236863203016,35.27395318793301],[139.14234346251004,35.27392903144808],[139.1423358059547,35.2738147662303],[139.14239313343927,35.273723055840804],[139.14244564763843,35.27354603844568],[139.14238852482995,35.273311144135924],[139.14222914630676,35.272993625521615],[139.1421528467348,35.27278728117126],[139.14212027042723,35.272639706226364],[139.14206009420874,35.27252654954003],[139.14188390968124,35.27234252065224],[139.14186984057397,35.27212420916568],[139.14177343203568,35.2714512891426],[139.14050738672628,35.27161537024977],[139.13922473735656,35.271742300873676],[139.13928881857274,35.27133789557831],[139.13931762658927,35.27111201327751],[139.1393271063127,35.27103770434635],[139.13943912824934,35.270564915408954],[139.13943462286556,35.27004716271427],[139.13938564975558,35.2695532336006],[139.13928039880557,35.269128907227476],[139.13922567177462,35.26912232546145],[139.1391590929752,35.26898539726719],[139.13904227960984,35.26865311502096],[139.1389531415109,35.26851366330971],[139.13886983961032,35.26846480557032],[139.13856406194384,35.26846051221251],[139.13852984605282,35.26837510638889],[139.1398497967501,35.26815762454757],[139.14036932181946,35.267997792306396],[139.1406426312249,35.26792260024589],[139.14092382787868,35.267858791058764],[139.14173995495764,35.26784198654799],[139.14337852559942,35.26794409816976],[139.14534163728837,35.268101132230306],[139.14575920345882,35.2681266772938],[139.14705686250502,35.268217361683355],[139.14748560115976,35.26825683674005],[139.14830369418442,35.26831239230763],[139.14972552059572,35.26841304747072],[139.15029821993338,35.26845220132718],[139.15053799362013,35.26846855555618],[139.1507040506225,35.26846949384311],[139.15123798600874,35.26847250924146],[139.15274719559017,35.268413487076934],[139.1528669950506,35.26840134530197],[139.1540232653533,35.26837123305497],[139.15399734360412,35.26906768587194],[139.15397611268972,35.26996789165068],[139.15396063019085,35.27017603575552],[139.15396743680515,35.27025008516537],[139.15401537532324,35.270780192733355],[139.15407806797532,35.27099976178152],[139.15408679118468,35.27115769183643],[139.15409196629506,35.27119595883647],[139.15408811786665,35.27130677784274],[139.1540960216147,35.27142935258373],[139.15407829787844,35.27178212670028],[139.1540254740655,35.27300875230875],[139.15402542287814,35.27300973734663],[139.15396753341813,35.273318624790505],[139.1539885959076,35.273541339865815],[139.15402759460764,35.27372429876605],[139.15407424023329,35.27384004927829],[139.154095785197,35.27399488189517],[139.15419314389732,35.27469448532464],[139.15419313564044,35.274695471153734],[139.1540896665699,35.274725310891085],[139.15324244930534,35.274975676158185],[139.15300966041337,35.275061122832774],[139.15295511698136,35.275078139534074],[139.15282459317567,35.27511874036222],[139.15276591253584,35.27512214268077],[139.15263167169667,35.275129836924606],[139.15245026952275,35.275129236899005],[139.1522524661145,35.27516938868007],[139.1522024168354,35.27519326053282],[139.15200187505224,35.27529867497055],[139.1517527546704,35.27545212299281],[139.15161421037604,35.27551190185719],[139.15147091075178,35.27550919256855],[139.15117337270576,35.27544124781542],[139.1509300242354,35.27536769365098],[139.15072218182448,35.275325183944005],[139.15063281555095,35.27532186230428],[139.15056650952326,35.27532317775535],[139.15028411798434,35.27539432541501],[139.14934518764656,35.27574421089608],[139.14929668838093,35.27575717582334]]]]}},{"type":"Feature","properties":{"area_id":"142060610","city":"小田原市","ward":"","town":"板橋","chome":"","num_households":1512},"geometry":{"type":"MultiPolygon","coordinates":[[[[139.1442111750838,35.2516047754143],[139.14416681450194,35.25148579302066],[139.14419247502886,35.25141072908585],[139.1440912584613,35.251380504535696],[139.14399923009978,35.25124378574729],[139.1439482450856,35.25105032982143],[139.143737155697,35.25091229663218],[139.14357655913412,35.25110644649953],[139.14349236283635,35.25128582136704],[139.14352721732797,35.251488128887445],[139.143138035736,35.2517438591477],[139.14288053309366,35.25187492063614],[139.14259302237073,35.25202130269929],[139.14196071011148,35.25236275066904],[139.14121344103913,35.25273909857467],[139.14104945922998,35.25250830479681],[139.14061847464083,35.25266625431048],[139.1407472735277,35.25303114008175],[139.14007712222184,35.25313694312666],[139.13993550638023,35.253152609173355],[139.139583607618,35.253136998233934],[139.1394765303011,35.25314955222566],[139.13926237416126,35.253154801163284],[139.1392714782711,35.25314429028508],[139.1390406687949,35.25317430238621],[139.13888333864122,35.253235650093856],[139.13866324260675,35.25334311530369],[139.1386059146772,35.253466233966364],[139.1385155217603,35.25347522112106],[139.1382787622363,35.25346308516959],[139.13814444388376,35.25344351066093],[139.13790078215567,35.253445488908476],[139.1376476268864,35.25356353584374],[139.1375817218243,35.253565199180144],[139.13745909651186,35.25366885716193],[139.13745741092185,35.25363518562628],[139.13737346972405,35.253732939634915],[139.13732418283686,35.25388927225462],[139.1372615040494,35.25398031833797],[139.1371318918007,35.253872319827025],[139.1370093727574,35.25377323621404],[139.13659796403135,35.25349868747203],[139.13611069264223,35.253076096419434],[139.13596755711816,35.25292851285783],[139.13583882474845,35.25296854375386],[139.1355425662633,35.25278718911636],[139.1356805022183,35.25259496170153],[139.1356624434602,35.25248352106011],[139.13543422332896,35.252427063505785],[139.13508548015892,35.252379345622955],[139.13481493975914,35.252352500926996],[139.13448998917136,35.25226365204714],[139.13428071016696,35.252241034063346],[139.13388197676107,35.25199718609301],[139.13375927504168,35.25189514101051],[139.1335513008395,35.2517411250686],[139.1334933150567,35.25178050789991],[139.13330412475693,35.25152385525858],[139.13331547658188,35.251456739724894],[139.13317225566246,35.251370067599346],[139.13295249116277,35.25119471546102],[139.13282916970817,35.251015484539614],[139.13276360832836,35.250748209884584],[139.13273272494104,35.25050655678841],[139.13278066702895,35.25023803695544],[139.13279902782295,35.24997512046047],[139.13274799440651,35.24950659545599],[139.13275470850883,35.24924037218479],[139.13277775700035,35.24900642637333],[139.132774171942,35.24879471928994],[139.13275918910213,35.248516117756914],[139.1327935679615,35.24847145781811],[139.13288328084846,35.248291628227165],[139.13292732805763,35.2482706157674],[139.13287590839465,35.248056238259196],[139.13279528919625,35.24755916295761],[139.13277669340127,35.247136950749145],[139.1327593654378,35.2469112917307],[139.13282825279083,35.24656275396774],[139.1329576224812,35.246069004130874],[139.13214837674454,35.24577080884719],[139.13079154139274,35.24500148778403],[139.1309491918701,35.24480268541911],[139.13099139632152,35.24475152171086],[139.1308616309635,35.24449041782233],[139.1309583399181,35.24442985170389],[139.13112925385528,35.244335138034046],[139.1312332319291,35.24432228969014],[139.13145823531667,35.24432570545388],[139.13166353380208,35.24430464058492],[139.13174868354275,35.244310133459415],[139.1319278123589,35.24435243823332],[139.13220085447972,35.24428993349566],[139.13240597433534,35.24425985167062],[139.13255947229194,35.24425306368644],[139.13267768398936,35.24426705635114],[139.13300488356802,35.24430493315911],[139.1333850328721,35.244249804970515],[139.1335631486379,35.24424041082116],[139.1342000985353,35.24426915673335],[139.13434312513317,35.244287235346775],[139.1344506617139,35.24431489986922],[139.13451921596698,35.24431388857359],[139.13456135757414,35.2439555396371],[139.13475235574987,35.24390551766138],[139.13489617399975,35.243826842285465],[139.1352992053608,35.24368142579576],[139.13544818051173,35.243996371247796],[139.13548394266394,35.24400031026997],[139.1357141286257,35.24399016167945],[139.13593321131452,35.24410832758839],[139.1360487439068,35.24412462837105],[139.1361920346475,35.24409714620772],[139.13620783414248,35.244186602889904],[139.13627257691087,35.244409511318814],[139.13622265678555,35.24441992745989],[139.1362258883013,35.24447839670719],[139.13635975992256,35.244448394562916],[139.1368952827301,35.244343666521985],[139.1370026019235,35.24476724204533],[139.1371586424185,35.24529580963928],[139.13851345556398,35.24501016349092],[139.1398466451465,35.2447428254295],[139.13996934328557,35.24518690344459],[139.140226372504,35.246156528657885],[139.14044739425395,35.246099205873804],[139.14085621542068,35.24596943941527],[139.14165995703323,35.24569869681286],[139.1416843598087,35.2457010899813],[139.1419027635923,35.24602184085714],[139.14363780575852,35.245464373785225],[139.14364375688262,35.24548130883468],[139.14371667090035,35.245493611336286],[139.1437555249142,35.24548343386427],[139.1438634088672,35.24545517190158],[139.14394903267473,35.245432741678755],[139.1441077026618,35.24538046459945],[139.14458574729633,35.24524257380836],[139.14477795457503,35.24518995336541],[139.14485749358624,35.24516817773495],[139.14494698929187,35.24514367659408],[139.14497338912366,35.245140221217675],[139.14500261359663,35.24512704455169],[139.14502016071438,35.24511474158851],[139.14503609297083,35.24510385600214],[139.14504418092005,35.24509341427498],[139.1450497195328,35.245083629776765],[139.14528993419816,35.245019717517685],[139.14560031930216,35.244956555770685],[139.14619147865494,35.2448648514587],[139.14624976436994,35.24487698834031],[139.14647807680444,35.24482788987942],[139.14665089068387,35.24479191554582],[139.14672901480586,35.244778838743606],[139.14692149078215,35.24475649627642],[139.14704241174746,35.24474997254769],[139.147110142434,35.2447507821687],[139.14719032904998,35.24475173954718],[139.14726706689422,35.24475265692353],[139.14733026317435,35.2447534109517],[139.14744778675507,35.24477092008583],[139.14763094024684,35.244798100079045],[139.1476649714689,35.244803085225726],[139.14776513561978,35.24483687107716],[139.14784169273202,35.24486269402822],[139.14788803227674,35.244878324755305],[139.1479032534316,35.24488345889242],[139.14790983003823,35.24487246600795],[139.14802881286903,35.24492528844494],[139.14820602139537,35.245033756520904],[139.14834371716987,35.245140028546594],[139.14793819842495,35.24530251316052],[139.1479061972418,35.245478455384884],[139.14783107731574,35.24556570276826],[139.1476020710323,35.24561390864513],[139.14759865766177,35.24579452005316],[139.1474806232264,35.245865678747954],[139.1474635352935,35.246008607034874],[139.14756038015864,35.24612894395824],[139.14764873998206,35.24623254226583],[139.14756887898704,35.24632208643816],[139.14744459990465,35.24649729315664],[139.14735686059376,35.246543835537885],[139.14730614140066,35.24655735050012],[139.14746620251827,35.246790578487115],[139.1475969072194,35.24697286647615],[139.14782551981642,35.247363311677155],[139.14802839261804,35.24737094250041],[139.14781073214058,35.24780328935377],[139.14771698223527,35.247972050014745],[139.14746082012178,35.24793622976028],[139.14733955423335,35.2485777110392],[139.14733275806879,35.248633876726885],[139.14732201147797,35.24867759449531],[139.1472674783723,35.24867410195754],[139.14726403807248,35.24870765567368],[139.14725774145253,35.2487690667147],[139.14724820481922,35.24886207291989],[139.1472351462017,35.24898940480341],[139.14720420987717,35.24898846098541],[139.14716923451093,35.24898722737705],[139.14714155173013,35.24901230887522],[139.1470713239975,35.24900841235981],[139.14701121364217,35.24900591736383],[139.1469863954201,35.24903844068258],[139.1469858456609,35.24903913186572],[139.14697276589092,35.24907233423776],[139.14694797293615,35.24913527355438],[139.14692127187377,35.249203052820924],[139.1468620142753,35.24919463181977],[139.1466886447063,35.249149140509786],[139.14661017503855,35.24928179100462],[139.14641536668935,35.24923864177497],[139.14632816222078,35.24948539448428],[139.1460823896303,35.24943378720949],[139.14599536522715,35.24969962482402],[139.1456852579276,35.24988525047202],[139.14575731826807,35.250053614841796],[139.14576182573694,35.25006378112747],[139.14533982060092,35.2503246137611],[139.14509914201713,35.25050732340601],[139.14496504957617,35.25075014672648],[139.14489185309358,35.25092873960384],[139.14481093465088,35.251248483822955],[139.14472914630747,35.25136688858051],[139.14454399848907,35.25149005563244],[139.14437449705778,35.251590425306915],[139.14430105804126,35.25161014701321],[139.1442111750838,35.2516047754143]]]]}},{"type":"Feature","properties":{"area_id":"142060620","city":"小田原市","ward":"","town":"南板橋","chome":"","num_households":147},"geometry":{"type":"MultiPolygon","coordinates":[[[[139.14834371716987,35.245140028546594],[139.14820602139537,35.245033756520904],[139.14802881286903,35.24492528844494],[139.14790983003823,35.24487246600795],[139.1479032534316,35.24488345889242],[139.14788803227674,35.244878324755305],[139.14784169273202,35.24486269402822],[139.14776513561978,35.24483687107716],[139.1476649714689,35.244803085225726],[139.14763094024684,35.244798100079045],[139.14744778675507,35.24477092008583],[139.14733026317435,35.2447534109517],[139.14726706689422,35.24475265692353],[139.14719032904998,35.24475173954718],[139.147110142434,35.2447507821687],[139.14704241174746,35.24474997254769],[139.14692149078215,35.24475649627642],[139.14672901480586,35.244778838743606],[139.14665089068387,35.24479191554582],[139.14647807680444,35.24482788987942],[139.14624976436994,35.24487698834031],[139.14619147865494,35.2448648514587],[139.14560031930216,35.244956555770685],[139.14528993419816,35.245019717517685],[139.1450497195328,35.245083629776765],[139.14504418092005,35.24509341427498],[139.14503609297083,35.24510385600214],[139.14502016071438,35.24511474158851],[139.14500261359663,35.24512704455169],[139.14497338912366,35.245140221217675],[139.14494698929187,35.24514367659408],[139.14485749358624,35.24516817773495],[139.14477795457503,35.24518995336541],[139.14458574729633,35.24524257380836],[139.1441077026618,35.24538046459945],[139.14394903267473,35.245432741678755],[139.1438634088672,35.24545517190158],[139.1437555249142,35.24548343386427],[139.14371667090035,35.245493611336286],[139.14364375688262,35.24548130883468],[139.14363780575852,35.245464373785225],[139.1419027635923,35.24602184085714],[139.1416843598087,35.2457010899813],[139.14165995703323,35.24569869681286],[139.1425381002506,35.24517274433646],[139.1431416609531,35.244834439804016],[139.1431347781628,35.24482623105409],[139.1442247515809,35.244180563425495],[139.14467484885864,35.24391926280457],[139.14538493208943,35.24359000599446],[139.1457352657193,35.243436229902],[139.14649038489034,35.24310468988033],[139.14698989985257,35.242885422841795],[139.14700273697798,35.242879791715644],[139.14763986693094,35.24382205083159],[139.14770336188954,35.24392177516544],[139.14788088032753,35.24421164921126],[139.14828091745864,35.24485580561347],[139.1484317973505,35.24509855711573],[139.14834371716987,35.245140028546594]]]]}},{"type":"Feature","properties":{"area_id":"142060630","city":"小田原市","ward":"","town":"風祭","chome":"","num_households":408},"geometry":{"type":"MultiPolygon","coordinates":[[[[139.1263321832127,35.25424953162081],[139.12597348060143,35.25443862771207],[139.12563645778553,35.25463728640018],[139.12523472828428,35.254798312340675],[139.12480343034164,35.25485965874374],[139.12450812545265,35.254807367198595],[139.12421466650517,35.25470107364016],[139.12358133096683,35.25455933600007],[139.12316349444157,35.25454899740791],[139.12267848007278,35.25457297970386],[139.12238225694296,35.2545475783423],[139.12192295076562,35.2544641768906],[139.12139676007084,35.254406156046116],[139.12090889128763,35.25451103075937],[139.12069842114113,35.25455084744846],[139.1205121488228,35.2545282018631],[139.1202560669725,35.254296841920876],[139.1198856680007,35.25418860728115],[139.11963435762843,35.25413741032063],[139.1194429807959,35.25394361242542],[139.11932678440044,35.25386511305802],[139.11911046817846,35.25387658317572],[139.1188719369998,35.25375391271953],[139.11919993275836,35.25371451085496],[139.11951406684048,35.25366488473582],[139.1196862740311,35.2537001941628],[139.12012926490954,35.25386146107939],[139.12025450299583,35.2538879723472],[139.1204530825608,35.253901957289735],[139.12074596946627,35.25388656865491],[139.1208980629524,35.25383169035121],[139.12117140391828,35.253666049061614],[139.12130311988537,35.25355105255566],[139.12145969953173,35.25328282537128],[139.12152414248715,35.253090251962426],[139.12154074773306,35.252983099465915],[139.12154995237205,35.252750555405804],[139.1216985000596,35.25250692892922],[139.12199461319935,35.252126991459846],[139.1222950171688,35.251850032887056],[139.12239007719086,35.251739115311814],[139.12239075250835,35.251661868735006],[139.12223732788055,35.25127076806739],[139.12226421725757,35.25118515406124],[139.1223587201689,35.25114282366459],[139.12249487861723,35.25111784881763],[139.12260975259986,35.251131410178665],[139.12273191100905,35.25120057584887],[139.1239791801676,35.25211321565188],[139.12430923457399,35.252215709835724],[139.12480831053398,35.252610733508796],[139.12613818390722,35.25261851126311],[139.12666339551535,35.25283270048632],[139.12680444173085,35.25282345380749],[139.12694609904602,35.25274385976635],[139.127045138545,35.2526288076242],[139.12707696358962,35.25249329220432],[139.1273163497583,35.25244940888043],[139.1274389807157,35.252445124269826],[139.12754584837228,35.252476520770465],[139.1275619599325,35.25240056038537],[139.1274893082969,35.25229457613693],[139.12713622366138,35.25202104498527],[139.12711951241513,35.251829896252445],[139.1270835566977,35.251734196071396],[139.12690634585738,35.25164760150936],[139.1267782282733,35.2516067134765],[139.12658298939664,35.25150508354255],[139.12666706467962,35.25100284203461],[139.12672374865463,35.2508271911619],[139.1267305863564,35.25074174041216],[139.12670072723165,35.25065107617315],[139.12675736515027,35.250480495266316],[139.1267580638714,35.25040007951648],[139.12670435269246,35.25023385447857],[139.12640643359444,35.24996064396803],[139.12637008532514,35.249915221716456],[139.1263524590945,35.2498246283053],[139.12636569593332,35.249714074783874],[139.12641707226098,35.249442903183926],[139.12560450932347,35.249855399562264],[139.1255069149515,35.24980461925728],[139.12523741457858,35.24978790320564],[139.12501811288303,35.24963584971209],[139.12493875802798,35.249600175806144],[139.12469472227275,35.24966128139327],[139.12443935225951,35.24994414409462],[139.12440770398376,35.24996543760858],[139.12431868281487,35.25000456256896],[139.1240979960384,35.24973095477392],[139.12390881712506,35.249639355782755],[139.12378035777255,35.249613533467425],[139.1237596664708,35.24917603083984],[139.1236804883472,35.24912021697678],[139.12316145932803,35.24884042226398],[139.1228126736396,35.24872675969484],[139.1228085853485,35.24857075510473],[139.12278073338405,35.248452285461205],[139.12270423714315,35.24832057307623],[139.12261259018348,35.248233065629236],[139.12240739674806,35.24812770972175],[139.12210697202727,35.24814848057552],[139.12189318251356,35.24796124496952],[139.12181530437752,35.247963111429236],[139.12169184568378,35.24806294708024],[139.1215328345722,35.248026802247075],[139.12090027084344,35.247480144012094],[139.12093205964504,35.24734963081458],[139.12099352564042,35.2473298520132],[139.12122035950208,35.247316114995975],[139.12158173766858,35.24733837930787],[139.12200410053498,35.24739613936669],[139.12215118600855,35.247397002948205],[139.12225561709107,35.247367476070146],[139.12238004198394,35.24715201636258],[139.12217223808008,35.2470904464299],[139.1219513667163,35.24711928902612],[139.121466353676,35.247217000953384],[139.1214172944573,35.24722178295015],[139.1210446533496,35.24708889256772],[139.12091045963638,35.247017683216086],[139.12079481117834,35.246926512442556],[139.12019957270434,35.24631971928528],[139.12002237379383,35.24625839634364],[139.11973473913014,35.246216493082166],[139.11948945280207,35.24623511736202],[139.11938658132217,35.24601395528189],[139.11899589298085,35.245771941060056],[139.1189328824359,35.24556692804939],[139.1190517860664,35.24554101076758],[139.11918400347707,35.245528902710824],[139.11942165674765,35.24558255574116],[139.11962591466389,35.24565629154402],[139.11982291928848,35.24574463226899],[139.1201077183407,35.24583553227485],[139.12023390157316,35.24589472335492],[139.12044998158026,35.24602028685516],[139.12046245826153,35.246007121243515],[139.12056948815118,35.24590120497302],[139.120537023294,35.24574637145937],[139.1206381094671,35.24564260318263],[139.1206112279128,35.24547266105055],[139.12051470805005,35.24521696030895],[139.12051583015426,35.245108589994295],[139.12056579747787,35.24498036737043],[139.12061290243403,35.244909378001374],[139.12058919718237,35.24489628103352],[139.12065819936166,35.24484401236361],[139.1207181720474,35.24483774496801],[139.12087470541218,35.24468585187961],[139.12089136896017,35.24465531604973],[139.1210023200342,35.244635616654435],[139.12113712253338,35.24464154987344],[139.1211509752274,35.24466240558702],[139.12125171779556,35.244641801449134],[139.12123975509118,35.24461595639086],[139.1213551466559,35.244540086553975],[139.12137823784917,35.24456944708932],[139.12142744832795,35.24452276577623],[139.12170438480754,35.244599461788894],[139.1218110070262,35.24464262191469],[139.12194880877246,35.24465420533241],[139.12213081253734,35.244598091323454],[139.1222857335077,35.24451238199146],[139.12230635199842,35.24445665879091],[139.12243154023892,35.24434021190634],[139.1224270888107,35.244368214065204],[139.12254995430845,35.244276893289296],[139.12298023737333,35.244026110251504],[139.1233032444076,35.2439734254446],[139.12342236683637,35.24393694056314],[139.12352832916417,35.24386911133859],[139.12345092969088,35.24386591222985],[139.12355294911072,35.243792425607104],[139.1236194483568,35.24378570236389],[139.1236672159509,35.243736898191514],[139.12379785914524,35.24367372067509],[139.1241477219843,35.24382872297708],[139.1242976923281,35.24387206500483],[139.12431703872284,35.24391259961212],[139.12443385552288,35.243938493737716],[139.1244901641458,35.2438847392024],[139.12458104558687,35.24391203135694],[139.12455180606946,35.24386418440375],[139.12462021755425,35.243805571037775],[139.12474020662793,35.24388599031761],[139.12471335803536,35.2438444953169],[139.12479306375306,35.24386376434029],[139.12477806034988,35.24379769155235],[139.1248575079941,35.24356625677754],[139.12487137649188,35.24347711411254],[139.124840715715,35.24340031616229],[139.12480930405306,35.24312907959277],[139.12481913257133,35.24307991172699],[139.12473988052133,35.242949662021815],[139.1246445469971,35.24276389536333],[139.12456111296422,35.24257679089624],[139.1245014351885,35.24244630288031],[139.12451204345064,35.24230291544035],[139.1245014680438,35.24225081258229],[139.12433522023156,35.24204188571581],[139.12409238886667,35.241888989052796],[139.12399778433144,35.241733085213795],[139.12395858778268,35.2416261678151],[139.12486037136586,35.2407591946343],[139.1249453468354,35.24094159009935],[139.12501188674375,35.24102831618808],[139.12575725291515,35.24144230941875],[139.12611560582184,35.24168608693392],[139.12645163796682,35.24195015534976],[139.1267216003203,35.242117783809114],[139.12686436426182,35.24222967084218],[139.1278791842181,35.242857967861895],[139.1283683524184,35.2430889802264],[139.12895786766734,35.243359728117895],[139.12975001368153,35.24374446722608],[139.13001035863277,35.24397344170411],[139.13026715046828,35.244270915486304],[139.13050480846982,35.24449313797974],[139.1306664855097,35.2446127374852],[139.1307847479894,35.24470025374899],[139.1309491918701,35.24480268541911],[139.13079154139274,35.24500148778403],[139.13214837674454,35.24577080884719],[139.1329576224812,35.246069004130874],[139.13282825279083,35.24656275396774],[139.1327593654378,35.2469112917307],[139.13277669340127,35.247136950749145],[139.13279528919625,35.24755916295761],[139.13287590839462,35.248056238259196],[139.13292732805763,35.2482706157674],[139.13288328084846,35.248291628227165],[139.1327935679615,35.24847145781813],[139.13275918910213,35.248516117756914],[139.13277417194195,35.24879471928994],[139.13277775700035,35.24900642637333],[139.13275470850883,35.24924037218479],[139.13274799440651,35.24950659545599],[139.13279902782295,35.24997512046047],[139.13278066702895,35.25023803695544],[139.13273272494104,35.25050655678841],[139.1327636083283,35.250748209884584],[139.13282916970817,35.251015484539614],[139.13295249116277,35.25119471546102],[139.13317225566246,35.251370067599346],[139.13331547658186,35.25145673972491],[139.13330412475693,35.25152385525858],[139.13326483039157,35.25157081070711],[139.1331842438021,35.25175231272959],[139.13304856233472,35.25175209124895],[139.1328697557813,35.25179999934967],[139.13275331815512,35.251962420128464],[139.13257461692942,35.252097720858785],[139.1322518295073,35.25225141173134],[139.13207850640427,35.25238991224902],[139.13188624600622,35.25242985363036],[139.13149081544148,35.25244558909589],[139.13132561711586,35.25254793803812],[139.13094823819202,35.252496313134124],[139.13069640186518,35.252485907972996],[139.1305980456535,35.25246287323809],[139.13035914111188,35.25222789931349],[139.13020102629224,35.252146137760576],[139.1301244454274,35.25213667900947],[139.1298658767639,35.25227446953714],[139.12960247961482,35.2523402601802],[139.12928310753367,35.25254508794753],[139.12920629085,35.252562598386675],[139.1288282096762,35.252587299552395],[139.12830167928877,35.25268310375871],[139.12819206615274,35.252695915548486],[139.1279296457203,35.25266868281509],[139.1276349794765,35.252538517739545],[139.12765864331396,35.252556965088914],[139.12774631025155,35.252817469377156],[139.12797478386764,35.25321012898948],[139.12803237200154,35.253454543075925],[139.12800227445433,35.25368781322711],[139.12786846515615,35.25373851031657],[139.12772463300402,35.25376196692914],[139.1276762886259,35.25388675238727],[139.1275824059289,35.254055426637784],[139.12740339192737,35.25414099951067],[139.1271266272293,35.25418818626733],[139.12670975679043,35.25415082403185],[139.1263321832127,35.25424953162081]]]]}},{"type":"Feature","properties":{"area_id":"142060640","city":"小田原市","ward":"","town":"入生田","chome":"","num_households":336},"geometry":{"type":"MultiPolygon","coordinates":[[[[139.12056948815118,35.24590120497302],[139.12046245826153,35.246007121243515],[139.12044998158026,35.24602028685516],[139.12023390157316,35.24589472335492],[139.1201077183407,35.24583553227485],[139.11982291928848,35.24574463226899],[139.11962591466389,35.24565629154402],[139.11942165674765,35.24558255574116],[139.11918400347707,35.245528902710824],[139.1190517860664,35.24554101076758],[139.1189328824359,35.24556692804939],[139.11899589298085,35.245771941060056],[139.11938658132217,35.24601395528189],[139.11948945280207,35.24623511736202],[139.11973473913014,35.246216493082166],[139.12002237379383,35.24625839634364],[139.12019957270434,35.24631971928528],[139.12079481117834,35.246926512442556],[139.12091045963638,35.247017683216086],[139.1210446533496,35.24708889256772],[139.1214172944573,35.24722178295015],[139.121466353676,35.247217000953384],[139.1219513667163,35.24711928902612],[139.12217223808008,35.2470904464299],[139.12238004198394,35.24715201636258],[139.12225561709107,35.247367476070146],[139.12215118600855,35.247397002948205],[139.12200410053498,35.24739613936669],[139.12158173766858,35.24733837930787],[139.12122035950208,35.247316114995975],[139.12099352564042,35.2473298520132],[139.12093205964504,35.24734963081458],[139.12090027084344,35.247480144012094],[139.1215328345722,35.248026802247075],[139.12169184568378,35.24806294708024],[139.12181530437752,35.247963111429236],[139.12189318251356,35.24796124496952],[139.12210697202727,35.24814848057552],[139.12240739674806,35.24812770972175],[139.12261259018348,35.248233065629236],[139.12270423714315,35.24832057307623],[139.12278073338405,35.248452285461205],[139.1228085853485,35.24857075510473],[139.1228126736396,35.24872675969484],[139.12316145932803,35.24884042226398],[139.1236804883472,35.24912021697678],[139.1237596664708,35.24917603083984],[139.12378035777255,35.249613533467425],[139.12390881712506,35.249639355782755],[139.1240979960384,35.24973095477392],[139.12431868281487,35.25000456256896],[139.12440770398376,35.24996543760858],[139.12443935225951,35.24994414409462],[139.12469472227275,35.24966128139327],[139.12493875802798,35.249600175806144],[139.12501811288303,35.24963584971209],[139.12523741457858,35.24978790320564],[139.1255069149515,35.24980461925728],[139.12560450932347,35.249855399562264],[139.12641707226098,35.249442903183926],[139.12636569593332,35.249714074783874],[139.1263524590945,35.2498246283053],[139.12637008532514,35.249915221716456],[139.12640643359444,35.24996064396803],[139.12670435269246,35.25023385447857],[139.1267580638714,35.25040007951648],[139.12675736515027,35.250480495266316],[139.12670072723165,35.25065107617315],[139.1267305863564,35.25074174041216],[139.12672374865463,35.2508271911619],[139.12666706467962,35.25100284203461],[139.12658298939664,35.25150508354255],[139.1267782282733,35.2516067134765],[139.12690634585738,35.25164760150936],[139.1270835566977,35.251734196071396],[139.12711951241513,35.251829896252445],[139.12713622366138,35.25202104498527],[139.1274893082969,35.25229457613693],[139.1275619599325,35.25240056038537],[139.12754584837228,35.252476520770465],[139.1274389807157,35.252445124269826],[139.1273163497583,35.25244940888043],[139.12707696358962,35.25249329220432],[139.127045138545,35.2526288076242],[139.12694609904602,35.25274385976635],[139.12680444173085,35.25282345380749],[139.12666339551535,35.25283270048632],[139.12613818390722,35.25261851126311],[139.12480831053398,35.252610733508796],[139.12430923457399,35.252215709835724],[139.1239791801676,35.25211321565188],[139.12273191100905,35.25120057584887],[139.12260975259986,35.251131410178665],[139.12249487861723,35.25111784881763],[139.1223587201689,35.25114282366459],[139.12226421725757,35.25118515406124],[139.12223732788055,35.25127076806739],[139.12239075250835,35.251661868735006],[139.12239007719086,35.251739115311814],[139.1222950171688,35.251850032887056],[139.12199461319935,35.252126991459846],[139.1216985000596,35.25250692892922],[139.12154995237205,35.252750555405804],[139.12154074773306,35.252983099465915],[139.12152414248715,35.253090251962426],[139.12145969953173,35.25328282537128],[139.12130311988537,35.25355105255566],[139.12117140391828,35.253666049061614],[139.1208980629524,35.25383169035121],[139.12074596946627,35.25388656865491],[139.1204530825608,35.253901957289735],[139.12025450299583,35.2538879723472],[139.12012926490954,35.25386146107939],[139.1196862740311,35.2537001941628],[139.11951406684048,35.25366488473582],[139.11919993275836,35.25371451085496],[139.1188719369998,35.25375391271953],[139.1185858044,35.25360666661689],[139.11783247623123,35.25325427286656],[139.11741441929706,35.25297744573452],[139.11714831379243,35.25284256732266],[139.11646343604744,35.25260056647517],[139.1159607368248,35.25218302675848],[139.11538702727276,35.25159274582558],[139.11514792788628,35.251190778269475],[139.11516947942897,35.25105929114411],[139.1150523677042,35.25077438017369],[139.11496245083333,35.25051110907144],[139.11471679568865,35.25029796887592],[139.1142527629281,35.25003444926848],[139.11397950396645,35.249860860759654],[139.113687334018,35.24984039431882],[139.113170272698,35.24983647615759],[139.1129921963527,35.249849642890766],[139.11256793247625,35.24989937075318],[139.1118104330859,35.24964677115192],[139.11110792513705,35.24929245575383],[139.1105918091473,35.249081426872216],[139.1103273503389,35.24900069709512],[139.11027400511486,35.24895150652908],[139.10925610532098,35.24876712364764],[139.10888268721098,35.24877566582548],[139.10837573452838,35.24879904120704],[139.1069850521003,35.24879782424415],[139.1064086688956,35.24872303280237],[139.1060098271562,35.24857015160019],[139.10507014703853,35.24833289712563],[139.10477182993327,35.248103859596654],[139.10445843185198,35.24771861047862],[139.10439890972253,35.24766487496491],[139.1041983274153,35.247412058574064],[139.10408690449796,35.24713435748689],[139.10379577337616,35.246516645587874],[139.10350500149167,35.24594548303436],[139.10296024932492,35.245161603504066],[139.10212457762185,35.244961858171415],[139.10163303372897,35.24490628994784],[139.10066226346325,35.244313395068346],[139.0998926301452,35.24385367801147],[139.09924893190473,35.243804008932365],[139.09870418776717,35.243709020865026],[139.09822556411467,35.24335422184697],[139.09777198504287,35.24290703866963],[139.0973617805374,35.242333709276],[139.09731002840817,35.242151847912005],[139.09728473660826,35.24206282132604],[139.09795103201827,35.241289830652875],[139.0985671562744,35.24070146042022],[139.0988605431725,35.24015880715746],[139.09916622533504,35.23982319823052],[139.0995683944374,35.239400779676615],[139.09998532104095,35.23922682696997],[139.10034784533394,35.23933725996496],[139.10098048160958,35.239544955121936],[139.10166878217555,35.23992023574502],[139.10238589337365,35.24007963123402],[139.10313792985713,35.24012536277336],[139.10366662501957,35.23990214131274],[139.10391294717888,35.23980968376923],[139.1046243335285,35.23941946177831],[139.10546054429423,35.239112944132486],[139.10636889064784,35.238994456312746],[139.10753806590643,35.23891710307089],[139.10850622493575,35.238587903864016],[139.10887878044795,35.23843999518554],[139.10922959860207,35.23852589469833],[139.10980419138406,35.23861136609047],[139.1103605007518,35.2387307392995],[139.11069796455917,35.23893338007199],[139.11113264660034,35.23923181016358],[139.11149819892756,35.2392246216949],[139.1116245834449,35.23921107881217],[139.1121124770836,35.239118773574184],[139.11271888301687,35.239053578320245],[139.11340228735395,35.23925925611189],[139.11360227585755,35.239381428396946],[139.114097957786,35.23967006821504],[139.1143127587465,35.239786833341945],[139.11465333148314,35.23982378214261],[139.11515565916645,35.23974443841337],[139.11585009887312,35.23946468226562],[139.11591551030685,35.239430070112306],[139.1160919539757,35.239336749371084],[139.11619415679078,35.23939333896711],[139.1164620510704,35.23950527374266],[139.11703743133256,35.23967324985166],[139.11730347697628,35.23969306147693],[139.11741437868108,35.23964906951541],[139.11758694348873,35.23960149745512],[139.1178047150183,35.23960074157434],[139.11790140848632,35.23961546702847],[139.11848939083228,35.23999047834205],[139.11868724458964,35.24012227658319],[139.11878937613497,35.24003104938494],[139.11884168535488,35.2400271330328],[139.11911804690953,35.23972806237708],[139.11935472249718,35.239466503609556],[139.11937704198957,35.23944184677918],[139.12052537319656,35.240085214337654],[139.12060506327325,35.24002765579151],[139.12080722990103,35.24020609554101],[139.12095959931503,35.240077838438715],[139.12086818691063,35.23994054285606],[139.12091822758842,35.23986738697193],[139.12076256656817,35.23966640486675],[139.12073546677038,35.23959033187571],[139.120748939095,35.2394587231472],[139.12069169572965,35.239384232363705],[139.12000108299472,35.23865349220434],[139.11985131141589,35.23844712182185],[139.11974264974634,35.23824620336499],[139.11962674227414,35.23794186419157],[139.11950863734904,35.23786821283003],[139.11941267666705,35.23772801487794],[139.11951436063077,35.237699048820225],[139.11967031950624,35.23762098513182],[139.11976390433733,35.23757312686323],[139.11982353530314,35.237503546703685],[139.11975355851294,35.23745581607363],[139.11964388223606,35.23736373602252],[139.119496415677,35.23732012201776],[139.11956115947504,35.23724409552938],[139.1194656369929,35.23715001353369],[139.11940723438488,35.23709065653029],[139.11920280591474,35.23693128671038],[139.1188850374884,35.236893639855765],[139.11863425638637,35.23680293842532],[139.1184175869659,35.236703422627976],[139.11861440710499,35.23643500952111],[139.11864316588915,35.23631750453137],[139.11889942679417,35.23596120279026],[139.12019193503397,35.236776829675485],[139.1212463155693,35.23723189335701],[139.12200994375533,35.237657143277936],[139.12210759339956,35.23774377029542],[139.12226035283186,35.2379818444606],[139.1226700126419,35.23848993922466],[139.12307580069145,35.23893597027658],[139.12388965872677,35.239666424517175],[139.1240349326353,35.23980438403183],[139.1242341346352,35.24010195287542],[139.12461849230758,35.240526869807425],[139.1248503869718,35.240737728132515],[139.12486037136586,35.2407591946343],[139.12395858778268,35.2416261678151],[139.12399778433144,35.241733085213795],[139.12409238886667,35.241888989052796],[139.12433522023156,35.24204188571581],[139.1245014680438,35.24225081258229],[139.12451204345064,35.24230291544035],[139.1245014351885,35.24244630288031],[139.12456111296422,35.24257679089624],[139.1246445469971,35.24276389536333],[139.12473988052133,35.242949662021815],[139.12481913257133,35.24307991172699],[139.12480930405306,35.24312907959277],[139.124840715715,35.24340031616229],[139.12487137649188,35.24347711411254],[139.1248575079941,35.24356625677754],[139.12477806034988,35.24379769155235],[139.12479306375306,35.24386376434029],[139.12471335803536,35.2438444953169],[139.12474020662793,35.24388599031761],[139.12462021755425,35.24380557103778],[139.12455180606946,35.24386418440378],[139.12458104558687,35.243912031356956],[139.12449016414575,35.243884739202436],[139.12443385552288,35.243938493737716],[139.12431703872284,35.24391259961215],[139.1242976923281,35.24387206500483],[139.1241477219843,35.24382872297709],[139.12379785914524,35.24367372067511],[139.1236672159509,35.243736898191514],[139.1236194483568,35.24378570236385],[139.12355294911072,35.243792425607104],[139.12345092969088,35.24386591222988],[139.12352832916417,35.24386911133859],[139.12342236683637,35.24393694056317],[139.1233032444076,35.2439734254446],[139.12298023737333,35.244026110251504],[139.12254995430845,35.244276893289296],[139.1224270888107,35.24436821406524],[139.12243154023892,35.244340211906355],[139.12230635199842,35.24445665879091],[139.1222857335077,35.24451238199146],[139.12213081253734,35.24459809132348],[139.12194880877246,35.24465420533241],[139.1218110070262,35.24464262191469],[139.12170438480754,35.244599461788894],[139.12142744832795,35.244522765776246],[139.12137823784917,35.24456944708932],[139.1213551466559,35.244540086553975],[139.12123975509115,35.24461595639086],[139.12125171779556,35.244641801449134],[139.1211509752274,35.24466240558702],[139.12113712253338,35.24464154987344],[139.1210023200342,35.244635616654435],[139.12089136896017,35.244655316049766],[139.12087470541218,35.244685851879616],[139.1207181720474,35.24483774496801],[139.12065819936166,35.24484401236361],[139.12058919718234,35.24489628103352],[139.120612902434,35.24490937800136],[139.12056579747787,35.24498036737043],[139.12051583015426,35.245108589994295],[139.12051470805005,35.24521696030895],[139.1206112279128,35.24547266105055],[139.1206381094671,35.24564260318263],[139.120537023294,35.2457463714594],[139.12056948815118,35.24590120497302]]]]}},{"type":"Feature","properties":{"area_id":"142060650","city":"小田原市","ward":"","town":"水之尾","chome":"","num_households":28},"geometry":{"type":"MultiPolygon","coordinates":[[[[139.13449327628774,35.25646491950574],[139.1345516158663,35.25663947897643],[139.13439353608115,35.25670694281827],[139.13423261648504,35.25682009457331],[139.13405312176985,35.25702158794838],[139.13378131692897,35.25725480064633],[139.13363533495158,35.257308110167855],[139.13352512990522,35.257369231369076],[139.13319110953356,35.25734441256432],[139.13261237831986,35.257213107204635],[139.1322358125493,35.25709451931046],[139.13212933994183,35.257026368622085],[139.13201476631656,35.25692697442843],[139.13194917766077,35.25684201926812],[139.13159047847105,35.25685198072284],[139.13140898609527,35.25681670335943],[139.13142441333775,35.25674024591114],[139.13162411698417,35.256366623780025],[139.131090223875,35.25618423465329],[139.13112033907322,35.256111875929314],[139.13128066808366,35.255933162639685],[139.13141962789385,35.25574355074896],[139.13124279037015,35.25576618619115],[139.13095223144165,35.25589400386036],[139.1306632638446,35.25597683110368],[139.1305026821955,35.25584688740473],[139.13022968009955,35.25578607736841],[139.12998901067616,35.25574411620598],[139.12937980535318,35.25554001488401],[139.12918718755094,35.255382278178296],[139.12906145560942,35.255199156480025],[139.12889623248853,35.25520404019249],[139.12871688223584,35.2552986274115],[139.12846585630754,35.255238433862864],[139.12822862401654,35.255097548617826],[139.1279018630191,35.25499944872179],[139.12761507207657,35.255019325201495],[139.12739143807704,35.25512182095069],[139.12723251107394,35.25526187659851],[139.12718198617281,35.255449604670034],[139.12723076447966,35.255630871268636],[139.12734173716896,35.25592158198564],[139.1273412036992,35.256254598699805],[139.12715690695924,35.25649309407402],[139.12693356118277,35.25658657662054],[139.12676892114473,35.25657350343994],[139.12653231695006,35.25641458972415],[139.12637899952148,35.25639277902714],[139.12625650749231,35.25643473876053],[139.12625214972388,35.256560695437216],[139.12633233675558,35.25678763711574],[139.1262620137615,35.256911941823724],[139.1260842071659,35.25696153506026],[139.12578734477694,35.256954165679524],[139.12539679368479,35.25679146269417],[139.12508571210893,35.2565587320505],[139.12501714437192,35.25631404124878],[139.1249591840622,35.25576357595252],[139.1248466703516,35.25551778272621],[139.12470497132594,35.25547829143941],[139.12461669895268,35.25548509819729],[139.12455518163813,35.255672549856996],[139.12449177570065,35.25591400362479],[139.12429551940735,35.256179184188326],[139.12406844083668,35.25638052396241],[139.12394875598395,35.25634158387786],[139.1238083157854,35.25626604461266],[139.12373505418822,35.256156251680565],[139.1238054227285,35.2560320192231],[139.12383393940607,35.25584367086264],[139.12379712010804,35.25563578384816],[139.12371291588428,35.2555256450608],[139.12354798529714,35.25552157917664],[139.12338053789918,35.25558939779547],[139.12289496716474,35.255946397805594],[139.12277654323762,35.25587147850659],[139.12264801379217,35.25576924750696],[139.12243465304763,35.25557497118031],[139.1224933628171,35.25546841812714],[139.12273931382364,35.25535754129388],[139.12321707970258,35.255225350245034],[139.1237812708503,35.25514035243434],[139.1240595924839,35.25504825369237],[139.12395182048718,35.25498255321643],[139.12366842667439,35.25490349972611],[139.12341740532165,35.25484329589444],[139.1230756378703,35.25486185370631],[139.12280926861104,35.254927189536865],[139.12250708370433,35.255072734196965],[139.12219269595562,35.2552539101544],[139.1218219511048,35.25515476207383],[139.1214886201569,35.25493048431649],[139.12111314857964,35.25465110102416],[139.12090889128763,35.25451103075937],[139.12139676007084,35.254406156046116],[139.12192295076562,35.25446417689057],[139.12238225694296,35.2545475783423],[139.12267848007278,35.25457297970386],[139.12316349444157,35.25454899740791],[139.12358133096683,35.25455933600007],[139.12421466650517,35.25470107364016],[139.12450812545268,35.25480736719857],[139.12480343034164,35.25485965874374],[139.1252347282843,35.25479831234067],[139.12563645778553,35.25463728640017],[139.12597348060135,35.25443862771207],[139.1263321832127,35.25424953162081],[139.12670975679043,35.25415082403185],[139.1271266272293,35.25418818626733],[139.12740339192737,35.25414099951064],[139.1275824059289,35.254055426637784],[139.1276762886259,35.25388675238727],[139.12772463300405,35.25376196692914],[139.12786846515615,35.25373851031656],[139.12800227445433,35.253687813227074],[139.12803237200154,35.253454543075925],[139.12797478386764,35.25321012898944],[139.12774631025155,35.252817469377156],[139.12765864331396,35.25255696508891],[139.1276349794765,35.252538517739545],[139.12792964572026,35.25266868281509],[139.12819206615274,35.252695915548486],[139.12830167928877,35.25268310375869],[139.12882820967616,35.252587299552395],[139.12920629085,35.252562598386675],[139.12928310753367,35.25254508794753],[139.12960247961482,35.25234026018019],[139.1298658767639,35.25227446953714],[139.1301244454274,35.25213667900947],[139.13020102629224,35.252146137760576],[139.13035914111194,35.25222789931349],[139.13059804565356,35.25246287323809],[139.13069640186524,35.252485907972996],[139.13094823819202,35.25249631313412],[139.1313256171159,35.25254793803812],[139.13149081544148,35.25244558909589],[139.13188624600622,35.25242985363036],[139.13207850640427,35.252389912249036],[139.1322518295073,35.25225141173134],[139.13257461692942,35.252097720858785],[139.13275331815512,35.251962420128486],[139.1328697557813,35.25179999934964],[139.13304856233472,35.25175209124895],[139.13318424380216,35.25175231272959],[139.13326483039157,35.25157081070711],[139.13330412475693,35.25152385525858],[139.1334933150567,35.25178050789991],[139.1335513008395,35.2517411250686],[139.1337592750417,35.25189514101051],[139.13388197676107,35.251997186093035],[139.13428071016696,35.252241034063346],[139.13448998917133,35.25226365204714],[139.13481493975914,35.252352500926996],[139.13508548015892,35.25237934562294],[139.13543422332896,35.252427063505785],[139.1356624434602,35.25248352106011],[139.13568050221835,35.25259496170152],[139.1355425662633,35.25278718911636],[139.1354125315786,35.252793761995065],[139.13524417008549,35.25287976020599],[139.1351008011797,35.25324934660223],[139.1349110253808,35.25356436998894],[139.1348721954436,35.25371717043976],[139.13473566273393,35.25393532070238],[139.13462994652318,35.25423878686359],[139.13460214367115,35.25449693034423],[139.1346000057294,35.25463585916769],[139.13465459366955,35.2546874412969],[139.1346993694275,35.254686925001835],[139.13484667883856,35.254973193486364],[139.13491479569296,35.25518900451934],[139.13472583489894,35.25565825399234],[139.13477334918417,35.255808737227774],[139.13473812131053,35.256076696681234],[139.13470705136004,35.256170529052476],[139.13451822773175,35.25616915486784],[139.13441306825067,35.25619770144713],[139.13427866914853,35.25627699246405],[139.13416671339772,35.25625733190671],[139.1340534635202,35.25629836664146],[139.13404479452265,35.256397821912756],[139.13409932276858,35.25641165788056],[139.13437536875907,35.25642346372636],[139.13449327628774,35.25646491950574]]]]}},{"type":"Feature","properties":{"area_id":"14206066001","city":"小田原市","ward":"","town":"早川","chome":"1","num_households":208},"geometry":{"type":"MultiPolygon","coordinates":[[[[139.15178583185244,35.24061546126989],[139.1515448032495,35.24074782906411],[139.15123448998574,35.240927833102674],[139.1503063436028,35.24146616406628],[139.1498712836832,35.241663345856885],[139.14981316380954,35.24168456508969],[139.1493089407052,35.241868607186994],[139.14905914111966,35.24197655484849],[139.14812054150656,35.24238227926393],[139.14804015908285,35.24241703297236],[139.14700273697798,35.242879791715644],[139.14698989985257,35.242885422841795],[139.14665670119945,35.24234361189864],[139.1464259776837,35.241956322015454],[139.14640069076486,35.24192681201176],[139.14610651243288,35.2414457821698],[139.1460751453214,35.241374126215725],[139.14574146458867,35.240576185720364],[139.14572817775067,35.24055892669732],[139.14560493881083,35.24049005655893],[139.1454433801486,35.24006597496269],[139.1453453794652,35.240012178161265],[139.14509635732972,35.23944097923241],[139.14512966958083,35.23942483165464],[139.14501201998021,35.2391678974607],[139.14491157497565,35.23895718714287],[139.14513499047024,35.2388882533366],[139.145579757476,35.23876607515666],[139.145779231954,35.23870129888819],[139.14605263678686,35.23884151696677],[139.14606319162513,35.23884678884568],[139.14611152240022,35.238866500016634],[139.1462508155129,35.23865074994702],[139.146251201241,35.238650892437455],[139.146412119542,35.23841026556829],[139.14649510585676,35.23827024864016],[139.14655433274413,35.23815354649393],[139.146599513096,35.23805866522437],[139.14656143422732,35.238034645955075],[139.14656302173393,35.237978811177896],[139.14647953531548,35.23790397084381],[139.14650708867808,35.23789277579844],[139.146522882281,35.23788502322339],[139.14654598146154,35.237873682850484],[139.14658652648887,35.23785356775154],[139.1465953383568,35.2378509139122],[139.14659865702268,35.23784822821887],[139.14660197635428,35.23784554307948],[139.1466064238862,35.23783925859595],[139.14660755342302,35.23783565980966],[139.14660762204147,35.23782754748621],[139.1466074504858,35.23781040945832],[139.14674900744143,35.237707060729065],[139.14705457678988,35.23748394500463],[139.14736334462864,35.23781660717041],[139.14733632014887,35.237870889534754],[139.14739737015373,35.237980177020304],[139.14755508930057,35.23817353391789],[139.14766910248662,35.23829762934085],[139.1477220179175,35.2383233517991],[139.14794528544434,35.23861693665481],[139.148037661901,35.23868105110571],[139.14809531882182,35.2386686316304],[139.14823176153888,35.23859659130752],[139.1482519910925,35.2386252964328],[139.1479766767132,35.23880795493737],[139.14800406016414,35.23883832094447],[139.14794749920162,35.23887842201196],[139.14799033664676,35.238938875051694],[139.14778029833604,35.239075777963855],[139.14764912193658,35.23894073984181],[139.14703184933148,35.23933482901634],[139.1470333006069,35.239371385715316],[139.14657119306534,35.23967635479659],[139.1465273590482,35.239662795595706],[139.1464490276393,35.239714250242294],[139.1468653619933,35.240117385497726],[139.14694001957065,35.240069078681785],[139.14707898912005,35.24022155579111],[139.1476578186809,35.24080250626384],[139.1477412779869,35.24088079525413],[139.14868602531047,35.24026328396159],[139.14792067073395,35.23946860804765],[139.14797717516976,35.239465759317774],[139.14807658989557,35.239392663356305],[139.14851425212095,35.239211559361465],[139.14853736879613,35.238908177020825],[139.14863311244693,35.238929352808896],[139.14862506114457,35.239069797359925],[139.14935748798823,35.23940746213681],[139.1493600913543,35.239404026262626],[139.14952392825813,35.239187846222904],[139.14955278592026,35.23910942052592],[139.14957251667883,35.23882038363536],[139.14961570223946,35.238788516290725],[139.14973372167591,35.2392325543566],[139.14980116479046,35.23939863703775],[139.1499797391454,35.23957809379105],[139.15012744840675,35.23969716633289],[139.15038778875797,35.239830115502244],[139.15080078623177,35.23996364438281],[139.15089153331917,35.24002795917283],[139.15120323003975,35.24027562955063],[139.1513272896321,35.24032379401563],[139.1514171627533,35.24038000451114],[139.15145533471485,35.240444232621435],[139.15160170027423,35.24052963453844],[139.15178583185244,35.24061546126989]]]]}},{"type":"Feature","properties":{"area_id":"14206066002","city":"小田原市","ward":"","town":"早川","chome":"2","num_households":307},"geometry":{"type":"MultiPolygon","coordinates":[[[[139.14698989985257,35.242885422841795],[139.14649038489034,35.24310468988033],[139.1457352657193,35.243436229902],[139.14538493208943,35.24359000599446],[139.14467484885864,35.24391926280457],[139.1442247515809,35.244180563425495],[139.1431347781628,35.24482623105409],[139.14312073470575,35.24482206693734],[139.14281947359547,35.24446337870812],[139.1424714759314,35.244049000782724],[139.14221033622636,35.24361652704153],[139.1419576207332,35.24319290371834],[139.14188032731386,35.24316703893164],[139.14179227189265,35.24315484411347],[139.14154745631944,35.24325527198658],[139.1415220512825,35.243219633928035],[139.14126684109883,35.24280733081267],[139.14100634298944,35.242406334812635],[139.14123602495678,35.24236913122647],[139.14141370948127,35.242339516973416],[139.14175696976585,35.242326061199265],[139.1417198371777,35.24215042872933],[139.1419994505312,35.24217688884625],[139.1421055653814,35.242154679992304],[139.14244348845835,35.242173164328044],[139.14266052631405,35.242164053930274],[139.14292370340218,35.24213471553395],[139.14298987151932,35.24222734553564],[139.14350236730155,35.242021546626944],[139.14438764840298,35.241766819779556],[139.14475222608687,35.2417445347542],[139.1448832546911,35.24172500099749],[139.14504550780438,35.241647195648774],[139.14509715268733,35.24172150225736],[139.14542050681257,35.24159018015089],[139.1453943270124,35.24153432727472],[139.14564406904333,35.241443992114725],[139.14552463230766,35.241179654876596],[139.14522984030404,35.24125811329357],[139.1452963143261,35.24093490734392],[139.14524666668967,35.24089835787028],[139.14535387998026,35.24063481972107],[139.1454004411735,35.24040255421378],[139.14560493881083,35.24049005655893],[139.14572817775067,35.24055892669732],[139.14574146458867,35.240576185720364],[139.1460751453214,35.241374126215725],[139.14610651243288,35.2414457821698],[139.14640069076486,35.24192681201176],[139.1464259776837,35.241956322015454],[139.14665670119945,35.24234361189864],[139.14698989985257,35.242885422841795]]]]}},{"type":"Feature","properties":{"area_id":"14206066003","city":"小田原市","ward":"","town":"早川","chome":"3","num_households":574},"geometry":{"type":"MultiPolygon","coordinates":[[[[139.14100634298944,35.242406334812635],[139.14126684109883,35.24280733081267],[139.1415220512825,35.243219633928035],[139.14154745631944,35.24325527198658],[139.14179227189265,35.24315484411347],[139.14188032731386,35.24316703893164],[139.1419576207332,35.24319290371834],[139.14221033622636,35.24361652704153],[139.1424714759314,35.244049000782724],[139.14281947359547,35.24446337870812],[139.14312073470575,35.24482206693734],[139.1431347781628,35.24482623105409],[139.1431416609531,35.244834439804016],[139.1425381002506,35.24517274433646],[139.14165995703323,35.24569869681286],[139.14085621542068,35.24596943941527],[139.14044739425395,35.246099205873804],[139.140226372504,35.246156528657885],[139.13996934328557,35.24518690344459],[139.1398466451465,35.2447428254295],[139.13851345556398,35.24501016349092],[139.1371586424185,35.24529580963928],[139.1370026019235,35.24476724204533],[139.1368952827301,35.244343666521985],[139.13635975992256,35.244448394562916],[139.1362258883013,35.24447839670719],[139.13622265678555,35.24441992745989],[139.13627257691087,35.244409511318814],[139.13620783414248,35.244186602889904],[139.1361920346475,35.24409714620772],[139.1360487439068,35.24412462837105],[139.13593321131452,35.24410832758839],[139.1357141286257,35.24399016167945],[139.13548394266394,35.24400031026997],[139.13544818051173,35.243996371247796],[139.1352992053608,35.24368142579576],[139.1358639011187,35.24348292852273],[139.13630155351368,35.24332904672648],[139.1365990271572,35.243254848164476],[139.13714181597535,35.24310283854651],[139.1374231856474,35.24304467206477],[139.13793978185097,35.242953705255545],[139.13861710331085,35.24280866228742],[139.13930997137643,35.24288827988708],[139.13961553300584,35.242942219175596],[139.13973061215057,35.24293597843503],[139.13971072512112,35.24290255462157],[139.13979620668547,35.24278882190826],[139.14003843310667,35.24269521349417],[139.1400485783809,35.242517315695046],[139.1408619130351,35.24231621214355],[139.14088031810093,35.242412724550015],[139.14100634298944,35.242406334812635]]]]}},{"type":"Feature","properties":{"area_id":"14206066011","city":"小田原市","ward":"","town":"早川","chome":"","num_households":441},"geometry":{"type":"MultiPolygon","coordinates":[[[[139.1352992053608,35.24368142579576],[139.13489617399975,35.243826842285465],[139.13475235574987,35.24390551766138],[139.13456135757414,35.2439555396371],[139.13451921596698,35.24431388857359],[139.1344506617139,35.24431489986922],[139.13434312513317,35.244287235346775],[139.1342000985353,35.24426915673335],[139.1335631486379,35.24424041082116],[139.1333850328721,35.244249804970515],[139.13300488356802,35.24430493315911],[139.13267768398936,35.24426705635114],[139.13255947229194,35.24425306368644],[139.13240597433534,35.24425985167062],[139.13220085447972,35.24428993349566],[139.1319278123589,35.24435243823332],[139.13174868354275,35.244310133459415],[139.13166353380208,35.24430464058492],[139.13145823531667,35.24432570545388],[139.1312332319291,35.24432228969014],[139.13112925385528,35.244335138034046],[139.1309583399181,35.24442985170389],[139.1308616309635,35.24449041782233],[139.13099139632152,35.24475152171086],[139.1309491918701,35.24480268541911],[139.1307847479894,35.24470025374899],[139.1306664855097,35.2446127374852],[139.13050480846982,35.24449313797974],[139.13026715046828,35.244270915486304],[139.13001035863277,35.24397344170411],[139.12975001368153,35.24374446722608],[139.12895786766734,35.243359728117895],[139.1283683524184,35.2430889802264],[139.1278791842181,35.242857967861895],[139.12686436426182,35.24222967084218],[139.1267216003203,35.242117783809114],[139.12645163796682,35.24195015534976],[139.12611560582184,35.24168608693392],[139.12575725291515,35.24144230941875],[139.12501188674375,35.24102831618808],[139.1249453468354,35.24094159009935],[139.12486037136586,35.2407591946343],[139.1248503869718,35.240737728132515],[139.12461849230758,35.240526869807425],[139.1242341346352,35.24010195287542],[139.1240349326353,35.23980438403183],[139.12388965872677,35.239666424517175],[139.12307580069145,35.23893597027658],[139.1226700126419,35.23848993922466],[139.12226035283186,35.2379818444606],[139.12210759339956,35.23774377029542],[139.12200994375533,35.237657143277936],[139.1212463155693,35.23723189335701],[139.12019193503397,35.236776829675485],[139.11889942679417,35.23596120279026],[139.11907377778118,35.23521287439322],[139.1187963072106,35.234937087089186],[139.11862039083815,35.23476224985093],[139.1184165566347,35.23409316817493],[139.11811278711252,35.23385137881205],[139.11783820883204,35.23363278881255],[139.11676199708242,35.23316389997538],[139.11652597016845,35.23306109670914],[139.1157960947962,35.23252417746994],[139.11504709663157,35.232005378549864],[139.11504934258517,35.23199412436663],[139.11393013776123,35.23214318655186],[139.11388745113592,35.232136735967295],[139.11406224529821,35.23140468213694],[139.11438193565314,35.23003032316602],[139.11603921573018,35.22807897149118],[139.11529153698336,35.22780306276364],[139.11511574904787,35.22766441675402],[139.11429634641,35.22759455312012],[139.1129884105565,35.22744917301718],[139.1109946154178,35.2263668683296],[139.11086752184156,35.22635575801531],[139.110421943522,35.226228026043216],[139.1099441134607,35.226204255869526],[139.10906340285428,35.22606736064645],[139.10816827291765,35.22623762287465],[139.1075980117355,35.22633814127865],[139.10660417258953,35.2263268098202],[139.10629692969408,35.22626791612273],[139.10600597818197,35.22622060095913],[139.10578371908454,35.22616947142115],[139.10485578914066,35.2259671086736],[139.1037805523961,35.22550088465182],[139.10352596670248,35.22535131489071],[139.1017067287045,35.2243704072411],[139.1001371087356,35.22365542715791],[139.0992068504583,35.22312523772953],[139.09833802410688,35.222645624993426],[139.09730554866164,35.22219387854187],[139.09681040282962,35.222056057384314],[139.0964740204366,35.22197498298176],[139.09622413198824,35.22191471693809],[139.09602905677406,35.22183858963154],[139.09563055103357,35.22172769383854],[139.0945894460536,35.2214126337384],[139.0945640720728,35.22112471905835],[139.0946062969456,35.22092560095662],[139.09449071769933,35.220666850939665],[139.09419673317674,35.22046271387632],[139.0939813657891,35.22030574847926],[139.09386630797155,35.22024539162993],[139.09290147908445,35.21985782530174],[139.09185439218612,35.219475027380135],[139.09076314545737,35.21906053300394],[139.09055388802486,35.21856189480794],[139.09054626212318,35.218239014979076],[139.09047985519086,35.21795337775646],[139.0901852166995,35.2174256151642],[139.08947341107873,35.21676511883464],[139.0894089587458,35.21671809905482],[139.08867297972654,35.21631978200315],[139.08861687190156,35.216289432274806],[139.08764798301553,35.216089251919925],[139.08744201816734,35.215862677952224],[139.08743114318474,35.21536997250853],[139.08739807135342,35.214656833010075],[139.0872815151991,35.214271926883114],[139.0874748783999,35.21364823172153],[139.08760709496565,35.21305739710491],[139.08743101861512,35.21244231619903],[139.08740551288446,35.21191628024019],[139.0875372876263,35.21153426150116],[139.0874087282437,35.21113978766167],[139.0871817029367,35.211031469169626],[139.08707879550442,35.21096716350287],[139.08696637865847,35.21092005182622],[139.08669418044934,35.210646232627134],[139.08668977645775,35.209182782307565],[139.0862994534433,35.20884857295049],[139.08597874372205,35.20859705198063],[139.08536151471432,35.20842438237329],[139.08417656912036,35.208117370744226],[139.0840042900442,35.20780374041282],[139.083919943742,35.20731495277044],[139.0839656337577,35.20703896147275],[139.08396536430627,35.206890362042486],[139.08394274694996,35.2066329564266],[139.0836497348881,35.20612193736796],[139.08349953793666,35.20582421736645],[139.08405157973502,35.205261336779365],[139.08432868341873,35.20490356362657],[139.0842567356739,35.204466543970376],[139.08384737161595,35.20389830655294],[139.08345476454713,35.20366532652783],[139.0830364162829,35.203142668202105],[139.08242585398412,35.20270648813357],[139.08220550221458,35.202705094168216],[139.08184292224232,35.2027356869858],[139.081009211363,35.2024256230339],[139.08055198388712,35.20240054189263],[139.0800492104209,35.20232693220478],[139.08003300206042,35.202140705670544],[139.0802778885737,35.20163325365553],[139.08070795801137,35.20117105797937],[139.08128401595184,35.20084435960973],[139.08162936475594,35.20077365817998],[139.08210444009913,35.20100201186482],[139.0824102562074,35.2011888729942],[139.08277317720908,35.20108313959797],[139.0829085148422,35.201211598217505],[139.08328065921293,35.201445777682245],[139.08381275723772,35.20138153148811],[139.08474880600426,35.20120918739691],[139.0855865017539,35.20109353312717],[139.0866063445992,35.200933521511516],[139.0872500010299,35.20072671120024],[139.08881614937212,35.20060721527828],[139.08899595774056,35.200593408947896],[139.08969985893503,35.20036618894263],[139.09032281383531,35.20016064320213],[139.0911887921775,35.20036667187888],[139.09185900186694,35.20046464652787],[139.09216344522451,35.20063449544402],[139.092397280614,35.20064292176327],[139.0925895157871,35.200913266436416],[139.09268999946647,35.20097896074082],[139.0932532540858,35.20127027145101],[139.09361204782022,35.20135200480224],[139.09393973308184,35.20131629321841],[139.0944177067747,35.20157840704765],[139.0947003127461,35.201970782686814],[139.09499334316533,35.20248167058629],[139.09531864171345,35.20288853331975],[139.09572381506197,35.203733498349344],[139.09574006435113,35.203919726062686],[139.09594200761808,35.20433372407256],[139.09652074026278,35.2052708250443],[139.09734801855447,35.2064490865755],[139.09815782011177,35.20766236712743],[139.09867596663977,35.20838167028427],[139.09937783030836,35.20907343433488],[139.09994294491625,35.20961985057652],[139.1004288560714,35.21044310410145],[139.10095033348406,35.211434460127705],[139.10122621356544,35.21221861586246],[139.10159452337572,35.2128784036347],[139.10213151156987,35.21334132941902],[139.10294508345424,35.21389058236674],[139.10370801823936,35.21390458990001],[139.10376126456472,35.214235477268076],[139.10504210414655,35.21469001605222],[139.10508949809477,35.21463924782019],[139.106100120311,35.21511248540434],[139.10658487652154,35.215431545201845],[139.10735272551503,35.21580055405317],[139.10800286394542,35.216137930087996],[139.10899004924337,35.21677930215908],[139.1099815927546,35.21747158995044],[139.11052176891013,35.217968271551214],[139.11107973456026,35.21824534086153],[139.11157736072656,35.21819515013717],[139.11194144647828,35.218823163544876],[139.112378023694,35.21884936436535],[139.11274690509933,35.21881121557112],[139.11312632150168,35.21889164842619],[139.11359095383017,35.21900125039568],[139.1143529574714,35.21943430636716],[139.1147165088183,35.21980491629671],[139.1152906949107,35.220452834740236],[139.11586302495454,35.22084560053145],[139.11599950681278,35.22080345414771],[139.11665433219656,35.22114079014815],[139.11765429300561,35.221457984520825],[139.11870897969123,35.221925209346765],[139.11915786178656,35.22232497014933],[139.11994797603316,35.22284145910578],[139.12044549099207,35.22332354104174],[139.1210614627833,35.22291464607158],[139.12096291321433,35.22332799983522],[139.12157587824305,35.22324189556255],[139.12173443874994,35.222781712820485],[139.12228708154623,35.22309911161439],[139.123227748762,35.22297717816226],[139.12376416943766,35.22274645984621],[139.12362923020865,35.2230733350523],[139.12422189251734,35.223226596780506],[139.1246441894353,35.22312618780333],[139.12479543009198,35.223398052740414],[139.12542797723384,35.223770268809304],[139.1258014424537,35.223910971030335],[139.12630949626276,35.224383506351074],[139.1272380420556,35.225062150340584],[139.1272210614871,35.22486395845456],[139.12807645633228,35.22531590771763],[139.12835576596598,35.225739634987804],[139.12841804471248,35.2257773911085],[139.12850821931147,35.226095653181986],[139.12892612242786,35.22637800786388],[139.12925641029977,35.22707392242377],[139.12965325696996,35.22731601242076],[139.12971553545813,35.227353978427864],[139.12986393056602,35.22741258578728],[139.13001209193047,35.227443868534905],[139.13006629513146,35.22749256280276],[139.1304659421605,35.22749664463166],[139.13075439660543,35.22764000509463],[139.13080234783632,35.22761324212144],[139.13092186375198,35.22785977326314],[139.13251645355277,35.227922254803815],[139.13271095962347,35.22781993448818],[139.1327130546994,35.22769206380679],[139.13254032817642,35.227509379389005],[139.13250731331846,35.22745172542083],[139.1328885043398,35.2273273171848],[139.13338277519048,35.22744017376089],[139.13348378472045,35.227435828017356],[139.13394246622076,35.227381721329266],[139.1344503125579,35.227373742383115],[139.135007666475,35.22743140157769],[139.13535266603614,35.227522337074916],[139.13536106808607,35.2275680178016],[139.13541708147935,35.227621086193984],[139.13541641587517,35.227757978801804],[139.13583400864536,35.22780581365328],[139.13642882876866,35.227853542484866],[139.13701701554143,35.22792925845301],[139.1372386557933,35.22802905377949],[139.1374764777068,35.22817337762241],[139.13776075763448,35.228289800681125],[139.13804285488442,35.228290722147676],[139.1382804330401,35.22834877764753],[139.13855900210578,35.228570866193145],[139.13871050251433,35.22866370582426],[139.13876847276535,35.22869924931771],[139.13885982115306,35.228795827562266],[139.13916694426302,35.22884604311093],[139.1391025012165,35.22878954785309],[139.13960090068045,35.22876304834659],[139.13973784972598,35.228741160171026],[139.1402717933738,35.22861275368343],[139.14083525014718,35.228390009180494],[139.14084800087525,35.22836423872744],[139.1410183689753,35.22833338553328],[139.1412791500393,35.228252770988476],[139.14178959697924,35.22832738457291],[139.1430591757281,35.228778580346706],[139.14305915411563,35.22880118512314],[139.14292168346267,35.22890947924384],[139.14289660962072,35.22938439122367],[139.14278411229654,35.22949268707409],[139.14283409600233,35.22955937989965],[139.1429215699596,35.229834307455995],[139.1428465720579,35.23008429260414],[139.1429215318494,35.23039259874254],[139.14300902790765,35.23053422153268],[139.14298398995717,35.23069252431167],[139.14292149640474,35.23073420700222],[139.1430589741146,35.23091752292571],[139.14292145049563,35.23138411485047],[139.14350877173842,35.23282559822437],[139.14408363471694,35.23343386655188],[139.14424059469044,35.23361320835957],[139.14425861696972,35.233633804239666],[139.14435858331854,35.23385880464179],[139.14508344697725,35.23455869899436],[139.14537073066822,35.23496244035413],[139.14546263326474,35.23509162253948],[139.14570119158174,35.23542691780908],[139.14598930902793,35.2357535527122],[139.1461151719298,35.23586109799876],[139.14629021299933,35.2359794878252],[139.14629202701806,35.23603879167796],[139.146299396357,35.23608580417487],[139.146391061167,35.23617259255546],[139.14654199258078,35.23620880364888],[139.14662289833927,35.23627384048753],[139.14697041802935,35.236048352517884],[139.1472226690451,35.23630336604521],[139.14781715230302,35.23692709268229],[139.1486018503292,35.23774575298819],[139.14857163535078,35.238030785694576],[139.14931970884476,35.23826255680492],[139.14929505770738,35.23833065442005],[139.1483637358546,35.23804700084104],[139.14831759746093,35.238062513341724],[139.1482833689417,35.23802450310121],[139.14837591315532,35.2379668599764],[139.14845440474744,35.23798772788663],[139.1484637561422,35.23778475693546],[139.14843139618608,35.23775943364655],[139.1469259687637,35.23620387488885],[139.14659012073346,35.236409284115304],[139.14625002042527,35.23662487370937],[139.14645395496876,35.23685413037872],[139.14705457678988,35.23748394500463],[139.14674900744143,35.237707060729065],[139.1466074504858,35.23781040945832],[139.14660762204147,35.23782754748621],[139.14660755342302,35.23783565980966],[139.1466064238862,35.23783925859595],[139.14660197635428,35.23784554307948],[139.14659865702268,35.23784822821887],[139.1465953383568,35.2378509139122],[139.14658652648887,35.23785356775154],[139.14654598146154,35.237873682850484],[139.146522882281,35.23788502322339],[139.14650708867808,35.23789277579844],[139.14647953531548,35.23790397084381],[139.14656302173393,35.237978811177896],[139.14656143422732,35.238034645955075],[139.146599513096,35.23805866522437],[139.14655433274413,35.23815354649393],[139.14649510585676,35.23827024864016],[139.146412119542,35.23841026556829],[139.146251201241,35.238650892437455],[139.1462508155129,35.23865074994702],[139.14611152240022,35.238866500016634],[139.14606319162513,35.23884678884568],[139.14605263678686,35.23884151696677],[139.145779231954,35.23870129888819],[139.145579757476,35.23876607515666],[139.14513499047024,35.2388882533366],[139.14491157497565,35.23895718714287],[139.14501201998021,35.2391678974607],[139.14512966958083,35.23942483165464],[139.14509635732972,35.23944097923241],[139.1453453794652,35.240012178161265],[139.1454433801486,35.24006597496269],[139.14560493881083,35.24049005655893],[139.1454004411735,35.24040255421378],[139.14535387998026,35.24063481972107],[139.14524666668967,35.24089835787028],[139.1452963143261,35.24093490734392],[139.14522984030404,35.24125811329357],[139.14552463230766,35.241179654876596],[139.14564406904333,35.241443992114725],[139.1453943270124,35.24153432727472],[139.14542050681257,35.24159018015089],[139.14509715268733,35.24172150225736],[139.14504550780438,35.241647195648774],[139.1448832546911,35.24172500099749],[139.14475222608687,35.2417445347542],[139.14438764840298,35.241766819779556],[139.14350236730155,35.242021546626944],[139.14298987151932,35.24222734553564],[139.14292370340218,35.24213471553395],[139.14266052631405,35.242164053930274],[139.14244348845835,35.242173164328044],[139.1421055653814,35.242154679992304],[139.1419994505312,35.24217688884625],[139.1417198371777,35.24215042872933],[139.14175696976585,35.242326061199265],[139.14141370948127,35.242339516973416],[139.14123602495678,35.24236913122647],[139.14100634298944,35.242406334812635],[139.14088031810093,35.242412724550015],[139.1408619130351,35.24231621214355],[139.1400485783809,35.242517315695046],[139.14003843310667,35.24269521349417],[139.13979620668547,35.24278882190826],[139.13971072512112,35.24290255462157],[139.13973061215057,35.24293597843503],[139.13961553300584,35.242942219175596],[139.13930997137643,35.24288827988708],[139.13861710331085,35.24280866228742],[139.13793978185097,35.242953705255545],[139.1374231856474,35.24304467206477],[139.13714181597535,35.24310283854651],[139.1365990271572,35.243254848164476],[139.13630155351368,35.24332904672648],[139.1358639011187,35.24348292852273],[139.1352992053608,35.24368142579576]]]]}},{"type":"Feature","properties":{"area_id":"142060700","city":"小田原市","ward":"","town":"下堀","chome":"","num_households":662},"geometry":{"type":"MultiPolygon","coordinates":[[[[139.18304258492915,35.29187243774113],[139.18204699287207,35.29123569977314],[139.18202416155233,35.29122846436829],[139.18199579367658,35.29079791365273],[139.181995259016,35.29078953152036],[139.18054064288944,35.29078546957101],[139.17826865300293,35.290779091314896],[139.17827013349728,35.290776563730276],[139.17820534845842,35.29077438139958],[139.1774966622815,35.29075060672463],[139.17741302144782,35.29073289936251],[139.1771104638786,35.29072963596121],[139.17675646650122,35.29074672474813],[139.17672957716243,35.2907422830167],[139.1767871817934,35.29057563396991],[139.17691181237112,35.290399420245286],[139.17710515203646,35.29014365479567],[139.17731470788524,35.289884456201804],[139.17743156633333,35.28971326983914],[139.17761854411822,35.289314378592884],[139.17789839767227,35.28885789590948],[139.17946537035226,35.28890293810833],[139.17954799475615,35.288817193223394],[139.17967722007705,35.28859734203114],[139.1799210373243,35.28818262902546],[139.18003573908405,35.287958121642326],[139.1805349220339,35.28792371069729],[139.18064738171384,35.28790326346637],[139.18071742908722,35.28781132338562],[139.18077866147655,35.28779038790892],[139.18097388060022,35.28779538615004],[139.18196844584028,35.28784138710429],[139.1819842777117,35.287842702075906],[139.18228403403762,35.28786759411286],[139.18302754624844,35.28785075662324],[139.1831924361166,35.28785727798756],[139.1831911860574,35.287895508505756],[139.18438896874682,35.287870122670796],[139.1843994931668,35.28797172331746],[139.1845346819502,35.28798695616652],[139.18459846430767,35.28809820833832],[139.18499249050984,35.28810511576209],[139.18522176120976,35.28812085401653],[139.18559760424426,35.28819998046274],[139.18574804988182,35.288213745218144],[139.18589711893722,35.28825468448474],[139.1861133196084,35.28843428458237],[139.18657257690333,35.288840316680286],[139.18656000191334,35.288855599936056],[139.18634233867965,35.2890104096302],[139.18629945339703,35.28904095303376],[139.1859548958848,35.28928704786015],[139.18554546022585,35.2895803252495],[139.18541615033627,35.289672935814984],[139.1848592574649,35.29007196194742],[139.18464575149443,35.290248339547944],[139.184427733897,35.29045187293318],[139.18304258492915,35.29187243774113]]]]}},{"type":"Feature","properties":{"area_id":"142060710","city":"小田原市","ward":"","town":"中里","chome":"","num_households":1989},"geometry":{"type":"MultiPolygon","coordinates":[[[[139.1897721265746,35.28547640971276],[139.18925080578703,35.28558721456737],[139.18921728542952,35.2855960492826],[139.1889427059581,35.28566817064357],[139.18874537756616,35.28574042360463],[139.18858688675246,35.28584788174505],[139.18847915016124,35.28599342569729],[139.1884229231599,35.28611988013517],[139.18838632661252,35.286202146209064],[139.1880533796117,35.287264535438624],[139.18791792515245,35.28766146340478],[139.18778985943757,35.28790090569844],[139.1876590162016,35.28805751974988],[139.18757141432675,35.28813866638646],[139.18656000191334,35.288855599936056],[139.18657257690333,35.288840316680286],[139.1861133196084,35.28843428458237],[139.18589711893722,35.28825468448474],[139.18574804988182,35.288213745218144],[139.18559760424426,35.28819998046274],[139.18522176120976,35.28812085401653],[139.18499249050984,35.28810511576209],[139.18459846430767,35.28809820833832],[139.1845346819502,35.28798695616652],[139.1843994931668,35.28797172331746],[139.18438896874682,35.287870122670796],[139.1831911860574,35.287895508505756],[139.1831924361166,35.28785727798756],[139.18302754624844,35.28785075662324],[139.18228403403762,35.28786759411286],[139.1819842777117,35.287842702075906],[139.18196844584028,35.28784138710429],[139.18097388060022,35.28779538615004],[139.18077866147655,35.28779038790892],[139.18071742908722,35.28781132338562],[139.18064738171384,35.28790326346637],[139.1805349220339,35.28792371069729],[139.18003573908405,35.287958121642326],[139.18009260838505,35.28781766268694],[139.18048146751318,35.286784824658135],[139.18087194249495,35.285871345389985],[139.1812610968663,35.28491285764082],[139.18163639969433,35.28395619489661],[139.18196156326792,35.28317298533834],[139.18200092788027,35.28307813097948],[139.18209078749226,35.28285517498163],[139.18245960993065,35.281927698655274],[139.18256425430448,35.281659964203655],[139.1829343379983,35.28071291625755],[139.18292127384976,35.28069819867404],[139.18324827699877,35.27986971390745],[139.18336532163178,35.27960775038891],[139.18357230356813,35.27925127368185],[139.18376475898643,35.27893908323483],[139.18389841480789,35.27870953040076],[139.1842300015003,35.27841139636931],[139.18450899863848,35.278187200923114],[139.1848527989191,35.277977577001074],[139.18512463562894,35.27784312689869],[139.18535656472937,35.2777268404589],[139.18566842120364,35.27760795491161],[139.18611486156715,35.27742176432508],[139.1868918108061,35.27705460196184],[139.18689665092234,35.277895304319095],[139.18688952249792,35.278406445680936],[139.18687978657874,35.279030239364864],[139.18685683728688,35.27989486782692],[139.18685671942967,35.27989888110648],[139.18802299407068,35.27989941908693],[139.1892605664479,35.27990257978441],[139.18925487865368,35.28065681323206],[139.18924549588297,35.281005762411425],[139.18924695579759,35.281854607301604],[139.18924654656982,35.28212234017207],[139.18924559669665,35.28271245072563],[139.18924884940856,35.28364911863306],[139.18924332836073,35.28438764894888],[139.18982241947487,35.28438221794902],[139.18981918272465,35.284184040705384],[139.19020889806424,35.28417971010772],[139.19044101583572,35.2842847462107],[139.1904457156538,35.28484545158254],[139.19023718320142,35.28484187487544],[139.18994717580964,35.28488898898109],[139.18971137465584,35.284972164155356],[139.18954120272346,35.285080124130616],[139.18972885917862,35.28535533955727],[139.1897721265746,35.28547640971276]]]]}},{"type":"Feature","properties":{"area_id":"142060720","city":"小田原市","ward":"","town":"矢作","chome":"","num_households":841},"geometry":{"type":"MultiPolygon","coordinates":[[[[139.17675646650122,35.29074672474813],[139.1766054639895,35.29078533799218],[139.17601333579472,35.290771272437716],[139.17592488757964,35.29079564868769],[139.1758187629936,35.29088696648563],[139.17576275862015,35.290956516682634],[139.17565702066085,35.291000234641864],[139.17552186841644,35.2910009063208],[139.17536036667644,35.29079827747308],[139.17538198579965,35.29079594492265],[139.17563524583272,35.290745947094244],[139.17559176971326,35.29068441814908],[139.17556239475195,35.29064640105317],[139.17552525938623,35.29061645410789],[139.17542986699152,35.2905852880885],[139.1754232852967,35.290583449407045],[139.17536210976291,35.290572666103145],[139.1749862093271,35.29049470677446],[139.1750177193573,35.29040065805017],[139.17426291580915,35.290249999967365],[139.17431516388464,35.29011965878293],[139.17436118492694,35.289930977067485],[139.17450706261357,35.2895927078964],[139.17455464305442,35.28944459621626],[139.17478266168052,35.288842704777416],[139.1748655995021,35.28876668253828],[139.1750155059857,35.288672294020124],[139.17456690685339,35.2886320328561],[139.17449350502645,35.28781886229344],[139.17466342314387,35.28757607014248],[139.1745667903744,35.28731844548355],[139.17449411294848,35.28721013751796],[139.1744938141029,35.28717851026066],[139.17449282565795,35.28707370722404],[139.17449212390213,35.28699930125378],[139.17449180727243,35.28696573188695],[139.17452429275943,35.28689109657295],[139.1745482339152,35.28686509310527],[139.17461545344477,35.28681986544896],[139.174774412043,35.28657785859038],[139.1748549775607,35.286402531636064],[139.17507846304082,35.28627347513204],[139.17516267008324,35.28618379754858],[139.17536088880877,35.28602488532551],[139.17550286659804,35.285933339259586],[139.17566042205354,35.28585870805293],[139.1758291003425,35.28581047398489],[139.17597878338813,35.28579065551098],[139.17614050213356,35.28580625335253],[139.1763424431238,35.28591382606955],[139.1765439680154,35.28594013295591],[139.1765440320622,35.285937527242666],[139.17659510051902,35.28594153776037],[139.17699946524937,35.28620851255526],[139.17705918597207,35.286215174318606],[139.17724634002283,35.2862877372547],[139.1772666898624,35.286341366436936],[139.1772624873694,35.28648387213348],[139.17726145503647,35.28661146672349],[139.1773834065474,35.28699985370179],[139.17746636537706,35.28702706280655],[139.17765993399527,35.286773551001424],[139.1777885568104,35.28666038255954],[139.177938499589,35.28656591973224],[139.1780765998634,35.28643850672566],[139.1782426104161,35.28623667043053],[139.1783058904739,35.286174832956995],[139.1784624445318,35.286021957388385],[139.17858167215275,35.28595007207783],[139.17907022528854,35.28569350675363],[139.17913114718655,35.28555123778786],[139.17916211397326,35.28540141194118],[139.17928232910123,35.284924761230506],[139.17927177564945,35.284827596430276],[139.17919244495602,35.28447866114778],[139.17913741992973,35.28431055391933],[139.17912692784222,35.28421113601655],[139.17914034892055,35.2840538210584],[139.17924268822597,35.28378614830523],[139.1793669602056,35.28360471701428],[139.1795197924419,35.28347576229548],[139.17969505284083,35.2833931931472],[139.17978784867194,35.283184972520964],[139.179855888997,35.283086120442995],[139.1799126086786,35.28305994967458],[139.18005000874243,35.283034215332165],[139.18030232779213,35.28302297433647],[139.1804816143722,35.28317626119365],[139.18057927998973,35.28320559006694],[139.18062653579685,35.283181691646774],[139.18067444783696,35.28307589962861],[139.18067631100928,35.28284437094941],[139.18065323005885,35.28255897695982],[139.18065619071768,35.282553993737494],[139.18042941507196,35.28246474327152],[139.18057889625376,35.282255561384],[139.18061479113638,35.28225061422104],[139.1808054076398,35.28230276869309],[139.18095290824377,35.28206216858751],[139.1807522961235,35.281971369997386],[139.18080063115596,35.281839735729264],[139.1809507108576,35.28171069377248],[139.18099877464735,35.28167137771057],[139.18115421833645,35.2817136936364],[139.18128939436568,35.281451407215755],[139.18129246253474,35.281439868954145],[139.1813458920955,35.28123890547356],[139.1813606216764,35.28104103561789],[139.1814344473685,35.28080419127723],[139.18156210146617,35.2804358122997],[139.18167851251982,35.28015722760984],[139.1817248699893,35.27994002267283],[139.18173577767868,35.27990768915292],[139.1819484135149,35.279896301420855],[139.18200149834192,35.27989506157197],[139.18313840818814,35.27986848929935],[139.18324827699877,35.27986971390745],[139.1829212738498,35.28069819867408],[139.1829343379983,35.28071291625755],[139.18256425430448,35.281659964203655],[139.18245960993065,35.281927698655274],[139.18209078749226,35.28285517498165],[139.18200092788027,35.28307813097948],[139.18196156326792,35.28317298533834],[139.18163639969433,35.28395619489661],[139.1812610968663,35.28491285764082],[139.18087194249495,35.285871345389985],[139.18048146751318,35.2867848246581],[139.18009260838505,35.28781766268694],[139.18003573908405,35.287958121642326],[139.1799210373243,35.28818262902546],[139.17967722007705,35.28859734203114],[139.17954799475615,35.288817193223394],[139.17946537035226,35.28890293810833],[139.17789839767227,35.28885789590948],[139.17761854411822,35.289314378592884],[139.17743156633333,35.28971326983914],[139.17731470788524,35.289884456201804],[139.17710515203646,35.29014365479567],[139.17691181237112,35.290399420245286],[139.1767871817934,35.29057563396991],[139.17672957716243,35.2907422830167],[139.17675646650122,35.29074672474813]]]]}},{"type":"Feature","properties":{"area_id":"142060730","city":"小田原市","ward":"","town":"鴨宮","chome":"","num_households":2547},"geometry":{"type":"MultiPolygon","coordinates":[[[[139.17916211397326,35.28540141194118],[139.17913114718655,35.28555123778786],[139.17907022528854,35.28569350675363],[139.17858167215275,35.28595007207783],[139.1784624445318,35.286021957388385],[139.1783058904739,35.286174832956995],[139.1782426104161,35.28623667043053],[139.1780765998634,35.28643850672566],[139.177938499589,35.28656591973224],[139.1777885568104,35.28666038255954],[139.17765993399527,35.286773551001424],[139.17746636537706,35.28702706280655],[139.1773834065474,35.28699985370179],[139.17726145503647,35.28661146672349],[139.1772624873694,35.28648387213348],[139.1772666898624,35.286341366436936],[139.17724634002283,35.2862877372547],[139.17705918597207,35.286215174318606],[139.17699946524937,35.28620851255526],[139.17659510051902,35.28594153776037],[139.1765440320622,35.285937527242666],[139.1765439680154,35.28594013295591],[139.1763424431238,35.28591382606955],[139.17614050213356,35.28580625335253],[139.17597878338813,35.28579065551098],[139.1758291003425,35.28581047398489],[139.17566042205354,35.28585870805293],[139.17550286659804,35.285933339259586],[139.17536088880877,35.28602488532551],[139.17516267008324,35.28618379754858],[139.17507846304082,35.28627347513204],[139.1749085318996,35.28605277037111],[139.1749126415078,35.28588512410927],[139.1749729691347,35.28572708078585],[139.17507535267546,35.28549821314657],[139.17519443150945,35.28527035129115],[139.17521966152546,35.28511929928589],[139.17521960698215,35.28486156410141],[139.17513350857678,35.284856447744815],[139.17512199634007,35.28467188609471],[139.174997419303,35.28430777343733],[139.17488804545928,35.28426584161704],[139.17478759072375,35.28417804390498],[139.1746686989722,35.28415042495884],[139.17466870824322,35.284076348942236],[139.17468521558078,35.28399678988337],[139.1746201136959,35.28400046190631],[139.17456863953464,35.28400336485199],[139.1745594126072,35.28392129043367],[139.17458469673167,35.28385575582897],[139.17467183720467,35.28351033189313],[139.17469407729135,35.283357290816525],[139.17469488574002,35.283210259875275],[139.17466206324733,35.28305889133164],[139.17455945221766,35.28274517733884],[139.1745888687961,35.282607386512325],[139.17466926495857,35.28240494717317],[139.17467744372192,35.282275490795506],[139.17468886884947,35.28202141005831],[139.1747440490988,35.28184115547154],[139.17486159780154,35.28175356163001],[139.1752292722933,35.281734016765526],[139.17528340638057,35.28169846887269],[139.1753001973138,35.28159779039842],[139.1752854566791,35.281408916053586],[139.1753181206928,35.28119861029097],[139.17539138890874,35.28103281997121],[139.1754560638392,35.28091515012119],[139.17547507391936,35.28075779562767],[139.17539036126448,35.28050840207762],[139.1753968639979,35.280363232959026],[139.17552514075786,35.28014373111079],[139.17556874885656,35.279870459560804],[139.17465847378227,35.27988479396237],[139.1745454938824,35.279886079678654],[139.17438743541595,35.27987592161144],[139.1734473900133,35.27987078960546],[139.1732351565073,35.27986962994473],[139.17313781634485,35.279864380406636],[139.17311202135585,35.27986297186829],[139.17296702012086,35.27986816429393],[139.1729512592649,35.279473026172646],[139.17269613939789,35.27948148980236],[139.17266020319414,35.27907532686542],[139.17237917723642,35.279080479286534],[139.1723908372534,35.27942524526218],[139.17245968177818,35.279871305289554],[139.17164563862664,35.279873748845034],[139.17124307711978,35.27987499275882],[139.1703145167509,35.27986546136341],[139.17027903003745,35.278927845681864],[139.17028301454536,35.27793129197534],[139.1702673762458,35.27734446931316],[139.17153926375536,35.27701913585442],[139.17162502014386,35.27698101523297],[139.17179260326898,35.276967662991176],[139.17214596783847,35.27693950415986],[139.17242637432955,35.2768461825354],[139.1726515406079,35.276782064594784],[139.1733203178378,35.27663981037821],[139.173357729036,35.27670142084325],[139.1735874669271,35.276650495157014],[139.17366584209282,35.276817324644334],[139.1734495271072,35.27689656323398],[139.17346498802394,35.276959391193074],[139.17334706587758,35.2770250126085],[139.1734423281082,35.277232425877415],[139.1734963814024,35.277369969901024],[139.17374838454128,35.277358599580516],[139.17382230860713,35.277180700197874],[139.17380881195163,35.27705584258593],[139.17368803961722,35.27685441681066],[139.17390479400507,35.27684243111962],[139.17391365181817,35.2766403745561],[139.1738937148346,35.276420415012055],[139.1740244398346,35.27638542619932],[139.17416720044602,35.27687682023607],[139.17471744459976,35.276722010466976],[139.17476016931113,35.27681139491987],[139.1753586705231,35.276720292997915],[139.1756110037528,35.27668906267136],[139.1757260232022,35.276663492636864],[139.17583335752914,35.27661147375881],[139.17595825981107,35.27652673361152],[139.17604745464135,35.276466516988236],[139.17626600684557,35.27636510408909],[139.17669894512562,35.276209858267016],[139.1772691557055,35.276016766257115],[139.17785106603975,35.275889578147385],[139.17797038374093,35.275879309819366],[139.17795237969176,35.27628433807844],[139.17844300777253,35.27629023802213],[139.17848304096216,35.276033070096304],[139.1790437941838,35.27602146097653],[139.17918176096703,35.2759241834948],[139.17900545036713,35.2754102197515],[139.17951905600336,35.27550510909569],[139.17942514710595,35.2751548951915],[139.17972091165296,35.27522114116648],[139.1798207821756,35.275188936116955],[139.18025659985938,35.27526636043797],[139.1806934437891,35.27535498553914],[139.18080133343952,35.27556380030854],[139.18113055719238,35.27563951906622],[139.18169754932757,35.275748772574026],[139.18200815678523,35.27580643091084],[139.18220508811405,35.27588847551371],[139.182205660698,35.27595087131655],[139.18233192336274,35.27598971888173],[139.18264451541106,35.27606773826503],[139.18291106013362,35.27612163654915],[139.18288550232597,35.27604276931005],[139.18295667297977,35.276060898884175],[139.18295892090433,35.27606443143918],[139.1829962651001,35.27607097028089],[139.18376700365926,35.27620588693965],[139.18379540638205,35.276502930745565],[139.183795180545,35.27653644949244],[139.18397424492468,35.27676437663791],[139.18381841262902,35.27691092757296],[139.18372721280036,35.276991561119566],[139.1835721742932,35.276964108520225],[139.18339194237896,35.27691405617938],[139.18325692624714,35.27712557632343],[139.1830815926776,35.277058930191544],[139.18311306645893,35.276951709558205],[139.183070017747,35.27694971678872],[139.18302410563186,35.27707960591412],[139.1829941051809,35.27715838584562],[139.18286953589703,35.27731996295987],[139.18293935136782,35.27742153194064],[139.18288987320707,35.27752499427148],[139.1830138634927,35.27759058968182],[139.1823388420102,35.27882162282879],[139.1823363586211,35.27882618670568],[139.18229700671398,35.27889829588653],[139.18220085819559,35.27900143497733],[139.1823016944975,35.27904725763086],[139.18231862016543,35.27905902417214],[139.18229112438806,35.27912610559392],[139.1822094921499,35.27932526274597],[139.18215055926328,35.27946903962473],[139.1821340730017,35.279503993192435],[139.18215451120506,35.27951062652556],[139.1820258617467,35.279816919052706],[139.18200149834198,35.27989506157198],[139.1819484135149,35.279896301420855],[139.18173577767868,35.27990768915292],[139.1817248699893,35.27994002267283],[139.18167851251982,35.28015722760984],[139.18156210146617,35.2804358122997],[139.1814344473685,35.28080419127723],[139.1813606216764,35.28104103561789],[139.1813458920955,35.28123890547356],[139.18129246253474,35.281439868954145],[139.18128939436568,35.281451407215755],[139.18115421833645,35.2817136936364],[139.18099877464735,35.28167137771057],[139.1809507108576,35.28171069377248],[139.18080063115596,35.281839735729264],[139.1807522961235,35.281971369997386],[139.18095290824377,35.28206216858751],[139.1808054076398,35.28230276869309],[139.18061479113638,35.28225061422104],[139.18057889625376,35.282255561384],[139.18042941507196,35.28246474327152],[139.18065619071768,35.282553993737494],[139.18065323005885,35.28255897695982],[139.18067631100928,35.28284437094941],[139.18067444783696,35.28307589962861],[139.18062653579685,35.283181691646774],[139.18057927998973,35.28320559006694],[139.1804816143722,35.28317626119365],[139.18030232779213,35.28302297433647],[139.18005000874243,35.283034215332165],[139.1799126086786,35.28305994967458],[139.179855888997,35.283086120442995],[139.17978784867194,35.283184972520964],[139.17969505284083,35.2833931931472],[139.1795197924419,35.28347576229548],[139.1793669602056,35.28360471701428],[139.17924268822597,35.28378614830523],[139.17914034892055,35.2840538210584],[139.17912692784222,35.28421113601655],[139.17913741992973,35.28431055391933],[139.17919244495602,35.284478661147766],[139.17927177564945,35.284827596430254],[139.17928232910123,35.284924761230485],[139.17916211397326,35.28540141194118]]],[[[139.17373853745707,35.27392536795909],[139.17363321031033,35.27407394219608],[139.17331010976932,35.273970280175234],[139.17189428389065,35.274038661822104],[139.17183358029266,35.27354320726133],[139.17137881536618,35.27348973148975],[139.1714547582658,35.27425878045913],[139.1715635619373,35.27424247598818],[139.1715794261969,35.27412418723177],[139.1717526640961,35.274099010108195],[139.1717510522746,35.27429652883255],[139.1713895371348,35.274337856512275],[139.17105212683603,35.27441917180632],[139.17082403840865,35.274478622580155],[139.17037595347037,35.27463672064456],[139.17034668205298,35.27448853756114],[139.17021632454689,35.273669966959794],[139.17045743474532,35.273546013270774],[139.1706497845684,35.27430253247267],[139.17094752340722,35.27425775929048],[139.17075142355742,35.27340805509693],[139.1723264228196,35.272833044929435],[139.17234593655726,35.2728357566551],[139.17237444571654,35.27284612347343],[139.17296385425826,35.27340439576439],[139.17330631070146,35.27366689016449],[139.17373853745707,35.27392536795909]]]]}},{"type":"Feature","properties":{"area_id":"142060740","city":"小田原市","ward":"","town":"上新田","chome":"","num_households":278},"geometry":{"type":"MultiPolygon","coordinates":[[[[139.17075142355742,35.27340805509693],[139.17094752340722,35.27425775929048],[139.1706497845684,35.27430253247267],[139.17045743474532,35.273546013270774],[139.17075142355742,35.27340805509693]]],[[[139.17366584209282,35.276817324644334],[139.1735874669271,35.276650495157014],[139.173357729036,35.27670142084325],[139.1733203178378,35.27663981037821],[139.1726515406079,35.276782064594784],[139.17242637432955,35.2768461825354],[139.17214596783847,35.27693950415986],[139.17179260326898,35.276967662991176],[139.17162502014386,35.27698101523297],[139.17153926375536,35.27701913585442],[139.1702673762458,35.27734446931316],[139.17025351860528,35.277064897219574],[139.1703068613523,35.276396484094306],[139.17036327504633,35.27574604421155],[139.17042273400597,35.27573130135004],[139.17042811178595,35.27572999234585],[139.1704555947739,35.27482637578981],[139.17037595347037,35.27463672064456],[139.17082403840865,35.274478622580155],[139.17105212683603,35.27441917180632],[139.1713895371348,35.274337856512275],[139.1717510522746,35.27429652883255],[139.1717526640961,35.274099010108195],[139.1715794261969,35.27412418723177],[139.1715635619373,35.27424247598818],[139.1714547582658,35.27425878045913],[139.17137881536618,35.27348973148975],[139.17183358029266,35.27354320726133],[139.17189428389065,35.274038661822104],[139.17331010976932,35.273970280175234],[139.17363321031033,35.27407394219608],[139.17373853745707,35.27392536795909],[139.17411110970718,35.2741175343103],[139.17437528573873,35.274244745778375],[139.1744027917573,35.274257289683696],[139.1746649261697,35.274376953381974],[139.17476765291607,35.27444786280297],[139.17475417050414,35.27470144226301],[139.17428666337955,35.27493177101394],[139.17399216536725,35.27476862110128],[139.1738434265245,35.274922873837255],[139.17392654161787,35.27499247977784],[139.1744628170515,35.27540320686112],[139.17487766592765,35.27573045620231],[139.17512779366032,35.275907023817304],[139.17448203350676,35.276197929862434],[139.1742355226992,35.2762736944253],[139.17428733874044,35.27613729273215],[139.17434751654287,35.27587016585521],[139.17415912758457,35.27586322341057],[139.1740244398346,35.27638542619932],[139.1738937148346,35.276420415012055],[139.17391365181817,35.2766403745561],[139.17390479400507,35.27684243111962],[139.17368803961722,35.27685441681066],[139.17366584209282,35.276817324644334]]]]}},{"type":"Feature","properties":{"area_id":"142060750","city":"小田原市","ward":"","town":"中新田","chome":"","num_households":84},"geometry":{"type":"MultiPolygon","coordinates":[[[[139.16511454944427,35.27617125169102],[139.1649705713083,35.27630277296187],[139.1644471003526,35.27599890077798],[139.16447511078172,35.275638014133726],[139.16415834125658,35.275360284422966],[139.1633635427076,35.27468006034686],[139.1633654916212,35.27467802843754],[139.16337853183003,35.27466401684096],[139.1637167620215,35.274313020156455],[139.16388856221653,35.27416038669152],[139.16389388269744,35.27415569861411],[139.164021219243,35.2740426061541],[139.16462768190758,35.2735433802113],[139.16510629786646,35.27316653691539],[139.1656797892175,35.272691347398556],[139.16583016921285,35.27260014058067],[139.16635053200278,35.27223063581745],[139.16728167324172,35.27160157407746],[139.1677805696025,35.27127215368492],[139.16818793601703,35.271009689836085],[139.1682448450094,35.27098092040706],[139.16859983596206,35.27080140289987],[139.16933462078032,35.27051151246088],[139.16966855173447,35.27036574789402],[139.17043807513699,35.271119310743146],[139.17066497658988,35.27128801426231],[139.17108123436668,35.271686338588914],[139.17114189504224,35.27170272747347],[139.17234593655726,35.2728357566551],[139.1723264228196,35.272833044929435],[139.17075142355742,35.27340805509693],[139.17045743474532,35.273546013270774],[139.17021632454689,35.273669966959794],[139.16940329620024,35.27411055295812],[139.16893775483038,35.27429791476567],[139.1682068797162,35.27452022067796],[139.16852943798835,35.274836842997836],[139.168531959762,35.275560701539],[139.1679167052276,35.27559435367228],[139.16761464172134,35.275657545422355],[139.16686430475556,35.27561826775833],[139.16633011511132,35.27508273346108],[139.16599393631725,35.27519080191797],[139.16513437133725,35.27617298047755],[139.1651285756199,35.276172807568145],[139.16511454944427,35.27617125169102]]]]}},{"type":"Feature","properties":{"area_id":"142060760","city":"小田原市","ward":"","town":"下新田","chome":"","num_households":199},"geometry":{"type":"MultiPolygon","coordinates":[[[[139.17296702012086,35.27986816429393],[139.17267618592513,35.27987530643905],[139.17245968177818,35.279871305289554],[139.1723908372534,35.27942524526218],[139.17237917723642,35.279080479286534],[139.17266020319414,35.27907532686542],[139.17269613939789,35.27948148980236],[139.1729512592649,35.279473026172646],[139.17296702012086,35.27986816429393]]],[[[139.17900545036713,35.2754102197515],[139.17918176096703,35.2759241834948],[139.1790437941838,35.27602146097653],[139.17848304096216,35.276033070096304],[139.17844300777253,35.27629023802213],[139.17795237969176,35.27628433807844],[139.17797038374093,35.275879309819366],[139.17785106603975,35.275889578147385],[139.1772691557055,35.276016766257115],[139.17669894512562,35.276209858267016],[139.17626600684557,35.27636510408909],[139.17604745464135,35.276466516988236],[139.17595825981107,35.27652673361152],[139.17583335752914,35.27661147375881],[139.1757260232022,35.276663492636864],[139.1756110037528,35.27668906267136],[139.1753586705231,35.276720292997915],[139.17476016931113,35.27681139491987],[139.17471744459976,35.276722010466976],[139.17416720044602,35.27687682023607],[139.1740244398346,35.27638542619932],[139.17415912758457,35.27586322341057],[139.17434751654287,35.27587016585521],[139.17428733874044,35.27613729273215],[139.1742355226992,35.2762736944253],[139.17448203350676,35.276197929862434],[139.17512779366032,35.275907023817304],[139.17487766592765,35.27573045620231],[139.1744628170515,35.27540320686112],[139.17392654161787,35.27499247977784],[139.1738434265245,35.274922873837255],[139.17399216536725,35.27476862110128],[139.17428666337955,35.27493177101394],[139.17475417050414,35.27470144226301],[139.17476765291607,35.27444786280297],[139.1751025246359,35.27457764051966],[139.17546152761173,35.27471247812636],[139.17583360149467,35.27480837320566],[139.1762833800844,35.27492644951801],[139.17700898053926,35.27508672611761],[139.1771641288751,35.2751105251766],[139.17796562325262,35.275246772570966],[139.17816504675125,35.27527482446046],[139.17881964245362,35.275381396852076],[139.17900545036713,35.2754102197515]]],[[[139.17368803961722,35.27685441681066],[139.17380881195163,35.27705584258593],[139.17382230860713,35.277180700197874],[139.17374838454128,35.277358599580516],[139.1734963814024,35.277369969901024],[139.1734423281082,35.277232425877415],[139.17334706587758,35.2770250126085],[139.17346498802394,35.276959391193074],[139.1734495271072,35.27689656323398],[139.17366584209282,35.276817324644334],[139.17368803961722,35.27685441681066]]]]}},{"type":"Feature","properties":{"area_id":"14206077001","city":"小田原市","ward":"","town":"南鴨宮","chome":"1","num_households":541},"geometry":{"type":"MultiPolygon","coordinates":[[[[139.17597633707783,35.26684844210503],[139.17691905885,35.267759873795164],[139.17699706811263,35.267844238394375],[139.17708365182028,35.26804146290711],[139.17720031258983,35.268262019475586],[139.17720936162175,35.2682791801875],[139.1774006540574,35.268577463214946],[139.1773632389123,35.268627751035105],[139.17704975924633,35.268838085713625],[139.1773534414348,35.26911613347721],[139.17771246112855,35.26940546688977],[139.1781639795431,35.26972431401564],[139.17778490618429,35.27012978030102],[139.17772252962394,35.270176905582666],[139.17705413559926,35.271016205144186],[139.17700219209559,35.27108430030299],[139.17709861749483,35.27124911429548],[139.1769648874445,35.27132239888692],[139.17676625316568,35.27143124545057],[139.17667725604196,35.27149428070535],[139.1765174380037,35.27163432252641],[139.17623731478074,35.27190715582042],[139.17617960524493,35.271945080040084],[139.17605654607937,35.272020393897115],[139.1758570325551,35.27212613615961],[139.17580172100654,35.27215942496892],[139.17558176266718,35.2722766742456],[139.1754304456594,35.27234232692788],[139.17531729098926,35.27239276526245],[139.17503474698154,35.272471223414584],[139.17466243425625,35.272532995038425],[139.17428599435934,35.27255312538612],[139.17402984932207,35.27257419207446],[139.17315892089786,35.272717247888515],[139.17237444571654,35.27284612347343],[139.17234593655726,35.2728357566551],[139.17114189504224,35.27170272747347],[139.17108123436668,35.271686338588914],[139.17066497658988,35.27128801426231],[139.17043807513699,35.271119310743146],[139.16966855173447,35.27036574789402],[139.17064408293606,35.269967598723184],[139.17183674182976,35.26937310137756],[139.17237177499553,35.26910434699174],[139.17382807013823,35.268242683178784],[139.1755150243502,35.26714620527503],[139.17597633707783,35.26684844210503]]]]}},{"type":"Feature","properties":{"area_id":"14206077002","city":"小田原市","ward":"","town":"南鴨宮","chome":"2","num_households":1037},"geometry":{"type":"MultiPolygon","coordinates":[[[[139.18172604037204,35.26939315789946],[139.18106704409368,35.27026999944075],[139.18108175341578,35.270277332095205],[139.18047322919875,35.271086059692514],[139.18029201756616,35.27134042374412],[139.1798446069993,35.27196847583193],[139.17948666030438,35.27257581423349],[139.17944438441788,35.27265924390912],[139.17903921837302,35.27331794251437],[139.17902484206445,35.273348920438345],[139.17871439684512,35.27385722054746],[139.1786138688849,35.274029486510074],[139.17843562683592,35.274313368803085],[139.17814226254737,35.27484816721567],[139.17796562325262,35.275246772570966],[139.1771641288751,35.2751105251766],[139.17700898053926,35.27508672611761],[139.1762833800844,35.27492644951801],[139.17583360149467,35.27480837320566],[139.17546152761173,35.27471247812636],[139.1751025246359,35.27457764051966],[139.17476765291607,35.27444786280297],[139.1746649261697,35.274376953381974],[139.1744027917573,35.274257289683696],[139.17437528573873,35.274244745778375],[139.17411110970718,35.2741175343103],[139.17373853745707,35.27392536795909],[139.17330631070146,35.27366689016449],[139.17296385425826,35.27340439576439],[139.17237444571654,35.27284612347343],[139.17315892089786,35.272717247888515],[139.17402984932207,35.27257419207446],[139.17428599435934,35.27255312538612],[139.17466243425625,35.272532995038425],[139.17503474698154,35.272471223414584],[139.17531729098926,35.27239276526245],[139.1754304456594,35.27234232692788],[139.17558176266718,35.2722766742456],[139.17580172100654,35.27215942496892],[139.1758570325551,35.27212613615961],[139.17605654607937,35.272020393897115],[139.17617960524493,35.271945080040084],[139.17623731478074,35.27190715582042],[139.1765174380037,35.27163432252641],[139.17667725604196,35.27149428070535],[139.17676625316568,35.27143124545057],[139.1769648874445,35.27132239888692],[139.17709861749483,35.27124911429548],[139.17700219209559,35.27108430030299],[139.17705413559926,35.271016205144186],[139.17772252962394,35.270176905582666],[139.17778490618429,35.27012978030102],[139.1781639795431,35.26972431401564],[139.17907380949865,35.26995317950136],[139.1790824867034,35.26995259269349],[139.17990736530183,35.26934552437093],[139.17999955164387,35.26929102375293],[139.18020880645702,35.269243001145355],[139.18049386920924,35.26915905064902],[139.18077474502772,35.26903528979461],[139.18091738436965,35.26894247088555],[139.18118770156678,35.269121882329095],[139.18135727271442,35.269230047057704],[139.1815623077078,35.269332840138446],[139.18172604037204,35.26939315789946]]]]}},{"type":"Feature","properties":{"area_id":"14206077003","city":"小田原市","ward":"","town":"南鴨宮","chome":"3","num_households":977},"geometry":{"type":"MultiPolygon","coordinates":[[[[139.18376563977836,35.276193837770975],[139.18376700365926,35.27620588693965],[139.1829962651001,35.27607097028089],[139.18295892090433,35.27606443143918],[139.18295667297977,35.276060898884175],[139.18288550232597,35.27604276931005],[139.18291106013362,35.27612163654915],[139.18264451541106,35.27606773826503],[139.18233192336274,35.27598971888173],[139.182205660698,35.27595087131655],[139.18220508811405,35.27588847551371],[139.18200815678523,35.27580643091084],[139.18169754932757,35.275748772574026],[139.18113055719238,35.27563951906622],[139.18080133343952,35.27556380030854],[139.1806934437891,35.27535498553914],[139.18025659985938,35.27526636043797],[139.1798207821756,35.275188936116955],[139.17972091165296,35.27522114116648],[139.17942514710595,35.2751548951915],[139.17951905600336,35.27550510909569],[139.17900545036713,35.2754102197515],[139.17881964245362,35.275381396852076],[139.17816504675125,35.27527482446046],[139.17796562325262,35.275246772570966],[139.17814226254737,35.27484816721567],[139.17843562683592,35.274313368803085],[139.1786138688849,35.274029486510074],[139.17871439684512,35.27385722054746],[139.17902484206445,35.273348920438345],[139.17903921837302,35.27331794251437],[139.17944438441788,35.27265924390912],[139.17948666030438,35.27257581423349],[139.1798446069993,35.27196847583193],[139.18029201756616,35.27134042374412],[139.18047322919875,35.271086059692514],[139.18108175341578,35.270277332095205],[139.18106704409368,35.27026999944075],[139.18172604037204,35.26939315789946],[139.18201597964293,35.2694285225183],[139.18200396449143,35.269625212878445],[139.18204983799245,35.26979334274815],[139.18213691400655,35.26995789183748],[139.1822092578359,35.27005377129109],[139.18251006321182,35.270062433512855],[139.18256845499107,35.270065509727736],[139.18357160731284,35.27011835538884],[139.18352599215095,35.27060802257703],[139.18420486278933,35.27064983855217],[139.18416213021217,35.271069594858375],[139.18417273439366,35.27114457886881],[139.18419008951642,35.27124523207834],[139.1841538249503,35.27136123053291],[139.18408889180222,35.271518763683716],[139.1840005171116,35.27162265207085],[139.18389058128,35.271727550135274],[139.1837946079187,35.27187414199188],[139.18374299774845,35.27198702973576],[139.18373680475008,35.27209016194492],[139.18369977347132,35.27210362438035],[139.1836795423388,35.27233491617462],[139.1836787123818,35.27246518895454],[139.18361938101765,35.27268965100826],[139.18362795067677,35.27272392126633],[139.18360375935495,35.27274773458657],[139.1834369702723,35.273110205469855],[139.1833915355318,35.27320777408243],[139.18339226708125,35.27323432640034],[139.183304868792,35.273355401377536],[139.18322944704167,35.27355146826279],[139.18316573202992,35.27381358116274],[139.18315059541015,35.27420186600729],[139.18314897847262,35.274569098098596],[139.18314984610402,35.2749049361788],[139.1831600110703,35.275157799544296],[139.18319343871119,35.27525649713004],[139.1832701160062,35.2753641589662],[139.1834099873063,35.2754728660289],[139.1835246556843,35.27558699947171],[139.1836948565972,35.27590241093126],[139.18374934059614,35.276047205924755],[139.18376563977836,35.276193837770975]]]]}},{"type":"Feature","properties":{"area_id":"142060800","city":"小田原市","ward":"","town":"曽比","chome":"","num_households":2039},"geometry":{"type":"MultiPolygon","coordinates":[[[[139.1433580406638,35.32326696184973],[139.14281411601488,35.323971156920905],[139.142628434867,35.323869883353666],[139.1404929652134,35.32268468427244],[139.14036230808966,35.32283167631412],[139.13988338842037,35.32262315002128],[139.13941075172738,35.32293119620144],[139.13909154924744,35.32278492407159],[139.1388651599324,35.32302875375157],[139.138498292024,35.32282967123969],[139.13867669090115,35.322581198371],[139.1381113934784,35.322481601626386],[139.1373591046512,35.32238972435346],[139.13718736996015,35.322486687684716],[139.13706897414366,35.32259107207711],[139.13694115944776,35.32254653096931],[139.13686516363683,35.322686159406],[139.13596682177118,35.322812297576014],[139.13622515431513,35.32219162374277],[139.1359580522274,35.32200775896245],[139.13612898232387,35.32141390360651],[139.13548876668406,35.32125991954613],[139.13567013557977,35.32066633551188],[139.13571722980632,35.32046527434583],[139.1356395250689,35.32018905698876],[139.13564126468117,35.319986606531785],[139.1356695229893,35.31980290140081],[139.1356605629422,35.31960588261687],[139.13560105733643,35.31939195191104],[139.13522563051293,35.31935653928287],[139.13504371694953,35.319633295477765],[139.1349599907431,35.319608093210164],[139.13491193515807,35.31966091202529],[139.1347378864729,35.3198023645936],[139.13447007517294,35.31997151202243],[139.13432702752462,35.319925260533594],[139.13456573389468,35.31948954276113],[139.13439729249436,35.31943884951871],[139.13430546681136,35.31948599140568],[139.1342337234608,35.31945606925223],[139.13396526020006,35.31943183788806],[139.13369593512002,35.31950745700219],[139.13348271444238,35.319652836389565],[139.13336846613507,35.31958013188632],[139.13315677628088,35.31946862433117],[139.1325847285777,35.3192486882806],[139.13257154466237,35.31922319039953],[139.1326225948992,35.31901771796824],[139.13268421716893,35.31884160130221],[139.13285963092764,35.318497347607845],[139.1328991215317,35.31838666491834],[139.13206994493186,35.31816460028325],[139.1317375981873,35.318076684770425],[139.13161231982915,35.31804300001587],[139.1313195621323,35.318026789930215],[139.13127608178957,35.318052311389025],[139.13075230422245,35.31793004043482],[139.13078964325337,35.317839909021274],[139.13053069874462,35.31773917886201],[139.13013719963735,35.318313064916985],[139.1296530924381,35.31814933271694],[139.1298394246859,35.31770634899932],[139.1291267115247,35.31798091457501],[139.12900148389954,35.3185153065432],[139.12866022533143,35.31848908926673],[139.1286845898763,35.318369658194705],[139.12859325911487,35.318359618038066],[139.12851644643666,35.31869091846319],[139.12898244901655,35.31879272182583],[139.12927261762516,35.318869906124384],[139.1289684095797,35.31913312076308],[139.12853724742482,35.31902623968819],[139.1281383224924,35.319011232604765],[139.1282109852063,35.31864350126906],[139.12793384078518,35.31866455635693],[139.12805210008761,35.318438283955565],[139.12779672800698,35.318504887009134],[139.1277165313644,35.318172951560015],[139.12795515923182,35.31811991158656],[139.12797811502404,35.31802920392493],[139.12818340337904,35.31767513452044],[139.12803438431897,35.3175903933769],[139.12860268408014,35.31691366619786],[139.12845936467457,35.31683564889194],[139.128666834328,35.316546307273],[139.1284403769875,35.316459045099414],[139.1286287985045,35.316183210232026],[139.12899707577986,35.31631155174575],[139.12908733478602,35.3161231408957],[139.12919013699803,35.31592980377945],[139.12931961686826,35.315908435871265],[139.12932921102083,35.315912107451766],[139.12935745623366,35.31590845679274],[139.12974773166061,35.31585800007844],[139.12994155574825,35.31582667936524],[139.1300279635418,35.31580554881326],[139.13000231142124,35.31579548498129],[139.12996747116475,35.31578454403415],[139.12990847496246,35.31576601760778],[139.12980373606243,35.31573312737987],[139.12971363833586,35.31570483424091],[139.1297127707954,35.315704561808545],[139.12973234268264,35.31566233675831],[139.1297651120146,35.31559163977202],[139.12978742060932,35.315543509843316],[139.12981676156642,35.3154802073411],[139.12983382643097,35.315443390015275],[139.12984277201508,35.31542408864932],[139.12984725627254,35.31541419926382],[139.12986710870476,35.31536855491766],[139.1298797604795,35.315339685320225],[139.1298948842637,35.31530517393803],[139.12990896513352,35.31527304251548],[139.1299131391622,35.31527439051036],[139.12991417128075,35.31527472496701],[139.12992858773018,35.315279367004266],[139.12993089296427,35.315280109942016],[139.12996969505014,35.31529261713968],[139.12997389654217,35.315293971894576],[139.12998717037712,35.31529825076791],[139.13000308747178,35.31530338127608],[139.1300238118341,35.3153100604188],[139.13004439964536,35.31531669640102],[139.13005990843575,35.31532169633778],[139.13008136573757,35.31532861245759],[139.13009907134293,35.31533431948368],[139.13011616851753,35.315339829858694],[139.13012961305228,35.31534416362811],[139.1301467189326,35.31534967680089],[139.1301629988284,35.31535492493678],[139.13018011809882,35.3153604425847],[139.13019671794328,35.31536579435909],[139.13021532519102,35.3153717905024],[139.13023790835857,35.31537907020666],[139.1302540162435,35.315384262864725],[139.13026681688632,35.31538838821288],[139.13027634641554,35.31539145966624],[139.1303180335465,35.315403420200894],[139.13042968957822,35.31543835334746],[139.13048912824385,35.31545669667519],[139.1304935122534,35.31545852451342],[139.13054761744405,35.3154757045457],[139.13053716815787,35.31548342188337],[139.13043376209154,35.3155597977381],[139.13032809819003,35.31563783776572],[139.13026691784702,35.31567693511107],[139.1301533733502,35.31574949293304],[139.1301194394038,35.31577152007649],[139.13009143955549,35.315789694347096],[139.13008342982513,35.31582570290557],[139.12996780757095,35.315843057024345],[139.1295591940257,35.31591368807683],[139.1294899223408,35.315912382572925],[139.1293699321551,35.31592610543513],[139.1293503408565,35.315928614911684],[139.12934125810278,35.31595434401274],[139.129303024102,35.31603475389117],[139.1294462471641,35.31607924952121],[139.12945971730582,35.316056582311454],[139.1296200994198,35.316108924019],[139.12961975155451,35.31610948535353],[139.12950826319312,35.316289040903555],[139.12930566873797,35.31665559404846],[139.12922679252122,35.316809495107236],[139.12900306968686,35.316734459952144],[139.12864457047812,35.317195450460595],[139.12895338274782,35.31735612102952],[139.1284884869547,35.31794366876401],[139.12856032848214,35.317966763115315],[139.12922606926443,35.31784804811004],[139.12945408849023,35.31774501560484],[139.12975968623877,35.31763778772302],[139.1298394275565,35.317384034840956],[139.12970691095703,35.31733326447502],[139.1298869093727,35.31702108430024],[139.1298539356184,35.31698913202151],[139.12993269300512,35.31684882083935],[139.1301651105101,35.316877428225276],[139.12987613173115,35.31762487545473],[139.1300476343776,35.31764855040051],[139.13091101432556,35.31645952981456],[139.13107726973902,35.316131281488765],[139.13152091871325,35.315171002168654],[139.13103776669396,35.315255937327116],[139.13099070530595,35.31525341017854],[139.1309559231421,35.315107930505825],[139.13103461321037,35.31498008151213],[139.13140890758172,35.31461226813166],[139.1318615716892,35.31415293893789],[139.13183278412743,35.3139598199703],[139.13187630483404,35.31373078328259],[139.13190251612474,35.31371501985876],[139.1320071445,35.31365210842535],[139.1321427395096,35.31334642493542],[139.13221308677439,35.31321401929803],[139.13236730748625,35.31299470866923],[139.132565286385,35.31284149478598],[139.13271066075959,35.31225848026709],[139.13277127764113,35.31207876532356],[139.13298001351566,35.311639563631424],[139.13315432705008,35.31133643522358],[139.13325752078916,35.31125527710942],[139.13330510832236,35.31119654262767],[139.133506909208,35.310639856155014],[139.13319919162976,35.31046392973923],[139.1329180197314,35.31030315595696],[139.13284384683712,35.31027702290935],[139.13284598764264,35.31026066303827],[139.13281286128418,35.310235000524294],[139.13286602085662,35.310116120488225],[139.13293973827876,35.3098179576871],[139.1330046762244,35.309555533032665],[139.1331631014095,35.30958461815518],[139.13327178964084,35.30923005677561],[139.13357399119963,35.30929300077132],[139.1336950570301,35.30885288199546],[139.13427551713937,35.30896081177669],[139.13434361425138,35.30871509366423],[139.13499797385848,35.30882106334531],[139.1350397627768,35.308647302075926],[139.13549163289176,35.30872850523071],[139.13609092962477,35.3088492199286],[139.1363954312587,35.30789896739811],[139.13640188718085,35.30787881990288],[139.13643236904474,35.307790691797805],[139.13657956322666,35.30736198876173],[139.13716261318032,35.30733775239357],[139.1378725682908,35.30730128816458],[139.1385382082241,35.30727315544682],[139.1382324856693,35.30861815093018],[139.13906620617502,35.30851613028464],[139.13896557652487,35.308996017782505],[139.13943322852208,35.30901582318807],[139.13957058621307,35.30954419087496],[139.13984212460593,35.309637438924526],[139.13995798841844,35.30970120083284],[139.14025699532763,35.30979700031758],[139.1403188736933,35.309764259304195],[139.14049023941007,35.30978728570958],[139.1404896391015,35.30998318752454],[139.14048959742644,35.30999811663296],[139.14046892996862,35.30999252824367],[139.14046409272254,35.31000871437359],[139.14045949591602,35.3100240964699],[139.14044836019147,35.31020450771214],[139.14043839945577,35.3103658586959],[139.14042961901745,35.31052307880061],[139.14042461304558,35.31061750369235],[139.14042344495283,35.31063951881851],[139.1404156561876,35.31070104705516],[139.14039647622113,35.31085254686947],[139.14038783306722,35.31092081939011],[139.14037481583279,35.31103242935017],[139.14036351783173,35.31114768731495],[139.14035843372037,35.31117758772733],[139.14032931681274,35.31128265679106],[139.1403187276782,35.31132086961418],[139.14033066557894,35.311324386055404],[139.1406001186448,35.31137586266016],[139.1406453328877,35.31108141971799],[139.1407198524776,35.311072412000954],[139.14090500922973,35.31036133008322],[139.14096249224366,35.31010892696978],[139.14113807890377,35.309210122767446],[139.141184279323,35.309146870216196],[139.14140016530501,35.30919782607899],[139.1415396980356,35.309004834061625],[139.1416118069373,35.309021373295856],[139.14175147504892,35.30881225633214],[139.14186660721225,35.308674683819035],[139.1419358566778,35.30868902399763],[139.14215741507581,35.30875472799937],[139.14170327012744,35.310127687149915],[139.14195171504556,35.31018418046142],[139.14189288980174,35.310362636712405],[139.14213439613178,35.310421977091956],[139.14173493150338,35.31099331782748],[139.1419713502448,35.3110298841651],[139.14199110102786,35.312628181942195],[139.1421287121602,35.312666083271274],[139.14237539363094,35.31273397548256],[139.1424350776342,35.312560518932166],[139.1424733046261,35.31196089457569],[139.1431798153753,35.312091279492414],[139.1433637924812,35.312112121557135],[139.14341616861176,35.31197946726703],[139.14354920871963,35.31200424201905],[139.1435874991595,35.311865944323664],[139.14351806323336,35.31183773001774],[139.1436879174144,35.3112411917347],[139.14380569788437,35.31125700545167],[139.14382602291727,35.31195336330683],[139.14425317815423,35.31196883525277],[139.14429871415578,35.31244901254656],[139.14432113733525,35.3130558147664],[139.14424870010208,35.31375988922151],[139.14406177467004,35.31370135669754],[139.14352116684267,35.314841611892874],[139.1459166890399,35.31557436821277],[139.14599918313397,35.31554244480442],[139.14740094832365,35.31602075833739],[139.1466431833909,35.31747866823228],[139.14651348731067,35.317762921062574],[139.1459602818529,35.318900086883716],[139.145773624649,35.31914267721931],[139.1454354444379,35.31962855112395],[139.14489157460437,35.320569018649934],[139.1440085226367,35.3222161965323],[139.1433580406638,35.32326696184973]]]]}},{"type":"Feature","properties":{"area_id":"142060810","city":"小田原市","ward":"","town":"栢山","chome":"","num_households":3223},"geometry":{"type":"MultiPolygon","coordinates":[[[[139.14740094832365,35.31602075833739],[139.14599918313397,35.31554244480442],[139.1459166890399,35.31557436821277],[139.14352116684267,35.314841611892874],[139.14406177467004,35.31370135669754],[139.14424870010208,35.31375988922151],[139.14432113733525,35.3130558147664],[139.14429871415578,35.31244901254656],[139.14425317815423,35.31196883525277],[139.14382602291727,35.31195336330683],[139.14380569788437,35.31125700545167],[139.1436879174144,35.3112411917347],[139.14351806323336,35.31183773001774],[139.1435874991595,35.311865944323664],[139.14354920871963,35.31200424201905],[139.14341616861176,35.31197946726703],[139.1433637924812,35.312112121557135],[139.1431798153753,35.312091279492414],[139.1424733046261,35.31196089457569],[139.1424350776342,35.312560518932166],[139.14237539363094,35.31273397548256],[139.1421287121602,35.312666083271274],[139.14199110102786,35.312628181942195],[139.1419713502448,35.3110298841651],[139.14173493150338,35.31099331782748],[139.14213439613178,35.310421977091956],[139.14189288980174,35.310362636712405],[139.14195171504556,35.31018418046142],[139.14170327012744,35.310127687149915],[139.14215741507581,35.30875472799937],[139.1419358566778,35.30868902399763],[139.14186660721225,35.308674683819035],[139.14175147504892,35.30881225633214],[139.1416118069373,35.309021373295856],[139.1415396980356,35.309004834061625],[139.14140016530501,35.30919782607899],[139.141184279323,35.309146870216196],[139.14113807890377,35.309210122767446],[139.14096249224366,35.31010892696978],[139.14090500922973,35.31036133008322],[139.1407198524776,35.311072412000954],[139.1406453328877,35.31108141971799],[139.1406001186448,35.31137586266016],[139.14033066557894,35.311324386055404],[139.1403187276782,35.31132086961418],[139.14032931681274,35.31128265679106],[139.14035843372037,35.31117758772733],[139.14036351783173,35.31114768731495],[139.14037481583279,35.31103242935017],[139.14038783306722,35.31092081939011],[139.14039647622113,35.31085254686947],[139.1404156561876,35.31070104705516],[139.14042344495283,35.31063951881851],[139.14042461304558,35.31061750369235],[139.14042961901745,35.31052307880061],[139.14043839945577,35.3103658586959],[139.14044836019147,35.31020450771214],[139.14045949591602,35.3100240964699],[139.14046409272254,35.31000871437359],[139.14046892996862,35.30999252824367],[139.14048959742644,35.30999811663296],[139.1404896391015,35.30998318752454],[139.14049023941007,35.30978728570958],[139.1403188736933,35.309764259304195],[139.14025699532763,35.30979700031758],[139.13995798841844,35.30970120083284],[139.13984212460593,35.309637438924526],[139.13957058621307,35.30954419087496],[139.13943322852208,35.30901582318807],[139.13896557652487,35.308996017782505],[139.13906620617502,35.30851613028464],[139.1382324856693,35.30861815093018],[139.1385382082241,35.30727315544682],[139.1378725682908,35.30730128816458],[139.13716261318032,35.30733775239357],[139.13657956322666,35.30736198876173],[139.13643236904474,35.307790691797805],[139.13640188718085,35.30787881990288],[139.1363954312587,35.30789896739811],[139.13609092962477,35.3088492199286],[139.13549163289176,35.30872850523071],[139.1350397627768,35.308647302075926],[139.13499797385848,35.30882106334531],[139.13434361425138,35.30871509366423],[139.13427551713937,35.30896081177669],[139.1336950570301,35.30885288199546],[139.13357399119963,35.30929300077132],[139.13327178964084,35.30923005677561],[139.1331631014095,35.30958461815518],[139.1330046762244,35.309555533032665],[139.13293973827876,35.3098179576871],[139.13273474618913,35.30987373825155],[139.13246178954873,35.309950531636034],[139.13205368091707,35.30948276934157],[139.13193859904695,35.309339433875024],[139.131973702284,35.30894613988456],[139.13177238525213,35.308135722168736],[139.1317701299638,35.308058883091576],[139.13176537961857,35.30789808962712],[139.1318524065848,35.307783531013904],[139.13196764476865,35.30712402678737],[139.13213595620454,35.306545741239596],[139.13239551751678,35.3058061632222],[139.13258174582108,35.305271358876155],[139.1324906408537,35.304307505837286],[139.13243217027187,35.303176176098106],[139.13243190679785,35.3030973059757],[139.13246654301955,35.3030109621737],[139.13247602463605,35.30298728673455],[139.13262374089877,35.30261908085461],[139.1327711120011,35.302275660090416],[139.13283901025227,35.3022169023912],[139.1322768172044,35.301075467753435],[139.13354120006713,35.30115941472164],[139.13366895254845,35.3011822661483],[139.13459665217883,35.301250873535686],[139.13497133006803,35.301278603276636],[139.13541708350877,35.301322235457704],[139.13544925758833,35.301401501341225],[139.136059070519,35.301266794407056],[139.1361935846793,35.301267641825],[139.13803340977333,35.301469158765656],[139.1386564672917,35.301547671675436],[139.13940144196363,35.301628783739694],[139.13949441657712,35.3022324529055],[139.13951317604833,35.302243757846604],[139.13977609819628,35.3022114681602],[139.14000195031613,35.30219466827502],[139.14108072889042,35.30183566949754],[139.14117680817557,35.301840939133044],[139.14121759657564,35.30184765100202],[139.14159356687523,35.30185029936414],[139.1415978617636,35.30185032397992],[139.14206215385158,35.30127710068234],[139.142071464574,35.30121786207845],[139.1422503995249,35.300078878921866],[139.14318534310675,35.30024964198933],[139.14367015550894,35.30109377480026],[139.14389311834788,35.301042446371255],[139.14393448258107,35.30113309968242],[139.1440396842499,35.30126756644941],[139.14416529103292,35.30134616678931],[139.1442419480756,35.301377659115374],[139.14466517256386,35.300878623038955],[139.14472755078546,35.30096291803642],[139.14458603545026,35.30130582431987],[139.14461363163716,35.301677441020566],[139.14479027224718,35.301684433910125],[139.1448877611566,35.302054688825685],[139.14528603616557,35.30204083361217],[139.1454793411952,35.30204792163196],[139.14577551992934,35.30195320550493],[139.14582606186644,35.30201525066524],[139.1460246805058,35.301806112096884],[139.14660991786317,35.300793511208994],[139.1466833897625,35.30069900467495],[139.14711590350814,35.299927208531855],[139.14721591034134,35.29983869611676],[139.14758551833927,35.29936856582644],[139.14772091018656,35.299168640541396],[139.14785361774898,35.29903228860772],[139.14805020475993,35.29893481737605],[139.14829036754702,35.29888005487954],[139.14835487751077,35.29881394524365],[139.14898763018147,35.29877035005313],[139.14936087741123,35.298752887029764],[139.14976595305035,35.2987197592394],[139.1498140891746,35.29872101686471],[139.15000209275212,35.29872426322411],[139.15004515416996,35.29859880916232],[139.15015406252883,35.29845724995427],[139.15041569926967,35.29816768747389],[139.15046753645365,35.29808115403994],[139.15095928819494,35.29787337991624],[139.1510658111851,35.29770370874084],[139.15116776901795,35.297617176326256],[139.15125668161937,35.297529373615006],[139.15129873402913,35.297472430357296],[139.15127953449326,35.29731430268277],[139.15128408233505,35.29718208179395],[139.15137848201093,35.2970493816465],[139.15144723947935,35.29695273254511],[139.15167494702104,35.2970399993288],[139.15249348597163,35.297271715118114],[139.15227849613916,35.29756717746856],[139.1522512379608,35.297637091103034],[139.15221447457182,35.29771892124878],[139.15208293752247,35.29815688894104],[139.1520693614503,35.29824934272183],[139.1520599755168,35.29831344134258],[139.15192734251724,35.29892259077284],[139.15193276018542,35.299187677716944],[139.1527158821272,35.29923603285268],[139.15291954308114,35.29845334812395],[139.1533922703483,35.29850093699756],[139.15388999742112,35.298558522137625],[139.15553180421722,35.2987654088327],[139.15531924612952,35.29957220161873],[139.15505361932333,35.300315037449884],[139.1546501964226,35.30111991225759],[139.15374226990804,35.302887531285414],[139.15362354808659,35.30313396347121],[139.1532414851479,35.304021348718784],[139.15293485309783,35.30473296966783],[139.15202066380922,35.30678230127438],[139.1518174894008,35.30723775376714],[139.15112660808947,35.30878646042465],[139.1510970118072,35.30885298098878],[139.15068453572735,35.30977948203986],[139.15060366064955,35.3099109915912],[139.15030891057438,35.31053725479174],[139.14995751565354,35.31119685873026],[139.14978758102495,35.311528065297516],[139.14969957763708,35.31169967451572],[139.14941931882814,35.3122461718086],[139.14871998442297,35.31355407678286],[139.14854710041726,35.31387738487807],[139.14740094832365,35.31602075833739]]]]}},{"type":"Feature","properties":{"area_id":"142060820","city":"小田原市","ward":"","town":"飯泉","chome":"","num_households":2452},"geometry":{"type":"MultiPolygon","coordinates":[[[[139.17478266168052,35.288842704777416],[139.17466136705568,35.28879260943161],[139.17457406817815,35.288776218640066],[139.17447514447446,35.28880595891079],[139.17433916209947,35.28882472338644],[139.17422246073238,35.28881725532178],[139.17417401838046,35.28885459439743],[139.17414337496206,35.289804161667746],[139.1739222461629,35.28982675583271],[139.1736007152518,35.28984356208636],[139.17357094741112,35.289845117555224],[139.17341067538635,35.28985121378646],[139.1732165528029,35.289832265932695],[139.1726817313549,35.28983272127637],[139.17248013361566,35.289866898424336],[139.17230789991513,35.289880954344085],[139.17209389547338,35.28987252960026],[139.1715419157009,35.289838310869555],[139.1716489574151,35.289087461163696],[139.17168663816503,35.28880599344992],[139.17167008272014,35.288434797061974],[139.17178362476275,35.28789763320575],[139.17188530078872,35.287572433425844],[139.1718963997054,35.28755946678929],[139.17190649516272,35.287190177358994],[139.17192415366978,35.287198913555734],[139.1719341103109,35.28715683139098],[139.1719568130317,35.28708350313644],[139.171969350899,35.28704297991231],[139.17197262946107,35.28694531083416],[139.17197661013643,35.2868266938797],[139.1719766061732,35.28681911176037],[139.1720184282075,35.286818205305565],[139.1720449348011,35.2868163050263],[139.17204269811688,35.28681083148878],[139.17203413291585,35.2867309189409],[139.172009597921,35.286502028428146],[139.17200904927873,35.28649690353062],[139.17199286842742,35.28642673025499],[139.17198865430416,35.286353092755895],[139.1719838676503,35.286220507989064],[139.17198552351917,35.28613810189208],[139.1719867848287,35.28600980400061],[139.17198807945198,35.285916325810824],[139.17198893924504,35.28585419056544],[139.1719912087613,35.285843456921285],[139.16991678436446,35.2857997557538],[139.16989141702084,35.28570391674704],[139.169850654625,35.28604093069412],[139.16985607852047,35.2861862352155],[139.1698184458878,35.28619335203534],[139.16884141376863,35.28578095633546],[139.16721314299113,35.28575987386394],[139.16509228209392,35.28579160477927],[139.1650919189421,35.28684633922459],[139.16504584144246,35.28685157745718],[139.16450191953206,35.286837439474155],[139.16307902659437,35.28681588975713],[139.16221959778252,35.28680287710799],[139.1611953978927,35.28680556077697],[139.16115845076956,35.28678683495798],[139.1610448958926,35.28664874512997],[139.15965118936646,35.28659330444242],[139.15967796546315,35.28625980773293],[139.1597403074786,35.28553230276939],[139.1597605213624,35.28529087768891],[139.1597656489718,35.28511295753317],[139.15977088475773,35.284932431364865],[139.15978390733125,35.28448139859935],[139.15979560560322,35.28422084292024],[139.15981652412952,35.28399265997175],[139.15982058549508,35.283948389491144],[139.15985231136713,35.2836029483948],[139.1599795745272,35.28235315413053],[139.160209969085,35.281223153094054],[139.1603016100997,35.280932480881425],[139.16046729477273,35.280406809102764],[139.16064589788348,35.27984036585753],[139.16101764984788,35.27866094132566],[139.16144246940067,35.277626026625015],[139.1615430778712,35.27742328487541],[139.1619461599888,35.276611194341804],[139.16218569071376,35.2761462767065],[139.16245864016403,35.27575203537645],[139.1628648474314,35.2752192426017],[139.1633139479757,35.27473252899993],[139.1633635427076,35.27468006034686],[139.16415834125658,35.27536028442299],[139.1644751107818,35.27563801413376],[139.1644471003526,35.27599890077798],[139.16497057130823,35.27630277296187],[139.16511454944427,35.27617125169102],[139.1651285756199,35.276172807568145],[139.16513437133722,35.27617298047755],[139.16599393631725,35.27519080191797],[139.16633011511132,35.27508273346108],[139.16686430475556,35.27561826775833],[139.16761464172131,35.27565754542236],[139.1679167052276,35.27559435367228],[139.168531959762,35.275560701539],[139.16852943798835,35.274836842997836],[139.1682068797162,35.27452022067796],[139.16893775483038,35.27429791476567],[139.16940329620024,35.27411055295812],[139.17021632454689,35.273669966959794],[139.17034668205298,35.27448853756114],[139.17037595347037,35.27463672064456],[139.1704555947739,35.27482637578981],[139.17042811178595,35.27572999234585],[139.17042273400597,35.27573130135004],[139.17036327504633,35.27574604421155],[139.1703068613523,35.276396484094306],[139.17025351860528,35.277064897219574],[139.1702673762458,35.27734446931316],[139.17028301454536,35.27793129197534],[139.17027903003745,35.278927845681864],[139.1703145167509,35.27986546136341],[139.17124307711978,35.27987499275882],[139.17164563862664,35.279873748845034],[139.17245968177818,35.279871305289554],[139.17267618592513,35.27987530643905],[139.17296702012086,35.27986816429393],[139.17311202135585,35.27986297186829],[139.17313781634485,35.279864380406636],[139.1732351565073,35.27986962994473],[139.1734473900133,35.27987078960546],[139.17438743541595,35.27987592161144],[139.1745454938824,35.279886079678654],[139.17465847378227,35.27988479396237],[139.17556874885656,35.279870459560804],[139.17552514075786,35.28014373111079],[139.1753968639979,35.280363232959026],[139.17539036126448,35.28050840207762],[139.17547507391936,35.28075779562767],[139.1754560638392,35.28091515012119],[139.17539138890874,35.28103281997121],[139.1753181206928,35.28119861029097],[139.1752854566791,35.281408916053586],[139.1753001973138,35.28159779039842],[139.17528340638057,35.28169846887269],[139.1752292722933,35.281734016765526],[139.17486159780154,35.28175356163001],[139.1747440490988,35.28184115547154],[139.17468886884947,35.28202141005831],[139.17467744372192,35.282275490795506],[139.17466926495857,35.28240494717317],[139.1745888687961,35.282607386512325],[139.17455945221766,35.28274517733884],[139.17466206324733,35.28305889133164],[139.17469488574002,35.283210259875275],[139.17469407729135,35.283357290816525],[139.17467183720467,35.28351033189313],[139.17458469673167,35.28385575582897],[139.1745594126072,35.28392129043367],[139.17456863953464,35.28400336485199],[139.1746201136959,35.28400046190631],[139.17468521558078,35.28399678988337],[139.17466870824322,35.284076348942236],[139.1746686989722,35.28415042495884],[139.17478759072375,35.28417804390498],[139.17488804545928,35.28426584161704],[139.174997419303,35.28430777343733],[139.17512199634007,35.28467188609471],[139.17513350857678,35.284856447744815],[139.17521960698215,35.28486156410141],[139.17521966152546,35.28511929928589],[139.17519443150945,35.28527035129115],[139.17507535267546,35.28549821314657],[139.1749729691347,35.28572708078585],[139.1749126415078,35.28588512410927],[139.1749085318996,35.28605277037111],[139.17507846304082,35.28627347513204],[139.1748549775607,35.286402531636064],[139.174774412043,35.28657785859038],[139.17461545344477,35.28681986544896],[139.1745482339152,35.28686509310527],[139.17452429275943,35.28689109657295],[139.17449180727243,35.28696573188695],[139.17449212390213,35.28699930125378],[139.17449282565795,35.28707370722404],[139.1744938141029,35.28717851026066],[139.17449411294848,35.28721013751796],[139.1745667903744,35.28731844548355],[139.17466342314387,35.28757607014248],[139.17449350502645,35.28781886229344],[139.17456690685339,35.2886320328561],[139.1750155059857,35.288672294020124],[139.1748655995021,35.28876668253828],[139.17478266168052,35.288842704777416]]]]}},{"type":"Feature","properties":{"area_id":"142060830","city":"小田原市","ward":"","town":"成田","chome":"","num_households":1574},"geometry":{"type":"MultiPolygon","coordinates":[[[[139.16838878553355,35.298916891331274],[139.16691955647417,35.2987893706792],[139.16691816121886,35.2988024608405],[139.16614177746982,35.298744096706216],[139.1662400115831,35.297703007021674],[139.16623038596077,35.29768771267128],[139.16620529519042,35.29750489678277],[139.1660150055898,35.29751466275244],[139.16595897954528,35.29750894549081],[139.1658912002995,35.297461700492576],[139.16576793625575,35.29734294149203],[139.1657593182098,35.29732126162361],[139.16575216250428,35.29730063235687],[139.16573273341467,35.29701524435241],[139.16566961527113,35.29666871772727],[139.16554067107487,35.29608585502109],[139.1655258910867,35.2958777561345],[139.16552783302785,35.29573052148107],[139.1654579890715,35.295408111035464],[139.16540555356923,35.29532423429645],[139.16518865260952,35.295305571459984],[139.1648774524002,35.29520195467494],[139.1646951982535,35.295190032065875],[139.1645650891836,35.29519269220588],[139.16381977750328,35.29544383313428],[139.16352724724945,35.29675742170829],[139.16326927759167,35.29674472479592],[139.16299730015606,35.29670174056213],[139.1626569928776,35.29660168892943],[139.16275246528102,35.29619111417443],[139.16188181324182,35.296016852090055],[139.1618481388279,35.295996525230926],[139.16184471708047,35.295818346761344],[139.16207020449585,35.29580629027032],[139.16215799055604,35.29546341600452],[139.16209330891857,35.29545333951942],[139.16180727432072,35.29549055118316],[139.16179729319782,35.29534205241351],[139.1620124991827,35.295326700231044],[139.1620072623521,35.29512907554712],[139.16178115335387,35.29510246849614],[139.16177300817358,35.29498123307893],[139.16178338931698,35.29488411229733],[139.16189364580165,35.29471156515817],[139.1619989262179,35.29449659817565],[139.16200891153,35.29441088356367],[139.16204750700592,35.294153083528215],[139.1620477598619,35.293961686653994],[139.16201362977998,35.29389283871673],[139.16192453371968,35.29385959894846],[139.16140119863732,35.29377056769857],[139.1600133705904,35.29354531834595],[139.15837126601144,35.29330933796875],[139.15740722080153,35.29316346274221],[139.15776147884887,35.29217950912395],[139.15849839177122,35.29012429688945],[139.15845628680438,35.29011645594959],[139.15865023498074,35.28971234849255],[139.15891312927633,35.288975121963844],[139.15926823352936,35.28794152171577],[139.1594617254871,35.287332843585304],[139.1596024422544,35.28687865183458],[139.15965118936646,35.28659330444242],[139.1610448958926,35.28664874512997],[139.16115845076956,35.28678683495798],[139.1611953978927,35.28680556077697],[139.16221959778252,35.28680287710799],[139.16307902659437,35.28681588975713],[139.16450191953206,35.286837439474155],[139.16504584144246,35.28685157745718],[139.1650919189421,35.28684633922459],[139.16509228209392,35.28579160477927],[139.16721314299113,35.28575987386394],[139.16884141376863,35.28578095633546],[139.1698184458878,35.28619335203534],[139.16985607852047,35.28618623521553],[139.169850654625,35.28604093069412],[139.16989141702084,35.28570391674704],[139.16991678436446,35.2857997557538],[139.1719912087613,35.285843456921285],[139.17198893924504,35.28585419056544],[139.17198807945198,35.285916325810824],[139.1719867848287,35.28600980400061],[139.17198552351917,35.28613810189208],[139.1719838676503,35.286220507989064],[139.17198865430416,35.286353092755895],[139.17199286842742,35.28642673025499],[139.17200904927873,35.28649690353062],[139.172009597921,35.286502028428146],[139.17203413291585,35.2867309189409],[139.17204269811688,35.28681083148878],[139.1720449348011,35.2868163050263],[139.1720184282075,35.286818205305565],[139.1719766061732,35.28681911176037],[139.17197661013643,35.2868266938797],[139.17197262946107,35.28694531083416],[139.171969350899,35.28704297991231],[139.1719568130317,35.28708350313644],[139.1719341103109,35.28715683139098],[139.17192415366978,35.287198913555734],[139.17190649516272,35.287190177358994],[139.1718963997053,35.28755946678929],[139.17188530078872,35.287572433425844],[139.17178362476275,35.28789763320575],[139.17167008272008,35.28843479706199],[139.17168663816503,35.28880599344992],[139.1716489574151,35.289087461163696],[139.1715419157009,35.289838310869555],[139.17209389547338,35.28987252960026],[139.17230789991513,35.289880954344085],[139.17248013361566,35.289866898424336],[139.1726817313549,35.28983272127637],[139.1732165528029,35.289832265932695],[139.17341067538635,35.28985121378646],[139.17357094741112,35.289845117555224],[139.1736007152518,35.28984356208636],[139.1739222461629,35.28982675583271],[139.17414337496206,35.289804161667746],[139.17417401838046,35.28885459439743],[139.17422246073238,35.28881725532178],[139.17433916209947,35.28882472338644],[139.17447514447446,35.28880595891079],[139.17457406817815,35.288776218640066],[139.17466136705568,35.28879260943161],[139.17478266168052,35.288842704777416],[139.17455464305442,35.28944459621626],[139.17450706261357,35.2895927078964],[139.17436118492694,35.289930977067485],[139.17431516388464,35.29011965878293],[139.17426291580915,35.290249999967365],[139.17415815363265,35.290379631973124],[139.17401584165998,35.290527227402706],[139.17387411108007,35.29096248486471],[139.17371183729082,35.29125031113061],[139.17370469612956,35.29127041016303],[139.17368686074218,35.29132060584902],[139.1736570851799,35.2914135083908],[139.17361724293218,35.291553806441506],[139.1735910083762,35.29165270067704],[139.17354456770337,35.29178822810695],[139.17349104675918,35.2918576890427],[139.17348297934333,35.291880858856985],[139.17336649522682,35.29213133464807],[139.17329179146554,35.29238217952195],[139.17321785574654,35.292770907376045],[139.17313678320716,35.293039110682216],[139.1728594137061,35.29372325869005],[139.17192558611364,35.293767229465466],[139.1717101329082,35.29375583893631],[139.17155220343537,35.29372096194864],[139.17139272712012,35.293638826019354],[139.171325865177,35.29406456144041],[139.17134473228813,35.29434183195953],[139.17073111824826,35.294357228745845],[139.17069274895516,35.2942950258549],[139.17062826053595,35.29419047701419],[139.17045394761678,35.293907877643456],[139.17041059712324,35.293840484207784],[139.1702848572585,35.29367404449294],[139.17026852875054,35.293680476306164],[139.17006423082412,35.2937542803566],[139.16961216096897,35.293436251939866],[139.16905625951028,35.293395382270404],[139.16903139215793,35.29336919068329],[139.16903921641295,35.29323184706837],[139.16872080563,35.293199257660966],[139.168687312398,35.29319582976817],[139.1688297905494,35.293716794907304],[139.16878164865798,35.29423044488079],[139.16898708417745,35.294238193862455],[139.16891208212425,35.294796200676224],[139.16910365567972,35.29481866108273],[139.16903230488234,35.295314085842925],[139.16923864945412,35.29533690885459],[139.16918245010788,35.29585995053541],[139.1693782048849,35.29589123624955],[139.16924207009941,35.296909021741804],[139.16946924863183,35.296932028545264],[139.16935390817463,35.29792781680913],[139.16932942484522,35.29830646341574],[139.16931108524238,35.29844832635787],[139.16847402767544,35.298409572808296],[139.16845422658253,35.29840453404894],[139.16838878553355,35.298916891331274]]]]}},{"type":"Feature","properties":{"area_id":"142060840","city":"小田原市","ward":"","town":"桑原","chome":"","num_households":413},"geometry":{"type":"MultiPolygon","coordinates":[[[[139.16159920161243,35.303744371567646],[139.16143397744273,35.30373789061499],[139.16091412066535,35.303671765534624],[139.1597958830157,35.30354111165183],[139.15958141610602,35.30345942797308],[139.15948111264268,35.30332620012138],[139.15950440281162,35.30324217871784],[139.159148502951,35.30327878426648],[139.15908104805365,35.30335875549485],[139.15638026407635,35.30352075911052],[139.15489696358807,35.30442507275502],[139.1538430911172,35.30415761375077],[139.1532414851479,35.304021348718784],[139.15362354808659,35.30313396347121],[139.15374226990804,35.302887531285414],[139.1546501964226,35.30111991225759],[139.15505361932333,35.300315037449884],[139.15531924612952,35.29957220161873],[139.15553180421722,35.2987654088327],[139.1559169879296,35.29739552876868],[139.15606762447047,35.29694604482656],[139.15629846187758,35.29625751617915],[139.15629807662808,35.29625744305149],[139.15697786319154,35.294335224888286],[139.1569780403405,35.29433466252902],[139.15699671505078,35.294268502364964],[139.15740722080153,35.29316346274221],[139.15837126601144,35.29330933796875],[139.1600133705904,35.29354531834595],[139.16140119863732,35.29377056769857],[139.16192453371968,35.29385959894846],[139.16201362977998,35.29389283871673],[139.1620477598619,35.293961686653994],[139.16204750700592,35.294153083528215],[139.16200891153,35.29441088356367],[139.1619989262179,35.29449659817565],[139.16189364580165,35.29471156515817],[139.16178338931698,35.29488411229733],[139.16177300817358,35.29498123307893],[139.16178115335387,35.29510246849614],[139.1620072623521,35.29512907554712],[139.1620124991827,35.295326700231044],[139.16179729319782,35.29534205241351],[139.16180727432072,35.29549055118316],[139.16209330891857,35.29545333951942],[139.16215799055604,35.29546341600452],[139.16207020449585,35.29580629027032],[139.16184471708047,35.295818346761344],[139.1618481388279,35.295996525230926],[139.16188181324182,35.296016852090055],[139.16275246528102,35.29619111417443],[139.1626569928776,35.29660168892943],[139.16299730015606,35.29670174056213],[139.16326927759167,35.29674472479592],[139.16352724724945,35.29675742170829],[139.16381977750328,35.29544383313428],[139.1645650891836,35.29519269220588],[139.1646951982535,35.295190032065875],[139.1648774524002,35.29520195467494],[139.16518865260952,35.295305571459984],[139.16540555356923,35.29532423429645],[139.1654579890715,35.295408111035464],[139.16552783302785,35.29573052148107],[139.1655258910867,35.2958777561345],[139.16554067107487,35.29608585502109],[139.16566961527113,35.29666871772727],[139.16573273341467,35.29701524435241],[139.16575216250428,35.29730063235687],[139.1657593182098,35.29732126162361],[139.16576793625575,35.29734294149203],[139.1658912002995,35.297461700492576],[139.16595897954528,35.29750894549081],[139.1660150055898,35.29751466275244],[139.16620529519042,35.29750489678277],[139.16623038596077,35.29768771267128],[139.1662400115831,35.297703007021674],[139.16614177746982,35.298744096706216],[139.16691816121886,35.2988024608405],[139.16691955647417,35.2987893706792],[139.16838878553355,35.298916891331274],[139.1684034519834,35.29893549207678],[139.16835553253625,35.299426820694066],[139.1681447136337,35.29941918178796],[139.16789654413753,35.301479529840506],[139.1678326491559,35.3020068944312],[139.16764546510151,35.3020073422726],[139.1677328393018,35.30249293633052],[139.16771412558774,35.30249135507994],[139.16652830845644,35.302389615813645],[139.16429525837634,35.30221559974426],[139.1642864098872,35.30212710501051],[139.16385033201178,35.30214250666432],[139.1638497301146,35.302454950756804],[139.16344220391034,35.302502479692386],[139.16282954814176,35.30252351981775],[139.16277583183378,35.3026670866991],[139.1626657032249,35.30289082976172],[139.1625241776799,35.30299996825761],[139.1622731759168,35.303134342765205],[139.16211303048797,35.30323570184495],[139.16199267703635,35.303386645501774],[139.16194235868488,35.303586778895266],[139.1618747198178,35.30366858222058],[139.16159920161243,35.303744371567646]]]]}},{"type":"Feature","properties":{"area_id":"142060850","city":"小田原市","ward":"","town":"別堀","chome":"","num_households":386},"geometry":{"type":"MultiPolygon","coordinates":[[[[139.19209424624157,35.29303032676155],[139.19011933068023,35.29303834712205],[139.19011992661746,35.29302553249812],[139.190118757483,35.29284857909612],[139.19011834399777,35.29278609760314],[139.19011796952134,35.29272945609463],[139.1901167108617,35.29271934434088],[139.19007988091556,35.292719267890256],[139.1888716900565,35.29267908901776],[139.18858358036076,35.29273226462881],[139.18839386843297,35.29272463175379],[139.18849645485315,35.292400902758196],[139.18862974457983,35.29206656428601],[139.18803620907323,35.291985578414014],[139.1879729991267,35.29188771073869],[139.1878084223937,35.29168944784636],[139.18738397022602,35.29105629694294],[139.1872550038787,35.29093821819056],[139.18717108015824,35.290901784855784],[139.1869982985261,35.290607214275674],[139.18696168677616,35.29037266547891],[139.18696235771364,35.29035976599156],[139.18696746597027,35.290261576115334],[139.1869789615583,35.289998695173246],[139.1892007207516,35.29001445225554],[139.18918440238352,35.29014992118633],[139.1891787501718,35.29019671927315],[139.18917214028517,35.2902233016004],[139.18903454348018,35.290776690066444],[139.1900118141387,35.290689657086766],[139.19003328189007,35.29068737349443],[139.1905941481499,35.29062769463571],[139.19067262417073,35.29067430723949],[139.19074477313367,35.29074982861466],[139.1909954329854,35.29076644385304],[139.19454885195853,35.29079383372551],[139.19378569099666,35.29182719461707],[139.19291539424324,35.29186912344917],[139.19261206111767,35.292274742367326],[139.19210097885343,35.29228005443674],[139.19209424624157,35.29303032676155]]]]}},{"type":"Feature","properties":{"area_id":"142060860","city":"小田原市","ward":"","town":"高田","chome":"","num_households":1019},"geometry":{"type":"MultiPolygon","coordinates":[[[[139.1897721265746,35.28547640971276],[139.19036451031957,35.2853822488096],[139.19052640441987,35.285381351108036],[139.19151825377526,35.285467333626336],[139.19181883253717,35.28550611400776],[139.19231608858826,35.28565255417264],[139.19297766521146,35.285882396519646],[139.19385163560355,35.28618279527248],[139.1940291199011,35.28625774653407],[139.19532371427198,35.28688562724842],[139.19600306489863,35.28719603185758],[139.19636806345324,35.28735034537269],[139.1971305500411,35.287606821626206],[139.19791276108216,35.28782917442257],[139.1983002369366,35.287926985561015],[139.19857727251315,35.28796337239421],[139.19834869375626,35.288073358689715],[139.19738699568575,35.28861853724175],[139.19680554535844,35.28896551855796],[139.19661078256325,35.28908870874566],[139.19651150385113,35.28917022266931],[139.19603040886975,35.289840106785036],[139.1958310913922,35.29010551685586],[139.19558811556766,35.2904290731993],[139.19506059139397,35.29114680426188],[139.19478633507322,35.291509978761084],[139.193808502213,35.29241052076431],[139.1937721668795,35.292443988123026],[139.19193800810154,35.29425569222731],[139.1906070362224,35.295484164782756],[139.18899694846388,35.29696914074164],[139.1887922167787,35.296871715677476],[139.18837321805103,35.2966339289194],[139.188213911482,35.2965166769956],[139.18764283012987,35.29609618459632],[139.1874842346438,35.295943654858874],[139.18736713705476,35.29586028683929],[139.18719642553083,35.29577346277252],[139.18699034888314,35.29565145123047],[139.18694933961896,35.295618416727976],[139.18660177341667,35.29544008705696],[139.1862678725565,35.29522859170099],[139.1858668303377,35.294884418566404],[139.1853437020757,35.294572473524354],[139.18481460234375,35.294288308256064],[139.18478060373658,35.294329532069376],[139.18457040556981,35.294321500859695],[139.18441269198243,35.294065526649156],[139.18422824048307,35.2939955946625],[139.1841448302309,35.293905503623684],[139.1837743828963,35.29395864921235],[139.1833590066771,35.29331518446287],[139.1830431063267,35.29285843919889],[139.1828929462265,35.29270594969713],[139.1825506950446,35.29238694103504],[139.18304258492915,35.29187243774113],[139.184427733897,35.29045187293318],[139.18464575149443,35.290248339547944],[139.1848592574649,35.29007196194742],[139.18541615033627,35.289672935814984],[139.18554546022585,35.2895803252495],[139.1859548958848,35.28928704786015],[139.18629945339703,35.28904095303376],[139.18634233867965,35.2890104096302],[139.18656000191334,35.288855599936056],[139.18757141432675,35.28813866638646],[139.1876590162016,35.28805751974988],[139.18778985943757,35.28790090569844],[139.18791792515245,35.28766146340478],[139.1880533796117,35.287264535438624],[139.18838632661252,35.286202146209064],[139.1884229231599,35.28611988013517],[139.18847915016124,35.28599342569729],[139.18858688675246,35.28584788174505],[139.18874537756616,35.28574042360463],[139.1889427059581,35.28566817064357],[139.18921728542952,35.2855960492826],[139.18925080578703,35.28558721456737],[139.1897721265746,35.28547640971276]],[[139.19209424624157,35.29303032676155],[139.19210097885343,35.29228005443674],[139.19261206111767,35.292274742367326],[139.19291539424324,35.29186912344917],[139.19378569099666,35.29182719461707],[139.19454885195853,35.29079383372551],[139.1909954329854,35.29076644385304],[139.19074477313367,35.29074982861466],[139.19067262417073,35.29067430723949],[139.1905941481499,35.29062769463571],[139.19003328189007,35.29068737349443],[139.1900118141387,35.290689657086766],[139.18903454348018,35.290776690066444],[139.18917214028517,35.2902233016004],[139.1891787501718,35.29019671927315],[139.18918440238352,35.29014992118633],[139.1892007207516,35.29001445225554],[139.1869789615583,35.289998695173246],[139.18696746597027,35.290261576115334],[139.18696235771364,35.29035976599156],[139.18696168677616,35.29037266547891],[139.1869982985261,35.290607214275674],[139.18717108015824,35.290901784855784],[139.1872550038787,35.29093821819056],[139.18738397022602,35.29105629694294],[139.1878084223937,35.29168944784636],[139.1879729991267,35.29188771073869],[139.18803620907323,35.291985578414014],[139.18862974457983,35.29206656428601],[139.18849645485315,35.292400902758196],[139.18839386843297,35.29272463175379],[139.18858358036076,35.29273226462881],[139.1888716900565,35.29267908901776],[139.19007988091556,35.292719267890256],[139.1901167108617,35.29271934434088],[139.19011796952134,35.29272945609463],[139.19011834399777,35.29278609760314],[139.190118757483,35.29284857909612],[139.19011992661746,35.29302553249812],[139.19011933068023,35.29303834712205],[139.19209424624157,35.29303032676155]]]]}},{"type":"Feature","properties":{"area_id":"142060870","city":"小田原市","ward":"","town":"千代","chome":"","num_households":1454},"geometry":{"type":"MultiPolygon","coordinates":[[[[139.18605475572656,35.300824134099585],[139.1860015340546,35.3008520159765],[139.1858552424137,35.30085806210591],[139.18540939062456,35.300932496994854],[139.18521110236077,35.30101213131802],[139.18467074356738,35.30117464219676],[139.18451445120655,35.30120668716504],[139.18428584807899,35.30103215969231],[139.184120839559,35.30103690648308],[139.18376754149665,35.300863750433216],[139.18345259762233,35.300690870617274],[139.1830762343605,35.30050223666967],[139.18277226859405,35.30035870749415],[139.18256233647833,35.300234626627066],[139.1822754506689,35.30009309000177],[139.182082939582,35.29998205854655],[139.18194537983797,35.299922306964284],[139.18203043530917,35.299775379800096],[139.18183591821514,35.29966828162054],[139.18157423344417,35.29964095606838],[139.18154148350783,35.299724154492814],[139.1813113484617,35.300095283891665],[139.18128478837215,35.30009753419567],[139.18123989602427,35.30002919747571],[139.1810272863599,35.299805668907396],[139.1807831534136,35.29961950254124],[139.18049548752367,35.29945288789657],[139.18008192827668,35.29930890074363],[139.1800321423835,35.299112164087454],[139.17962740045053,35.29906856843393],[139.17944951595908,35.29904070639629],[139.17907620959687,35.29901340482795],[139.17908719807977,35.29892882160961],[139.1778481115219,35.29878175970554],[139.17731423553437,35.298683726788695],[139.17726335813424,35.29875091063083],[139.17531637193665,35.298734615952334],[139.17412222243408,35.298730287727956],[139.173712763364,35.298755093058986],[139.172826968668,35.29865237101716],[139.17234162550736,35.29853922958858],[139.1723664173651,35.29828987284816],[139.17246322999046,35.297914298430165],[139.17249052540984,35.29777417430483],[139.17256509359717,35.29754051092725],[139.1727664359481,35.29706495005145],[139.17286699613734,35.296877553262796],[139.17301887379887,35.29641608739407],[139.17326371101169,35.29559733238248],[139.17336747380565,35.29515299590403],[139.1733958207812,35.29498865338431],[139.17333806801634,35.29473919729155],[139.1733403896355,35.294612175630775],[139.1734083887045,35.294351575874806],[139.17342728160065,35.29419366063581],[139.1734030237281,35.29397107559529],[139.17338093459855,35.29386722903109],[139.17341576460302,35.293729821681104],[139.17352869323662,35.29364769703741],[139.17369081241242,35.293462818220604],[139.1738774964422,35.293299058584886],[139.1739427644296,35.293199773394],[139.17399122967888,35.293064834547344],[139.17403683854053,35.29298543971185],[139.17416397261815,35.292893603856555],[139.17427734882688,35.292777187154165],[139.1743656064344,35.29271316601467],[139.17447235408864,35.29260910605917],[139.1745695661345,35.29248936163884],[139.17459615612157,35.29243774250301],[139.17459136481,35.29232030730345],[139.17459322162188,35.29221398552421],[139.1745937483868,35.292149090613535],[139.17462044738858,35.29211047802852],[139.17465487046033,35.29206830192164],[139.17468708803716,35.292027015462374],[139.1746897900908,35.29202107653701],[139.174697625736,35.29200385024039],[139.17470177414359,35.29199472946592],[139.17471038902923,35.2919734269973],[139.17471846077407,35.29194628948483],[139.17473636985653,35.29188860218877],[139.17474070047606,35.291875465802164],[139.17474538470157,35.29186125636158],[139.17475687819513,35.29182639312413],[139.1747714071692,35.291799487774284],[139.17479500472876,35.29176068769076],[139.17481367536672,35.291736567196416],[139.17483402452098,35.2917245623305],[139.17485454830086,35.29171245388591],[139.17486647750906,35.29170418369459],[139.17486965855355,35.29170197680584],[139.17489986756866,35.2916810313796],[139.17492088123734,35.2916668460489],[139.1749573491924,35.29164360982309],[139.1749861289796,35.29161942998605],[139.1750105483794,35.29159071958826],[139.1750315821696,35.291572807119294],[139.17504726483585,35.291536838343504],[139.1750213244365,35.29149695284868],[139.1749936440926,35.29131984028074],[139.17510379824148,35.29108672177648],[139.1750974213446,35.291020493632494],[139.17504285842847,35.29094921436406],[139.1750308662267,35.29087112529665],[139.17507259701975,35.29078783644207],[139.17515877344795,35.290688663987595],[139.17525611332263,35.29067461785348],[139.175328939662,35.29072304066614],[139.17536036667644,35.29079827747308],[139.17552186841644,35.2910009063208],[139.17565702066085,35.291000234641864],[139.17576275862015,35.290956516682634],[139.1758187629936,35.29088696648563],[139.17592488757964,35.29079564868769],[139.17601333579472,35.290771272437716],[139.1766054639895,35.29078533799218],[139.17675646650122,35.29074672474813],[139.1771104638786,35.29072963596121],[139.17741302144782,35.29073289936251],[139.1774966622815,35.29075060672463],[139.17820534845842,35.29077438139958],[139.17827013349728,35.290776563730276],[139.17826865300293,35.290779091314896],[139.18054064288944,35.29078546957101],[139.181995259016,35.29078953152036],[139.18199579367658,35.29079791365273],[139.18202416155233,35.29122846436829],[139.18204699287207,35.29123569977314],[139.18304258492915,35.29187243774113],[139.1825506950446,35.29238694103504],[139.1828929462265,35.29270594969713],[139.1830431063267,35.29285843919889],[139.1833590066771,35.29331518446287],[139.1837743828963,35.29395864921235],[139.1841448302309,35.293905503623684],[139.18422824048307,35.2939955946625],[139.18441269198243,35.294065526649156],[139.18457040556981,35.294321500859695],[139.18478060373658,35.294329532069376],[139.18481460234375,35.294288308256064],[139.1853437020757,35.294572473524354],[139.1858668303377,35.294884418566404],[139.1862678725565,35.29522859170099],[139.18660177341667,35.29544008705696],[139.18694933961896,35.295618416727976],[139.18699034888314,35.29565145123047],[139.18719642553083,35.29577346277252],[139.18736713705476,35.29586028683929],[139.1874842346438,35.295943654858874],[139.18764283012987,35.29609618459632],[139.188213911482,35.2965166769956],[139.18837321805103,35.2966339289194],[139.1887922167787,35.296871715677476],[139.18899694846388,35.29696914074164],[139.18874233827768,35.29719389348401],[139.1885517881551,35.29738272226398],[139.1884178821637,35.297577416520284],[139.1883041141601,35.29778876650917],[139.18822354145848,35.29807092250322],[139.18812295118704,35.29846726032812],[139.1879537972172,35.298816966938865],[139.1879101318495,35.29886405432322],[139.1877542837664,35.29911165543139],[139.18761219955357,35.2992537036245],[139.18738257409981,35.29952161255532],[139.1871173238213,35.299808061618435],[139.1869369863326,35.299980323842064],[139.18658124901356,35.300346493484],[139.1863265126599,35.300606238582986],[139.18605475572656,35.300824134099585]]]]}},{"type":"Feature","properties":{"area_id":"142060880","city":"小田原市","ward":"","town":"永塚","chome":"","num_households":452},"geometry":{"type":"MultiPolygon","coordinates":[[[[139.17738897356762,35.30476101176531],[139.17732322751513,35.30474868326877],[139.17714133084,35.304774665780286],[139.17676779810046,35.30472947120443],[139.1764191658191,35.30464863790825],[139.17562439454233,35.304631146082826],[139.17510054654676,35.30464780014923],[139.17485218745014,35.3045909570566],[139.17273565042177,35.3046113046597],[139.172694432537,35.30365268802202],[139.17220885165975,35.30367580459306],[139.1715342475138,35.30366091697407],[139.17106819077432,35.30363808515231],[139.1704870839487,35.303592227932945],[139.1703992207818,35.30356393051205],[139.1705769075682,35.30324337481048],[139.17074035517228,35.30298329938016],[139.17075935882204,35.302923054941765],[139.17072961920033,35.30290930123383],[139.17092278251513,35.30271839899214],[139.1708439667643,35.30275535992718],[139.17080511737174,35.302531638525686],[139.17112992813603,35.3018609221008],[139.17141597452238,35.30114499590228],[139.1716246214711,35.30058187485627],[139.17162682806443,35.30045330348825],[139.17164572643017,35.300263488498935],[139.17172990750754,35.299968332216544],[139.17199950496223,35.299382307371694],[139.17200905921464,35.29938517641566],[139.17217463468086,35.2990097668661],[139.17234162550736,35.29853922958858],[139.172826968668,35.29865237101716],[139.173712763364,35.298755093058986],[139.17412222243408,35.298730287727956],[139.17531637193665,35.298734615952334],[139.17726335813424,35.29875091063083],[139.17731423553437,35.298683726788695],[139.1778481115219,35.29878175970554],[139.17908719807977,35.29892882160961],[139.17907620959687,35.29901340482795],[139.17944951595908,35.29904070639629],[139.17962740045053,35.29906856843393],[139.1800321423835,35.299112164087454],[139.18008192827668,35.29930890074363],[139.18049548752367,35.29945288789657],[139.1807831534136,35.29961950254124],[139.1810272863599,35.299805668907396],[139.18123989602427,35.30002919747571],[139.18128478837215,35.30009753419567],[139.1810569150327,35.30007947400776],[139.18081717297525,35.30000966286853],[139.18057767632868,35.2999255571229],[139.18024842735568,35.29985603462447],[139.18006210013502,35.30038147423182],[139.18050967572185,35.30053141996528],[139.18044193058552,35.30065076423586],[139.18009303101618,35.30053557515644],[139.18002127325673,35.30068926269523],[139.17961504718363,35.30057256452284],[139.179494266608,35.30082971196517],[139.17937147368613,35.30109114391339],[139.17932782808276,35.301236321259445],[139.1801087296332,35.301387931576706],[139.17997837861006,35.30145708153324],[139.17997190198938,35.30178744870045],[139.18014524875005,35.301771344862374],[139.18014355440502,35.302008926685176],[139.18008885977798,35.30223037839211],[139.18002165023898,35.3024591552091],[139.17993975975122,35.302547932751985],[139.17968783639378,35.30288119729414],[139.17964857221057,35.302962177037095],[139.1796297614909,35.30306875827071],[139.17965081765678,35.303217032066314],[139.17977800200396,35.303414186248716],[139.17988019528048,35.303466073617564],[139.18002013658247,35.303732939490416],[139.17785166188452,35.30454149454953],[139.1774261596935,35.304767621092736],[139.1774127593723,35.30475163444625],[139.17738897356762,35.30476101176531]]]]}},{"type":"Feature","properties":{"area_id":"142060890","city":"小田原市","ward":"","town":"東大友","chome":"","num_households":56},"geometry":{"type":"MultiPolygon","coordinates":[[[[139.17458740119528,35.30684254163018],[139.17428569917348,35.307038419269716],[139.17384757336174,35.30728228191864],[139.17368729267886,35.30735900816029],[139.17316250877556,35.3076102120257],[139.17306952157287,35.307614493167],[139.1719980798145,35.30748308073975],[139.1716587040312,35.30741425629368],[139.17149182577342,35.30743580767328],[139.1714500081719,35.30742797323478],[139.17126434521458,35.30750385486897],[139.1710410895814,35.3076068522464],[139.17110092095237,35.30802370312583],[139.17075035320755,35.308104948865505],[139.17049164827299,35.30817233036092],[139.17037640935447,35.308234583252414],[139.17022668717283,35.308285168385645],[139.17007091387822,35.30836663327798],[139.1699407566289,35.30848302615382],[139.16987948924557,35.308426988874686],[139.1697141675495,35.308315314468345],[139.16969862309531,35.308335651104514],[139.16952637350306,35.30854624267609],[139.16929414826245,35.30873185970985],[139.16890747270386,35.30888916492892],[139.16824875226874,35.309241863924115],[139.1671725647241,35.309104968243005],[139.1671985669808,35.308982723992344],[139.16734573407913,35.308856498308785],[139.1674487503621,35.30871369360103],[139.1675783983659,35.3085656119994],[139.1678086378771,35.30857047012619],[139.16781330397168,35.30862492870558],[139.16811451156883,35.30861320559498],[139.1684409096604,35.308761750515586],[139.16850682964233,35.308747888094196],[139.16917170662518,35.308319310823265],[139.16923337591328,35.30815268670886],[139.16925391830665,35.30800428762512],[139.16908325880107,35.30800982899469],[139.16907690680603,35.30764150595101],[139.16903670221203,35.307473266967165],[139.16929254186098,35.307451503490874],[139.16930801205135,35.307335045962915],[139.16925901066378,35.307123733712075],[139.16924347002683,35.30694408153376],[139.1689419840083,35.30708523448777],[139.16871638036105,35.307102304898976],[139.16859951835707,35.30641789943631],[139.16863594822118,35.30620205636956],[139.16869147393453,35.30597258606328],[139.16878464490176,35.3056462859449],[139.16978908475426,35.305595252973575],[139.16990178731913,35.30501731381205],[139.16932498880055,35.30487929819513],[139.16950613682485,35.304267158927885],[139.1692634258744,35.304223716870716],[139.16931129867055,35.30405272212475],[139.16952844248104,35.3033559268842],[139.16983539530762,35.30342169163088],[139.1700729784318,35.30270958602896],[139.17054846719807,35.3028336655009],[139.17072961920033,35.30290930123383],[139.17075935882204,35.302923054941765],[139.17074035517228,35.30298329938016],[139.1705769075682,35.30324337481048],[139.1703992207818,35.30356393051205],[139.1704870839487,35.303592227932945],[139.17106819077432,35.30363808515231],[139.1715342475138,35.30366091697407],[139.17220885165975,35.30367580459306],[139.172694432537,35.30365268802202],[139.17273565042177,35.3046113046597],[139.17485218745014,35.3045909570566],[139.17510054654676,35.30464780014923],[139.17562439454233,35.304631146082826],[139.1764191658191,35.30464863790825],[139.17676779810046,35.30472947120443],[139.17714133084,35.304774665780286],[139.17732322751513,35.30474868326877],[139.17738897356762,35.30476101176531],[139.17704727448356,35.305029138561835],[139.17623365711768,35.30563200239399],[139.17592181889773,35.305759875718536],[139.175692528436,35.30589383092948],[139.17548329999286,35.30603261295236],[139.1753189907318,35.306172554641606],[139.17502565934296,35.306470375533465],[139.17458740119528,35.30684254163018]]]]}},{"type":"Feature","properties":{"area_id":"142060900","city":"小田原市","ward":"","town":"西大友","chome":"","num_households":194},"geometry":{"type":"MultiPolygon","coordinates":[[[[139.1671725647241,35.309104968243005],[139.16709253281067,35.30914248278816],[139.16705180061433,35.30917000347954],[139.16703262150676,35.30925637183547],[139.16703146294003,35.309274550487395],[139.16688936089318,35.30926895224163],[139.1664334406602,35.309308984499424],[139.16464573636063,35.30943474846126],[139.16447620353475,35.30942831917634],[139.16425660877707,35.309398093664235],[139.1642095158752,35.30935290568394],[139.16426081782177,35.30928347475757],[139.16423051430615,35.30924936544643],[139.16411185045376,35.30925737095347],[139.16400239524847,35.30927894820699],[139.16391785099268,35.309295662302404],[139.1633684308823,35.30933008596478],[139.16302489807234,35.30932233880781],[139.16271663045765,35.309335419853866],[139.16203910586506,35.309319341092454],[139.16165122529074,35.30935535585516],[139.16131656823748,35.30941180523833],[139.1613880147216,35.30934805026873],[139.16136043236915,35.30910481174223],[139.16138693430022,35.30907390359168],[139.16148331526256,35.308794734840546],[139.16149639050946,35.30843975600325],[139.161525727488,35.30805578387752],[139.16156596192158,35.30786538276693],[139.1615740819967,35.307657622278654],[139.16156524969884,35.30729230995229],[139.16155979911963,35.30652344625228],[139.1615503832566,35.30447934436628],[139.1615814434729,35.303897222831054],[139.16159920161243,35.303744371567646],[139.1618747198178,35.30366858222058],[139.16194235868488,35.303586778895266],[139.16199267703635,35.303386645501774],[139.16211303048797,35.30323570184495],[139.1622731759168,35.303134342765205],[139.1625241776799,35.30299996825761],[139.1626657032249,35.30289082976172],[139.16277583183378,35.3026670866991],[139.16282954814176,35.30252351981775],[139.16344220391034,35.302502479692386],[139.1638497301146,35.302454950756804],[139.16385033201178,35.30214250666432],[139.1642864098872,35.30212710501051],[139.16429525837634,35.30221559974426],[139.16652830845644,35.302389615813645],[139.16771412558774,35.30249135507994],[139.1677328393018,35.30249293633052],[139.16764546510151,35.3020073422726],[139.1678326491559,35.3020068944312],[139.16789654413753,35.301479529840506],[139.1689540700367,35.30154794694627],[139.16919395884818,35.29950945291678],[139.17003568432872,35.29957759226324],[139.17010075928422,35.29906664031214],[139.17119258670823,35.29914895982142],[139.17156288780376,35.2992499952963],[139.17199950496223,35.299382307371694],[139.17172990750754,35.299968332216544],[139.17164572643017,35.300263488498935],[139.17162682806443,35.30045330348825],[139.1716246214711,35.30058187485627],[139.17141597452238,35.30114499590228],[139.17112992813603,35.3018609221008],[139.17080511737174,35.302531638525686],[139.1708439667643,35.30275535992718],[139.17092278251513,35.30271839899214],[139.17072961920033,35.30290930123383],[139.17054846719807,35.3028336655009],[139.1700729784318,35.30270958602896],[139.16983539530762,35.30342169163088],[139.16952844248104,35.3033559268842],[139.16931129867055,35.30405272212475],[139.1692634258744,35.304223716870716],[139.16950613682485,35.304267158927885],[139.16932498880055,35.30487929819513],[139.16990178731913,35.30501731381205],[139.16978908475426,35.305595252973575],[139.16878464490176,35.3056462859449],[139.16869147393453,35.30597258606328],[139.16863594822118,35.30620205636956],[139.16859951835707,35.30641789943631],[139.16871638036105,35.307102304898976],[139.1689419840083,35.30708523448777],[139.16924347002683,35.30694408153376],[139.16925901066378,35.307123733712075],[139.16930801205135,35.307335045962915],[139.16929254186098,35.307451503490874],[139.16903670221203,35.307473266967165],[139.16907690680603,35.30764150595101],[139.16908325880107,35.30800982899469],[139.16925391830665,35.30800428762512],[139.16923337591328,35.30815268670886],[139.16917170662518,35.308319310823265],[139.16850682964233,35.308747888094196],[139.1684409096604,35.308761750515586],[139.16811451156883,35.30861320559498],[139.16781330397168,35.30862492870558],[139.1678086378771,35.30857047012619],[139.1675783983659,35.3085656119994],[139.1674487503621,35.30871369360103],[139.16734573407913,35.308856498308785],[139.1671985669808,35.308982723992344],[139.1671725647241,35.309104968243005]]]]}},{"type":"Feature","properties":{"area_id":"142060910","city":"小田原市","ward":"","town":"延清","chome":"","num_households":211},"geometry":{"type":"MultiPolygon","coordinates":[[[[139.17199950496223,35.299382307371694],[139.17156288780376,35.2992499952963],[139.17119258670823,35.29914895982142],[139.17010075928422,35.29906664031214],[139.17003568432872,35.29957759226324],[139.16919395884818,35.29950945291678],[139.1689540700367,35.30154794694627],[139.16789654413753,35.301479529840506],[139.1681447136337,35.29941918178796],[139.16835553253625,35.299426820694066],[139.1684034519834,35.29893549207678],[139.16838878553355,35.298916891331274],[139.16845422658253,35.29840453404894],[139.16847402767544,35.298409572808296],[139.16931108524238,35.29844832635787],[139.16932942484522,35.29830646341574],[139.16935390817463,35.29792781680913],[139.16946924863183,35.296932028545264],[139.16924207009941,35.296909021741804],[139.1693782048849,35.29589123624955],[139.16918245010788,35.29585995053541],[139.16923864945412,35.29533690885459],[139.16903230488234,35.295314085842925],[139.16910365567972,35.29481866108273],[139.16891208212425,35.294796200676224],[139.16898708417745,35.294238193862455],[139.16878164865798,35.29423044488079],[139.1688297905494,35.293716794907304],[139.168687312398,35.29319582976816],[139.16872080563,35.293199257660966],[139.16903921641295,35.29323184706837],[139.16903139215793,35.29336919068329],[139.16905625951028,35.293395382270404],[139.16961216096897,35.293436251939866],[139.17006423082412,35.2937542803566],[139.17026852875054,35.293680476306164],[139.1702848572585,35.29367404449294],[139.17041059712324,35.293840484207784],[139.17045394761678,35.293907877643456],[139.17062826053595,35.29419047701419],[139.17069274895516,35.2942950258549],[139.17073111824826,35.294357228745845],[139.17134473228813,35.29434183195953],[139.171325865177,35.29406456144041],[139.17139272712012,35.293638826019354],[139.17155220343537,35.29372096194864],[139.1717101329082,35.29375583893631],[139.17192558611364,35.293767229465466],[139.1728594137061,35.29372325869005],[139.17313678320716,35.293039110682216],[139.17321785574654,35.292770907376045],[139.17329179146554,35.29238217952195],[139.17336649522682,35.29213133464807],[139.17348297934333,35.291880858856985],[139.17349104675918,35.2918576890427],[139.17354456770337,35.29178822810695],[139.1735910083762,35.29165270067704],[139.17361724293218,35.291553806441506],[139.1736570851799,35.2914135083908],[139.17368686074218,35.29132060584902],[139.17370469612956,35.29127041016303],[139.17371183729082,35.29125031113061],[139.17387411108007,35.29096248486471],[139.17401584165998,35.290527227402706],[139.17415815363265,35.290379631973124],[139.17426291580915,35.290249999967365],[139.1750177193573,35.29040065805017],[139.1749862093271,35.29049470677446],[139.17536210976291,35.290572666103145],[139.1754232852967,35.290583449407045],[139.17542986699152,35.2905852880885],[139.17552525938623,35.29061645410789],[139.17556239475195,35.29064640105317],[139.17559176971326,35.29068441814908],[139.17563524583272,35.290745947094244],[139.17538198579965,35.29079594492265],[139.17536036667644,35.29079827747308],[139.175328939662,35.29072304066614],[139.17525611332263,35.29067461785348],[139.17515877344795,35.290688663987595],[139.17507259701975,35.29078783644207],[139.1750308662267,35.29087112529665],[139.17504285842847,35.29094921436406],[139.1750974213446,35.291020493632494],[139.17510379824148,35.29108672177648],[139.1749936440926,35.29131984028074],[139.1750213244365,35.29149695284868],[139.17504726483585,35.291536838343504],[139.1750315821696,35.291572807119294],[139.1750105483794,35.29159071958826],[139.1749861289796,35.29161942998605],[139.1749573491924,35.29164360982309],[139.17492088123734,35.2916668460489],[139.17489986756866,35.2916810313796],[139.17486965855355,35.29170197680584],[139.17486647750906,35.29170418369459],[139.17485454830086,35.29171245388591],[139.17483402452098,35.2917245623305],[139.17481367536672,35.291736567196416],[139.17479500472876,35.29176068769076],[139.1747714071692,35.291799487774284],[139.17475687819513,35.29182639312413],[139.17474538470157,35.29186125636158],[139.17474070047606,35.291875465802164],[139.17473636985653,35.29188860218877],[139.17471846077407,35.29194628948483],[139.17471038902923,35.2919734269973],[139.17470177414359,35.29199472946592],[139.174697625736,35.29200385024039],[139.1746897900908,35.29202107653701],[139.17468708803716,35.292027015462374],[139.17465487046033,35.29206830192164],[139.17462044738858,35.29211047802852],[139.1745937483868,35.292149090613535],[139.17459322162188,35.29221398552421],[139.17459136481,35.29232030730345],[139.17459615612157,35.29243774250301],[139.1745695661345,35.29248936163884],[139.17447235408864,35.29260910605917],[139.1743656064344,35.29271316601467],[139.17427734882688,35.292777187154165],[139.17416397261815,35.292893603856555],[139.17403683854053,35.29298543971185],[139.17399122967888,35.293064834547344],[139.1739427644296,35.293199773394],[139.1738774964422,35.293299058584886],[139.17369081241242,35.293462818220604],[139.17352869323662,35.29364769703741],[139.17341576460302,35.293729821681104],[139.17338093459855,35.29386722903109],[139.1734030237281,35.29397107559529],[139.17342728160065,35.29419366063581],[139.1734083887045,35.294351575874806],[139.1733403896355,35.294612175630775],[139.17333806801634,35.29473919729155],[139.1733958207812,35.29498865338431],[139.17336747380565,35.29515299590403],[139.17326371101169,35.29559733238248],[139.17301887379887,35.29641608739407],[139.17286699613734,35.296877553262796],[139.1727664359481,35.29706495005145],[139.17256509359717,35.29754051092725],[139.17249052540984,35.29777417430483],[139.17246322999046,35.297914298430165],[139.1723664173651,35.29828987284816],[139.17234162550736,35.29853922958858],[139.17217463468086,35.2990097668661],[139.17200905921464,35.29938517641566],[139.17199950496223,35.299382307371694]]]]}},{"type":"Feature","properties":{"area_id":"142060920","city":"小田原市","ward":"","town":"曽我原","chome":"","num_households":360},"geometry":{"type":"MultiPolygon","coordinates":[[[[139.1823367638834,35.3045388405041],[139.1813337032928,35.30451794013924],[139.1812589194653,35.30451859288218],[139.18090020813995,35.30448348988963],[139.18094792818337,35.30408687329466],[139.18096720913925,35.30407669639127],[139.18115025322845,35.30411092169223],[139.1811474265666,35.30425455875346],[139.1814886660503,35.30427217362193],[139.1815191890204,35.30410249002551],[139.1818977419562,35.30412692486552],[139.18191183286282,35.30398693934168],[139.18250424969796,35.30401034158454],[139.18285127155323,35.30403516695188],[139.1825125059758,35.30435839106024],[139.1823367638834,35.3045388405041]]],[[[139.1843879298045,35.30313806904631],[139.18458750846915,35.30324751409533],[139.18451094063673,35.303337378406034],[139.18431339073777,35.30318351016439],[139.1843879298045,35.30313806904631]]],[[[139.1939567069034,35.30524515474601],[139.19368484039626,35.30528068452322],[139.19367115743398,35.30500443503501],[139.1936098616734,35.304966577305734],[139.19351524572005,35.30468644863794],[139.19389731253585,35.30466326190057],[139.1939567069034,35.30524515474601]]],[[[139.19175378800486,35.30589258183454],[139.19185028269843,35.30599329850716],[139.19209771075126,35.30617093782],[139.19190994595826,35.30624430180886],[139.1918658034148,35.306297162769766],[139.19142474492122,35.30636495499829],[139.19130645150037,35.30624518035675],[139.19106260464372,35.30625099562557],[139.1909464267508,35.30576463751956],[139.19098544984092,35.30565288113128],[139.1907662412458,35.30563932169005],[139.19068928248075,35.30549603557216],[139.19061330052926,35.305463238657836],[139.19044223925843,35.30545549779708],[139.19037963833293,35.30541446378131],[139.19031780836383,35.305313648218664],[139.18966377404138,35.30536255532575],[139.18958345319476,35.304840473828754],[139.18935630097744,35.30485412161764],[139.18931630634125,35.30500720746073],[139.1891304241654,35.30501614454097],[139.1889317450476,35.3050520539682],[139.1890321900581,35.30584239342375],[139.1886849625883,35.30591271879155],[139.18868279749591,35.30577926591742],[139.1885952243104,35.305561208165855],[139.1884621494484,35.3053179091711],[139.18839257890065,35.305115650480076],[139.18805404820705,35.30517299319308],[139.18789945156547,35.304838176508454],[139.18758783368887,35.304908759392745],[139.18749906555388,35.30493962062103],[139.18743102243326,35.30509213340117],[139.18743725130443,35.30521673600173],[139.18757761966967,35.305438879464745],[139.18736105689868,35.30525421320556],[139.18718415861267,35.30513778214229],[139.18669615413899,35.304908284464936],[139.18659536978166,35.304948446246456],[139.1866270870184,35.305189585144916],[139.18633483946783,35.30522752434531],[139.18636436337766,35.30559322031645],[139.18622460079186,35.3057980910598],[139.1863371414455,35.306349077933405],[139.18592220958868,35.30643100374587],[139.18578321876743,35.30628991641532],[139.18579630164368,35.30616788296575],[139.1855730171204,35.30608887375406],[139.185731491994,35.30582685510177],[139.18583586427889,35.30585410236681],[139.18603735385759,35.305778567934404],[139.18602209251142,35.30559645661832],[139.1862689200693,35.3054584936427],[139.18610097070265,35.30528612636845],[139.1862480909244,35.30514453074601],[139.1861733735343,35.305087936632546],[139.18597990750374,35.30514858574374],[139.1859932592937,35.3051386585497],[139.18594221446025,35.30503811027799],[139.18576526172717,35.304934281016195],[139.18575519922112,35.30488704725876],[139.18538467033457,35.30479295443471],[139.1853423086173,35.30485913100549],[139.1851986649298,35.304839065319335],[139.18522024933444,35.305165496987435],[139.18522464698583,35.30543338868599],[139.18536347123154,35.305567997944344],[139.18461207082666,35.30607920994137],[139.18449398169957,35.30568163204946],[139.18452392432823,35.30563799257205],[139.18445090717952,35.305562183058775],[139.1838647017489,35.30557713122534],[139.1838049033828,35.30548118322967],[139.18372531883475,35.305259643462705],[139.18388842665408,35.30523587392],[139.18396759544225,35.30525115801697],[139.18401714136994,35.30531296870763],[139.18445375647846,35.305323271334906],[139.18444966256172,35.30513629051848],[139.1845623482373,35.3051335157825],[139.18456403727257,35.30492149789959],[139.1847183477632,35.30492345331989],[139.1847153018856,35.30460479659961],[139.18436705315608,35.304566520621854],[139.18445029375724,35.305057074617295],[139.18399138749783,35.30505777759152],[139.18387145075658,35.305081005224835],[139.18369314301182,35.30508793361452],[139.18370817425898,35.30484591846636],[139.18371426983384,35.30459871423528],[139.18348102632922,35.304568307215476],[139.18342730906238,35.30420571930789],[139.1834249483925,35.304151696240694],[139.18358940590758,35.3041092033711],[139.18357344252578,35.304005181576066],[139.18363370376673,35.303870584773136],[139.18365958502324,35.30395895784223],[139.18374452726925,35.30417094867834],[139.18391328981537,35.30414882922536],[139.18392095356373,35.30388262175064],[139.18406505794076,35.303812344742255],[139.1840969280398,35.30365062522714],[139.1842234531771,35.30368426103299],[139.18414085577422,35.303878451142864],[139.1841121473833,35.30396667106228],[139.18410258742693,35.30415294482904],[139.1839721731155,35.30415456783806],[139.1839733702855,35.30436540476204],[139.1840926473391,35.3043653415008],[139.18408276061396,35.304538797489805],[139.18430495541395,35.30455970803528],[139.18430910064828,35.304406149411676],[139.1843174842538,35.30434687307327],[139.18437387746118,35.30434717606413],[139.18440437091536,35.30431941435005],[139.18446574378288,35.304061381169134],[139.1844922258426,35.30386977672155],[139.18456142809495,35.30359368875351],[139.18463865770855,35.3035879766783],[139.18491405640196,35.303696490307296],[139.1849936825373,35.30361086738975],[139.18517399205194,35.30362697492861],[139.1853274641445,35.30323219239264],[139.1858000396996,35.30341224948559],[139.18585134998486,35.303479069232324],[139.1859075232926,35.30350155190997],[139.1860405091559,35.303505926402934],[139.18610487639913,35.30355676134119],[139.18611404153904,35.303787145990206],[139.18632734149958,35.30371625209984],[139.18637736054743,35.3036592699476],[139.18641966764042,35.30353485789435],[139.1864323880857,35.303409582086026],[139.1866015397882,35.30325676616064],[139.18666519508116,35.30317556354553],[139.18657521941023,35.30312599988954],[139.18657816114748,35.30308552586031],[139.18638389751845,35.30305265594712],[139.18622714642197,35.303217721516866],[139.18611223966303,35.30326773580121],[139.1860774905696,35.30305200065413],[139.18602573320953,35.30287412907195],[139.18593791125494,35.30272134364154],[139.18583336795356,35.302592059607626],[139.18512127395712,35.30313285223669],[139.18491098809076,35.30313256846397],[139.18486694460162,35.30317254070863],[139.18472158036718,35.30309408902156],[139.1848921711662,35.302917622493666],[139.18471697518768,35.3028259832549],[139.18439855686208,35.302586751983156],[139.18449794164235,35.3024955312121],[139.18513755270726,35.301914637450935],[139.18515356033865,35.30190007641939],[139.1861669156554,35.30093529217281],[139.18605475572656,35.300824134099585],[139.1863265126599,35.300606238582986],[139.18658124901356,35.300346493484],[139.1869369863326,35.299980323842064],[139.1871173238213,35.299808061618435],[139.18738257409981,35.29952161255532],[139.18761219955357,35.2992537036245],[139.1877542837664,35.29911165543139],[139.1879101318495,35.29886405432322],[139.1879537972172,35.298816966938865],[139.18812295118704,35.29846726032812],[139.18822354145848,35.29807092250322],[139.1883041141601,35.29778876650917],[139.1884178821637,35.297577416520284],[139.1885517881551,35.29738272226398],[139.18874233827768,35.29719389348401],[139.18899694846388,35.29696914074164],[139.18932773030977,35.29705047927879],[139.1896948651835,35.297156444671394],[139.1899610173583,35.29719905837895],[139.19005967215455,35.29730732417207],[139.190126338228,35.29742541816051],[139.19015068519315,35.297589198449174],[139.19014404954913,35.297727815821645],[139.19008519848822,35.297751162559045],[139.1900757516303,35.29795222557766],[139.18998035925668,35.29832246708291],[139.18996792654,35.29842837966986],[139.19000326047168,35.29869643748105],[139.18979246714136,35.29864235956172],[139.18949491483178,35.29919728567134],[139.18979602734203,35.29941465163043],[139.18997311221773,35.29948460448403],[139.1902943888615,35.299579972571394],[139.19038262466137,35.299544951981275],[139.19048127811502,35.299474143595624],[139.19058804078765,35.2994806981638],[139.19055569113334,35.29930772062319],[139.1906950410005,35.298907292359786],[139.19097913721697,35.298940985492706],[139.19095509086884,35.29907098959505],[139.19116437360745,35.29908822828718],[139.1911297865848,35.299296762567224],[139.19122749773086,35.2993291821653],[139.19108568832615,35.29961685896043],[139.19117863234484,35.29967101175201],[139.19116493943696,35.2996973455755],[139.1910712200477,35.29987760941496],[139.1910241051804,35.30000284266663],[139.19110728216782,35.300299039799555],[139.19119363908075,35.30055680564206],[139.19136439148974,35.300662214187014],[139.1914877078372,35.300753919408535],[139.191528905585,35.300801741353474],[139.1913933913058,35.3008300324807],[139.19143844089953,35.3010377226553],[139.19152054564753,35.30103428669567],[139.19157314706507,35.301183006320294],[139.1916272357222,35.30139912412392],[139.19159785886032,35.30146987864787],[139.19160246768033,35.301544616898305],[139.19165951137816,35.30164744824894],[139.1916232329744,35.30167823925701],[139.1916322631241,35.301725959492565],[139.1917623733528,35.30178960428835],[139.1917199677856,35.30186768347662],[139.19163482082823,35.30209369441081],[139.1915553815534,35.302358395515405],[139.1915000948931,35.302468587092385],[139.19150872537398,35.30287226676086],[139.19147568077886,35.303086865725156],[139.19143653437374,35.303165454549294],[139.1913876164607,35.30336130828118],[139.1913654393922,35.303592160071084],[139.1914153071988,35.30378839668514],[139.1914195089065,35.30372933921938],[139.19149756014505,35.303886573403865],[139.19161176602054,35.30401773497391],[139.19157258726844,35.30399133092088],[139.19166819274463,35.30417203743578],[139.19169874477495,35.304366834449425],[139.19172317369566,35.30441731223036],[139.19171377474063,35.30471674875211],[139.19166959472108,35.30514007513017],[139.1916396995708,35.30514012811359],[139.19158302319238,35.30543783409962],[139.1916183672633,35.30554216944393],[139.1916232616071,35.30565697550803],[139.1916965798991,35.30583193011406],[139.19175378800486,35.30589258183454]],[[139.19021102135696,35.30486818199684],[139.19027062195553,35.30509355334735],[139.1905527864779,35.305037594524265],[139.19075527442564,35.30498163424873],[139.1906911713875,35.304777011277245],[139.19021102135696,35.30486818199684]],[[139.18491817589103,35.304624828762506],[139.18518536926274,35.304626122017766],[139.18522598604173,35.30439607429706],[139.18529396329927,35.30424144981305],[139.18554357887604,35.30432482481113],[139.18562554391858,35.30416112087378],[139.1854940059609,35.304131332937246],[139.1855717484857,35.30381796890101],[139.18575066911532,35.30382533688654],[139.18575772398066,35.30362947228991],[139.18578562020508,35.30361596138186],[139.18578929968484,35.303504298180684],[139.18560296728327,35.30350555241528],[139.1855747917032,35.303548708161024],[139.1854079153891,35.30355013685701],[139.18540148001665,35.3036572081216],[139.1852986524221,35.30365207876247],[139.18528902338963,35.30383131097052],[139.18496674770486,35.30384873500277],[139.18494762453074,35.304103543671424],[139.18492019688952,35.304236274524115],[139.18490668902479,35.304422174998706],[139.18491817589103,35.304624828762506]],[[139.1876853475425,35.30437051556971],[139.18795883637284,35.30459104636685],[139.18829792376107,35.30452807350951],[139.1882460901734,35.30429358773555],[139.18819322943122,35.30414556926285],[139.18841733572657,35.30405522319379],[139.1884934304409,35.30399746453471],[139.18840371004515,35.303893753283205],[139.18868508506492,35.303638371965654],[139.18856700142547,35.303541973705904],[139.1883188159766,35.303755351852864],[139.18816154840522,35.303834154205234],[139.18801666165157,35.303889855660834],[139.18791545734203,35.303988814437844],[139.18778957775834,35.304041518266494],[139.18788686345812,35.304204140079776],[139.18771488268823,35.30431286058793],[139.1876853475425,35.30437051556971]],[[139.18725905373117,35.3039207326555],[139.187632040188,35.30391033371874],[139.18756939503243,35.30379395056695],[139.18751314284617,35.30362950577676],[139.18744225656678,35.30335534300538],[139.18748930690455,35.30331503405398],[139.18745157853667,35.30313857640857],[139.18743231800138,35.302902714192406],[139.1873918405293,35.30272638246681],[139.18731085096397,35.302513498350606],[139.18674956289001,35.30253077489245],[139.1868391981652,35.30288799215088],[139.18688055372695,35.30309411561872],[139.18719120545035,35.30399466029954],[139.18725905373117,35.3039207326555]],[[139.18766167757138,35.30268592673512],[139.18763254947459,35.30271393817091],[139.18779646496426,35.30303148377396],[139.18785609563767,35.303159681393176],[139.1879281520338,35.30317246001722],[139.188324903266,35.302731862298764],[139.18832728738738,35.302490623363276],[139.1876269253613,35.30250800610301],[139.18766167757138,35.30268592673512]]],[[[139.1835702052579,35.3055895613898],[139.18352021268444,35.305998067726144],[139.18351737280796,35.30620867169756],[139.183526324059,35.30631955667518],[139.18351007233056,35.30651516053757],[139.18327408176967,35.30649452616811],[139.18305984341774,35.306477036869396],[139.18309721385,35.305707643015914],[139.18309193871806,35.30556142805584],[139.18305325461745,35.305043226781585],[139.18308444391008,35.304741302668475],[139.18312212873641,35.30454560339434],[139.183262924388,35.30455107943379],[139.1832545593938,35.304781158912164],[139.18328195219163,35.30506762460076],[139.1833394014633,35.30519398126856],[139.18335654239388,35.30554334516516],[139.18349635002738,35.30548987537765],[139.1835702052579,35.3055895613898]]],[[[139.1842102487619,35.306477728473084],[139.18434766283124,35.306552264114764],[139.18442299938218,35.30661724126466],[139.18449808930848,35.30671327176059],[139.18452670674517,35.30678757577707],[139.1845044495078,35.3070147637409],[139.18444430610776,35.306983527338836],[139.1841418539823,35.30708274094615],[139.18400965978077,35.30714540733401],[139.183914326785,35.30714235961906],[139.1839316406358,35.30707189416486],[139.18394340602313,35.30702407337991],[139.1840495389581,35.30679297004886],[139.18416845584522,35.306579961672064],[139.1842102487619,35.306477728473084]]],[[[139.18254889335975,35.30645295089514],[139.1823745810173,35.30656158165786],[139.18246110543132,35.306736753949245],[139.18260071882864,35.30693354852915],[139.182763711125,35.307096738655765],[139.18293312148387,35.30721475490256],[139.18291654367226,35.30722522835726],[139.18262833020316,35.307407467434935],[139.18251591011494,35.307478547458246],[139.18242954956293,35.30740639726182],[139.18214298970193,35.30716684259664],[139.18191443231672,35.30694168219053],[139.18182269061217,35.30670465456283],[139.18191047522942,35.30670611353965],[139.18194326685125,35.30658573509446],[139.18194037405547,35.30642657596744],[139.18254889335975,35.30645295089514]]]]}},{"type":"Feature","properties":{"area_id":"142060930","city":"小田原市","ward":"","town":"曽我谷津","chome":"","num_households":251},"geometry":{"type":"MultiPolygon","coordinates":[[[[139.1823367638834,35.3045388405041],[139.1825125059758,35.30435839106024],[139.18285127155323,35.30403516695188],[139.18305066862993,35.30384498514865],[139.1830926311382,35.30417328764104],[139.18342730906238,35.30420571930789],[139.18348102632922,35.304568307215476],[139.183262924388,35.30455107943379],[139.18312212873641,35.30454560339434],[139.18308444391008,35.304741302668475],[139.18305325461745,35.305043226781585],[139.18309193871806,35.30556142805584],[139.18295919574558,35.30555860070499],[139.18285946988556,35.30562179202134],[139.18282605213926,35.305686466862554],[139.18284365449728,35.30583810050076],[139.18280891931144,35.305992128314244],[139.18283602821333,35.306007625279314],[139.1827680008678,35.30609239413266],[139.182777838748,35.30646298502326],[139.18254889335975,35.30645295089514],[139.18249098570465,35.306238920786704],[139.18250073256024,35.30585252084543],[139.18255221146987,35.30560802661297],[139.18261902440528,35.30541185051746],[139.1826414511936,35.30518543746991],[139.18259655820836,35.304831839059034],[139.1825461749928,35.304649115954696],[139.18249548613304,35.30454772254757],[139.1823367638834,35.3045388405041]]],[[[139.18491817589103,35.304624828762506],[139.18490668902479,35.304422174998706],[139.18492019688952,35.304236274524115],[139.18494762453074,35.304103543671424],[139.18496674770486,35.30384873500277],[139.18528902338963,35.30383131097052],[139.1852986524221,35.30365207876247],[139.18540148001665,35.3036572081216],[139.1854079153891,35.30355013685701],[139.1855747917032,35.303548708161024],[139.18560296728327,35.30350555241528],[139.18578929968484,35.303504298180684],[139.18578562020508,35.30361596138186],[139.18575772398066,35.30362947228991],[139.18575066911532,35.30382533688654],[139.1855717484857,35.30381796890101],[139.1854940059609,35.304131332937246],[139.18562554391858,35.30416112087378],[139.18554357887604,35.30432482481113],[139.18529396329927,35.30424144981305],[139.18522598604173,35.30439607429706],[139.18518536926274,35.304626122017766],[139.18491817589103,35.304624828762506]]],[[[139.1876853475425,35.30437051556971],[139.18771488268823,35.30431286058793],[139.18788686345812,35.304204140079776],[139.18778957775834,35.304041518266494],[139.18791545734203,35.303988814437844],[139.18801666165157,35.303889855660834],[139.18816154840522,35.303834154205234],[139.1883188159766,35.303755351852864],[139.18856700142547,35.303541973705904],[139.18868508506492,35.303638371965654],[139.18840371004515,35.303893753283205],[139.1884934304409,35.30399746453471],[139.18841733572657,35.30405522319379],[139.18819322943122,35.30414556926285],[139.1882460901734,35.30429358773555],[139.18829792376107,35.30452807350951],[139.18795883637284,35.30459104636685],[139.1876853475425,35.30437051556971]]],[[[139.19021102135696,35.30486818199684],[139.1906911713875,35.304777011277245],[139.19075527442564,35.30498163424873],[139.1905527864779,35.305037594524265],[139.19027062195553,35.30509355334735],[139.19021102135696,35.30486818199684]]],[[[139.1823367638834,35.3045388405041],[139.18198582098705,35.304853406775216],[139.1798417568843,35.30681402347115],[139.17986111782605,35.30682617014108],[139.17924635485247,35.30738921537568],[139.17810373625926,35.30843570526364],[139.1778907136842,35.308186749394665],[139.1778245335864,35.308025344800186],[139.17776928062267,35.307792595631255],[139.17769430016006,35.3074122138517],[139.1776920614163,35.30738079531143],[139.177614192598,35.30629319032599],[139.17763962610329,35.30616446400712],[139.17784432192138,35.30577757144838],[139.17836208564466,35.30585593634183],[139.1785293276608,35.30567643241099],[139.17866736691033,35.30552824580266],[139.17878682340566,35.30546889732882],[139.17906734753555,35.30540450517256],[139.1792936436033,35.305326862036466],[139.17995384887632,35.30497045714196],[139.18046973780483,35.30467706734508],[139.18058999874842,35.3045599079863],[139.18064954868885,35.30443967432836],[139.18090020813995,35.30448348988963],[139.1812589194653,35.30451859288218],[139.1813337032928,35.30451794013924],[139.1823367638834,35.3045388405041]]],[[[139.18445029375724,35.305057074617295],[139.18436705315608,35.304566520621854],[139.1847153018856,35.30460479659961],[139.1847183477632,35.30492345331989],[139.18456403727257,35.30492149789959],[139.1845623482373,35.3051335157825],[139.18444966256172,35.30513629051848],[139.18445029375724,35.305057074617295]]],[[[139.18439855686208,35.302586751983156],[139.18471697518768,35.3028259832549],[139.1848921711662,35.302917622493666],[139.18472158036718,35.30309408902156],[139.18486694460162,35.30317254070863],[139.18491098809076,35.30313256846397],[139.18512127395712,35.30313285223669],[139.18583336795356,35.302592059607626],[139.18593791125494,35.30272134364154],[139.18602573320953,35.30287412907195],[139.1860774905696,35.30305200065413],[139.18611223966303,35.30326773580121],[139.18622714642197,35.303217721516866],[139.18638389751845,35.30305265594712],[139.18657816114748,35.30308552586031],[139.18657521941023,35.30312599988954],[139.18666519508116,35.30317556354553],[139.1866015397882,35.30325676616064],[139.1864323880857,35.303409582086026],[139.18641966764042,35.30353485789435],[139.18637736054743,35.3036592699476],[139.18632734149958,35.30371625209984],[139.18611404153904,35.303787145990206],[139.18610487639913,35.30355676134119],[139.1860405091559,35.303505926402934],[139.1859075232926,35.30350155190997],[139.18585134998486,35.303479069232324],[139.1858000396996,35.30341224948559],[139.1853274641445,35.30323219239264],[139.18517399205194,35.30362697492861],[139.1849936825373,35.30361086738975],[139.18491405640196,35.303696490307296],[139.18463865770855,35.3035879766783],[139.18456142809495,35.30359368875351],[139.1844922258426,35.30386977672155],[139.18446574378288,35.304061381169134],[139.18440437091536,35.30431941435005],[139.18437387746118,35.30434717606413],[139.1843174842538,35.30434687307327],[139.18430910064828,35.304406149411676],[139.18430495541395,35.30455970803528],[139.18408276061396,35.304538797489805],[139.1840926473391,35.3043653415008],[139.1839733702855,35.30436540476204],[139.1839721731155,35.30415456783806],[139.18410258742693,35.30415294482904],[139.1841121473833,35.30396667106228],[139.18414085577422,35.303878451142864],[139.1842234531771,35.30368426103299],[139.1843322662118,35.3035311232747],[139.18443671407468,35.30342450934289],[139.1842200668837,35.30326856678583],[139.18431339073777,35.30318351016439],[139.18451094063673,35.303337378406034],[139.18458750846915,35.30324751409533],[139.1843879298045,35.30313806904631],[139.18437692219902,35.30260663446725],[139.18439855686208,35.302586751983156]]],[[[139.1894538669936,35.31982570573314],[139.18947014419726,35.319804667701],[139.18923225197497,35.31975269968346],[139.1889567445175,35.31980693170409],[139.18886743523782,35.31983321374376],[139.18880920100318,35.31999338666477],[139.18874838349552,35.32009453725713],[139.1885441435401,35.3202355550467],[139.18852393786136,35.3203455843137],[139.1885213517452,35.320487395907065],[139.18842933030055,35.3207037978116],[139.1882982784408,35.320781968638876],[139.18800647563975,35.320972516107446],[139.1878880305432,35.320237194025644],[139.18732246113905,35.320067911771],[139.1872773309361,35.3199842232021],[139.1871339747833,35.319794243375384],[139.18712163491992,35.3197304494168],[139.18728094659997,35.31962595613366],[139.18746959105096,35.31955492693682],[139.1874964535167,35.31950472183098],[139.1872966850132,35.31920156307905],[139.1870780805943,35.31868444417302],[139.18709537980473,35.31846948050112],[139.18716604742718,35.31808523690012],[139.18759979726335,35.31776187323104],[139.18788067407553,35.31752782641035],[139.18779669601085,35.317451116106746],[139.1876027903581,35.31738423973686],[139.18791153636187,35.31683156092694],[139.1880415007049,35.31643383168022],[139.18801699286615,35.3160135184777],[139.18790403185312,35.31577778999408],[139.1879452291102,35.315392613965045],[139.18809900870443,35.31504134668042],[139.18776442411843,35.31479542202116],[139.1879591630193,35.31455556272569],[139.18744078862974,35.31435534225535],[139.18745848092385,35.314204390804605],[139.1875568441517,35.314113443365436],[139.18741156188474,35.31403217935979],[139.18760971643357,35.313843462701186],[139.18736299416096,35.31373201060011],[139.18712530825502,35.313629549353855],[139.1869943827921,35.3134607619046],[139.18702716621516,35.313340805144044],[139.18723434124092,35.31323853937845],[139.18745634511296,35.31308107571939],[139.18738554200522,35.31284944479126],[139.18728433008096,35.3127688386542],[139.18710227511417,35.31265026737783],[139.186943998548,35.31274540063936],[139.18685003748112,35.312709548189545],[139.18689997998555,35.31256538803949],[139.18686595333764,35.31239261203976],[139.1871432725309,35.31203616270322],[139.18702326540986,35.31194242792837],[139.1869514560182,35.311567139683426],[139.1867657108392,35.31100491846948],[139.18664556193715,35.31105377889931],[139.18633344279598,35.31103274233024],[139.1861683649484,35.31063787246262],[139.18610592659056,35.31060324406031],[139.18628995059188,35.31022960844532],[139.18631320779505,35.31008129279708],[139.18612503023354,35.30971263522853],[139.18605145060525,35.30942592316426],[139.18636166989907,35.30941505011263],[139.18634850865536,35.30924956930749],[139.18631188459096,35.3090691745882],[139.18624925678657,35.30897187413209],[139.18594281614872,35.30884256462875],[139.18587442685418,35.308800088384466],[139.18593076744253,35.30862371318708],[139.18592403041308,35.30841228294924],[139.185695000144,35.30797453718003],[139.1856329524402,35.30780442713615],[139.1851169834829,35.30784327624383],[139.18503576826393,35.30772327186461],[139.1849234660902,35.307731329914276],[139.18479558440177,35.30755981029297],[139.1850631467606,35.307440551290554],[139.18509062830066,35.30736070437457],[139.1850578681599,35.30726729510345],[139.18505834174852,35.307267156809885],[139.18502125592366,35.30712900968068],[139.18522473127035,35.30697729592592],[139.18561995425517,35.30661415915713],[139.18530081627114,35.306306060962946],[139.18505333190632,35.30635867232098],[139.1848944834282,35.30639760563813],[139.18481759568783,35.3064841586184],[139.18447205477167,35.30629351330929],[139.1843278240887,35.306282105387375],[139.1842102487619,35.306477728473084],[139.18416845584522,35.306579961672064],[139.1840495389581,35.30679297004886],[139.18394340602313,35.30702407337991],[139.1839316406358,35.30707189416486],[139.18375440780477,35.307035099303796],[139.18372201283776,35.30708457020537],[139.18335010949266,35.30693560934513],[139.1833992530196,35.306902706871526],[139.18323852560474,35.3068429728369],[139.18330225607312,35.306586431916664],[139.18327408176967,35.30649452616811],[139.18351007233056,35.30651516053757],[139.18389193402388,35.30656798346323],[139.18386331265881,35.30611208666703],[139.18379455424636,35.30612171702833],[139.18379088374303,35.306172538297666],[139.18365709383463,35.30616611594358],[139.183526324059,35.30631955667518],[139.18351737280796,35.30620867169756],[139.18352021268444,35.305998067726144],[139.1835702052579,35.3055895613898],[139.18373302809127,35.305499316213016],[139.1838049033828,35.30548118322967],[139.1838647017489,35.30557713122534],[139.18445090717952,35.305562183058775],[139.18452392432823,35.30563799257205],[139.18449398169957,35.30568163204946],[139.18461207082666,35.30607920994137],[139.18536347123154,35.305567997944344],[139.18597990750374,35.30514858574374],[139.1861733735343,35.305087936632546],[139.1862480909244,35.30514453074601],[139.18610097070265,35.30528612636845],[139.1862689200693,35.3054584936427],[139.18602209251142,35.30559645661832],[139.18603735385759,35.305778567934404],[139.18583586427889,35.30585410236681],[139.185731491994,35.30582685510177],[139.1855730171204,35.30608887375406],[139.18579630164368,35.30616788296575],[139.18578321876743,35.30628991641532],[139.18592220958868,35.30643100374587],[139.1863371414455,35.306349077933405],[139.18622460079186,35.3057980910598],[139.18636436337766,35.30559322031645],[139.18633483946783,35.30522752434531],[139.1866270870184,35.305189585144916],[139.18659536978166,35.304948446246456],[139.18669615413899,35.304908284464936],[139.18718415861267,35.30513778214229],[139.18736105689868,35.30525421320556],[139.18757761966967,35.305438879464745],[139.18743725130443,35.30521673600173],[139.18743102243326,35.30509213340117],[139.18749906555388,35.30493962062103],[139.18758783368887,35.304908759392745],[139.18789945156547,35.304838176508454],[139.18805404820705,35.30517299319308],[139.18839257890065,35.305115650480076],[139.1884621494484,35.3053179091711],[139.1885952243104,35.305561208165855],[139.18868279749591,35.30577926591742],[139.1886849625883,35.30591271879155],[139.1890321900581,35.30584239342375],[139.1889317450476,35.3050520539682],[139.1891304241654,35.30501614454097],[139.18931630634125,35.30500720746073],[139.18935630097744,35.30485412161764],[139.18958345319476,35.304840473828754],[139.18966377404138,35.30536255532575],[139.19031780836383,35.305313648218664],[139.19037963833293,35.30541446378131],[139.19044223925843,35.30545549779708],[139.19061330052926,35.305463238657836],[139.19068928248075,35.30549603557216],[139.1907662412458,35.30563932169005],[139.19098544984092,35.30565288113128],[139.1909464267508,35.30576463751956],[139.19106260464372,35.30625099562557],[139.19130645150037,35.30624518035675],[139.19142474492122,35.30636495499829],[139.1918658034148,35.306297162769766],[139.19190994595826,35.30624430180886],[139.19209771075126,35.30617093782],[139.19185028269843,35.30599329850716],[139.19175378800486,35.30589258183454],[139.1918620506873,35.30582964075729],[139.19195917985618,35.305729740571564],[139.1919808401811,35.30566802952739],[139.1919639605392,35.305607873179795],[139.19208380070273,35.30554752841469],[139.19217400494102,35.305541457887266],[139.19226874254772,35.305647234966735],[139.19230914860944,35.305736386769524],[139.19230902479842,35.30579567768435],[139.19246850151652,35.30583490148725],[139.19258413071438,35.30588938434442],[139.19263510232125,35.30595119965345],[139.1928104905391,35.306064375391394],[139.19253937647747,35.306206025847594],[139.19268326799826,35.306435717066364],[139.1925536232205,35.30652488160405],[139.19257424195834,35.30654111659736],[139.19343540210187,35.30731914776288],[139.19366897501453,35.307396858850964],[139.19392343874526,35.307423274186554],[139.19405005603576,35.30746844822267],[139.19411424920347,35.30759737030133],[139.19412972402918,35.307754765439576],[139.19407617894655,35.307982705203344],[139.19423690793562,35.30834507910577],[139.19432682858084,35.30849624769519],[139.19455526547242,35.30864350175993],[139.19471993367122,35.30884337277179],[139.1947959748977,35.30902840883104],[139.194776259415,35.30912160777355],[139.19478233376395,35.30921261926404],[139.19488930593596,35.30932592360377],[139.19498947915824,35.30947383621154],[139.1950302524543,35.309615379525674],[139.1950104166401,35.30976779950112],[139.19491288170195,35.30993044080469],[139.19475303444796,35.31006909293546],[139.19459614204735,35.31022536484921],[139.19450362507212,35.3103777519598],[139.19445228713133,35.31049381067051],[139.19244885916373,35.311574528386515],[139.19254178208567,35.311704660066034],[139.19257716831459,35.311919129095934],[139.19255951250702,35.31209958565197],[139.1925691872508,35.3122570203169],[139.19247387215196,35.31244762869193],[139.1921763422425,35.31288644129513],[139.19214264933737,35.31305223679794],[139.19220735156932,35.31327509978556],[139.19238028416441,35.313478890397626],[139.1927327954348,35.31397044376991],[139.19276044830713,35.31428915950251],[139.19297080171393,35.314334355873],[139.19319419072426,35.314491796658416],[139.19335384809355,35.314701852377404],[139.1935872019542,35.31489814466499],[139.19385525877934,35.31502983597628],[139.19410614688573,35.31510489056683],[139.1944553477131,35.31512201789453],[139.19463578087934,35.31522500723648],[139.19484192988705,35.31538509938361],[139.1949503295748,35.31553685791325],[139.1950428994282,35.31572972805475],[139.19518734007224,35.31591463262912],[139.1953507285619,35.31601682552247],[139.19560380807218,35.31611984415825],[139.1957641239907,35.31626370848861],[139.19589269733916,35.31660485463106],[139.19600863441522,35.31677094711581],[139.19623916577763,35.31689032363194],[139.19660324123316,35.31699533344847],[139.19662916737144,35.317086238114534],[139.1958944146816,35.317088913314755],[139.1954549632177,35.31714652053459],[139.194607137292,35.31738561636475],[139.19412619223561,35.31749179831958],[139.19362189033473,35.31766151221041],[139.19322344044008,35.31773812940254],[139.19286636328255,35.317792431487746],[139.19269679881657,35.31783652964191],[139.19223722773648,35.318130127660055],[139.1920172251604,35.31819642110142],[139.19154097479603,35.31849612484717],[139.1913988611024,35.31868739887671],[139.19121134741042,35.318980889143795],[139.19104321309038,35.3191156206393],[139.19049536081403,35.319298047394405],[139.19013426899352,35.3194407637203],[139.18977705912874,35.31964645355644],[139.1894538669936,35.31982570573314]],[[139.1861218328341,35.307136531182095],[139.18589750351597,35.307183143117534],[139.18604903154767,35.307341337964274],[139.18602817275394,35.30742572730199],[139.18600727107042,35.30751018682332],[139.18630306947134,35.30762113012665],[139.18654650274422,35.30764637579179],[139.18651636177825,35.30742834238732],[139.18649178852917,35.307250406939566],[139.18634185976364,35.307128626565884],[139.1861218328341,35.307136531182095]],[[139.19079767384375,35.306408730848766],[139.19091201187464,35.30636546887366],[139.190813120269,35.30570245450112],[139.19067733097737,35.30572623686628],[139.1906783801819,35.30582743248456],[139.1905563808318,35.30585107738275],[139.19038017704895,35.30590154440404],[139.19022804323242,35.305906509295305],[139.19026705487838,35.3063025335633],[139.19029324842552,35.30635259961054],[139.19071313938326,35.306338285544435],[139.19079767384375,35.306408730848766]]]]}},{"type":"Feature","properties":{"area_id":"142060940","city":"小田原市","ward":"","town":"曽我別所","chome":"","num_households":263},"geometry":{"type":"MultiPolygon","coordinates":[[[[139.183526324059,35.30631955667518],[139.18365709383463,35.30616611594358],[139.18379088374303,35.306172538297666],[139.18379455424636,35.30612171702833],[139.18386331265881,35.30611208666703],[139.18389193402388,35.30656798346323],[139.18351007233056,35.30651516053757],[139.183526324059,35.30631955667518]]],[[[139.18254889335975,35.30645295089514],[139.18194037405547,35.30642657596744],[139.18186572215586,35.306303082862954],[139.18185092772208,35.30607463892148],[139.18194047383417,35.30520102550719],[139.18198095800204,35.30508012518032],[139.18198582098705,35.304853406775216],[139.1823367638834,35.3045388405041],[139.18249548613304,35.30454772254757],[139.1825461749928,35.304649115954696],[139.18259655820836,35.304831839059034],[139.1826414511936,35.30518543746991],[139.18261902440528,35.30541185051746],[139.18255221146987,35.30560802661297],[139.18250073256024,35.30585252084543],[139.18249098570465,35.306238920786704],[139.18254889335975,35.30645295089514]]],[[[139.18444966256172,35.30513629051848],[139.18445375647846,35.305323271334906],[139.18401714136994,35.30531296870763],[139.18396759544225,35.30525115801697],[139.18388842665408,35.30523587392],[139.18372531883475,35.305259643462705],[139.18369314301182,35.30508793361452],[139.18387145075658,35.305081005224835],[139.18399138749783,35.30505777759152],[139.18445029375724,35.305057074617295],[139.18444966256172,35.30513629051848]]],[[[139.18536347123154,35.305567997944344],[139.18522464698583,35.30543338868599],[139.18522024933444,35.305165496987435],[139.1851986649298,35.304839065319335],[139.1853423086173,35.30485913100549],[139.18538467033457,35.30479295443471],[139.18575519922112,35.30488704725876],[139.18576526172717,35.304934281016195],[139.18594221446025,35.30503811027799],[139.1859932592937,35.3051386585497],[139.18597990750374,35.30514858574374],[139.18536347123154,35.305567997944344]]],[[[139.19662916737144,35.317086238114534],[139.19660324123316,35.31699533344847],[139.19623916577763,35.31689032363194],[139.19600863441522,35.31677094711581],[139.19589269733916,35.31660485463106],[139.1957641239907,35.31626370848861],[139.19560380807218,35.31611984415825],[139.1953507285619,35.31601682552247],[139.19518734007224,35.31591463262912],[139.1950428994282,35.31572972805475],[139.1949503295748,35.31553685791325],[139.19484192988705,35.31538509938361],[139.19463578087934,35.31522500723648],[139.1944553477131,35.31512201789453],[139.19410614688573,35.31510489056683],[139.19385525877934,35.31502983597628],[139.1935872019542,35.31489814466499],[139.19335384809355,35.314701852377404],[139.19319419072426,35.314491796658416],[139.19297080171393,35.314334355873],[139.19276044830713,35.31428915950251],[139.1927327954348,35.31397044376991],[139.19238028416441,35.313478890397626],[139.19220735156932,35.31327509978556],[139.19214264933737,35.31305223679794],[139.1921763422425,35.31288644129513],[139.19247387215196,35.31244762869193],[139.1925691872508,35.3122570203169],[139.19255951250702,35.31209958565197],[139.19257716831459,35.311919129095934],[139.19254178208567,35.311704660066034],[139.19244885916373,35.311574528386515],[139.19445228713133,35.31049381067051],[139.19450362507212,35.3103777519598],[139.19459614204735,35.31022536484921],[139.19475303444796,35.31006909293546],[139.19491288170195,35.30993044080469],[139.1950104166401,35.30976779950112],[139.1950302524543,35.309615379525674],[139.19498947915824,35.30947383621154],[139.19488930593596,35.30932592360377],[139.19478233376395,35.30921261926404],[139.194776259415,35.30912160777355],[139.1947959748977,35.30902840883104],[139.19471993367122,35.30884337277179],[139.19455526547242,35.30864350175993],[139.19432682858084,35.30849624769519],[139.19423690793562,35.30834507910577],[139.19407617894655,35.307982705203344],[139.19412972402918,35.307754765439576],[139.19411424920347,35.30759737030133],[139.19405005603576,35.30746844822267],[139.19392343874526,35.307423274186554],[139.19366897501453,35.307396858850964],[139.19343540210187,35.30731914776288],[139.19257424195834,35.30654111659736],[139.1925536232205,35.30652488160405],[139.19268326799826,35.306435717066364],[139.19253937647747,35.306206025847594],[139.1928104905391,35.306064375391394],[139.19263510232125,35.30595119965345],[139.19258413071438,35.30588938434442],[139.19246850151652,35.30583490148725],[139.19230902479842,35.30579567768435],[139.19230914860944,35.305736386769524],[139.19226874254772,35.305647234966735],[139.19217400494102,35.305541457887266],[139.19208380070273,35.30554752841469],[139.1919639605392,35.305607873179795],[139.1919808401811,35.30566802952739],[139.19195917985618,35.305729740571564],[139.1918620506873,35.30582964075729],[139.19175378800486,35.30589258183454],[139.1916965798991,35.30583193011406],[139.1916232616071,35.30565697550803],[139.1916183672633,35.30554216944393],[139.19158302319238,35.30543783409962],[139.1916396995708,35.30514012811359],[139.19166959472108,35.30514007513017],[139.19171377474063,35.30471674875211],[139.19172317369566,35.30441731223036],[139.19169874477495,35.304366834449425],[139.19166819274463,35.30417203743578],[139.19157258726844,35.30399133092088],[139.19161176602054,35.30401773497391],[139.19149756014505,35.303886573403865],[139.1914195089065,35.30372933921938],[139.1914153071988,35.30378839668514],[139.1913654393922,35.303592160071084],[139.1913876164607,35.30336130828118],[139.19143653437374,35.303165454549294],[139.19147568077886,35.303086865725156],[139.19150872537398,35.30287226676086],[139.1915000948931,35.302468587092385],[139.1915553815534,35.302358395515405],[139.19163482082823,35.30209369441081],[139.1917199677856,35.30186768347662],[139.1917623733528,35.30178960428835],[139.1916322631241,35.301725959492565],[139.1916232329744,35.30167823925701],[139.19165951137816,35.30164744824894],[139.19160246768033,35.301544616898305],[139.19159785886032,35.30146987864787],[139.1916272357222,35.30139912412392],[139.19157314706507,35.301183006320294],[139.19152054564753,35.30103428669567],[139.19143844089953,35.3010377226553],[139.1913933913058,35.3008300324807],[139.191528905585,35.300801741353474],[139.1914877078372,35.300753919408535],[139.19136439148974,35.300662214187014],[139.19119363908075,35.30055680564206],[139.19110728216782,35.300299039799555],[139.1910241051804,35.30000284266663],[139.1910712200477,35.29987760941496],[139.19116493943696,35.2996973455755],[139.19117863234484,35.29967101175201],[139.19108568832615,35.29961685896043],[139.19122749773086,35.2993291821653],[139.1911297865848,35.299296762567224],[139.19116437360745,35.29908822828718],[139.19095509086884,35.29907098959505],[139.19097913721697,35.298940985492706],[139.1906950410005,35.298907292359786],[139.19055569113334,35.29930772062319],[139.19058804078765,35.2994806981638],[139.19048127811502,35.299474143595624],[139.19038262466137,35.299544951981275],[139.1902943888615,35.299579972571394],[139.18997311221773,35.29948460448403],[139.18979602734203,35.29941465163043],[139.18949491483178,35.29919728567134],[139.18979246714136,35.29864235956172],[139.19000326047168,35.29869643748105],[139.18996792654,35.29842837966986],[139.18998035925668,35.29832246708291],[139.1900757516303,35.29795222557766],[139.19008519848822,35.297751162559045],[139.19014404954913,35.297727815821645],[139.19015068519315,35.297589198449174],[139.190126338228,35.29742541816051],[139.19005967215455,35.29730732417207],[139.1899610173583,35.29719905837895],[139.19032097085667,35.29721400419153],[139.190698776478,35.29722003106208],[139.1910076657493,35.29721301364231],[139.19108180341618,35.2969830011822],[139.19116926081864,35.2969864241697],[139.19183159474346,35.29702987386308],[139.1918253627277,35.29717236628733],[139.1931992846796,35.29718994374078],[139.19339382164674,35.29726843442193],[139.1938162315522,35.29747382918116],[139.19399560247714,35.29752026883349],[139.19416825215092,35.29754773136563],[139.19463057272293,35.297773825405976],[139.19483872256174,35.29784752681521],[139.1950615286106,35.297881308716505],[139.19524576316363,35.29779510652276],[139.19539569435986,35.297674217587186],[139.19550450647574,35.29761057190639],[139.19563702921278,35.29774964219494],[139.19602517044706,35.29774134168552],[139.1962508273909,35.29771267609421],[139.19656148901615,35.297528553722884],[139.1969864745527,35.297642124830546],[139.19751065453758,35.2977529746734],[139.19787532685652,35.29788016490887],[139.19808191811907,35.29788463107584],[139.19848582852643,35.29795893147029],[139.19878308699617,35.29812329782682],[139.1989996161839,35.29820295002271],[139.1997875920797,35.298347143733054],[139.1999392664814,35.29837195166135],[139.19996141420538,35.298357138689084],[139.2002335192455,35.29834293178113],[139.20049600266162,35.29829008512559],[139.2005037556523,35.29831491266058],[139.20065800248722,35.29827938541581],[139.20076743349992,35.2982410878304],[139.2011261750024,35.29826430151633],[139.20240425832966,35.298418153132424],[139.2024839536994,35.29844814392827],[139.20313322743954,35.29892459542688],[139.20371283419394,35.29939694823274],[139.2043116389649,35.29985925792889],[139.20441250667602,35.29990111840116],[139.20481613341732,35.30025438887368],[139.20486574101005,35.300332458008114],[139.20513262549554,35.30057896825279],[139.20502341529038,35.300638819196664],[139.20486728644906,35.3008126424635],[139.20463164894161,35.301260326974784],[139.20442911441603,35.3016201621628],[139.2043018049264,35.30182131576762],[139.20413246078516,35.30200380164117],[139.2038492972701,35.30222505676934],[139.20350864509976,35.302459814060455],[139.2034609060796,35.302601597077654],[139.20329613677978,35.30275847319338],[139.20319040253472,35.30290713636998],[139.20287239264445,35.30349071830255],[139.20266132382864,35.303713616988915],[139.20258405324495,35.303819263078545],[139.2025374434046,35.30404808858273],[139.20257498635766,35.30440361304758],[139.2026252167783,35.3047680769215],[139.20257832930454,35.30497162091804],[139.2023965041025,35.30563943046085],[139.2022915689385,35.30587295077056],[139.20221629212853,35.30596473506388],[139.20232216444614,35.305999088602526],[139.2025656384631,35.306430683352765],[139.20279894453563,35.306744274252196],[139.20297195753093,35.30698389422909],[139.20307982158857,35.307133249419984],[139.2033398640977,35.30751725660291],[139.20343394436074,35.30767161030546],[139.2031687121836,35.30774275723497],[139.20294800158516,35.30797806920382],[139.2028718178094,35.30807041129782],[139.20270348552316,35.30820860769802],[139.20247872020468,35.30841242012763],[139.20235200148883,35.30858498648173],[139.2023274172677,35.30876463466405],[139.2023492241612,35.30884424974356],[139.20242805077493,35.30903267765054],[139.2024924486869,35.30915392088799],[139.20257796065596,35.30949983786053],[139.20265277894725,35.30969563751284],[139.202778018681,35.30988705343802],[139.20282067426103,35.31003142144601],[139.20279667652545,35.31031324902054],[139.20283681990844,35.31062160697595],[139.2028982570512,35.31070375385198],[139.20294386309564,35.31085003798048],[139.20301473654538,35.3109894837675],[139.20306708472137,35.31126410487225],[139.20301773143578,35.31164185018759],[139.20295340953123,35.31190544141835],[139.2029078209836,35.31189020476647],[139.2025339899889,35.3123380121669],[139.2023374698863,35.31245951296642],[139.20203264231958,35.31272135238027],[139.2016697797864,35.31293310186099],[139.2013162971959,35.313114901018785],[139.201008517554,35.31329693846455],[139.20072815683784,35.31348285086242],[139.20039657729876,35.313792147548206],[139.20008765879138,35.314120293629905],[139.19978063031434,35.31479701620541],[139.19980292844014,35.31486839566412],[139.1999229239069,35.31531498287235],[139.19997060744683,35.31565253489521],[139.2000020292953,35.315727624583594],[139.1999878315805,35.31579127813922],[139.19952040321812,35.31592374112896],[139.19914892697153,35.316102619918176],[139.19892899268334,35.316123010274445],[139.19868126125627,35.31622662892469],[139.19849306918292,35.31631929269779],[139.19839100517143,35.31650620732002],[139.19834845379003,35.31668582919594],[139.19818712625482,35.31685362914248],[139.19798992815583,35.316927513827295],[139.1977105115637,35.31698976804294],[139.19734925400678,35.31699159387503],[139.19703856309556,35.31696002612705],[139.19662916737144,35.317086238114534]],[[139.1939567069034,35.30524515474601],[139.19389731253585,35.30466326190057],[139.19351524572005,35.30468644863794],[139.1936098616734,35.304966577305734],[139.19367115743398,35.30500443503501],[139.19368484039626,35.30528068452322],[139.1939567069034,35.30524515474601]]],[[[139.1778579210426,35.30551836633049],[139.17786966884756,35.3057129942766],[139.17784432192138,35.30577757144838],[139.17763962610329,35.30616446400712],[139.177614192598,35.30629319032599],[139.1776920614163,35.30738079531143],[139.17769430016006,35.3074122138517],[139.1775177205532,35.30737984960844],[139.17458740119528,35.30684254163018],[139.17502565934296,35.306470375533465],[139.1753189907318,35.306172554641606],[139.17548329999286,35.30603261295236],[139.175692528436,35.30589383092948],[139.17592181889773,35.305759875718536],[139.17623365711768,35.30563200239399],[139.17704727448356,35.305029138561835],[139.1778579210426,35.30551836633049]]],[[[139.1861218328341,35.307136531182095],[139.18634185976364,35.307128626565884],[139.18649178852917,35.307250406939566],[139.18651636177825,35.30742834238732],[139.18654650274422,35.30764637579179],[139.18630306947134,35.30762113012665],[139.18600727107042,35.30751018682332],[139.18602817275394,35.30742572730199],[139.18604903154767,35.307341337964274],[139.18589750351597,35.307183143117534],[139.1861218328341,35.307136531182095]]],[[[139.18317077978816,35.30779613412393],[139.18292766496643,35.30795157612415],[139.18268616592465,35.30770043521195],[139.18239989268312,35.30798880321875],[139.1825017355045,35.30835432642945],[139.18238032598296,35.30838374169503],[139.18231796914094,35.30848966568958],[139.1821779350095,35.30862432536056],[139.18192745120697,35.308706913970695],[139.18173877714383,35.308752161733764],[139.18154343151176,35.308884901936835],[139.18131245689182,35.30877338238841],[139.18138681377792,35.30864977771967],[139.18153232443132,35.30833572457501],[139.18153583564828,35.308181387824945],[139.18144521030507,35.30789620025618],[139.18184124750195,35.30778855392931],[139.18223929407432,35.307628245287106],[139.18251591011494,35.307478547458246],[139.18262833020316,35.307407467434935],[139.18291654367226,35.30722522835726],[139.18319022421866,35.307410490728515],[139.18341955987785,35.30756572788919],[139.18317077978816,35.30779613412393]]],[[[139.18254889335975,35.30645295089514],[139.182777838748,35.30646298502326],[139.1827680008678,35.30609239413266],[139.18283602821333,35.306007625279314],[139.18280891931144,35.305992128314244],[139.18284365449728,35.30583810050076],[139.18282605213926,35.305686466862554],[139.18285946988556,35.30562179202134],[139.18295919574558,35.30555860070499],[139.18309193871806,35.30556142805584],[139.18309721385,35.305707643015914],[139.18305984341774,35.306477036869396],[139.18327408176967,35.30649452616811],[139.18330225607312,35.306586431916664],[139.18323852560474,35.3068429728369],[139.1833992530196,35.306902706871526],[139.18335010949266,35.30693560934513],[139.18293312148387,35.30721475490256],[139.182763711125,35.307096738655765],[139.18260071882864,35.30693354852915],[139.18246110543132,35.306736753949245],[139.1823745810173,35.30656158165786],[139.18254889335975,35.30645295089514]]],[[[139.18605475572656,35.300824134099585],[139.1861669156554,35.30093529217281],[139.18515356033865,35.30190007641939],[139.18513755270726,35.301914637450935],[139.18502779013292,35.3016861748105],[139.1848978396405,35.30145225239155],[139.18451445120655,35.30120668716504],[139.18467074356738,35.30117464219676],[139.18521110236077,35.30101213131802],[139.18540939062456,35.300932496994854],[139.1858552424137,35.30085806210591],[139.1860015340546,35.3008520159765],[139.18605475572656,35.300824134099585]]],[[[139.18766167757138,35.30268592673512],[139.1876269253613,35.30250800610301],[139.18832728738738,35.302490623363276],[139.188324903266,35.302731862298764],[139.1879281520338,35.30317246001722],[139.18785609563767,35.303159681393176],[139.18779646496426,35.30303148377396],[139.18763254947459,35.30271393817091],[139.18766167757138,35.30268592673512]]],[[[139.18725905373117,35.3039207326555],[139.18719120545035,35.30399466029954],[139.18688055372695,35.30309411561872],[139.1868391981652,35.30288799215088],[139.18674956289001,35.30253077489245],[139.18731085096397,35.302513498350606],[139.1873918405293,35.30272638246681],[139.18743231800138,35.302902714192406],[139.18745157853667,35.30313857640857],[139.18748930690455,35.30331503405398],[139.18744225656678,35.30335534300538],[139.18751314284617,35.30362950577676],[139.18756939503243,35.30379395056695],[139.187632040188,35.30391033371874],[139.18725905373117,35.3039207326555]]],[[[139.1842234531771,35.30368426103299],[139.1840969280398,35.30365062522714],[139.18406505794076,35.303812344742255],[139.18392095356373,35.30388262175064],[139.18391328981537,35.30414882922536],[139.18374452726925,35.30417094867834],[139.18365958502324,35.30395895784223],[139.18363370376673,35.303870584773136],[139.18357344252578,35.304005181576066],[139.18358940590758,35.3041092033711],[139.1834249483925,35.304151696240694],[139.18342730906238,35.30420571930789],[139.1830926311382,35.30417328764104],[139.18305066862993,35.30384498514865],[139.18363538570344,35.30329901398108],[139.18437692219902,35.30260663446725],[139.1843879298045,35.30313806904631],[139.18431339073777,35.30318351016439],[139.1842200668837,35.30326856678583],[139.18443671407468,35.30342450934289],[139.1843322662118,35.3035311232747],[139.1842234531771,35.30368426103299]]],[[[139.19079767384375,35.306408730848766],[139.19071313938326,35.306338285544435],[139.19029324842552,35.30635259961054],[139.19026705487838,35.3063025335633],[139.19022804323242,35.305906509295305],[139.19038017704895,35.30590154440404],[139.1905563808318,35.30585107738275],[139.1906783801819,35.30582743248456],[139.19067733097737,35.30572623686628],[139.190813120269,35.30570245450112],[139.19091201187464,35.30636546887366],[139.19079767384375,35.306408730848766]]]]}},{"type":"Feature","properties":{"area_id":"142060950","city":"小田原市","ward":"","town":"曽我岸","chome":"","num_households":140},"geometry":{"type":"MultiPolygon","coordinates":[[[[139.1838049033828,35.30548118322967],[139.18373302809127,35.305499316213016],[139.1835702052579,35.3055895613898],[139.18349635002738,35.30548987537765],[139.18335654239388,35.30554334516516],[139.1833394014633,35.30519398126856],[139.18328195219163,35.30506762460076],[139.1832545593938,35.304781158912164],[139.183262924388,35.30455107943379],[139.18348102632922,35.304568307215476],[139.18371426983384,35.30459871423528],[139.18370817425898,35.30484591846636],[139.18369314301182,35.30508793361452],[139.18372531883475,35.305259643462705],[139.1838049033828,35.30548118322967]]],[[[139.18090020813995,35.30448348988963],[139.18064954868885,35.30443967432836],[139.18058999874842,35.3045599079863],[139.18046973780483,35.30467706734508],[139.17995384887632,35.30497045714196],[139.1792936436033,35.305326862036466],[139.17906734753555,35.30540450517256],[139.17878682340566,35.30546889732882],[139.17866736691033,35.30552824580266],[139.1785293276608,35.30567643241099],[139.17848083637818,35.30558018950871],[139.17833163325892,35.30532770785798],[139.17788459633292,35.30548090782175],[139.1778579210426,35.30551836633049],[139.17704727448356,35.305029138561835],[139.17738897356762,35.30476101176531],[139.1774127593723,35.30475163444625],[139.1774261596935,35.304767621092736],[139.17785166188452,35.30454149454953],[139.18002013658247,35.303732939490416],[139.17988019528048,35.303466073617564],[139.17977800200396,35.303414186248716],[139.17965081765678,35.303217032066314],[139.1796297614909,35.30306875827071],[139.17964857221057,35.302962177037095],[139.17968783639378,35.30288119729414],[139.17993975975122,35.302547932751985],[139.18002165023898,35.3024591552091],[139.18008885977798,35.30223037839211],[139.18014355440502,35.302008926685176],[139.18014524875005,35.301771344862374],[139.17997190198938,35.30178744870045],[139.17997837861006,35.30145708153324],[139.1801087296332,35.301387931576706],[139.17932782808276,35.301236321259445],[139.17937147368613,35.30109114391339],[139.179494266608,35.30082971196517],[139.17961504718363,35.30057256452284],[139.18002127325673,35.30068926269523],[139.18009303101618,35.30053557515644],[139.18044193058552,35.30065076423586],[139.18050967572185,35.30053141996528],[139.18006210013502,35.30038147423182],[139.18024842735568,35.29985603462447],[139.18057767632868,35.2999255571229],[139.18081717297525,35.30000966286853],[139.1810569150327,35.30007947400776],[139.18128478837215,35.30009753419567],[139.1813113484617,35.300095283891665],[139.18160861087395,35.30027624259265],[139.1824714020627,35.30072966983574],[139.1817541176022,35.30162757813173],[139.18192458543732,35.301670677352355],[139.1821648644265,35.301711688548885],[139.1823640016708,35.30180043288768],[139.18220712554378,35.301958731941035],[139.18209251239588,35.30211690708899],[139.18208689261337,35.302250037511065],[139.18204504210468,35.302665138674826],[139.18191183286282,35.30398693934168],[139.1818977419562,35.30412692486552],[139.1815191890204,35.30410249002551],[139.1814886660503,35.30427217362193],[139.1811474265666,35.30425455875346],[139.18115025322845,35.30411092169223],[139.18096720913925,35.30407669639127],[139.18094792818337,35.30408687329466],[139.18090020813995,35.30448348988963]]],[[[139.18194037405547,35.30642657596744],[139.18194326685125,35.30658573509446],[139.18191047522942,35.30670611353965],[139.18182269061217,35.30670465456283],[139.18191443231672,35.30694168219053],[139.18214298970193,35.30716684259664],[139.18242954956293,35.30740639726182],[139.18251591011494,35.307478547458246],[139.18223929407432,35.307628245287106],[139.18184124750195,35.30778855392931],[139.18144521030507,35.30789620025618],[139.18142518418495,35.307870671460655],[139.18133021535675,35.3077469986548],[139.18077251424447,35.30739746357176],[139.17986111782605,35.30682617014108],[139.1798417568843,35.30681402347115],[139.18198582098705,35.304853406775216],[139.18198095800204,35.30508012518032],[139.18194047383417,35.30520102550719],[139.18185092772208,35.30607463892148],[139.18186572215586,35.306303082862954],[139.18194037405547,35.30642657596744]]],[[[139.1792625317282,35.31179400905892],[139.17937538498978,35.31195348216464],[139.17941892143546,35.312202011744226],[139.17949274029365,35.31242415633288],[139.17954552757826,35.31264421657929],[139.1796388495419,35.31279682368467],[139.1797830643026,35.312993646479555],[139.17992745409774,35.31314216333662],[139.18003540568185,35.313211544181414],[139.18021750250165,35.313607361290785],[139.180226524772,35.313751766153615],[139.1801632009942,35.3138701493682],[139.17980242594206,35.31412952158958],[139.1796396844784,35.31419061000382],[139.1794981503316,35.31420540688136],[139.17926857368795,35.31413748000204],[139.178953283559,35.3140176839398],[139.1785704898628,35.313809428825266],[139.17850102440778,35.31374588790528],[139.17848460027275,35.3135287010408],[139.1784955231798,35.313447145232594],[139.1784714649785,35.313330050788124],[139.17837314133976,35.313211921018606],[139.17819633766786,35.31309906887302],[139.17800473936026,35.31289234068529],[139.1777182689854,35.312555386974964],[139.17747856042976,35.31232213118668],[139.17729185419927,35.31221774450726],[139.17713730505434,35.31211022344705],[139.17694068914753,35.311876495561016],[139.17674777396817,35.311594199005356],[139.17674625677378,35.31151609673381],[139.17680420388922,35.31145247181899],[139.17710161832267,35.311512391934215],[139.1773052092046,35.311488286791516],[139.1774517009548,35.31143894374665],[139.17762274055022,35.31156275037753],[139.17823300518398,35.31095609837017],[139.17835383791422,35.310918937895025],[139.1785292841424,35.31079961426109],[139.17861269643572,35.31089667915256],[139.1787211249808,35.31109845042699],[139.17888144814,35.31133183722474],[139.1792625317282,35.31179400905892]]],[[[139.1842102487619,35.306477728473084],[139.1843278240887,35.306282105387375],[139.18447205477167,35.30629351330929],[139.18481759568783,35.3064841586184],[139.1848944834282,35.30639760563813],[139.18505333190632,35.30635867232098],[139.18530081627114,35.306306060962946],[139.18561995425517,35.30661415915713],[139.18522473127035,35.30697729592592],[139.18502125592366,35.30712900968068],[139.18505834174852,35.307267156809885],[139.1850578681599,35.30726729510345],[139.18509062830066,35.30736070437457],[139.1850631467606,35.307440551290554],[139.18479558440177,35.30755981029297],[139.1849234660902,35.307731329914276],[139.18503576826393,35.30772327186461],[139.1851169834829,35.30784327624383],[139.1856329524402,35.30780442713615],[139.185695000144,35.30797453718003],[139.18592403041308,35.30841228294924],[139.18593076744253,35.30862371318708],[139.18587442685418,35.308800088384466],[139.18594281614872,35.30884256462875],[139.18624925678657,35.30897187413209],[139.18631188459096,35.3090691745882],[139.18634850865536,35.30924956930749],[139.18636166989907,35.30941505011263],[139.18605145060525,35.30942592316426],[139.18612503023354,35.30971263522853],[139.18631320779505,35.31008129279708],[139.18628995059188,35.31022960844532],[139.18610592659056,35.31060324406031],[139.1861683649484,35.31063787246262],[139.18633344279598,35.31103274233024],[139.18664556193715,35.31105377889931],[139.1867657108392,35.31100491846948],[139.1869514560182,35.311567139683426],[139.18702326540986,35.31194242792837],[139.1871432725309,35.31203616270322],[139.18686595333764,35.31239261203976],[139.18689997998555,35.31256538803949],[139.18685003748112,35.312709548189545],[139.186943998548,35.31274540063936],[139.18710227511417,35.31265026737783],[139.18728433008096,35.3127688386542],[139.18738554200522,35.31284944479126],[139.18745634511296,35.31308107571939],[139.18723434124092,35.31323853937845],[139.18702716621516,35.313340805144044],[139.1869943827921,35.3134607619046],[139.18712530825502,35.313629549353855],[139.18736299416096,35.31373201060011],[139.18760971643357,35.313843462701186],[139.18741156188474,35.31403217935979],[139.1875568441517,35.314113443365436],[139.18745848092385,35.314204390804605],[139.18744078862974,35.31435534225535],[139.1879591630193,35.31455556272569],[139.18776442411843,35.31479542202116],[139.18809900870443,35.31504134668042],[139.1879452291102,35.315392613965045],[139.18790403185312,35.31577778999408],[139.18801699286615,35.3160135184777],[139.1880415007049,35.31643383168022],[139.18791153636187,35.31683156092694],[139.1876027903581,35.31738423973686],[139.18779669601085,35.317451116106746],[139.18788067407553,35.31752782641035],[139.18759979726335,35.31776187323104],[139.18716604742718,35.31808523690012],[139.18709537980473,35.31846948050112],[139.1870780805943,35.31868444417302],[139.1872966850132,35.31920156307905],[139.1874964535167,35.31950472183098],[139.18746959105096,35.31955492693682],[139.18728094659997,35.31962595613366],[139.18712163491992,35.3197304494168],[139.1871339747833,35.319794243375384],[139.1872773309361,35.3199842232021],[139.18732246113905,35.320067911771],[139.18710864399483,35.32057041067413],[139.1867864401965,35.320510168879984],[139.1867323857764,35.32019827255336],[139.18658947829087,35.31996871441553],[139.18633801549592,35.31966203684235],[139.18615657381952,35.31942657462464],[139.18584667612186,35.31905113783469],[139.18563528685814,35.31882192285955],[139.1854253152247,35.31863616225738],[139.1852298080051,35.318214508414336],[139.18500031304688,35.31782112117294],[139.18498482928064,35.3175914058174],[139.1850017938407,35.31733827456656],[139.18489404833306,35.317096022776184],[139.18473835990207,35.31684837362727],[139.18463511327823,35.31664015692119],[139.18453994879414,35.316387972928624],[139.18440142593928,35.31611612070591],[139.1843461645264,35.3159133029336],[139.18436416950289,35.31572397520985],[139.18449631090985,35.31538414432108],[139.18443696712697,35.31520334540892],[139.18439540779784,35.31500609322847],[139.18437472006516,35.31478282810808],[139.18433174809934,35.31454205008796],[139.18433600769572,35.314347156467825],[139.18442714893953,35.31421962582615],[139.18465132966992,35.31406513577035],[139.1841564788692,35.313809538337196],[139.1841256083469,35.31322553902259],[139.18402213115067,35.31278839303643],[139.18387716564754,35.31243122951511],[139.1837687199613,35.31222953380703],[139.1837235000797,35.312034022254856],[139.18370747599334,35.31187282014733],[139.18371402980523,35.3116327304669],[139.1837002632513,35.3113499297866],[139.1836653788377,35.311065184883624],[139.18364247932442,35.31096351968575],[139.18345870181298,35.310620725182645],[139.18360847566635,35.31058991243585],[139.18363047410966,35.31050313584171],[139.1835337374297,35.31025573192709],[139.18345687703328,35.3099185114066],[139.18349501312878,35.30954282651867],[139.18355643841545,35.30904762832027],[139.18363604685115,35.30879293249747],[139.18370686137476,35.30862283192849],[139.18317499690252,35.308203946029245],[139.1832895786041,35.30810949778929],[139.1834128632417,35.308055023598264],[139.18317077978816,35.30779613412393],[139.18341955987785,35.30756572788919],[139.18319022421866,35.307410490728515],[139.18291654367226,35.30722522835726],[139.18293312148387,35.30721475490256],[139.18335010949266,35.30693560934513],[139.18372201283776,35.30708457020537],[139.18375440780477,35.307035099303796],[139.1839316406358,35.30707189416486],[139.183914326785,35.30714235961906],[139.18400965978077,35.30714540733401],[139.1841418539823,35.30708274094615],[139.18444430610776,35.306983527338836],[139.1845044495078,35.3070147637409],[139.18452670674517,35.30678757577707],[139.18449808930848,35.30671327176059],[139.18442299938218,35.30661724126466],[139.18434766283124,35.306552264114764],[139.1842102487619,35.306477728473084]]]]}},{"type":"Feature","properties":{"area_id":"14206096001","city":"小田原市","ward":"","town":"国府津","chome":"1","num_households":111},"geometry":{"type":"MultiPolygon","coordinates":[[[[139.206408646855,35.27605442621789],[139.2056927215203,35.277337165212394],[139.2056223424466,35.27747609216251],[139.2051492975243,35.27849882402465],[139.20513638376957,35.278525023245024],[139.20504603118883,35.27870898570898],[139.20501038759426,35.27882562771802],[139.20493669105596,35.278998972175856],[139.2047031556579,35.27987681871154],[139.20451634005263,35.279886619519594],[139.20382041774488,35.279884830440686],[139.20380337314887,35.27988217010185],[139.2037600768073,35.279875414443595],[139.20372721588865,35.279870288309],[139.20363523027143,35.27985593785851],[139.2035627545708,35.27984462973493],[139.20352202606966,35.27983827525635],[139.20347172332762,35.27982955243335],[139.20343927001514,35.279823780263165],[139.20312540988596,35.279767960722744],[139.202916172749,35.279730710063596],[139.2025298767484,35.27966193689273],[139.20245096584782,35.279647887736715],[139.20229433834368,35.279619529796996],[139.20218809236795,35.279600182602785],[139.2020350920999,35.27957232140316],[139.20189959016548,35.279547693503794],[139.20176601542724,35.27952388978069],[139.2015723706053,35.279489384051],[139.20142408467802,35.279462959061476],[139.20139716837355,35.27945816273643],[139.20137460423928,35.27945414180384],[139.2013071779394,35.27943480672916],[139.20124253908384,35.27941627129088],[139.20117609083994,35.279397216901486],[139.20115444332515,35.27939429554618],[139.20101238672802,35.27937512573894],[139.20095603888475,35.27936752066606],[139.20095166649185,35.27936693055159],[139.20095157168785,35.27937906984686],[139.2009047462533,35.279371007930294],[139.20004052480436,35.27926638286414],[139.20000368462541,35.27926192205797],[139.20001995828144,35.279251092845804],[139.2001115342943,35.27881292542178],[139.20016052352273,35.27794060256684],[139.20016434320422,35.27763922123484],[139.20026012728934,35.27723452204687],[139.2003042477675,35.27703947557201],[139.20032983230584,35.277048888689876],[139.20198155242375,35.277656559803155],[139.20269123135944,35.27791764392373],[139.20273279496308,35.277932933784214],[139.20361897154328,35.27822086072107],[139.20364033912853,35.27822816938296],[139.20367668254138,35.2781420363455],[139.20368893923663,35.27811119968333],[139.2037013486001,35.27807996934666],[139.2037030291603,35.27806343850097],[139.20370491976627,35.2780448335282],[139.20370285564084,35.27803567462638],[139.20369660156558,35.278007936821105],[139.2036906756007,35.277991734932726],[139.2036834773041,35.27797531459792],[139.20366352924643,35.27795398744542],[139.2035233353548,35.27780369529935],[139.2034793629791,35.27775252459993],[139.2034711452109,35.27774296224618],[139.20346024006417,35.277730270845154],[139.20345678474524,35.27772625037782],[139.2034459493732,35.27771321493654],[139.20339015726125,35.27758714586261],[139.20336301509235,35.2773453895541],[139.20372209854844,35.27725169970038],[139.20415408480488,35.276965505486096],[139.2039729464608,35.27671562321827],[139.2038910046918,35.27654160821979],[139.20356990347278,35.27585991222465],[139.20362127498535,35.27583389583252],[139.20368010557988,35.27580612474834],[139.2036644261702,35.275781006128476],[139.20321935092718,35.27509757301461],[139.2032962094036,35.275025581399674],[139.20402028193058,35.274347254314435],[139.2044747833568,35.27466940323536],[139.20485660507242,35.27496856643029],[139.20511040262576,35.275128404261665],[139.20536183611767,35.27526097632446],[139.20558556846413,35.27536150373952],[139.20596692868588,35.27580939128429],[139.206408646855,35.27605442621789]]]]}},{"type":"Feature","properties":{"area_id":"14206096002","city":"小田原市","ward":"","town":"国府津","chome":"2","num_households":286},"geometry":{"type":"MultiPolygon","coordinates":[[[[139.20860621508984,35.280558546743336],[139.2081203181715,35.28045349741553],[139.2074062657787,35.280395994628556],[139.20737133702667,35.280392996637936],[139.20697514425822,35.28035960439087],[139.20672881152714,35.28032565045171],[139.20614890983663,35.28023376676081],[139.2055039513589,35.28013161386589],[139.20467465142454,35.27999194838742],[139.20449804928532,35.279969338944625],[139.20449443139813,35.279948757262474],[139.20451634005263,35.279886619519594],[139.2047031556579,35.27987681871154],[139.20493669105596,35.278998972175856],[139.20501038759426,35.27882562771802],[139.20504603118883,35.27870898570898],[139.20513638376957,35.278525023245024],[139.2051492975243,35.27849882402465],[139.2056223424466,35.27747609216251],[139.2056927215203,35.277337165212394],[139.206408646855,35.27605442621789],[139.2065722517618,35.276157456896776],[139.2069987198915,35.2763429746663],[139.20782539373064,35.27676823654795],[139.2082009141059,35.27698538814648],[139.20844094060973,35.27709529026701],[139.20868028632955,35.277232230268694],[139.20897342866,35.277380856206875],[139.20931789304967,35.277544816853805],[139.20901884666833,35.2781876988097],[139.20901622697247,35.278193318983604],[139.2088419429009,35.278570932182575],[139.20878110352254,35.278742726388955],[139.20876152798084,35.27885325737428],[139.2086849406617,35.279067926928384],[139.2085993906066,35.27946994179984],[139.20856255088512,35.27951974962727],[139.20855322360134,35.279570967955664],[139.20886709580998,35.27962181688827],[139.20890638510048,35.279605048609206],[139.20888479260967,35.27987084733073],[139.2088899791358,35.28017192418153],[139.20888346490486,35.280198087710346],[139.20867438193446,35.280172428281794],[139.20860621508984,35.280558546743336]]]]}},{"type":"Feature","properties":{"area_id":"14206096003","city":"小田原市","ward":"","town":"国府津","chome":"3","num_households":189},"geometry":{"type":"MultiPolygon","coordinates":[[[[139.21366100061,35.279194501881975],[139.2133697677386,35.279700396330774],[139.21326505218005,35.279872110918035],[139.21300249806563,35.280025061932825],[139.2129676765716,35.280220583561025],[139.2126306147464,35.280172735523465],[139.2125605186131,35.28048251078624],[139.2125097089303,35.28047267382106],[139.21215708245808,35.28043847707564],[139.21183639157348,35.28047282145616],[139.21183808402773,35.28046501339072],[139.21175128968443,35.28046069658572],[139.21139078808832,35.28043983724434],[139.21115440795506,35.280438485609785],[139.21088330846894,35.28043463111975],[139.21088314263523,35.280439349031205],[139.21058487883832,35.28044429811769],[139.21058520335427,35.28043570895829],[139.21026921741307,35.2804167640461],[139.21004264421452,35.28037982798881],[139.20938755218623,35.280266677262816],[139.20924976410697,35.280232657694796],[139.20888346490486,35.280198087710346],[139.2088899791358,35.28017192418153],[139.20888479260967,35.27987084733073],[139.20890638510048,35.279605048609206],[139.20886709580998,35.27962181688827],[139.20855322360134,35.279570967955664],[139.20856255088512,35.27951974962727],[139.2085993906066,35.27946994179984],[139.2086849406617,35.279067926928384],[139.20876152798084,35.27885325737428],[139.20878110352254,35.278742726388955],[139.2088419429009,35.278570932182575],[139.20901622697247,35.278193318983604],[139.20901884666833,35.2781876988097],[139.20931789304967,35.277544816853805],[139.20942721322166,35.277611856890765],[139.20957684631114,35.277629808885465],[139.20970547363544,35.27768215927608],[139.210029363109,35.27784931362143],[139.21021496660433,35.27797470199306],[139.21053407837547,35.27807126757817],[139.21088122866988,35.278229314307666],[139.21152634811094,35.278497826578885],[139.21208697128577,35.278693087457505],[139.2123665271684,35.278774797799755],[139.2127202780174,35.278924280117565],[139.21292020274194,35.278980793169566],[139.21315578904108,35.279017771315544],[139.21342486679362,35.27911667850145],[139.21366100061,35.279194501881975]]]]}},{"type":"Feature","properties":{"area_id":"14206096004","city":"小田原市","ward":"","town":"国府津","chome":"4","num_households":224},"geometry":{"type":"MultiPolygon","coordinates":[[[[139.22091593922138,35.28309237189644],[139.2208735271018,35.28320426676742],[139.22079899732057,35.28333832292714],[139.2205112755487,35.28329314195524],[139.22049570711337,35.28340996120429],[139.22045327198035,35.283536150607624],[139.22036058040985,35.283658144203585],[139.22014132303272,35.283793089430155],[139.21997189341394,35.28364773337989],[139.2197738069486,35.28350997803776],[139.2196099435729,35.283372676752975],[139.21943916738397,35.283252452348215],[139.21920947300904,35.283120943881066],[139.2190863904341,35.28302560685358],[139.21882372200997,35.28276872487211],[139.21868329380328,35.282616470501786],[139.21859575131975,35.282568846180574],[139.21847718217597,35.28252416329974],[139.21843543229684,35.28250845906329],[139.2183318577425,35.282462795583506],[139.21732744036856,35.28266537848658],[139.21711550318807,35.28267296520789],[139.21686519354762,35.28263880999323],[139.2168090961395,35.282606835692555],[139.21644569158673,35.282170145343265],[139.21636901632618,35.282026591277706],[139.2160617295732,35.28199172171194],[139.2156603527695,35.281946232497575],[139.21551708051737,35.281942969483495],[139.21544120830333,35.28195328758915],[139.21501539169043,35.2818749961679],[139.21484772757304,35.28184358025141],[139.21484763953632,35.28184386203592],[139.21467368407934,35.28180987814234],[139.21467468341365,35.281808263556265],[139.2143995295432,35.281749681133896],[139.21401497742286,35.28172251086787],[139.21371649577637,35.281676623351245],[139.21279635677956,35.281511649749945],[139.21245118789687,35.28136657909705],[139.21242716580818,35.28134659762658],[139.2123697403926,35.28133693811685],[139.2114840624107,35.281186988143396],[139.21114312862227,35.28113397580196],[139.2110055211775,35.28111453886906],[139.21048271538845,35.28101890334238],[139.21016017025062,35.28098147500435],[139.20981087998092,35.2810154563866],[139.20940913531462,35.28106346342177],[139.2091207524657,35.28111922677665],[139.20884102133206,35.28118932725649],[139.2085611363097,35.28127372226611],[139.2085534718296,35.281137698820885],[139.20852794414975,35.28105172327937],[139.20852871597324,35.28095194053144],[139.20853488544464,35.28088718503239],[139.20853352685873,35.280868446526576],[139.20861218378596,35.28059738024232],[139.20860621508984,35.280558546743336],[139.20867438193446,35.280172428281794],[139.20888346490486,35.280198087710346],[139.20924976410697,35.280232657694796],[139.20938755218623,35.280266677262816],[139.21004264421452,35.28037982798881],[139.21026921741307,35.2804167640461],[139.21058520335427,35.28043570895829],[139.21058487883832,35.28044429811769],[139.21088314263523,35.280439349031205],[139.21088330846894,35.28043463111975],[139.21115440795506,35.280438485609785],[139.21139078808832,35.28043983724434],[139.21175128968443,35.28046069658572],[139.21183808402773,35.28046501339072],[139.21183639157348,35.28047282145616],[139.21215708245808,35.28043847707564],[139.2125097089303,35.28047267382106],[139.2125605186131,35.28048251078624],[139.2126306147464,35.280172735523465],[139.2129676765716,35.280220583561025],[139.21300249806563,35.280025061932825],[139.21326505218005,35.279872110918035],[139.2133697677386,35.279700396330774],[139.21366100061,35.279194501881975],[139.21377390557706,35.27923169693631],[139.21393691817846,35.27928069598278],[139.214000194428,35.27932798998267],[139.21447081113706,35.279458273820886],[139.21482078570114,35.27959744736309],[139.21529060672034,35.279770680707884],[139.2157849305575,35.279890163774866],[139.2159285180212,35.27991342850448],[139.21671756562145,35.28004729368257],[139.21703891791236,35.28007772640302],[139.21749240548777,35.28015277125569],[139.21790772186336,35.28023283197358],[139.21806722746518,35.28027525857626],[139.21858500095556,35.280406538953365],[139.2191421422792,35.28052815661665],[139.21895339714558,35.28122239007678],[139.21893692788,35.28138413236537],[139.21889966522926,35.28157555668474],[139.2189145904626,35.28162894079476],[139.2188068360995,35.281868739383],[139.21864718469575,35.282100107234065],[139.21948059092293,35.28243726657008],[139.21956554256832,35.2824414279168],[139.21997955109845,35.28263449736432],[139.2201870101525,35.28275342732716],[139.2202736894275,35.2828245668377],[139.22054323612193,35.28295035827869],[139.22091593922138,35.28309237189644]]]]}},{"type":"Feature","properties":{"area_id":"14206096005","city":"小田原市","ward":"","town":"国府津","chome":"5","num_households":264},"geometry":{"type":"MultiPolygon","coordinates":[[[[139.22091593922138,35.28309237189644],[139.2210676420127,35.28317411905648],[139.22123578621606,35.283250808674886],[139.2214541971754,35.283296131418886],[139.221636224051,35.283388523490196],[139.2218581564269,35.28355357761653],[139.22204103869726,35.28362956581949],[139.22222220423177,35.283688433088365],[139.22210259513827,35.28376986974696],[139.22177592735096,35.28399187891192],[139.22150730143093,35.28405637004522],[139.22142581524034,35.28412201383068],[139.22132181539348,35.28414353237751],[139.2212308125046,35.28413293382451],[139.22103498547514,35.28428144879023],[139.22101336878995,35.284363379698995],[139.22093103861408,35.28443831386704],[139.22087906376757,35.28453100641927],[139.22095886341532,35.2847118951239],[139.2209727340863,35.28482020039238],[139.2208609748339,35.284925055698984],[139.22063308149677,35.285088549675066],[139.22055504084886,35.285038792663755],[139.22053853899808,35.28482998418201],[139.22014849734347,35.284702248611595],[139.220040174866,35.28469881515434],[139.21996362535765,35.284741666430826],[139.21986944144368,35.28479956957392],[139.21956173172276,35.28468238775596],[139.2195945845229,35.2843303123437],[139.21927044961157,35.28440346148231],[139.21913874987087,35.28440786658096],[139.21897664274323,35.284373175572604],[139.218881287314,35.28430206289224],[139.21884229303328,35.284205882606265],[139.21883355910714,35.28407767377088],[139.2187581300411,35.283921734913],[139.21868444507354,35.28387551832926],[139.21841666699638,35.28381670135597],[139.21815921733318,35.28373223316738],[139.21789913496224,35.28357056931938],[139.21785675289863,35.28358141128229],[139.2176840379517,35.28351884798955],[139.21769005330626,35.28347317568347],[139.21743057445067,35.283401933902915],[139.21734927088747,35.28339215602887],[139.21709313431168,35.283451771968295],[139.21682084127954,35.283490037416435],[139.21651306560415,35.283557981053484],[139.21631312830354,35.28322458189886],[139.2162847622602,35.28314303241409],[139.21629261920904,35.28301356854448],[139.21610216560794,35.28299147537057],[139.21604532633327,35.28296097687326],[139.21572089689158,35.2829097526641],[139.21572422718143,35.28284470048344],[139.2153391052047,35.28276753419286],[139.21509203094067,35.28270895466217],[139.21481680471828,35.282670512992404],[139.2146322518301,35.28270224874788],[139.2144360949834,35.282628575848086],[139.21426655075507,35.282921507884225],[139.2141213157193,35.28303400448261],[139.21402653015073,35.283052323319296],[139.21399845240327,35.28297295751325],[139.21392396904673,35.282874481344805],[139.2138600262457,35.28274577902716],[139.21388773392394,35.28267141459312],[139.2142308750891,35.28234753793477],[139.21412671768388,35.28230552998958],[139.2136986657905,35.28221053290391],[139.21322845322857,35.282159402984185],[139.21311480207504,35.282106781949665],[139.21300801098715,35.28191567861735],[139.212892079127,35.281785300519225],[139.21284328283377,35.28169758863891],[139.21258900119219,35.28159981309327],[139.21245612013232,35.281725328273936],[139.21230159920592,35.28180566337354],[139.21217939039036,35.281827573317834],[139.21210050462366,35.28181097317054],[139.2120648671561,35.281709807340825],[139.21193185181608,35.28162905900992],[139.2117297082755,35.2815083791277],[139.2115515661698,35.2813935967538],[139.21142166254225,35.28131610247278],[139.21114312862227,35.28113397580196],[139.2114840624107,35.281186988143396],[139.2123697403926,35.28133693811685],[139.21242716580818,35.28134659762658],[139.21245118789687,35.28136657909705],[139.21279635677956,35.281511649749945],[139.21371649577637,35.281676623351245],[139.21401497742286,35.28172251086787],[139.2143995295432,35.281749681133896],[139.21467468341365,35.281808263556265],[139.21467368407934,35.28180987814234],[139.21484763953632,35.28184386203592],[139.21484772757304,35.28184358025141],[139.21501539169043,35.2818749961679],[139.21544120830333,35.28195328758915],[139.21551708051737,35.281942969483495],[139.2156603527695,35.281946232497575],[139.2160617295732,35.28199172171194],[139.21636901632618,35.282026591277706],[139.21644569158673,35.282170145343265],[139.2168090961395,35.282606835692555],[139.21686519354762,35.28263880999323],[139.21711550318807,35.28267296520789],[139.21732744036856,35.28266537848658],[139.2183318577425,35.282462795583506],[139.21843543229684,35.28250845906329],[139.21847718217597,35.28252416329974],[139.21859575131975,35.282568846180574],[139.21868329380328,35.282616470501786],[139.21882372200997,35.28276872487211],[139.2190863904341,35.28302560685358],[139.21920947300904,35.283120943881066],[139.21943916738397,35.283252452348215],[139.2196099435729,35.283372676752975],[139.2197738069486,35.28350997803776],[139.21997189341394,35.28364773337989],[139.22014132303272,35.283793089430155],[139.22036058040985,35.283658144203585],[139.22045327198035,35.283536150607624],[139.22049570711337,35.28340996120429],[139.2205112755487,35.28329314195524],[139.22079899732057,35.28333832292714],[139.2208735271018,35.28320426676742],[139.22091593922138,35.28309237189644]]]]}},{"type":"Feature","properties":{"area_id":"14206096011","city":"小田原市","ward":"","town":"国府津","chome":"","num_households":2461},"geometry":{"type":"MultiPolygon","coordinates":[[[[139.21444838841046,35.29002667437101],[139.21436975196653,35.290094649737604],[139.21407839397975,35.29037891855063],[139.2138457434063,35.29074249529812],[139.2134193758831,35.29105255011794],[139.21334614191585,35.291104706981905],[139.212867397906,35.29119683151865],[139.2125602040785,35.29108857935101],[139.21238906772385,35.29116671226335],[139.2121223028733,35.291141053492346],[139.21148537500162,35.29130214537497],[139.21143032746497,35.29144755626001],[139.2110772489499,35.2920414749614],[139.21058867860933,35.29253801245983],[139.21058643125653,35.29309267477869],[139.21054683260803,35.293448218053705],[139.21017923041214,35.29373130563946],[139.21005634555448,35.29378348652285],[139.20991899521994,35.2937893295997],[139.20972928584948,35.29376222873357],[139.20922690675079,35.29357324932877],[139.20911238175756,35.293509774810424],[139.20895516641102,35.293362284673165],[139.20881194665472,35.293192825084624],[139.20866975345484,35.292968023525134],[139.2083657215896,35.29251521946722],[139.20833561730998,35.29244781557738],[139.20788568456382,35.2924472457774],[139.20735754807362,35.292267339939734],[139.20715094690863,35.29224394567811],[139.20675941372718,35.29226698246761],[139.2066890387758,35.29225964587446],[139.20647838268604,35.292137857851394],[139.20634271396386,35.29208821280719],[139.20599863866994,35.29205473790242],[139.20563049082259,35.292130564528996],[139.20553537468797,35.2921408436988],[139.20534070576343,35.29221348748178],[139.20505190157704,35.29238077425567],[139.2049689635358,35.29251617747478],[139.20489923185772,35.29250912486627],[139.20469124730343,35.29282724363174],[139.20414399387528,35.292543146619714],[139.2041529793008,35.29220202071631],[139.20412655428615,35.291975350260856],[139.2030584128616,35.291443687974244],[139.20305677067674,35.29101687924341],[139.2031727822782,35.29093650504006],[139.2031342055342,35.29091045976802],[139.20274370078258,35.291212341726535],[139.20223416222973,35.291556977710826],[139.2022401662404,35.29161918789081],[139.20232584078576,35.29180229976801],[139.20221976709792,35.29194110112045],[139.2019192046093,35.2920232563443],[139.20189257634522,35.291968190696814],[139.2018545187184,35.29180835522523],[139.20181675505174,35.29164957641717],[139.20191651591819,35.291582850050155],[139.20186749058078,35.29148640241179],[139.2015665775492,35.29156968140453],[139.2012948918541,35.291505586469036],[139.20113944167858,35.29150435027148],[139.20111376891148,35.291132339349204],[139.2010736510978,35.29110558107797],[139.200992215424,35.29110177427823],[139.200845014956,35.29088439747428],[139.20098338021594,35.29090652975977],[139.2009907216517,35.28992121205355],[139.20130103451484,35.289948611514745],[139.20128043613155,35.28918200523979],[139.20125869964346,35.289171962384565],[139.20126914591611,35.28887126267701],[139.20142715104646,35.28887990731747],[139.20143400412738,35.287962188119295],[139.20216656889963,35.28795461912724],[139.2021641108935,35.28689031360158],[139.20150343541616,35.286865513829625],[139.20091320483388,35.286799392273814],[139.200352542648,35.287288528379236],[139.20003948447277,35.287080277503364],[139.20123387877368,35.285919561431655],[139.20081219338746,35.28557947241627],[139.200761974744,35.28560963030276],[139.20069602376176,35.285608862086605],[139.2002498686057,35.28560356061691],[139.20018617036044,35.28588025857142],[139.20006784502365,35.28594921230152],[139.19948577491562,35.28600481136623],[139.19898475096858,35.285981611282075],[139.1989679638941,35.2858222335282],[139.19948065089457,35.285814649841235],[139.1994770471201,35.285424574451035],[139.1989253651845,35.285411178736574],[139.19892105548283,35.28538541700714],[139.19887983221145,35.28513897774635],[139.19885637897355,35.2849371005881],[139.19885082743156,35.283644724430225],[139.19884732702562,35.282819736152085],[139.19845426663267,35.282977521430354],[139.19779650996648,35.28318853211786],[139.1977618838955,35.28319964045676],[139.19719195037203,35.283368670217385],[139.19697111216365,35.283428700288006],[139.1964738920754,35.28347929039903],[139.19643419478587,35.28348332912917],[139.1957562437256,35.283497840626396],[139.1957296495026,35.28349840922932],[139.19532083603858,35.283501881567894],[139.1953114396417,35.283026147479184],[139.19530741633108,35.28296993129499],[139.19531888436111,35.279913846721676],[139.19532283701196,35.27950972938198],[139.19621318241084,35.27948365914942],[139.1962421197932,35.27948296688009],[139.19624209443697,35.279463225559496],[139.19624205822535,35.27943496119112],[139.19624198745464,35.27937924669107],[139.1962419037288,35.27931416629508],[139.1962418158627,35.279245087354994],[139.1962424101825,35.279185074157425],[139.19653440060083,35.27917740894258],[139.19653641523539,35.27859286565355],[139.19656436241976,35.27858794288613],[139.19824857776766,35.278808987108974],[139.19846148427493,35.27883383815078],[139.19845398210325,35.27934202013396],[139.19845323085187,35.27935946878051],[139.1982964487181,35.27935866957114],[139.19826016085742,35.27935830375498],[139.19826004206033,35.279375603878265],[139.1982601861801,35.279505411685555],[139.1982605888705,35.27986685621628],[139.19826024524306,35.27994075627505],[139.1997318012466,35.27994258534274],[139.20000351334,35.27994288446961],[139.20003440602233,35.27994281217785],[139.2000357851021,35.27987257697272],[139.20003682979936,35.279738964634696],[139.20003937502088,35.27941343830917],[139.20004052480436,35.27926638286414],[139.2009047462533,35.279371007930294],[139.20095157168785,35.27937906984686],[139.20095166649185,35.27936693055159],[139.20095603888475,35.27936752066606],[139.20101238672802,35.27937512573894],[139.20115444332515,35.27939429554618],[139.20117609083994,35.279397216901486],[139.20124253908384,35.27941627129088],[139.2013071779394,35.27943480672916],[139.20137460423928,35.27945414180384],[139.20139716837355,35.27945816273643],[139.20142408467802,35.279462959061476],[139.2015723706053,35.279489384051],[139.20176601542724,35.27952388978069],[139.20189959016548,35.279547693503794],[139.2020350920999,35.27957232140316],[139.20218809236795,35.279600182602785],[139.20229433834368,35.279619529796996],[139.20245096584782,35.279647887736715],[139.2025298767484,35.27966193689273],[139.202916172749,35.279730710063596],[139.20312540988596,35.279767960722744],[139.20343927001514,35.279823780263165],[139.20347172332762,35.27982955243335],[139.20352202606966,35.27983827525635],[139.2035627545708,35.27984462973493],[139.20363523027143,35.27985593785851],[139.20372721588865,35.279870288309],[139.2037600768073,35.279875414443595],[139.20380337314887,35.27988217010185],[139.20382041774488,35.279884830440686],[139.20451634005263,35.279886619519594],[139.20449443139813,35.279948757262474],[139.20449804928532,35.279969338944625],[139.20467465142454,35.27999194838742],[139.2055039513589,35.28013161386589],[139.20614890983663,35.28023376676081],[139.20672881152714,35.28032565045171],[139.20697514425822,35.28035960439087],[139.20737133702667,35.280392996637936],[139.2074062657787,35.280395994628556],[139.2081203181715,35.28045349741553],[139.20860621508984,35.280558546743336],[139.20861218378596,35.28059738024232],[139.20853352685873,35.280868446526576],[139.20853488544464,35.28088718503239],[139.20852871597324,35.28095194053144],[139.20852794414975,35.28105172327937],[139.2085534718296,35.281137698820885],[139.2085611363097,35.28127372226611],[139.20884102133206,35.28118932725649],[139.2091207524657,35.28111922677665],[139.20940913531462,35.28106346342177],[139.20981087998092,35.2810154563866],[139.21016017025062,35.28098147500435],[139.21048271538845,35.28101890334238],[139.2110055211775,35.28111453886906],[139.21114312862227,35.28113397580196],[139.21142166254225,35.28131610247278],[139.2115515661698,35.2813935967538],[139.2117297082755,35.2815083791277],[139.21193185181608,35.28162905900992],[139.2120648671561,35.281709807340825],[139.21210050462366,35.28181097317054],[139.21217939039036,35.281827573317834],[139.21230159920592,35.28180566337354],[139.21245612013232,35.281725328273936],[139.21258900119219,35.28159981309327],[139.21284328283377,35.28169758863891],[139.212892079127,35.281785300519225],[139.21300801098715,35.28191567861735],[139.21311480207504,35.282106781949665],[139.21322845322857,35.282159402984185],[139.2136986657905,35.28221053290391],[139.21412671768388,35.28230552998958],[139.2142308750891,35.28234753793477],[139.21388773392394,35.28267141459312],[139.2138600262457,35.28274577902716],[139.21392396904673,35.282874481344805],[139.21399845240327,35.28297295751325],[139.21402653015073,35.283052323319296],[139.2141213157193,35.28303400448261],[139.21426655075507,35.282921507884225],[139.2144360949834,35.282628575848086],[139.2146322518301,35.28270224874788],[139.21481680471828,35.282670512992404],[139.21509203094067,35.28270895466217],[139.2153391052047,35.28276753419286],[139.21572422718143,35.28284470048344],[139.21572089689158,35.2829097526641],[139.21604532633327,35.28296097687326],[139.21610216560794,35.28299147537057],[139.21629261920904,35.28301356854448],[139.2162847622602,35.28314303241409],[139.21631312830354,35.28322458189886],[139.21651306560415,35.283557981053484],[139.21682084127954,35.283490037416435],[139.21709313431168,35.283451771968295],[139.21734927088747,35.28339215602887],[139.21743057445067,35.283401933902915],[139.21769005330626,35.28347317568347],[139.2176840379517,35.28351884798955],[139.21785675289863,35.28358141128229],[139.21789913496224,35.28357056931938],[139.21769109691448,35.28389556187435],[139.21764006399187,35.28407860746536],[139.217392715797,35.284484665762804],[139.21730061059776,35.28451159268634],[139.217190507733,35.28474814065996],[139.21673287208097,35.28472307478226],[139.21659592983335,35.284761745345186],[139.2165266445046,35.2848259694523],[139.2163611280997,35.28512047307757],[139.21630842724045,35.285927858055864],[139.2160579972735,35.28605425929137],[139.21606296676333,35.28629815048399],[139.21596358585117,35.28642278335852],[139.2159323878716,35.2865211432569],[139.21586742981356,35.28663165474932],[139.21578256712905,35.287040774683355],[139.21537782723513,35.28707759004795],[139.21547502801016,35.287643187054215],[139.2152323890849,35.287750398061114],[139.2155392328942,35.28792673386859],[139.21541444763088,35.28807792066388],[139.21525763927406,35.28824415467889],[139.21512125107333,35.28836795985848],[139.21512425662416,35.28839064966722],[139.21505575255324,35.28857859838468],[139.21494140697058,35.28888222136501],[139.21490768940697,35.28911527332773],[139.21486525921867,35.289234345013014],[139.21480372773075,35.2893576858692],[139.21479160086275,35.28947310917339],[139.21472928513305,35.28973397058204],[139.2145559856595,35.289933707904865],[139.21444838841046,35.29002667437101]],[[139.20019757716628,35.2820322119543],[139.2001980888047,35.282038340641236],[139.20055602853844,35.28206035890647],[139.20073218261666,35.28199227155236],[139.20075814859294,35.28198276014593],[139.20078733370775,35.28197581944541],[139.20078675894771,35.28195689650287],[139.20078914640067,35.281824424404455],[139.20079037416986,35.281756320746254],[139.20079790363442,35.281515279381175],[139.20079806557837,35.28149454862953],[139.20079976554246,35.281438484346474],[139.20080186225945,35.28136933443553],[139.20080724910625,35.28119291877109],[139.2008087287043,35.28114522288121],[139.20081039068856,35.28109161374871],[139.20081281735563,35.281013289475936],[139.2008132832123,35.281007418431265],[139.20078912205477,35.28100802459559],[139.20034041910304,35.280996094601285],[139.20010756724858,35.28098994354156],[139.20019757716628,35.2820322119543]]]]}},{"type":"Feature","properties":{"area_id":"142061020","city":"小田原市","ward":"","town":"田島","chome":"","num_households":1072},"geometry":{"type":"MultiPolygon","coordinates":[[[[139.2095848667407,35.29891032078292],[139.20951828630635,35.29897877531393],[139.20944851457816,35.298992570058786],[139.20888885676862,35.298973554401734],[139.20882720764027,35.29908808702201],[139.2087786839623,35.299283666238395],[139.20863178023217,35.29936452063952],[139.20849368936643,35.299455490104094],[139.208248934911,35.299588228589144],[139.2081196568602,35.29968924247466],[139.20780420221578,35.29987301950286],[139.20763145447017,35.3000137339505],[139.2073226535378,35.30011916918048],[139.20705805253957,35.30013427600811],[139.20677722979866,35.30019802694965],[139.20651772874888,35.30032646051256],[139.20648992649384,35.30027786920175],[139.2061525875882,35.30043019279184],[139.20594247803314,35.300502617442085],[139.20564666974317,35.30055995099094],[139.20513262549554,35.30057896825279],[139.20486574101005,35.300332458008114],[139.20481613341732,35.30025438887368],[139.20441250667602,35.29990111840116],[139.2043116389649,35.29985925792889],[139.20371283419394,35.29939694823274],[139.20313322743954,35.29892459542688],[139.2024839536994,35.29844814392827],[139.20240425832966,35.298418153132424],[139.2011261750024,35.29826430151633],[139.20076743349992,35.2982410878304],[139.20065800248722,35.29827938541581],[139.2005037556523,35.29831491266058],[139.20049600266162,35.29829008512559],[139.2002335192455,35.29834293178113],[139.19996141420538,35.298357138689084],[139.1999392664814,35.29837195166135],[139.1997875920797,35.298347143733054],[139.1989996161839,35.29820295002271],[139.19878308699617,35.29812329782682],[139.19848582852643,35.29795893147029],[139.19808191811907,35.29788463107584],[139.19787532685652,35.29788016490887],[139.19751065453758,35.2977529746734],[139.1969864745527,35.297642124830546],[139.19656148901615,35.297528553722884],[139.1962508273909,35.29771267609421],[139.19602517044706,35.29774134168552],[139.19563702921278,35.29774964219494],[139.19550450647574,35.29761057190639],[139.19539569435986,35.297674217587186],[139.19524576316363,35.29779510652276],[139.1950615286106,35.297881308716505],[139.19483872256174,35.29784752681521],[139.19463057272293,35.297773825405976],[139.19416825215092,35.29754773136563],[139.19399560247714,35.29752026883349],[139.1938162315522,35.29747382918116],[139.19339382164674,35.29726843442193],[139.1931992846796,35.29718994374078],[139.1918253627277,35.29717236628733],[139.19183159474346,35.29702987386308],[139.19116926081864,35.2969864241697],[139.19108180341618,35.2969830011822],[139.1910076657493,35.29721301364231],[139.190698776478,35.29722003106208],[139.19032097085667,35.29721400419153],[139.1899610173583,35.29719905837895],[139.1896948651835,35.297156444671394],[139.18932773030977,35.29705047927879],[139.18899694846388,35.29696914074164],[139.1906070362224,35.295484164782756],[139.19193800810154,35.29425569222731],[139.1937721668795,35.292443988123026],[139.193808502213,35.29241052076431],[139.19478633507322,35.291509978761084],[139.19506059139397,35.29114680426188],[139.19558811556766,35.2904290731993],[139.1958310913922,35.29010551685586],[139.19603040886975,35.289840106785036],[139.19651150385113,35.28917022266931],[139.19661078256325,35.28908870874566],[139.19680554535844,35.28896551855796],[139.19738699568575,35.28861853724175],[139.19834869375626,35.288073358689715],[139.19857727251315,35.28796337239421],[139.1983002369366,35.287926985561015],[139.19791276108216,35.28782917442257],[139.1971305500411,35.287606821626206],[139.19636806345324,35.28735034537269],[139.19600306489863,35.28719603185758],[139.19532371427198,35.28688562724842],[139.1940291199011,35.28625774653407],[139.19385163560355,35.28618279527248],[139.19297766521146,35.285882396519646],[139.19231608858826,35.28565255417264],[139.19181883253717,35.28550611400776],[139.19151825377526,35.285467333626336],[139.19052640441987,35.285381351108036],[139.19036451031957,35.2853822488096],[139.1897721265746,35.28547640971276],[139.18972885917862,35.28535533955727],[139.18954120272346,35.285080124130616],[139.18971137465584,35.284972164155356],[139.18994717580964,35.28488898898109],[139.19023718320142,35.28484187487544],[139.1904457156538,35.28484545158254],[139.1909032312601,35.284847255096],[139.1912627097165,35.28481705758941],[139.1915854775853,35.284764692819564],[139.19167106666637,35.28472014999239],[139.1916850848032,35.28471775931825],[139.1928384641337,35.284146729395935],[139.1940861460339,35.283550977929956],[139.19414520690603,35.283532347415886],[139.1943154989029,35.28349501163709],[139.19454612593387,35.28349545889164],[139.19518661663452,35.2835059602392],[139.19532083603858,35.283501881567894],[139.1957296495026,35.28349840922932],[139.1957562437256,35.283497840626396],[139.19643419478587,35.28348332912917],[139.1964738920754,35.28347929039903],[139.19697111216365,35.283428700288006],[139.19719195037203,35.283368670217385],[139.1977618838955,35.28319964045676],[139.19779650996648,35.28318853211786],[139.19845426663267,35.282977521430354],[139.19884732702562,35.282819736152085],[139.19885082743156,35.283644724430225],[139.19885637897355,35.2849371005881],[139.19887983221145,35.28513897774635],[139.19892105548283,35.28538541700714],[139.1989253651845,35.285411178736574],[139.1994770471201,35.285424574451035],[139.19948065089457,35.285814649841235],[139.1989679638941,35.2858222335282],[139.19898475096858,35.285981611282075],[139.19948577491562,35.28600481136623],[139.20006784502365,35.28594921230152],[139.20018617036044,35.28588025857142],[139.2002498686057,35.28560356061691],[139.20069602376176,35.285608862086605],[139.200761974744,35.28560963030276],[139.20081219338746,35.28557947241627],[139.20123387877368,35.285919561431655],[139.20003948447277,35.287080277503364],[139.200352542648,35.287288528379236],[139.20091320483388,35.286799392273814],[139.20150343541616,35.286865513829625],[139.2021641108935,35.28689031360158],[139.20216656889963,35.28795461912724],[139.20143400412738,35.287962188119295],[139.20142715104646,35.28887990731747],[139.20126914591611,35.28887126267701],[139.20125869964346,35.289171962384565],[139.20128043613155,35.28918200523979],[139.20130103451484,35.289948611514745],[139.2009907216517,35.28992121205355],[139.20098338021594,35.29090652975977],[139.200845014956,35.29088439747428],[139.200992215424,35.29110177427823],[139.2010736510978,35.29110558107797],[139.20111376891148,35.291132339349204],[139.20113944167858,35.29150435027148],[139.2012948918541,35.291505586469036],[139.2015665775492,35.29156968140453],[139.20186749058078,35.29148640241179],[139.20191651591819,35.291582850050155],[139.20181675505174,35.29164957641717],[139.2018545187184,35.29180835522523],[139.20189257634522,35.291968190696814],[139.2019192046093,35.2920232563443],[139.20221976709792,35.29194110112045],[139.20232584078576,35.29180229976801],[139.2022401662404,35.29161918789081],[139.20223416222973,35.291556977710826],[139.20274370078258,35.291212341726535],[139.2031342055342,35.29091045976802],[139.2031727822782,35.29093650504006],[139.20305677067674,35.29101687924341],[139.2030584128616,35.291443687974244],[139.20412655428615,35.291975350260856],[139.2041529793008,35.29220202071631],[139.20414399387528,35.292543146619714],[139.20469124730343,35.29282724363174],[139.20489923185772,35.29250912486627],[139.2049689635358,35.29251617747478],[139.20505190157704,35.29238077425567],[139.20534070576343,35.29221348748178],[139.20553537468797,35.2921408436988],[139.20563049082259,35.292130564528996],[139.20599863866994,35.29205473790242],[139.20634271396386,35.29208821280719],[139.20647838268604,35.292137857851394],[139.2066890387758,35.29225964587446],[139.20675941372718,35.29226698246761],[139.20715094690863,35.29224394567811],[139.20735754807362,35.292267339939734],[139.20788568456382,35.2924472457774],[139.20833561730998,35.29244781557738],[139.2083657215896,35.29251521946722],[139.20866975345484,35.292968023525134],[139.20881194665472,35.293192825084624],[139.20895516641102,35.293362284673165],[139.20911238175756,35.293509774810424],[139.20922690675079,35.29357324932877],[139.20972928584948,35.29376222873357],[139.20991899521994,35.2937893295997],[139.21005634555448,35.29378348652285],[139.21017923041214,35.29373130563946],[139.21054683260803,35.293448218053705],[139.2106460844391,35.29348210541226],[139.21069987119617,35.293756373248684],[139.2107436908496,35.293878842047484],[139.2107297294843,35.294020308322516],[139.21065589451874,35.2942017454688],[139.21050116152753,35.29442044034285],[139.21033532760026,35.294596685733815],[139.21023717077986,35.29471758018553],[139.2101632026854,35.29484866740223],[139.21016689790233,35.29494438282556],[139.21024958489883,35.29508367128215],[139.21042344730432,35.295325111358075],[139.21052426650982,35.295525544900975],[139.21057125865985,35.295643172965256],[139.21057161649654,35.29581590830089],[139.2104920038501,35.296073156975154],[139.21048470987404,35.29614543764035],[139.21036324007414,35.29631578699845],[139.21037711470905,35.29644500394954],[139.2103022720403,35.29646518027822],[139.21021240789722,35.29693468432353],[139.21008386510258,35.297316740779735],[139.21002405989313,35.29760641226278],[139.20989333961694,35.29782917293318],[139.20979660016414,35.29802274547439],[139.20970926579636,35.2982611512144],[139.20975194306217,35.298370165344906],[139.20965346399916,35.29850999969293],[139.20964738411547,35.29869882765675],[139.20960529709612,35.298878315782304],[139.2095848667407,35.29891032078292]]]]}},{"type":"Feature","properties":{"area_id":"14206103001","city":"小田原市","ward":"","town":"酒匂","chome":"1","num_households":891},"geometry":{"type":"MultiPolygon","coordinates":[[[[139.18918576699616,35.272079766879585],[139.18918090179127,35.27213537302914],[139.18910163824083,35.273037528105476],[139.1890277855521,35.27383140528005],[139.18901664633793,35.27400655166768],[139.18903848576127,35.274251096659185],[139.1891905854591,35.275489404800645],[139.18924241500497,35.27556418602727],[139.18930119741248,35.275585344026354],[139.18930461932223,35.27564634684435],[139.1893682892382,35.27601406937991],[139.18939509464113,35.27616885487167],[139.18927970401472,35.276203872018236],[139.18874715204893,35.27629764638845],[139.18863639767906,35.27632740667829],[139.18835383272875,35.27640328870923],[139.18811916183554,35.27647639851756],[139.18797608674046,35.27652098494489],[139.18757396993004,35.27666889960276],[139.1873725989942,35.27675493262352],[139.1872779885468,35.27679533992798],[139.18718595183532,35.2768468884258],[139.1869335263217,35.27701391175538],[139.1868792882937,35.27700432528947],[139.18589257281423,35.276826508274155],[139.18444857889486,35.27659087506378],[139.18446116088973,35.27639770992011],[139.18446050703298,35.276377495834794],[139.18445219237458,35.27612907997039],[139.18445430536147,35.2760858159685],[139.18447864336844,35.27558740977294],[139.18446960369693,35.274904215044906],[139.18447077359215,35.27485464556331],[139.1844892176798,35.274240470430684],[139.18448543539793,35.274080243751506],[139.18449334128593,35.27394550208942],[139.18451647308885,35.27355007644431],[139.18450406890722,35.27346381554682],[139.18450109147906,35.27308508055867],[139.18450009813418,35.27305482041594],[139.18448901206318,35.27271714080412],[139.18452051413504,35.27242358702243],[139.18455520057728,35.27233307218157],[139.18464032287366,35.27219557683022],[139.1847335694623,35.27209453115393],[139.18568330682842,35.27207892433538],[139.1869329447539,35.272094773005925],[139.1880734415039,35.272100377651775],[139.1880993237694,35.27209989863918],[139.18918576699616,35.272079766879585]]]]}},{"type":"Feature","properties":{"area_id":"14206103002","city":"小田原市","ward":"","town":"酒匂","chome":"2","num_households":918},"geometry":{"type":"MultiPolygon","coordinates":[[[[139.1847335694623,35.27209453115393],[139.18472665768073,35.27208364933275],[139.18491631473137,35.27189368808792],[139.18502575101783,35.27170618319176],[139.18505430012456,35.271583101083465],[139.18505564979404,35.27136607329646],[139.18505607862326,35.27130192280183],[139.1850238845961,35.27108647549358],[139.1849480994291,35.270931778109826],[139.184833143675,35.27077912387022],[139.1847066763371,35.27057366301569],[139.18417273439366,35.27114457886881],[139.18416213021217,35.271069594858375],[139.18420486278933,35.27064983855217],[139.18433242266528,35.26959372549955],[139.18435658669472,35.26943392988887],[139.18438276354462,35.26922654123106],[139.184474663402,35.26832353650622],[139.18448647493872,35.26827458711099],[139.1845082911192,35.26817196097411],[139.18456401017437,35.2680067010182],[139.18460603287696,35.26779341098057],[139.1846165078599,35.26768093433893],[139.18455515126004,35.26741385177769],[139.18444201802347,35.267216700109785],[139.18429520584374,35.26688838445831],[139.18428004588577,35.26673380000374],[139.18429986492262,35.26653736213705],[139.18440198159155,35.2661001751175],[139.18440523985274,35.26608148435176],[139.18445571237345,35.26579187989752],[139.18448992960168,35.26567375673478],[139.18454342921075,35.26547996433103],[139.18460484174258,35.26525755365827],[139.18529044442906,35.265466367113916],[139.1856208359971,35.26556327654362],[139.1856622388349,35.26557448460028],[139.18615266945616,35.265707248122816],[139.1868733220047,35.26592025458297],[139.1875163485042,35.266118265570896],[139.18767670336615,35.26616574036992],[139.18792399803354,35.266239594693644],[139.1882118082282,35.26632570677037],[139.18840047377498,35.26639790974594],[139.18848511851098,35.26643209300874],[139.18969126077158,35.2668703430684],[139.18998249330704,35.266969285935126],[139.18963089537334,35.268290623230996],[139.18963756912143,35.26832058766809],[139.18945551224687,35.268852492633805],[139.18941721350805,35.26900397459106],[139.18936427269153,35.26946325970114],[139.1893390932139,35.26968171191094],[139.1893276586178,35.2697807331387],[139.18927883592238,35.27015590003142],[139.18923894561925,35.27046242321847],[139.18927732640532,35.27047340271063],[139.1892659801617,35.270680025532656],[139.18923370913618,35.271266526295435],[139.18922655743137,35.27138838529875],[139.18918576699616,35.272079766879585],[139.1880993237694,35.27209989863918],[139.1880734415039,35.272100377651775],[139.1869329447539,35.272094773005925],[139.18568330682842,35.27207892433538],[139.1847335694623,35.27209453115393]]]]}},{"type":"Feature","properties":{"area_id":"14206103003","city":"小田原市","ward":"","town":"酒匂","chome":"3","num_households":374},"geometry":{"type":"MultiPolygon","coordinates":[[[[139.18683061739333,35.26173075990494],[139.18755788856112,35.26230456321902],[139.1881272152326,35.26272449454704],[139.18865127085866,35.26310502742998],[139.18932513551673,35.263504103000315],[139.19004406298768,35.26394897724673],[139.19055304154648,35.26431632454362],[139.19091641977164,35.26451423786645],[139.191448308985,35.26489501301316],[139.19099938401422,35.26539846224945],[139.190966589477,35.265435681511036],[139.1910238048943,35.26551830826114],[139.19098706142316,35.2655554361197],[139.1909726739031,35.26557247140681],[139.1906547374291,35.26593359014544],[139.1904304138678,35.2662051375045],[139.18998249330704,35.266969285935126],[139.18969126077158,35.2668703430684],[139.18848511851098,35.26643209300874],[139.18840047377498,35.26639790974594],[139.1882118082282,35.26632570677037],[139.18792399803354,35.266239594693644],[139.18767670336615,35.26616574036992],[139.1875163485042,35.266118265570896],[139.1868733220047,35.26592025458297],[139.18615266945616,35.265707248122816],[139.1856622388349,35.26557448460028],[139.1856208359971,35.26556327654362],[139.18529044442906,35.265466367113916],[139.18460484174258,35.26525755365827],[139.18494047167724,35.264490923054076],[139.18519314334173,35.26393510879528],[139.18546374674216,35.26353607620851],[139.18563372537184,35.26330269695907],[139.18569565683165,35.26317577777035],[139.18582536389374,35.262969716986966],[139.1859106065922,35.262751376520725],[139.18604561429535,35.2626016095205],[139.18683061739333,35.26173075990494]]]]}},{"type":"Feature","properties":{"area_id":"14206103004","city":"小田原市","ward":"","town":"酒匂","chome":"4","num_households":604},"geometry":{"type":"MultiPolygon","coordinates":[[[[139.191448308985,35.26489501301316],[139.19230038705894,35.26539417220508],[139.19343617865852,35.266059472695076],[139.19341002830546,35.266092643956654],[139.19420164060665,35.26658618839159],[139.19451785911707,35.266832503198984],[139.19477317548007,35.267027863233146],[139.19524853796742,35.26741663341461],[139.19539384272971,35.26756049630106],[139.195854264543,35.26799355186799],[139.196532795699,35.268610849433166],[139.19677777464153,35.268920866665745],[139.19696648290977,35.26921868506016],[139.19710051735566,35.26936642952553],[139.19729315261097,35.26953110196332],[139.19752898469284,35.269700507049826],[139.19783834071077,35.26993283315121],[139.19785847251018,35.269955121011286],[139.19749827815193,35.27029702237736],[139.1970861297259,35.27068822532784],[139.19658730992452,35.27036856506526],[139.19590784447158,35.269933231900644],[139.1950455451268,35.26941516922622],[139.1943282810295,35.268984274053075],[139.19429731272606,35.26896439236901],[139.19409626644452,35.26883319076411],[139.1935891721116,35.2685533296846],[139.19292925223724,35.268212798337004],[139.19283615640416,35.2681554756939],[139.19274195545398,35.26810718742458],[139.19273704290845,35.26810466913762],[139.1923977484367,35.26793160604833],[139.19219364975467,35.26783404654931],[139.19184944104776,35.26768553341629],[139.19158926059774,35.26757352006196],[139.19142622983236,35.26751638780648],[139.1914352687972,35.26749721089158],[139.19080899454815,35.26729550679899],[139.19047020749676,35.26714053948058],[139.18998249330704,35.266969285935126],[139.1904304138678,35.2662051375045],[139.1906547374291,35.26593359014544],[139.1909726739031,35.26557247140681],[139.19098706142316,35.2655554361197],[139.1910238048943,35.26551830826114],[139.190966589477,35.265435681511036],[139.19099938401422,35.26539846224945],[139.191448308985,35.26489501301316]]]]}},{"type":"Feature","properties":{"area_id":"14206103005","city":"小田原市","ward":"","town":"酒匂","chome":"5","num_households":480},"geometry":{"type":"MultiPolygon","coordinates":[[[[139.19590784447158,35.269933231900644],[139.19582006715046,35.270088680277006],[139.1957483388405,35.27033766199745],[139.19570645330688,35.27055898388615],[139.19568904592134,35.270991838403496],[139.1955450495713,35.27142191193195],[139.19551369650233,35.27151061727267],[139.19544109084995,35.27193599777089],[139.19542461503815,35.27203266819845],[139.19538072812983,35.272055605353216],[139.1952513568765,35.27207872415369],[139.19420497500022,35.27206178359171],[139.19416303733536,35.271892129694926],[139.1939163722879,35.27148034194435],[139.19387989461868,35.271413108434324],[139.1938087582529,35.27128210162803],[139.19375366493927,35.27113660321941],[139.19370614220003,35.27090790663391],[139.19364263753155,35.27073475822897],[139.19357644556192,35.27065194519096],[139.1936051804923,35.27006373381471],[139.19331059880764,35.270060483504786],[139.1931745878033,35.27005497374769],[139.1922445629637,35.270013071457115],[139.19162265293645,35.269945898356966],[139.1913421792124,35.2699072260332],[139.19123194431606,35.26994839983611],[139.19104167214044,35.26996914892751],[139.19054859969916,35.26995680858695],[139.19015737869114,35.26990500885582],[139.19008354906543,35.2698759544862],[139.18997372545232,35.269822201934296],[139.1893276586178,35.2697807331387],[139.1893390932139,35.26968171191094],[139.18936427269153,35.26946325970114],[139.18941721350805,35.26900397459106],[139.18945551224687,35.268852492633805],[139.18963756912143,35.26832058766809],[139.18963089537334,35.268290623230996],[139.18998249330704,35.266969285935126],[139.19047020749676,35.26714053948058],[139.19080899454815,35.26729550679899],[139.1914352687972,35.26749721089158],[139.19142622983236,35.26751638780648],[139.19158926059774,35.26757352006196],[139.19184944104776,35.26768553341629],[139.19219364975467,35.26783404654931],[139.1923977484367,35.26793160604833],[139.19273704290845,35.26810466913762],[139.19274195545398,35.26810718742458],[139.19283615640416,35.2681554756939],[139.19292925223724,35.268212798337004],[139.1935891721116,35.2685533296846],[139.19409626644452,35.26883319076411],[139.19429731272606,35.26896439236901],[139.1943282810295,35.268984274053075],[139.1950455451268,35.26941516922622],[139.19590784447158,35.269933231900644]]]]}},{"type":"Feature","properties":{"area_id":"14206103006","city":"小田原市","ward":"","town":"酒匂","chome":"6","num_households":193},"geometry":{"type":"MultiPolygon","coordinates":[[[[139.1893276586178,35.2697807331387],[139.18997372545232,35.269822201934296],[139.19008354906543,35.2698759544862],[139.19015737869114,35.26990500885582],[139.19054859969916,35.26995680858695],[139.19104167214044,35.26996914892751],[139.19123194431606,35.26994839983611],[139.1913421792124,35.2699072260332],[139.19162265293645,35.269945898356966],[139.1922445629637,35.270013071457115],[139.1931745878033,35.27005497374769],[139.19331059880764,35.270060483504786],[139.1936051804923,35.27006373381471],[139.19357644556192,35.27065194519096],[139.19364263753155,35.27073475822897],[139.19370614220003,35.27090790663391],[139.19375366493927,35.27113660321941],[139.1938087582529,35.27128210162803],[139.19387989461868,35.271413108434324],[139.1939163722879,35.27148034194435],[139.19416303733536,35.271892129694926],[139.19420497500022,35.27206178359171],[139.1941648083038,35.27211368173941],[139.194176328946,35.27276971059766],[139.19413333587474,35.27297285773596],[139.19411173090438,35.27312076746676],[139.19415057550464,35.27347554128172],[139.1941338403101,35.27393100291092],[139.19412198255466,35.274122413699814],[139.19410564521905,35.27493498118161],[139.19412938812994,35.27575585801334],[139.19413403766993,35.27591735697346],[139.19179010527256,35.275925275583155],[139.19137250003018,35.2759266477065],[139.19096903222342,35.275937388004365],[139.19056396894055,35.27595987921206],[139.19026048254761,35.27599417742065],[139.18939509464113,35.27616885487167],[139.1893682892382,35.27601406937991],[139.18930461932223,35.27564634684435],[139.18930119741248,35.275585344026354],[139.18924241500497,35.27556418602727],[139.1891905854591,35.275489404800645],[139.18903848576127,35.274251096659185],[139.18901664633793,35.27400655166768],[139.1890277855521,35.27383140528005],[139.18910163824083,35.273037528105476],[139.18918090179127,35.27213537302914],[139.18918576699616,35.272079766879585],[139.18922655743137,35.27138838529875],[139.18923370913618,35.271266526295435],[139.1892659801617,35.270680025532656],[139.18927732640532,35.27047340271063],[139.18923894561925,35.27046242321847],[139.18927883592238,35.27015590003142],[139.1893276586178,35.2697807331387]]]]}},{"type":"Feature","properties":{"area_id":"14206103007","city":"小田原市","ward":"","town":"酒匂","chome":"7","num_households":0},"geometry":{"type":"MultiPolygon","coordinates":[[[[139.19659134175896,35.27589048439914],[139.19658338247245,35.27623418716387],[139.19657658359856,35.27652769874689],[139.19657332540243,35.27666839689942],[139.1965783996535,35.27694017754605],[139.19657851240697,35.276970005691275],[139.19657971807837,35.27729109063631],[139.1965794208453,35.27731087012034],[139.196570161956,35.27792679731372],[139.19656436241976,35.27858794288613],[139.19653641523539,35.27859286565355],[139.19501972342076,35.27836627071016],[139.19257249268705,35.27797958193457],[139.19137022097757,35.277789536844416],[139.1907274905914,35.27768795065424],[139.19057637126522,35.27766404813003],[139.1904871314963,35.27764991188001],[139.1893085908106,35.277435678177675],[139.18920197281213,35.27741674607523],[139.18809489125755,35.277220155518464],[139.1869335263217,35.27701391175538],[139.18718595183532,35.2768468884258],[139.1872779885468,35.27679533992798],[139.1873725989942,35.27675493262352],[139.18757396993004,35.27666889960276],[139.18797608674046,35.27652098494489],[139.18811916183554,35.27647639851756],[139.18835383272875,35.27640328870923],[139.18863639767906,35.27632740667829],[139.18874715204893,35.27629764638845],[139.18927970401472,35.276203872018236],[139.18939509464113,35.27616885487167],[139.19026048254761,35.27599417742065],[139.19056396894055,35.27595987921206],[139.19096903222342,35.275937388004365],[139.19137250003018,35.2759266477065],[139.19179010527256,35.275925275583155],[139.19413403766993,35.27591735697346],[139.19534460737202,35.27590742283233],[139.19538535571147,35.27590714521978],[139.19594569834945,35.27590341495925],[139.19599064824422,35.275904004372904],[139.19656481162775,35.275911681931944],[139.19659134175896,35.27589048439914]]]]}},{"type":"Feature","properties":{"area_id":"14206103011","city":"小田原市","ward":"","town":"酒匂","chome":"","num_households":310},"geometry":{"type":"MultiPolygon","coordinates":[[[[139.18200149834198,35.27989506157198],[139.1820258617467,35.279816919052706],[139.18215451120506,35.27951062652556],[139.1821340730017,35.279503993192435],[139.18215055926328,35.27946903962473],[139.1822094921499,35.27932526274597],[139.18229112438806,35.27912610559392],[139.18231862016543,35.27905902417214],[139.1823016944975,35.27904725763086],[139.18220085819559,35.27900143497733],[139.18229700671398,35.27889829588653],[139.1823363586211,35.27882618670568],[139.1823388420102,35.27882162282879],[139.1830138634927,35.27759058968182],[139.18288987320707,35.27752499427148],[139.18293935136782,35.27742153194064],[139.18286953589703,35.27731996295987],[139.1829941051809,35.27715838584562],[139.18302410563186,35.27707960591412],[139.183070017747,35.27694971678872],[139.18311306645893,35.276951709558205],[139.1830815926776,35.277058930191544],[139.18325692624714,35.27712557632343],[139.18339194237896,35.27691405617938],[139.1835721742932,35.276964108520225],[139.18372721280036,35.276991561119566],[139.18381841262902,35.27691092757296],[139.18397424492468,35.27676437663791],[139.183795180545,35.27653644949244],[139.18379540638205,35.276502930745565],[139.18376700365926,35.27620588693965],[139.18376563977836,35.276193837770975],[139.18398968436654,35.27623088659421],[139.1840269839587,35.2762699589666],[139.18406463116,35.27626558399721],[139.18420902162939,35.27633030082283],[139.18446050703298,35.276377495834794],[139.18446116088973,35.27639770992011],[139.18444857889486,35.27659087506378],[139.18589257281423,35.276826508274155],[139.1868792882937,35.27700432528947],[139.1869335263217,35.27701391175538],[139.18809489125755,35.277220155518464],[139.18920197281213,35.27741674607523],[139.1893085908106,35.277435678177675],[139.1904871314963,35.27764991188001],[139.19057637126522,35.27766404813003],[139.1907274905914,35.27768795065424],[139.19137022097757,35.277789536844416],[139.19257249268705,35.27797958193457],[139.19234334111667,35.278082165480185],[139.19167559314698,35.27807580053114],[139.19168754797067,35.27881660996675],[139.19111675654494,35.27881984189274],[139.19109999011334,35.27933761851843],[139.19122337707745,35.279345105221374],[139.19120638913353,35.27988541493152],[139.1905119234872,35.27988939403451],[139.1892605664479,35.27990257978441],[139.18924376690995,35.27895231900361],[139.18801187130478,35.27893341551861],[139.18802299407068,35.27989941908693],[139.18685671942967,35.27989888110648],[139.18685683728688,35.27989486782692],[139.18687978657874,35.279030239364864],[139.18688952249792,35.278406445680936],[139.18689665092234,35.277895304319095],[139.1868918108061,35.27705460196184],[139.18611486156715,35.27742176432508],[139.18566842120364,35.27760795491161],[139.18535656472937,35.2777268404589],[139.18512463562894,35.27784312689869],[139.1848527989191,35.277977577001074],[139.18450899863848,35.278187200923114],[139.1842300015003,35.27841139636931],[139.18389841480789,35.27870953040076],[139.18376475898643,35.27893908323483],[139.18357230356813,35.27925127368185],[139.18336532163178,35.27960775038891],[139.18324827699877,35.27986971390745],[139.18313840818814,35.27986848929935],[139.18200149834198,35.27989506157198]]]]}},{"type":"Feature","properties":{"area_id":"14206111001","city":"小田原市","ward":"","town":"西酒匂","chome":"1","num_households":303},"geometry":{"type":"MultiPolygon","coordinates":[[[[139.18172604037204,35.26939315789946],[139.1815623077078,35.269332840138446],[139.18135727271442,35.269230047057704],[139.18118770156678,35.269121882329095],[139.18091738436965,35.26894247088555],[139.18077474502772,35.26903528979461],[139.18049386920924,35.26915905064902],[139.18020880645702,35.269243001145355],[139.17999955164387,35.26929102375293],[139.17990736530183,35.26934552437093],[139.1790824867034,35.26995259269349],[139.17907380949865,35.26995317950136],[139.1781639795431,35.26972431401564],[139.17771246112855,35.26940546688977],[139.1773534414348,35.26911613347721],[139.17704975924633,35.268838085713625],[139.1773632389123,35.268627751035105],[139.1774006540574,35.268577463214946],[139.17720936162175,35.2682791801875],[139.17720031258983,35.268262019475586],[139.17708365182028,35.26804146290711],[139.17699706811263,35.267844238394375],[139.17691905885,35.267759873795164],[139.17597633707783,35.26684844210503],[139.17746864718458,35.265765241450765],[139.1800431604168,35.26397225743516],[139.18105644856107,35.263176128405675],[139.18113726441524,35.26311466388833],[139.18233916017329,35.262201021949394],[139.18294154441017,35.26172983749031],[139.18457439059281,35.260452429854894],[139.18609979800067,35.26138706790274],[139.1862128934968,35.26129830853635],[139.18683061739333,35.26173075990494],[139.18604561429535,35.2626016095205],[139.1859106065922,35.262751376520725],[139.18582536389374,35.262969716986966],[139.18569565683165,35.26317577777035],[139.18563372537184,35.26330269695907],[139.18546374674216,35.26353607620851],[139.18519314334173,35.26393510879528],[139.18494047167724,35.264490923054076],[139.18460484174258,35.26525755365827],[139.18454342921075,35.26547996433103],[139.18448992960168,35.26567375673478],[139.18445571237345,35.26579187989752],[139.18409452684338,35.26625337970881],[139.18359572366361,35.2669206829505],[139.1832934342912,35.2673282731892],[139.18318168634946,35.267477597901305],[139.18212532863885,35.26886286028332],[139.18203657609348,35.2689763220706],[139.18172604037204,35.26939315789946]]]]}},{"type":"Feature","properties":{"area_id":"14206111002","city":"小田原市","ward":"","town":"西酒匂","chome":"2","num_households":285},"geometry":{"type":"MultiPolygon","coordinates":[[[[139.18445571237345,35.26579187989752],[139.18440523985274,35.26608148435176],[139.18440198159155,35.2661001751175],[139.18429986492262,35.26653736213705],[139.18428004588577,35.26673380000374],[139.18429520584374,35.26688838445831],[139.18444201802347,35.267216700109785],[139.18455515126004,35.26741385177769],[139.1846165078599,35.26768093433893],[139.18460603287696,35.26779341098057],[139.18456401017437,35.2680067010182],[139.1845082911192,35.26817196097411],[139.18448647493872,35.26827458711099],[139.184474663402,35.26832353650622],[139.18438276354462,35.26922654123106],[139.18435658669472,35.26943392988887],[139.18433242266528,35.26959372549955],[139.18420486278933,35.27064983855217],[139.18352599215095,35.27060802257703],[139.18357160731284,35.27011835538884],[139.18256845499107,35.270065509727736],[139.18251006321182,35.270062433512855],[139.1822092578359,35.27005377129109],[139.18213691400655,35.26995789183748],[139.18204983799245,35.26979334274815],[139.18200396449143,35.269625212878445],[139.18201597964293,35.2694285225183],[139.18172604037204,35.26939315789946],[139.18203657609348,35.2689763220706],[139.18212532863885,35.26886286028332],[139.18318168634946,35.267477597901305],[139.1832934342912,35.2673282731892],[139.18359572366361,35.2669206829505],[139.18409452684338,35.26625337970881],[139.18445571237345,35.26579187989752]]]]}},{"type":"Feature","properties":{"area_id":"14206111003","city":"小田原市","ward":"","town":"西酒匂","chome":"3","num_households":263},"geometry":{"type":"MultiPolygon","coordinates":[[[[139.18446050703298,35.276377495834794],[139.18420902162939,35.27633030082283],[139.18406463116,35.27626558399721],[139.1840269839587,35.2762699589666],[139.18398968436654,35.27623088659421],[139.18376563977836,35.276193837770975],[139.18374934059614,35.276047205924755],[139.1836948565972,35.27590241093126],[139.1835246556843,35.27558699947171],[139.1834099873063,35.2754728660289],[139.1832701160062,35.2753641589662],[139.18319343871119,35.27525649713004],[139.1831600110703,35.275157799544296],[139.18314984610402,35.2749049361788],[139.18314897847262,35.274569098098596],[139.18315059541015,35.27420186600729],[139.18316573202992,35.27381358116274],[139.18322944704167,35.27355146826279],[139.183304868792,35.273355401377536],[139.18339226708125,35.27323432640034],[139.1833915355318,35.27320777408243],[139.1834369702723,35.273110205469855],[139.18360375935495,35.27274773458657],[139.18362795067677,35.27272392126633],[139.18361938101765,35.27268965100826],[139.1836787123818,35.27246518895454],[139.1836795423388,35.27233491617462],[139.18369977347132,35.27210362438035],[139.18373680475008,35.27209016194492],[139.18374299774845,35.27198702973576],[139.1837946079187,35.27187414199188],[139.18389058128,35.271727550135274],[139.1840005171116,35.27162265207085],[139.18408889180222,35.271518763683716],[139.1841538249503,35.27136123053291],[139.18419008951642,35.27124523207834],[139.18417273439366,35.27114457886881],[139.1847066763371,35.27057366301569],[139.184833143675,35.27077912387022],[139.1849480994291,35.270931778109826],[139.1850238845961,35.27108647549358],[139.18505607862326,35.27130192280183],[139.18505564979404,35.27136607329646],[139.18505430012456,35.271583101083465],[139.18502575101783,35.27170618319176],[139.18491631473137,35.27189368808792],[139.18472665768073,35.27208364933275],[139.1847335694623,35.27209453115393],[139.18464032287366,35.27219557683022],[139.18455520057728,35.27233307218157],[139.18452051413504,35.27242358702243],[139.18448901206318,35.27271714080412],[139.18450009813418,35.27305482041594],[139.18450109147906,35.27308508055867],[139.18450406890722,35.27346381554682],[139.18451647308885,35.27355007644431],[139.18449334128593,35.27394550208942],[139.18448543539793,35.274080243751506],[139.1844892176798,35.274240470430684],[139.18447077359215,35.27485464556331],[139.18446960369693,35.274904215044906],[139.18447864336844,35.27558740977294],[139.18445430536147,35.2760858159685],[139.18445219237458,35.27612907997039],[139.18446050703298,35.276377495834794]]]]}},{"type":"Feature","properties":{"area_id":"14206114001","city":"小田原市","ward":"","town":"小八幡","chome":"1","num_households":522},"geometry":{"type":"MultiPolygon","coordinates":[[[[139.19656481162775,35.275911681931944],[139.19599064824422,35.275904004372904],[139.19594569834945,35.27590341495925],[139.19538535571147,35.27590714521978],[139.19534460737202,35.27590742283233],[139.19413403766993,35.27591735697346],[139.19412938812994,35.27575585801334],[139.19410564521905,35.27493498118161],[139.19412198255466,35.274122413699814],[139.1941338403101,35.27393100291092],[139.19415057550464,35.27347554128172],[139.19411173090438,35.27312076746676],[139.19413333587474,35.27297285773596],[139.194176328946,35.27276971059766],[139.1941648083038,35.27211368173941],[139.19420497500022,35.27206178359171],[139.1952513568765,35.27207872415369],[139.19538072812983,35.272055605353216],[139.19542461503815,35.27203266819845],[139.19544109084995,35.27193599777089],[139.19551369650233,35.27151061727267],[139.1955450495713,35.27142191193195],[139.19568904592134,35.270991838403496],[139.19570645330688,35.27055898388615],[139.1957483388405,35.27033766199745],[139.19582006715046,35.270088680277006],[139.19590784447158,35.269933231900644],[139.19658730992452,35.27036856506526],[139.1970861297259,35.27068822532784],[139.1971076041178,35.27070383086803],[139.19740492239237,35.27091658708318],[139.19705841672038,35.27137334443239],[139.19701044648136,35.271429639323756],[139.19690393077678,35.271554568524124],[139.19680145795772,35.27180430428805],[139.19680712323944,35.27188088147495],[139.1968385805748,35.27201357898095],[139.1968021082531,35.27202718986695],[139.19667014893048,35.272199306810556],[139.19661577239054,35.27230577742082],[139.19659906182525,35.27239970097755],[139.1966264272628,35.272572305568715],[139.196628163371,35.27302279654768],[139.19662792595705,35.27303787798088],[139.19661056291844,35.274135491095805],[139.19657455955831,35.2741767086118],[139.19657497661822,35.27498570365426],[139.1966065771582,35.27505107985813],[139.1966041117827,35.27546809812218],[139.19656481162775,35.275911681931944]]]]}},{"type":"Feature","properties":{"area_id":"14206114002","city":"小田原市","ward":"","town":"小八幡","chome":"2","num_households":659},"geometry":{"type":"MultiPolygon","coordinates":[[[[139.20158113053952,35.27259663247017],[139.20130808033292,35.27281302686877],[139.2010313829275,35.27303444811217],[139.20076675507013,35.27325242226572],[139.20070624201205,35.2732997574806],[139.2006719233283,35.273320087977474],[139.20065941954252,35.27332749485988],[139.2006484360097,35.27331791238864],[139.20049686319632,35.273467538126],[139.2003171034369,35.273877644444774],[139.2002260542221,35.27412786606521],[139.20004298237544,35.27466442976782],[139.19972942357376,35.27549178032523],[139.19963461958918,35.27571662996291],[139.19950418315648,35.27579826780488],[139.1993873326901,35.27590504658953],[139.1990264750506,35.27646581566125],[139.19899126128396,35.27652675549547],[139.19838146263092,35.276276516651336],[139.19784104334337,35.27607121516239],[139.1977599153372,35.276046634668454],[139.19745310961568,35.27596769789593],[139.19711862463024,35.275908966781856],[139.19659134175896,35.27589048439914],[139.19656481162775,35.275911681931944],[139.1966041117827,35.27546809812218],[139.1966065771582,35.27505107985813],[139.19657497661822,35.27498570365426],[139.19657455955831,35.2741767086118],[139.19661056291844,35.274135491095805],[139.19662792595705,35.27303787798088],[139.196628163371,35.27302279654768],[139.1966264272628,35.272572305568715],[139.19659906182525,35.27239970097755],[139.19661577239054,35.27230577742082],[139.19667014893048,35.272199306810556],[139.1968021082531,35.27202718986695],[139.1968385805748,35.27201357898095],[139.19680712323944,35.27188088147495],[139.19680145795772,35.27180430428805],[139.19690393077678,35.271554568524124],[139.19701044648136,35.271429639323756],[139.19705841672038,35.27137334443239],[139.19740492239237,35.27091658708318],[139.1971076041178,35.27070383086803],[139.1970861297259,35.27068822532784],[139.19749827815193,35.27029702237736],[139.19785847251018,35.269955121011286],[139.19783834071077,35.26993283315121],[139.19800808267104,35.270060693138696],[139.1981989843764,35.27018415757705],[139.19858002865328,35.270440236400205],[139.19880337080926,35.270587954204785],[139.1990347898283,35.270784374847835],[139.19918675593271,35.27089108482298],[139.19932039225293,35.27103579679577],[139.19943391246002,35.271133924858695],[139.1995656879137,35.27122024737522],[139.19973314778795,35.2713059111442],[139.1999881591483,35.27144527207598],[139.20018811826142,35.271596950186],[139.20036308749104,35.271694202092654],[139.200499569669,35.27178280183562],[139.20071676327507,35.27192710422442],[139.20087948053003,35.27207583898902],[139.20099488991642,35.27218010232871],[139.2011918603482,35.27233007330181],[139.2015642993242,35.27258539433766],[139.20158113053952,35.27259663247017]]]]}},{"type":"Feature","properties":{"area_id":"14206114003","city":"小田原市","ward":"","town":"小八幡","chome":"3","num_households":460},"geometry":{"type":"MultiPolygon","coordinates":[[[[139.20158113053952,35.27259663247017],[139.20173173077274,35.272697182295396],[139.20206899499115,35.27288281375256],[139.2025852504531,35.27322338824534],[139.20291238409226,35.273442273965614],[139.2033448388877,35.27377698618744],[139.20356623116453,35.27396785499872],[139.20359817449338,35.273996106814],[139.20378152840362,35.27415826865199],[139.20402028193058,35.274347254314435],[139.2032962094036,35.275025581399674],[139.20321935092718,35.27509757301461],[139.2036644261702,35.275781006128476],[139.20368010557988,35.27580612474834],[139.20362127498535,35.27583389583252],[139.20356990347278,35.27585991222465],[139.2038910046918,35.27654160821979],[139.2039729464608,35.27671562321827],[139.20415408480488,35.276965505486096],[139.20372209854844,35.27725169970038],[139.20336301509235,35.2773453895541],[139.20339015726125,35.27758714586261],[139.2034459493732,35.27771321493654],[139.20345678474524,35.27772625037782],[139.20346024006417,35.277730270845154],[139.2034711452109,35.27774296224618],[139.2034793629791,35.27775252459993],[139.2035233353548,35.27780369529935],[139.20366352924643,35.27795398744542],[139.2036834773041,35.27797531459792],[139.2036906756007,35.277991734932726],[139.20369660156558,35.278007936821105],[139.20370285564084,35.27803567462638],[139.20370491976627,35.2780448335282],[139.2037030291603,35.27806343850097],[139.2037013486001,35.27807996934666],[139.20368893923663,35.27811119968333],[139.20367668254138,35.2781420363455],[139.20364033912853,35.27822816938296],[139.20361897154328,35.27822086072107],[139.20273279496308,35.277932933784214],[139.20269123135944,35.27791764392373],[139.20198155242375,35.277656559803155],[139.20032983230584,35.277048888689876],[139.2003042477675,35.27703947557201],[139.19993788461622,35.276889108567886],[139.19983983497414,35.2768483131631],[139.19899126128396,35.27652675549547],[139.1990264750506,35.27646581566125],[139.1993873326901,35.27590504658953],[139.19950418315648,35.27579826780488],[139.19963461958918,35.27571662996291],[139.19972942357376,35.27549178032523],[139.20004298237544,35.27466442976782],[139.2002260542221,35.27412786606521],[139.2003171034369,35.273877644444774],[139.20049686319632,35.273467538126],[139.2006484360097,35.27331791238864],[139.20065941954252,35.27332749485988],[139.2006719233283,35.273320087977474],[139.20070624201205,35.2732997574806],[139.20076675507013,35.27325242226572],[139.2010313829275,35.27303444811217],[139.20130808033292,35.27281302686877],[139.20158113053952,35.27259663247017]]]]}},{"type":"Feature","properties":{"area_id":"14206114004","city":"小田原市","ward":"","town":"小八幡","chome":"4","num_households":319},"geometry":{"type":"MultiPolygon","coordinates":[[[[139.19659134175896,35.27589048439914],[139.19711862463024,35.275908966781856],[139.19745310961568,35.27596769789593],[139.1977599153372,35.276046634668454],[139.19784104334337,35.27607121516239],[139.19838146263092,35.276276516651336],[139.19899126128396,35.27652675549547],[139.19983983497414,35.2768483131631],[139.19993788461622,35.276889108567886],[139.2003042477675,35.27703947557201],[139.20026012728934,35.27723452204687],[139.20016434320422,35.27763922123484],[139.20016052352273,35.27794060256684],[139.2001115342943,35.27881292542178],[139.20001995828144,35.279251092845804],[139.20000368462541,35.27926192205797],[139.19959461227384,35.279229284276276],[139.19930359884464,35.27919374304343],[139.19893015985403,35.279183683220126],[139.19892525573374,35.278921624560894],[139.1988617289589,35.27888051815488],[139.19846148427493,35.27883383815078],[139.19824857776766,35.278808987108974],[139.19656436241976,35.27858794288613],[139.196570161956,35.27792679731372],[139.1965794208453,35.27731087012034],[139.19657971807837,35.27729109063631],[139.19657851240697,35.276970005691275],[139.1965783996535,35.27694017754605],[139.19657332540243,35.27666839689942],[139.19657658359856,35.27652769874689],[139.19658338247245,35.27623418716387],[139.19659134175896,35.27589048439914]]]]}},{"type":"Feature","properties":{"area_id":"14206114011","city":"小田原市","ward":"","town":"小八幡","chome":"","num_households":70},"geometry":{"type":"MultiPolygon","coordinates":[[[[139.20019757716628,35.2820322119543],[139.20010756724858,35.28098994354156],[139.20034041910304,35.280996094601285],[139.20078912205477,35.28100802459559],[139.2008132832123,35.281007418431265],[139.20081281735563,35.281013289475936],[139.20081039068856,35.28109161374871],[139.2008087287043,35.28114522288121],[139.20080724910625,35.28119291877109],[139.20080186225945,35.28136933443553],[139.20079976554246,35.281438484346474],[139.20079806557837,35.28149454862953],[139.20079790363442,35.281515279381175],[139.20079037416986,35.281756320746254],[139.20078914640067,35.281824424404455],[139.20078675894771,35.28195689650287],[139.20078733370775,35.28197581944541],[139.20075814859294,35.28198276014593],[139.20073218261666,35.28199227155236],[139.20055602853844,35.28206035890647],[139.2001980888047,35.282038340641236],[139.20019757716628,35.2820322119543]]],[[[139.20004052480436,35.27926638286414],[139.20003937502088,35.27941343830917],[139.20003682979936,35.279738964634696],[139.2000357851021,35.27987257697272],[139.20003440602233,35.27994281217785],[139.20000351334,35.27994288446961],[139.1997318012466,35.27994258534274],[139.19826024524306,35.27994075627505],[139.1982605888705,35.27986685621628],[139.1982601861801,35.279505411685555],[139.19826004206033,35.279375603878265],[139.19826016085742,35.27935830375498],[139.1982964487181,35.27935866957114],[139.19845323085187,35.27935946878051],[139.19845398210325,35.27934202013396],[139.19846148427493,35.27883383815078],[139.1988617289589,35.27888051815488],[139.19892525573374,35.278921624560894],[139.19893015985403,35.279183683220126],[139.19930359884464,35.27919374304343],[139.19959461227384,35.279229284276276],[139.20000368462541,35.27926192205797],[139.20004052480436,35.27926638286414]]]]}},{"type":"Feature","properties":{"area_id":"142061190","city":"小田原市","ward":"","town":"石橋","chome":"","num_households":74},"geometry":{"type":"MultiPolygon","coordinates":[[[[139.1430591757281,35.228778580346706],[139.14178959697924,35.22832738457291],[139.1412791500393,35.228252770988476],[139.1410183689753,35.22833338553328],[139.14084800087525,35.22836423872744],[139.14083525014718,35.228390009180494],[139.1402717933738,35.22861275368343],[139.13973784972598,35.228741160171026],[139.13960090068045,35.22876304834659],[139.1391025012165,35.22878954785309],[139.13916694426302,35.22884604311093],[139.13885982115306,35.228795827562266],[139.13876847276535,35.22869924931771],[139.13871050251433,35.22866370582426],[139.13855900210578,35.228570866193145],[139.1382804330401,35.22834877764753],[139.13804285488442,35.228290722147676],[139.13776075763448,35.228289800681125],[139.1374764777068,35.22817337762241],[139.1372386557933,35.22802905377949],[139.13701701554143,35.22792925845301],[139.13642882876866,35.227853542484866],[139.13583400864536,35.22780581365328],[139.13541641587517,35.227757978801804],[139.13541708147935,35.227621086193984],[139.13536106808607,35.2275680178016],[139.13535266603614,35.227522337074916],[139.135007666475,35.22743140157769],[139.1344503125579,35.227373742383115],[139.13394246622076,35.227381721329266],[139.13348378472045,35.227435828017356],[139.13338277519048,35.22744017376089],[139.1328885043398,35.2273273171848],[139.13250731331846,35.22745172542083],[139.13254032817642,35.227509379389005],[139.1327130546994,35.22769206380679],[139.13271095962347,35.22781993448818],[139.13251645355277,35.227922254803815],[139.13092186375198,35.22785977326314],[139.13080234783632,35.22761324212144],[139.13075439660543,35.22764000509463],[139.1304659421605,35.22749664463166],[139.13006629513146,35.22749256280276],[139.13001209193047,35.227443868534905],[139.12986393056602,35.22741258578728],[139.12971553545813,35.227353978427864],[139.12965325696996,35.22731601242076],[139.1295971133954,35.22706597509126],[139.12927508356827,35.22563238658819],[139.1287943700497,35.22327775918051],[139.1284365119311,35.22077708704181],[139.12839023381028,35.21965086541083],[139.12835322369037,35.21664151282696],[139.12866607330812,35.21696037132527],[139.12892591768676,35.21727138469222],[139.12921158551634,35.217538816759486],[139.12952705034,35.21784388518778],[139.12984561618353,35.218113126664434],[139.1302958486644,35.218389611977706],[139.130633686487,35.2184115772388],[139.13100799177633,35.21849339835696],[139.1311653018416,35.21849705906241],[139.13123068665638,35.21867602466959],[139.13149154403158,35.218713243208136],[139.13181830633718,35.219250897305066],[139.1320731053158,35.219601308479476],[139.13214316856204,35.21959706674002],[139.13254761737136,35.21963736971688],[139.13297804373704,35.219759930525],[139.13333877518951,35.219923634936144],[139.13345736986113,35.2200829776376],[139.13359305416378,35.220171365850966],[139.13379288904554,35.22015541111476],[139.13390702415742,35.21998192231923],[139.1341543955966,35.219797797038424],[139.13447700429413,35.21963579591663],[139.1350716218512,35.21951571671339],[139.1352854832166,35.21946455981542],[139.1355259277427,35.21936095282372],[139.13582524373774,35.21934148386576],[139.13626567470413,35.21934775804086],[139.13646164251617,35.219376563386014],[139.136984636233,35.2195761207764],[139.13754595853638,35.21971491240923],[139.13810957208267,35.219826814805806],[139.13853364106618,35.21989516729954],[139.13875309474167,35.219907203286674],[139.13897157761636,35.219802406121694],[139.13921854058734,35.21987889302433],[139.13956986772527,35.220024075122396],[139.13987325299922,35.2200857448957],[139.14031156668048,35.22024473303782],[139.14060571080736,35.22041373846345],[139.14091352197426,35.22057542742675],[139.14105704745594,35.220625684950015],[139.14139811295595,35.22067707433903],[139.14166118353208,35.220671820309924],[139.1422520169245,35.22066273689092],[139.1427061316776,35.22065040388221],[139.14259746945285,35.22089400118365],[139.142647419857,35.221260613099005],[139.14280989270853,35.221418931454394],[139.14287237927678,35.22161886056729],[139.14280987025901,35.22179385006843],[139.14284735438818,35.22197715735294],[139.14273482641084,35.222110453680614],[139.14275982139137,35.22226876021298],[139.14289728273982,35.222452075632006],[139.14275976160772,35.22303535615469],[139.14259726675536,35.22308534093979],[139.14265971176084,35.22331026859219],[139.14265971135202,35.223576880106144],[139.1424972003599,35.22361855499717],[139.1425221776962,35.22398516540648],[139.14235969852675,35.224093457894384],[139.14210966024604,35.22467672711436],[139.142084597519,35.22528494484496],[139.14219703306077,35.22582655733764],[139.1422110089718,35.22584818650016],[139.14247198361184,35.226251498357946],[139.14283439177854,35.22643483340091],[139.14297186259367,35.22690975914661],[139.14333423573055,35.22762631561592],[139.14338419996326,35.22787631230007],[139.14324670259924,35.22796791787447],[139.14327166936204,35.22832621787156],[139.14305918041725,35.22852619419458],[139.1430591757281,35.228778580346706]]]]}},{"type":"Feature","properties":{"area_id":"142061200","city":"小田原市","ward":"","town":"米神","chome":"","num_households":116},"geometry":{"type":"MultiPolygon","coordinates":[[[[139.14217510879513,35.21125897322396],[139.14209842929563,35.2115369817957],[139.14232340153637,35.211628687232626],[139.1423484020449,35.21167030826932],[139.14221091873162,35.21180367418774],[139.14201089560387,35.21189527475633],[139.14191087719232,35.212595176726076],[139.14188585468787,35.21268686206609],[139.14202327061773,35.21322009644021],[139.14213576580175,35.21327010464181],[139.1422107615379,35.213270110632386],[139.1422982191455,35.21337842358569],[139.14243571722773,35.21347005152615],[139.14243567447363,35.21376166275247],[139.14229819940783,35.21382834081781],[139.14238565900763,35.213961653605175],[139.1426231333751,35.21396167146152],[139.14284810240378,35.2141199938639],[139.14266060394093,35.21423659656901],[139.14241063048962,35.21427826559703],[139.14238560790236,35.21466156243241],[139.14224811031843,35.214886545505365],[139.14236056318765,35.215178165141154],[139.14181062309981,35.21516143032884],[139.1417632981033,35.21521186243198],[139.14174809971496,35.21522811306173],[139.14172417445084,35.21561310635645],[139.14211050493878,35.216194664326714],[139.14219797891053,35.21626128924197],[139.14241044398977,35.216236307174086],[139.14263544127857,35.2162613244713],[139.14268539583125,35.2164863217505],[139.14263537838303,35.21668624155425],[139.14277283725158,35.216752940429984],[139.14291036213197,35.21668626359222],[139.14307284746275,35.21673627455785],[139.14318532425725,35.21684458974481],[139.14302281942253,35.216977882926585],[139.14283529041083,35.21720286183146],[139.14279776333956,35.21747785142938],[139.14291019666314,35.218311005130175],[139.1428601385435,35.21882760519232],[139.14313511875972,35.21889431549804],[139.14322258551283,35.21902762758591],[139.14306004885236,35.21943584306847],[139.1429725502962,35.219502523833654],[139.14283507748698,35.21952751280998],[139.14283504617083,35.21975250558203],[139.14294748976437,35.220202431165376],[139.14294747007764,35.22036073615302],[139.1430099650234,35.2204940469861],[139.14273500338481,35.22058571172261],[139.1427061316776,35.22065040388221],[139.1422520169245,35.22066273689092],[139.14166118353208,35.220671820309924],[139.14139811295595,35.22067707433903],[139.14105704745594,35.220625684950015],[139.14091352197426,35.22057542742675],[139.14060571080736,35.22041373846345],[139.14031156668048,35.22024473303782],[139.13987325299922,35.2200857448957],[139.13956986772527,35.220024075122396],[139.13921854058734,35.21987889302433],[139.13897157761636,35.219802406121694],[139.13875309474167,35.219907203286674],[139.13853364106618,35.21989516729954],[139.13810957208267,35.219826814805806],[139.13754595853638,35.21971491240923],[139.136984636233,35.2195761207764],[139.13646164251617,35.219376563386014],[139.13626567470413,35.21934775804086],[139.13582524373774,35.21934148386576],[139.1355259277427,35.21936095282372],[139.1352854832166,35.21946455981542],[139.1350716218512,35.21951571671339],[139.13447700429413,35.21963579591663],[139.1341543955966,35.219797797038424],[139.13390702415742,35.21998192231923],[139.13379288904554,35.22015541111476],[139.13359305416378,35.220171365850966],[139.13345736986113,35.2200829776376],[139.13333877518951,35.219923634936144],[139.13297804373704,35.219759930525],[139.13254761737136,35.21963736971688],[139.13214316856204,35.21959706674002],[139.1320731053158,35.219601308479476],[139.13181830633718,35.219250897305066],[139.13149154403158,35.218713243208136],[139.13123068665638,35.21867602466959],[139.1311653018416,35.21849705906241],[139.13100799177633,35.21849339835696],[139.130633686487,35.2184115772388],[139.1302958486644,35.218389611977706],[139.12984561618353,35.218113126664434],[139.12952705034,35.21784388518778],[139.12921158551634,35.217538816759486],[139.12892591768676,35.21727138469222],[139.12866607330812,35.21696037132527],[139.12835322369037,35.21664151282696],[139.12834436599368,35.215919017526375],[139.12828981719235,35.21147431828646],[139.12820891940817,35.20755059382507],[139.1285663475742,35.20762423151024],[139.1288548497422,35.207730070610125],[139.12919512696644,35.20776311382081],[139.12912220613575,35.207825715226356],[139.12941208875216,35.20778776092499],[139.13002932988627,35.20766002578273],[139.130315543284,35.20779267847951],[139.13071454824052,35.20789556561111],[139.1311706946655,35.20797462955666],[139.13135099219508,35.20796765171464],[139.13154449584889,35.207986242429335],[139.13194342276566,35.20811820834752],[139.13220784446764,35.20816664650576],[139.1326183193505,35.20818924310805],[139.13305809861367,35.2083303865817],[139.13343921346157,35.20851315952322],[139.13378027907657,35.208648867661424],[139.13382035362307,35.2086188189864],[139.1341869743028,35.20866228263856],[139.1344362360017,35.20871196333298],[139.13471528130262,35.208799206678],[139.13507487451886,35.20904775672187],[139.13529984337578,35.20917743240646],[139.13536947267932,35.20926677543595],[139.1358939603825,35.209448458488694],[139.1358831397718,35.20940480484844],[139.13652945370663,35.209593383810095],[139.13714244044314,35.20982655558763],[139.13781689866286,35.21003078301091],[139.13784924128592,35.210036390788495],[139.13819704388885,35.21009662819511],[139.13845012121973,35.2101016028171],[139.13858249732974,35.210063912897304],[139.1387282510291,35.21007193205772],[139.1388075821537,35.21009626077138],[139.13896873762235,35.21011936777671],[139.1393626535028,35.21038556707402],[139.13973584876527,35.210531929628296],[139.13997185927437,35.21058123913237],[139.14004784132524,35.210621040006934],[139.14044843102798,35.21088030192102],[139.14156557012936,35.21112091469651],[139.14217510879513,35.21125897322396]]]]}},{"type":"Feature","properties":{"area_id":"142061210","city":"小田原市","ward":"","town":"根府川","chome":"","num_households":270},"geometry":{"type":"MultiPolygon","coordinates":[[[[139.12835322369037,35.21664151282696],[139.12839023381028,35.21965086541083],[139.1284365119311,35.22077708704181],[139.1287943700497,35.22327775918051],[139.12927508356827,35.22563238658819],[139.1295971133954,35.22706597509126],[139.12965325696996,35.22731601242076],[139.12925641029977,35.22707392242377],[139.12892612242786,35.22637800786388],[139.12850821931147,35.226095653181986],[139.12841804471248,35.2257773911085],[139.12835576596598,35.225739634987804],[139.12807645633228,35.22531590771763],[139.1272210614871,35.22486395845456],[139.1272380420556,35.225062150340584],[139.12630949626276,35.224383506351074],[139.1258014424537,35.223910971030335],[139.12542797723384,35.223770268809304],[139.12479543009198,35.223398052740414],[139.1246441894353,35.22312618780333],[139.12422189251734,35.223226596780506],[139.12362923020865,35.2230733350523],[139.12376416943766,35.22274645984621],[139.123227748762,35.22297717816226],[139.12228708154623,35.22309911161439],[139.12173443874994,35.222781712820485],[139.12157587824305,35.22324189556255],[139.12096291321433,35.22332799983522],[139.1210614627833,35.22291464607158],[139.12044549099207,35.22332354104174],[139.11994797603316,35.22284145910578],[139.11915786178656,35.22232497014933],[139.11870897969123,35.221925209346765],[139.11765429300561,35.221457984520825],[139.11665433219656,35.22114079014815],[139.11599950681278,35.22080345414771],[139.11586302495454,35.22084560053145],[139.1152906949107,35.220452834740236],[139.1147165088183,35.21980491629671],[139.1143529574714,35.21943430636716],[139.11359095383017,35.21900125039568],[139.11312632150168,35.21889164842619],[139.11274690509933,35.21881121557112],[139.112378023694,35.21884936436535],[139.11194144647828,35.218823163544876],[139.11157736072656,35.21819515013717],[139.11107973456026,35.21824534086153],[139.11052176891013,35.217968271551214],[139.1099815927546,35.21747158995044],[139.10899004924337,35.21677930215908],[139.10800286394542,35.216137930087996],[139.10735272551503,35.21580055405317],[139.10658487652154,35.215431545201845],[139.106100120311,35.21511248540434],[139.10508949809477,35.21463924782019],[139.10504210414655,35.21469001605222],[139.10376126456472,35.214235477268076],[139.10370801823936,35.21390458990001],[139.10294508345424,35.21389058236674],[139.10213151156987,35.21334132941902],[139.10159452337572,35.2128784036347],[139.10122621356544,35.21221861586246],[139.10095033348406,35.211434460127705],[139.1004288560714,35.21044310410145],[139.09994294491625,35.20961985057652],[139.09937783030836,35.20907343433488],[139.09867596663977,35.20838167028427],[139.09815782011177,35.20766236712743],[139.09734801855447,35.2064490865755],[139.09652074026278,35.2052708250443],[139.09594200761808,35.20433372407256],[139.09574006435113,35.203919726062686],[139.09572381506197,35.203733498349344],[139.09531864171345,35.20288853331975],[139.09499334316533,35.20248167058629],[139.0947003127461,35.201970782686814],[139.0944177067747,35.20157840704765],[139.09393973308184,35.20131629321841],[139.09361204782022,35.20135200480224],[139.0932532540858,35.20127027145101],[139.09268999946647,35.20097896074082],[139.0925895157871,35.200913266436416],[139.092397280614,35.20064292176327],[139.09216344522451,35.20063449544402],[139.09185900186694,35.20046464652787],[139.0911887921775,35.20036667187888],[139.09032281383531,35.20016064320213],[139.08969985893503,35.20036618894263],[139.08899595774056,35.200593408947896],[139.08881614937212,35.20060721527828],[139.0872500010299,35.20072671120024],[139.0866063445992,35.200933521511516],[139.0855865017539,35.20109353312717],[139.08474880600426,35.20120918739691],[139.08381275723772,35.20138153148811],[139.08328065921293,35.201445777682245],[139.0829085148422,35.201211598217505],[139.08277317720908,35.20108313959797],[139.0824102562074,35.2011888729942],[139.08210444009913,35.20100201186482],[139.08162936475594,35.20077365817998],[139.08128401595184,35.20084435960973],[139.08113773405464,35.20035027197137],[139.08076761441663,35.19978786898969],[139.08060691077984,35.1995731915867],[139.0804188582821,35.19952277851325],[139.0793806962105,35.199270922327024],[139.07882082745041,35.19927793253526],[139.0782936013552,35.19903170545286],[139.07807763693452,35.19896603987214],[139.07771954885513,35.198857289059],[139.07759245775338,35.19862803612105],[139.07742418731377,35.19832458034233],[139.0773952104829,35.19783328275574],[139.0774843373636,35.1971262614581],[139.07766653536626,35.19700242149402],[139.07787795686943,35.19666109585898],[139.07860221029705,35.19631133149091],[139.0793369629975,35.19620704486045],[139.0804186306249,35.195934176940234],[139.08167205724575,35.19552252362134],[139.08230082938132,35.19508367888025],[139.08238679364308,35.19503802421968],[139.08335720252416,35.194656472783116],[139.08408081166468,35.19432483869968],[139.084848526458,35.194012214540074],[139.0856053485695,35.19404464924357],[139.08619301223504,35.1937832083094],[139.08731547138325,35.19353181018447],[139.08816414721858,35.19347508934697],[139.08888109569472,35.19351401415374],[139.08918768437624,35.193530650451365],[139.0900640072494,35.19365887238685],[139.09012350479648,35.19366438485238],[139.09100835599807,35.19318041885449],[139.092212116107,35.19197591947873],[139.09241303917568,35.19174415069997],[139.09252953425909,35.191418547594026],[139.09246434386586,35.19056351928546],[139.0924140149126,35.190156527787245],[139.09267270296652,35.18972519418936],[139.09356655843536,35.189651112340535],[139.09417369016202,35.1894808078858],[139.0948048243573,35.18925642515506],[139.09510343882127,35.188971245971764],[139.09561863442568,35.18889007864892],[139.0966454769541,35.18890933086446],[139.09715360487752,35.18883674363509],[139.09772510297404,35.188444033287816],[139.09829841885437,35.187841475617624],[139.0991774923496,35.18796335734175],[139.10022744111455,35.18803965099973],[139.10128110643862,35.187696383315746],[139.10219510687688,35.187095922743836],[139.1032108570113,35.186701908428425],[139.10383740966043,35.18650419696282],[139.10394051273695,35.186467281071266],[139.10488789058735,35.18652925166597],[139.10550415447258,35.1865798581254],[139.10604577757752,35.1866022665405],[139.1065091676887,35.18658589149699],[139.10766611350977,35.186504795573896],[139.10816600939816,35.1864926472719],[139.10884023734866,35.18644984809897],[139.10951546348414,35.18629444384831],[139.11008749065272,35.18617603280841],[139.1102383782807,35.18612827191744],[139.11099837055332,35.185848791110175],[139.11115425747775,35.18578831184396],[139.1113522810711,35.185692380572206],[139.11235939029228,35.18516717222389],[139.11356990077087,35.18493515167469],[139.11468460624997,35.18491953292663],[139.1155080348346,35.18495301820957],[139.11614856344974,35.18481251862299],[139.11652908377857,35.18470146094854],[139.1174185013427,35.184424888873025],[139.1182549875589,35.184040595193835],[139.1189092119663,35.18377994422332],[139.119763995321,35.18365055071412],[139.12061134761035,35.18350251350535],[139.12142555624536,35.18320567652157],[139.12216650480403,35.182931443644],[139.12300508898377,35.18247441129929],[139.12410804436627,35.182113096487484],[139.12507406689843,35.18185843525462],[139.12554673433738,35.181561139447396],[139.12549730492532,35.181139208074285],[139.12560440855214,35.18055953116928],[139.12642231716015,35.18004756930243],[139.1270188273849,35.17996755884724],[139.12714423880092,35.180822841186625],[139.12732382006817,35.182951171074045],[139.1274830552732,35.1848794414756],[139.12759012480325,35.18645795313499],[139.1276582400997,35.18746240411907],[139.12779151567742,35.18917895272032],[139.12783619947197,35.18975437637467],[139.12787264699617,35.190968859050564],[139.1282422194185,35.191215892351494],[139.12851706815317,35.191574063720395],[139.12867198763604,35.191937377547546],[139.12880928435376,35.192364674584844],[139.12903519607977,35.19264375215911],[139.12945908000472,35.19294124110391],[139.1300113652783,35.193197151725386],[139.13049234430812,35.193365881089534],[139.13056304278285,35.19339967445122],[139.1312618700571,35.19366009620848],[139.13151741552014,35.19377215228785],[139.13168318858132,35.19388361439386],[139.1317769542164,35.19416318353918],[139.13183351094779,35.194300347978206],[139.1320436977641,35.19446481551823],[139.13234693352123,35.194648416703195],[139.1331511181083,35.195245361435695],[139.13363151183754,35.1954050575831],[139.13410636314586,35.195646199076435],[139.1345944988134,35.19592290563037],[139.13543511352933,35.19607593565041],[139.13597679162913,35.196169839266645],[139.1385499613258,35.19599916610314],[139.13867498613922,35.196438764327944],[139.13874995353194,35.19691370885109],[139.13869996231156,35.197313709324035],[139.13856245661225,35.197538625862535],[139.13832496209247,35.1987301654643],[139.13833612983933,35.198995303264454],[139.1383499062227,35.19932179602268],[139.1383897770932,35.199445124899114],[139.1384873680144,35.19974674611506],[139.13972468859234,35.200821678142354],[139.14013709332113,35.20120496094778],[139.14049951911966,35.20165492878562],[139.14091193459873,35.202421522134756],[139.14111190225583,35.20252985061291],[139.141186892079,35.202938170544016],[139.14141183669005,35.203363120421315],[139.1417492568694,35.20342976572595],[139.1418242437589,35.20347977076658],[139.14177424402007,35.203588074468996],[139.14157427764468,35.203746366132705],[139.14127428389824,35.20386302996349],[139.14119929412277,35.20410463966379],[139.1412525569918,35.20456338814537],[139.1414741248936,35.205146194181935],[139.14174905699912,35.20567944750829],[139.14191148386655,35.206221071055005],[139.14194889300776,35.20685430225208],[139.14213633384063,35.20737092796154],[139.14233620957762,35.208270787820844],[139.14263617385987,35.208562424533106],[139.14279860889962,35.20878743241696],[139.1423861392538,35.20894570934554],[139.14236115853026,35.20898739702317],[139.14242362546813,35.20930401670804],[139.14256108685666,35.209645640993635],[139.1428610316168,35.20975397026362],[139.14299847125415,35.20993728668023],[139.1430859633499,35.210162218788184],[139.14294845163772,35.210203898964345],[139.14253599649274,35.21054548253308],[139.1423484505429,35.2109704610115],[139.14221097077004,35.21112875825207],[139.14217510879513,35.21125897322396],[139.14156557012936,35.21112091469651],[139.14044843102798,35.21088030192102],[139.14004784132524,35.210621040006934],[139.13997185927437,35.21058123913237],[139.13973584876527,35.210531929628296],[139.1393626535028,35.21038556707402],[139.13896873762235,35.21011936777671],[139.1388075821537,35.21009626077138],[139.1387282510291,35.21007193205772],[139.13858249732974,35.210063912897304],[139.13845012121973,35.2101016028171],[139.13819704388885,35.21009662819511],[139.13784924128592,35.210036390788495],[139.13781689866286,35.21003078301091],[139.13714244044314,35.20982655558763],[139.13652945370663,35.209593383810095],[139.1358831397718,35.20940480484844],[139.1358939603825,35.209448458488694],[139.13536947267932,35.20926677543595],[139.13529984337578,35.20917743240646],[139.13507487451886,35.20904775672187],[139.13471528130262,35.208799206678],[139.1344362360017,35.20871196333298],[139.1341869743028,35.20866228263856],[139.13382035362307,35.2086188189864],[139.13378027907657,35.208648867661424],[139.13343921346157,35.20851315952322],[139.13305809861367,35.2083303865817],[139.1326183193505,35.20818924310805],[139.13220784446764,35.20816664650576],[139.13194342276566,35.20811820834752],[139.13154449584889,35.207986242429335],[139.13135099219508,35.20796765171464],[139.1311706946655,35.20797462955666],[139.13071454824052,35.20789556561111],[139.130315543284,35.20779267847951],[139.13002932988627,35.20766002578273],[139.12941208875216,35.20778776092499],[139.12912220613575,35.207825715226356],[139.12919512696644,35.20776311382081],[139.1288548497422,35.207730070610125],[139.1285663475742,35.20762423151024],[139.12820891940817,35.20755059382507],[139.12828981719235,35.21147431828646],[139.12834436599368,35.215919017526375],[139.12835322369037,35.21664151282696]]]]}},{"type":"Feature","properties":{"area_id":"142061220","city":"小田原市","ward":"","town":"江之浦","chome":"","num_households":113},"geometry":{"type":"MultiPolygon","coordinates":[[[[139.1368058293944,35.178685285506674],[139.13688837185094,35.17958205296433],[139.1366133509285,35.180190334037256],[139.13626340100507,35.180748600916104],[139.13615087900638,35.18131521634151],[139.1361258653869,35.18172346181113],[139.1361008687079,35.18250671668912],[139.13618833561384,35.18298167233611],[139.13665071679418,35.18413163022273],[139.1368007083701,35.18464821443192],[139.13703813917468,35.18493987666566],[139.1374005998602,35.18513986387156],[139.1378380156972,35.18554817389856],[139.13792553125234,35.18565649847509],[139.1383879692534,35.1858565667754],[139.1386128986867,35.186131531886126],[139.1388378743797,35.1862398736408],[139.1390003666503,35.1864232077626],[139.1391378445866,35.18664815930659],[139.1393878135091,35.18679819370222],[139.1396877548198,35.18716478702719],[139.13980020699802,35.18747311562453],[139.14005017837417,35.18776477010158],[139.14021262908332,35.18806472343003],[139.14023762497828,35.18846473214996],[139.1403000998138,35.18859805120631],[139.14035007496557,35.18900630263414],[139.14030008783126,35.1895896159701],[139.1400501001698,35.18986452195822],[139.14011256408887,35.19003953170196],[139.13981261207417,35.1901978098236],[139.1396751344306,35.19040610666033],[139.1394001429977,35.19056445775573],[139.13906267148087,35.19092273294946],[139.13887520012307,35.1912143357928],[139.1386251991376,35.191414308147394],[139.1385501972644,35.19166430402921],[139.13827523743248,35.191530957453416],[139.13791278457504,35.19195591974365],[139.13786276993062,35.19265578622113],[139.1384501282223,35.19383073938949],[139.13858761816175,35.19432231404632],[139.13856259771123,35.19477231910312],[139.1384000746188,35.19547224018563],[139.1385499613258,35.19599916610314],[139.13597679162913,35.196169839266645],[139.13543511352933,35.19607593565041],[139.1345944988134,35.19592290563037],[139.13410636314586,35.195646199076435],[139.13363151183754,35.1954050575831],[139.1331511181083,35.195245361435695],[139.13234693352123,35.194648416703195],[139.1320436977641,35.19446481551823],[139.13183351094779,35.194300347978206],[139.1317769542164,35.19416318353918],[139.13168318858132,35.19388361439386],[139.13151741552014,35.19377215228785],[139.1312618700571,35.19366009620848],[139.13056304278285,35.19339967445122],[139.13049234430812,35.193365881089534],[139.1300113652783,35.193197151725386],[139.12945908000472,35.19294124110391],[139.12903519607977,35.19264375215911],[139.12880928435376,35.192364674584844],[139.12867198763604,35.191937377547546],[139.12851706815317,35.191574063720395],[139.1282422194185,35.191215892351494],[139.12787264699617,35.190968859050564],[139.12783619947197,35.18975437637467],[139.12779151567742,35.18917895272032],[139.1276582400997,35.18746240411907],[139.12759012480325,35.18645795313499],[139.1274830552732,35.1848794414756],[139.12732382006817,35.182951171074045],[139.12714423880092,35.180822841186625],[139.1270188273849,35.17996755884724],[139.12713182688606,35.18007217177187],[139.12732844310509,35.179955226001326],[139.1277588186593,35.17966612577609],[139.12842310555553,35.17913198172618],[139.12891222352118,35.17875878632973],[139.13010978349502,35.17819255643733],[139.1304743160258,35.17808652418092],[139.1308315186194,35.178034956004325],[139.13118028048007,35.17812228124899],[139.1315369470375,35.178193385095156],[139.13224088164773,35.178206094593676],[139.13254571226057,35.17819062385873],[139.1331761347398,35.17819416677414],[139.13352537346032,35.17812592372382],[139.13394377566993,35.178008506938305],[139.13441051004514,35.17796122651684],[139.1349502842537,35.17802809633712],[139.13514174921073,35.17806991395718],[139.13557104065865,35.17816360515193],[139.13622129689423,35.17841519979029],[139.1368058293944,35.178685285506674]]]]}},{"type":"Feature","properties":{"area_id":"142061230","city":"小田原市","ward":"","town":"上曽我","chome":"","num_households":223},"geometry":{"type":"MultiPolygon","coordinates":[[[[139.1778579210426,35.30551836633049],[139.17788459633292,35.30548090782175],[139.17833163325892,35.30532770785798],[139.17848083637818,35.30558018950871],[139.1785293276608,35.30567643241099],[139.17836208564466,35.30585593634183],[139.17784432192138,35.30577757144838],[139.17786966884756,35.3057129942766],[139.1778579210426,35.30551836633049]]],[[[139.1816141426338,35.32884855471895],[139.1815039041314,35.32875092359676],[139.18101425458093,35.328875677514766],[139.18076282263326,35.328837915751784],[139.1804144635,35.32889061412208],[139.18039161627215,35.328969361236034],[139.18047108138038,35.32921252679537],[139.18066370634176,35.32919532652809],[139.18089117145414,35.32945140071902],[139.1808960418732,35.329556422959264],[139.18085830183077,35.329857687110156],[139.18072395412383,35.32999047950546],[139.18047202500847,35.330019402652816],[139.18024290056587,35.329969648394986],[139.18004356783368,35.329901816163826],[139.1799514244276,35.3298684326115],[139.17975304149937,35.32978083078974],[139.1798146853849,35.32971523659518],[139.17999921665177,35.3295559557453],[139.18007926206323,35.329406463508],[139.18001518131817,35.32925394115965],[139.1797893600759,35.32902364672246],[139.17959504124846,35.32872831413995],[139.1795915243973,35.32851400691606],[139.1796221918606,35.32792842081623],[139.17975673438815,35.32784062912983],[139.18004872746383,35.327760235052146],[139.18027849037796,35.32766584393614],[139.18036020059859,35.3275922033967],[139.18032531654947,35.32747427350309],[139.18013329520818,35.32741162030329],[139.1797543184342,35.32724423033005],[139.17948213732456,35.326998827122516],[139.17945214103815,35.32677585689148],[139.1796011577232,35.32634167813917],[139.17950531150106,35.32619137777587],[139.17931000403595,35.325977232776786],[139.17912206879558,35.32562130164659],[139.1789715953674,35.32537789277406],[139.1786797170213,35.32515737921013],[139.17823750505647,35.324724862840725],[139.17782042107106,35.32428797370612],[139.17787813788036,35.3241688539814],[139.1781031392693,35.32421084502391],[139.1781988453776,35.32432988020461],[139.1782908431278,35.32450403291262],[139.17852122186335,35.324566615354506],[139.1786069515477,35.324500461753686],[139.17846321346937,35.32429060717339],[139.17846110013036,35.32408933566949],[139.17749656194576,35.32270916538702],[139.17741449872818,35.322688650489674],[139.177242819199,35.322758070183106],[139.17702030992703,35.32267926055743],[139.1767159603937,35.32264275206475],[139.17663709632504,35.322773798949505],[139.1766305153703,35.32310389226493],[139.17650222074633,35.3230996746514],[139.1762052043582,35.32292137934879],[139.1760344345547,35.322878270575345],[139.175555295794,35.32279102293981],[139.17520082902672,35.322794588426355],[139.17490958734666,35.32273103488909],[139.17476005636044,35.32270733543588],[139.17466283821452,35.32287623671535],[139.17456150755078,35.32300624419869],[139.17412362108655,35.32297632607637],[139.17396530287098,35.322749204388025],[139.17368957407024,35.322590312458146],[139.1732922387822,35.32246082673047],[139.17302027089468,35.3222467447355],[139.1730862075506,35.32220555651047],[139.17341668341913,35.32215651542031],[139.1736407988908,35.32197879946952],[139.1737077823323,35.32185649314333],[139.17361881612786,35.32177101106879],[139.17343503093443,35.32178634661776],[139.1731413045638,35.32175953375394],[139.17285032940032,35.321426478692885],[139.17286806915982,35.32123158133097],[139.17331660672474,35.321271281250056],[139.1734891159454,35.32108927027325],[139.17353473190963,35.320916073480426],[139.1733772922396,35.32057635291264],[139.17305722072558,35.32023996992439],[139.17269913546383,35.319997882345056],[139.1720684806623,35.31971698924744],[139.1716090690655,35.31960484056378],[139.1713007530012,35.31956076898927],[139.17101437334935,35.319724478135825],[139.1707911324859,35.3197895943037],[139.17038895788602,35.31976507698729],[139.17016956270194,35.31980641228559],[139.16993308025482,35.31986722905618],[139.17010099570274,35.320185246718715],[139.16998755790092,35.32026117458799],[139.16974041333174,35.32031221712241],[139.16978128674782,35.31961085186365],[139.1696209765547,35.319213731998275],[139.16961237099997,35.31904165358479],[139.16967494675842,35.318817571980304],[139.16975552660622,35.31846141422008],[139.16976802636466,35.318277409680526],[139.16957551131327,35.31808925503356],[139.16960387275665,35.31790414008372],[139.16960688678404,35.31788225646938],[139.16963880694237,35.31765061338173],[139.16971430796264,35.317495472238264],[139.16971504453093,35.31695797327255],[139.16971700225997,35.31689707268647],[139.16968623308173,35.31662466713699],[139.16966811986384,35.31658583796258],[139.16956169372762,35.316519413961096],[139.16944870302763,35.31648365741509],[139.16937784023725,35.31644432765568],[139.16895178062418,35.316211937802855],[139.16872366307473,35.316049781864876],[139.16828939919557,35.31593325352613],[139.168188608954,35.314527427795],[139.16786729506384,35.31454179012521],[139.16780957212208,35.314660833303655],[139.16764798149288,35.31513604579268],[139.16727238600794,35.31526313084668],[139.16690943132312,35.315367679982586],[139.16700903334726,35.315139437007346],[139.16707680995273,35.31475835139653],[139.16704070395684,35.31453562985016],[139.16706630867128,35.31348751769988],[139.16705335606528,35.31345357507763],[139.16647930944302,35.313334156372214],[139.16637331091397,35.31327920908162],[139.1663644296236,35.31321507962535],[139.1665136685582,35.312837470462014],[139.1666862338139,35.312501466346234],[139.16674142725125,35.31226128998802],[139.16692765077798,35.311820436518936],[139.16778196677518,35.31062527479105],[139.16831491611555,35.30990662577651],[139.1686079406725,35.30939410979551],[139.16863326411027,35.309302142132786],[139.1686362741288,35.30929117284049],[139.16824875226874,35.309241863924115],[139.16890747270386,35.30888916492892],[139.16929414826245,35.30873185970985],[139.16952637350306,35.30854624267609],[139.16969862309531,35.308335651104514],[139.1697141675495,35.308315314468345],[139.16987948924557,35.308426988874686],[139.1699407566289,35.30848302615382],[139.17007091387822,35.30836663327798],[139.17022668717283,35.308285168385645],[139.17037640935447,35.308234583252414],[139.17049164827299,35.30817233036092],[139.17075035320755,35.308104948865505],[139.17110092095237,35.30802370312583],[139.1710410895814,35.3076068522464],[139.17126434521458,35.30750385486897],[139.1714500081719,35.30742797323478],[139.17149182577342,35.30743580767328],[139.1716587040312,35.30741425629368],[139.1719980798145,35.30748308073975],[139.17306952157287,35.307614493167],[139.17316250877556,35.3076102120257],[139.17368729267886,35.30735900816029],[139.17384757336174,35.30728228191864],[139.17428569917348,35.307038419269716],[139.17458740119528,35.30684254163018],[139.1775177205532,35.30737984960844],[139.17769430016006,35.3074122138517],[139.17776928062267,35.307792595631255],[139.1778245335864,35.308025344800186],[139.1778907136842,35.308186749394665],[139.17810373625926,35.30843570526364],[139.17924635485247,35.30738921537568],[139.17986111782605,35.30682617014108],[139.18077251424447,35.30739746357176],[139.18133021535675,35.3077469986548],[139.18142518418495,35.307870671460655],[139.18144521030507,35.30789620025618],[139.18153583564828,35.308181387824945],[139.18153232443132,35.30833572457501],[139.18138681377792,35.30864977771967],[139.18131245689182,35.30877338238841],[139.18154343151176,35.308884901936835],[139.18173877714383,35.308752161733764],[139.18192745120697,35.308706913970695],[139.1821779350095,35.30862432536056],[139.18231796914094,35.30848966568958],[139.18238032598296,35.30838374169503],[139.1825017355045,35.30835432642945],[139.18239989268312,35.30798880321875],[139.18268616592465,35.30770043521195],[139.18292766496643,35.30795157612415],[139.18317077978816,35.30779613412393],[139.1834128632417,35.308055023598264],[139.1832895786041,35.30810949778929],[139.18317499690252,35.308203946029245],[139.18370686137476,35.30862283192849],[139.18363604685115,35.30879293249747],[139.18355643841545,35.30904762832027],[139.18349501312878,35.30954282651867],[139.18345687703328,35.3099185114066],[139.1835337374297,35.31025573192709],[139.18363047410966,35.31050313584171],[139.18360847566635,35.31058991243585],[139.18345870181298,35.310620725182645],[139.18364247932442,35.31096351968575],[139.1836653788377,35.311065184883624],[139.1837002632513,35.3113499297866],[139.18371402980523,35.3116327304669],[139.18370747599334,35.31187282014733],[139.1837235000797,35.312034022254856],[139.1837687199613,35.31222953380703],[139.18387716564754,35.31243122951511],[139.18402213115067,35.31278839303643],[139.1841256083469,35.31322553902259],[139.1841564788692,35.313809538337196],[139.18465132966992,35.31406513577035],[139.18442714893953,35.31421962582615],[139.18433600769572,35.314347156467825],[139.18433174809934,35.31454205008796],[139.18437472006516,35.31478282810808],[139.18439540779784,35.31500609322847],[139.18443696712697,35.31520334540892],[139.18449631090985,35.31538414432108],[139.18436416950289,35.31572397520985],[139.1843461645264,35.3159133029336],[139.18440142593928,35.31611612070591],[139.18453994879414,35.316387972928624],[139.18463511327823,35.31664015692119],[139.18473835990207,35.31684837362727],[139.18489404833306,35.317096022776184],[139.1850017938407,35.31733827456656],[139.18498482928064,35.3175914058174],[139.18500031304688,35.31782112117294],[139.1852298080051,35.318214508414336],[139.1854253152247,35.31863616225738],[139.18563528685814,35.31882192285955],[139.18584667612186,35.31905113783469],[139.18615657381952,35.31942657462464],[139.18633801549592,35.31966203684235],[139.18658947829087,35.31996871441553],[139.1867323857764,35.32019827255336],[139.1867864401965,35.320510168879984],[139.18710864399483,35.32057041067413],[139.18732246113905,35.320067911771],[139.1878880305432,35.320237194025644],[139.18800647563975,35.320972516107446],[139.1882982784408,35.320781968638876],[139.18842933030055,35.3207037978116],[139.1885213517452,35.320487395907065],[139.18852393786136,35.3203455843137],[139.1885441435401,35.3202355550467],[139.18874838349552,35.32009453725713],[139.18880920100318,35.31999338666477],[139.18886743523782,35.31983321374376],[139.1889567445175,35.31980693170409],[139.18923225197497,35.31975269968346],[139.18947014419726,35.319804667701],[139.1894538669936,35.31982570573314],[139.18911673839952,35.32026149449331],[139.1888772140413,35.32053971375678],[139.1885628324965,35.32080929462163],[139.18838899972988,35.321000190049084],[139.18809712924633,35.32153980851138],[139.1877944921452,35.322141829763964],[139.18732281700045,35.32317292975267],[139.18719004586399,35.3234287588351],[139.1870664896477,35.32345513929101],[139.1870377562322,35.323479605553516],[139.18700659134487,35.323488551071364],[139.18695782544978,35.32351812012569],[139.1869491217414,35.32352339630783],[139.18690928587375,35.32355383063476],[139.18689394329996,35.32356919687797],[139.18676928748144,35.32369404093509],[139.18667425381204,35.32378783040339],[139.1865857453378,35.32385315675609],[139.18653046065302,35.323889817973395],[139.1864674771309,35.323926436300965],[139.18641891430906,35.32394781001938],[139.1862402639401,35.32400724548864],[139.1861751731142,35.32403213520246],[139.18613872149416,35.324051770261164],[139.1860933500754,35.32408667985559],[139.18601130221592,35.32416916553619],[139.18588588895932,35.32431091129514],[139.18581410313598,35.324388055353424],[139.18557749520977,35.324640962986784],[139.18533305644428,35.32486456875239],[139.1851510002617,35.32502266080423],[139.18507673571014,35.325075439645076],[139.18492991270696,35.325162087670385],[139.184864719725,35.325199594388955],[139.18476625176754,35.32527207779268],[139.1846353345754,35.32541379254782],[139.1845943887097,35.3254451206801],[139.18448229783215,35.32557071066692],[139.1844028912107,35.32568735234737],[139.1842860178101,35.325880167044204],[139.18414353054771,35.32602718317784],[139.18390856826667,35.326155002519876],[139.18321567861378,35.3267033747857],[139.1826186730158,35.32729472235519],[139.18233472516826,35.32762078827412],[139.1822492232854,35.32813002563218],[139.18202432873585,35.328474578918666],[139.18185250618336,35.32866780202476],[139.1816141426338,35.32884855471895]],[[139.1792625317282,35.31179400905892],[139.17888144814,35.31133183722474],[139.1787211249808,35.31109845042699],[139.17861269643572,35.31089667915256],[139.1785292841424,35.31079961426109],[139.17835383791422,35.310918937895025],[139.17823300518398,35.31095609837017],[139.17762274055022,35.31156275037753],[139.1774517009548,35.31143894374665],[139.1773052092046,35.311488286791516],[139.17710161832267,35.311512391934215],[139.17680420388922,35.31145247181899],[139.17674625677378,35.31151609673381],[139.17674777396817,35.311594199005356],[139.17694068914753,35.311876495561016],[139.17713730505434,35.31211022344705],[139.17729185419927,35.31221774450726],[139.17747856042976,35.31232213118668],[139.1777182689854,35.312555386974964],[139.17800473936026,35.31289234068529],[139.17819633766786,35.31309906887302],[139.17837314133976,35.313211921018606],[139.1784714649785,35.313330050788124],[139.1784955231798,35.313447145232594],[139.17848460027275,35.3135287010408],[139.17850102440778,35.31374588790528],[139.1785704898628,35.313809428825266],[139.178953283559,35.3140176839398],[139.17926857368795,35.31413748000204],[139.1794981503316,35.31420540688136],[139.1796396844784,35.31419061000382],[139.17980242594206,35.31412952158958],[139.1801632009942,35.3138701493682],[139.180226524772,35.313751766153615],[139.18021750250165,35.313607361290785],[139.18003540568185,35.313211544181414],[139.17992745409774,35.31314216333662],[139.1797830643026,35.312993646479555],[139.1796388495419,35.31279682368467],[139.17954552757826,35.31264421657929],[139.17949274029365,35.31242415633288],[139.17941892143546,35.312202011744226],[139.17937538498978,35.31195348216464],[139.1792625317282,35.31179400905892]]]]}},{"type":"Feature","properties":{"area_id":"142061240","city":"小田原市","ward":"","town":"下大井","chome":"","num_households":242},"geometry":{"type":"MultiPolygon","coordinates":[[[[139.16565570879035,35.3165936066289],[139.16565669316856,35.316473829001005],[139.16554676523796,35.31647850527979],[139.1653329602509,35.31653556502003],[139.16503569785303,35.31652336424718],[139.16494283777388,35.316719533870156],[139.1647501503802,35.316768328132596],[139.16464368940305,35.317066881257915],[139.1645031747153,35.31745207333314],[139.16452434301388,35.31750042648477],[139.16447511553122,35.31799548303649],[139.1644123551828,35.31846955004723],[139.16442796000675,35.31871884947141],[139.1645061830246,35.31899109725562],[139.16436927938557,35.318984356793756],[139.16427059289097,35.319005855220844],[139.16406729252978,35.3191478954894],[139.16398274980367,35.319168343884314],[139.16394259732715,35.31914044781824],[139.16379331790867,35.31906110683861],[139.16354318828968,35.318937550511414],[139.16290302066852,35.31874134991739],[139.16318410437404,35.31837249764953],[139.1633464342351,35.318254877808016],[139.16323001110084,35.31810403152759],[139.16330089508452,35.31807273370833],[139.1633426648824,35.31789938106741],[139.16331599437035,35.31780994286497],[139.16297859806795,35.31774625092917],[139.1627538534489,35.3177227567158],[139.16271229136862,35.31772930873846],[139.1626530468975,35.317717214147855],[139.16248267183528,35.31770635701673],[139.1624563527064,35.3176971978444],[139.1624432452788,35.3176863088657],[139.16243351203045,35.317666425421315],[139.16241385801678,35.3176491905643],[139.1623864469112,35.317639124188084],[139.16204815025864,35.31758677627026],[139.16204023721497,35.317586011245695],[139.16170834603884,35.317554522628456],[139.1617022936422,35.31754792251999],[139.16168293611324,35.31749228032908],[139.16166999086767,35.31745507344402],[139.1616439272241,35.317449376485236],[139.16113333344785,35.317363313064746],[139.16083284058683,35.317299890552086],[139.16080128260577,35.31724084436537],[139.16059553902082,35.31710738540219],[139.1605438134121,35.3170298483197],[139.16077035289376,35.31664964186557],[139.16091927574266,35.31631449656216],[139.1604062719205,35.316178206306446],[139.16038025074982,35.31617158277465],[139.15996663730525,35.31606858752329],[139.15966834164183,35.31603622739658],[139.15961443735324,35.31597311414339],[139.15932831511617,35.315923286217206],[139.15930520897163,35.31595371968498],[139.15911734943782,35.31593823754378],[139.15913672708936,35.31581891363731],[139.15897004262612,35.31581432235168],[139.15854552130097,35.31570111477806],[139.1582958435781,35.31561359860942],[139.15824648645966,35.31540685235161],[139.15760928936794,35.315323650859334],[139.1576129195138,35.31528494021721],[139.1576993395367,35.314367922096615],[139.15717874961248,35.314262834539754],[139.15604762743956,35.3140004588858],[139.15552834097477,35.31388903336804],[139.15526325023654,35.31382719758446],[139.15509179067658,35.313767434960454],[139.15491549184458,35.31364426743543],[139.1550934978644,35.31348611703349],[139.1553158848634,35.31359447224659],[139.15577614067737,35.31315601109071],[139.15583102383982,35.3131527981121],[139.1564353463508,35.31288492383368],[139.15700743330996,35.312592924323674],[139.1580606677473,35.311971369963224],[139.15824061137002,35.311878574979524],[139.15838576071138,35.31184241489384],[139.1585976091405,35.311812964656596],[139.15855667249727,35.31184386176878],[139.15880067949107,35.31178529600435],[139.15891957299067,35.311740045515],[139.15942815618425,35.311576971744536],[139.15943160188044,35.31157586421703],[139.16010109408094,35.31048612297674],[139.16051305275607,35.30996104630968],[139.16094577049893,35.3094805176818],[139.16131656823748,35.30941180523833],[139.16165122529074,35.30935535585516],[139.16203910586506,35.309319341092454],[139.16271663045765,35.309335419853866],[139.16302489807234,35.30932233880781],[139.1633684308823,35.30933008596478],[139.16391785099268,35.309295662302404],[139.16400239524847,35.30927894820699],[139.16411185045376,35.30925737095347],[139.16423051430615,35.30924936544643],[139.16426081782177,35.30928347475757],[139.1642095158752,35.30935290568394],[139.16425660877707,35.309398093664235],[139.16447620353475,35.30942831917634],[139.16464573636063,35.30943474846126],[139.1664334406602,35.309308984499424],[139.16688936089318,35.30926895224163],[139.16703146294003,35.309274550487395],[139.16703262150676,35.30925637183547],[139.16705180061433,35.30917000347954],[139.16709253281067,35.30914248278816],[139.1671725647241,35.309104968243005],[139.16824875226874,35.309241863924115],[139.1686362741288,35.30929117284049],[139.16863326411027,35.309302142132786],[139.1686079406725,35.30939410979551],[139.16831491611555,35.30990662577651],[139.16778196677518,35.31062527479105],[139.16692765077798,35.311820436518936],[139.16674142725125,35.31226128998802],[139.1666862338139,35.312501466346234],[139.1665136685582,35.312837470462014],[139.1663644296236,35.31321507962535],[139.16637331091397,35.31327920908162],[139.16647930944302,35.313334156372214],[139.16705335606528,35.31345357507763],[139.16706630867128,35.31348751769988],[139.16704070395684,35.31453562985016],[139.16707680995273,35.31475835139653],[139.16700903334726,35.315139437007346],[139.16690943132312,35.315367679982586],[139.16687068432154,35.3154566176648],[139.16688532175138,35.316034201976485],[139.16686995796536,35.31633079102357],[139.16688102047723,35.31655865686837],[139.16565570879035,35.3165936066289]]]]}},{"type":"Feature","properties":{"area_id":"142061250","city":"小田原市","ward":"","town":"鬼柳","chome":"","num_households":244},"geometry":{"type":"MultiPolygon","coordinates":[[[[139.16131656823748,35.30941180523833],[139.16094577049893,35.3094805176818],[139.16051305275607,35.30996104630968],[139.16010109408094,35.31048612297674],[139.15943160188044,35.31157586421703],[139.15942815618425,35.311576971744536],[139.15891957299067,35.311740045515],[139.15880067949107,35.31178529600435],[139.15855667249727,35.31184386176878],[139.1585976091405,35.311812964656596],[139.15838576071138,35.31184241489384],[139.15824061137002,35.311878574979524],[139.1580606677473,35.311971369963224],[139.15700743330996,35.312592924323674],[139.1564353463508,35.31288492383368],[139.15583102383982,35.3131527981121],[139.15577614067737,35.31315601109071],[139.15460584270048,35.313224587034206],[139.1537667287434,35.31327438008308],[139.15280761659167,35.31333137928849],[139.1527594878402,35.31333423366954],[139.15274254756446,35.313335238345225],[139.15143183639094,35.31341172583481],[139.14871998442297,35.31355407678286],[139.14941931882814,35.3122461718086],[139.14969957763708,35.31169967451572],[139.14978758102495,35.311528065297516],[139.14995751565354,35.31119685873026],[139.15030891057438,35.31053725479174],[139.15060366064955,35.3099109915912],[139.15068453572735,35.30977948203986],[139.1510970118072,35.30885298098878],[139.15112660808947,35.30878646042465],[139.1518174894008,35.30723775376714],[139.15202066380922,35.30678230127438],[139.15293485309783,35.30473296966783],[139.1532414851479,35.304021348718784],[139.1538430911172,35.30415761375077],[139.15489696358807,35.30442507275502],[139.15638026407635,35.30352075911052],[139.15908104805365,35.30335875549485],[139.159148502951,35.30327878426648],[139.15950440281162,35.30324217871784],[139.15948111264268,35.30332620012138],[139.15958141610602,35.30345942797308],[139.1597958830157,35.30354111165183],[139.16091412066535,35.303671765534624],[139.16143397744273,35.30373789061499],[139.16159920161243,35.303744371567646],[139.1615814434729,35.303897222831054],[139.1615503832566,35.30447934436628],[139.16155979911963,35.30652344625228],[139.16156524969884,35.30729230995229],[139.1615740819967,35.307657622278654],[139.16156596192158,35.30786538276693],[139.161525727488,35.30805578387752],[139.16149639050946,35.30843975600325],[139.16148331526256,35.308794734840546],[139.16138693430022,35.30907390359168],[139.16136043236915,35.30910481174223],[139.1613880147216,35.30934805026873],[139.16131656823748,35.30941180523833]]]]}},{"type":"Feature","properties":{"area_id":"142061260","city":"小田原市","ward":"","town":"曽我大沢","chome":"","num_households":55},"geometry":{"type":"MultiPolygon","coordinates":[[[[139.16690943132312,35.315367679982586],[139.16727238600794,35.31526313084668],[139.16764798149288,35.31513604579268],[139.16780957212208,35.314660833303655],[139.16786729506384,35.31454179012521],[139.168188608954,35.314527427795],[139.16828939919557,35.31593325352613],[139.16872366307473,35.316049781864876],[139.16895178062418,35.316211937802855],[139.16937784023725,35.31644432765568],[139.16944870302763,35.31648365741509],[139.16956169372762,35.316519413961096],[139.16966811986384,35.31658583796258],[139.16968623308173,35.31662466713699],[139.16971700225997,35.31689707268647],[139.16971504453093,35.31695797327255],[139.16971430796264,35.317495472238264],[139.16963880694237,35.31765061338173],[139.16960688678404,35.31788225646938],[139.16960387275665,35.31790414008372],[139.16957551131327,35.31808925503356],[139.16976802636466,35.318277409680526],[139.16975552660622,35.31846141422008],[139.16967494675842,35.318817571980304],[139.16961237099997,35.31904165358479],[139.1696209765547,35.319213731998275],[139.16978128674782,35.31961085186365],[139.16974041333174,35.32031221712241],[139.16998755790092,35.32026117458799],[139.17010099570274,35.320185246718715],[139.16993308025482,35.31986722905618],[139.17016956270194,35.31980641228559],[139.17038895788602,35.31976507698729],[139.1707911324859,35.3197895943037],[139.17101437334935,35.319724478135825],[139.1713007530012,35.31956076898927],[139.1716090690655,35.31960484056378],[139.1720684806623,35.31971698924744],[139.17269913546383,35.319997882345056],[139.17305722072558,35.32023996992439],[139.1733772922396,35.32057635291264],[139.17353473190963,35.320916073480426],[139.1734891159454,35.32108927027325],[139.17331660672474,35.321271281250056],[139.17286806915982,35.32123158133097],[139.17285032940032,35.321426478692885],[139.1731413045638,35.32175953375394],[139.17343503093443,35.32178634661776],[139.17361881612786,35.32177101106879],[139.1737077823323,35.32185649314333],[139.1736407988908,35.32197879946952],[139.17341668341913,35.32215651542031],[139.1730862075506,35.32220555651047],[139.17302027089468,35.3222467447355],[139.1732922387822,35.32246082673047],[139.17368957407024,35.322590312458146],[139.17396530287098,35.322749204388025],[139.17412362108655,35.32297632607637],[139.17456150755078,35.32300624419869],[139.17466283821452,35.32287623671535],[139.17476005636044,35.32270733543588],[139.17490958734666,35.32273103488909],[139.17520082902672,35.322794588426355],[139.175555295794,35.32279102293981],[139.1760344345547,35.322878270575345],[139.1762052043582,35.32292137934879],[139.17650222074633,35.3230996746514],[139.1766305153703,35.32310389226493],[139.17663709632504,35.322773798949505],[139.1767159603937,35.32264275206475],[139.17702030992703,35.32267926055743],[139.177242819199,35.322758070183106],[139.17741449872818,35.322688650489674],[139.17749656194576,35.32270916538702],[139.17846110013036,35.32408933566949],[139.17846321346937,35.32429060717339],[139.1786069515477,35.324500461753686],[139.17852122186335,35.324566615354506],[139.1782908431278,35.32450403291262],[139.1781988453776,35.32432988020461],[139.1781031392693,35.32421084502391],[139.17787813788036,35.3241688539814],[139.17782042107106,35.32428797370612],[139.17823750505647,35.324724862840725],[139.1786797170213,35.32515737921013],[139.1789715953674,35.32537789277406],[139.17912206879558,35.32562130164659],[139.17931000403595,35.325977232776786],[139.17950531150106,35.32619137777587],[139.1796011577232,35.32634167813917],[139.17945214103815,35.32677585689148],[139.17948213732456,35.326998827122516],[139.1797543184342,35.32724423033005],[139.18013329520818,35.32741162030329],[139.18032531654947,35.32747427350309],[139.18036020059859,35.3275922033967],[139.18027849037796,35.32766584393614],[139.18004872746383,35.327760235052146],[139.17975673438815,35.32784062912983],[139.1796221918606,35.32792842081623],[139.1795915243973,35.32851400691606],[139.17959504124846,35.32872831413995],[139.1797893600759,35.32902364672246],[139.18001518131817,35.32925394115965],[139.18007926206323,35.329406463508],[139.17999921665177,35.3295559557453],[139.1798146853849,35.32971523659518],[139.17975304149937,35.32978083078974],[139.17957565930502,35.32968072250857],[139.17929010724558,35.329490793734095],[139.1791899203607,35.32936586324113],[139.17916087780876,35.329284582719566],[139.17916068000474,35.329266638887034],[139.17915960750435,35.329169200043935],[139.1791916602103,35.329013434905825],[139.17918094469562,35.328978223770754],[139.17900437775762,35.32877716496326],[139.17898387289122,35.328728379764655],[139.1789673569514,35.328593986078566],[139.17891212121248,35.3284873256154],[139.1788651540309,35.328446510028805],[139.17879833792333,35.328411896361786],[139.17836606985674,35.32828850656979],[139.17831769498312,35.32827319111099],[139.1782021729567,35.32827707329499],[139.1780072496523,35.32830666594955],[139.1778801258333,35.32829297031558],[139.17750140695247,35.32829221016226],[139.17727200364757,35.32825426767318],[139.17722685634035,35.328239345557705],[139.1771152095473,35.32817203884128],[139.17699178549515,35.32806500802244],[139.17690903481804,35.327960901485085],[139.17684928161154,35.327856686797816],[139.176826604523,35.327817135879116],[139.17661699350342,35.32762310563998],[139.1763680562373,35.327531618173],[139.17613831089403,35.327515048372796],[139.17607338351485,35.32751920296016],[139.17601495209252,35.32753601169738],[139.17589347906002,35.32759574474274],[139.17577208618164,35.327645563195105],[139.17555515976636,35.32767593356047],[139.1754671275748,35.327680863518246],[139.17536822106962,35.32767041138722],[139.17524612953827,35.32767064928982],[139.17511425670475,35.327656412113676],[139.17503392362516,35.32766138359334],[139.17499978453873,35.327666606642495],[139.17492993771285,35.32768628791799],[139.17481682066597,35.32771338495499],[139.17468166305093,35.32769732658538],[139.17462585610755,35.32766186975066],[139.1745794355545,35.32761361502328],[139.17440880750107,35.32743624613323],[139.17428945793785,35.32736979638806],[139.17405238868128,35.32730721269642],[139.17399635525962,35.32729969622954],[139.17384285611067,35.32730112884764],[139.17380076102282,35.32730514025089],[139.1736013847399,35.32731286906626],[139.17355651074777,35.3273066774375],[139.17351014873708,35.32730606233192],[139.17343442752107,35.3272849182332],[139.1733458239796,35.327224944754974],[139.17329687089276,35.32716002295571],[139.17325771854627,35.32710367978285],[139.17318183937658,35.32695536630888],[139.1731370666901,35.32679204678992],[139.1731042841524,35.3267657284533],[139.17304492181816,35.3267617991013],[139.17290836520093,35.32678268783403],[139.1725765645582,35.32687281823626],[139.17230496813033,35.32699843090409],[139.1720386636731,35.3271493098485],[139.1719779517031,35.32717601971536],[139.17187452244147,35.327180863512794],[139.17176791025702,35.32717126829592],[139.17169434481795,35.3271555439951],[139.17150051603736,35.327050829322744],[139.1714324206067,35.32703874040596],[139.17125863661678,35.32703869431547],[139.1709316121971,35.32708198006037],[139.17056442355576,35.32706014635496],[139.17047778527973,35.32702902697065],[139.17041536605197,35.32699533514746],[139.17036175074307,35.326928689022644],[139.1703467605157,35.32691113252285],[139.17033075626873,35.32685065265813],[139.17031708446595,35.32677396081348],[139.17032661235595,35.32668477609438],[139.17034130063058,35.32663708330552],[139.1703733953404,35.326612921166145],[139.17039500675799,35.326607148593915],[139.17046268152163,35.32658907173511],[139.17047832266846,35.32655941115865],[139.17047539883916,35.32651342509408],[139.17045496546206,35.32645652680381],[139.17037852870976,35.326388506157095],[139.1702031577728,35.32631363553936],[139.17016660341773,35.32621067851437],[139.17015335114752,35.32608261076981],[139.17014805824763,35.3260573428144],[139.17014561351849,35.325952769716494],[139.1701472073958,35.32589238591391],[139.17013975153506,35.325862599801006],[139.1701223084655,35.32584357580788],[139.17004227106054,35.32581249159976],[139.16999510351354,35.325796910429546],[139.16997220620377,35.32577244801929],[139.1699692525269,35.32573006750955],[139.16997272944047,35.32570845318288],[139.16997839074438,35.32568865365553],[139.16999858557045,35.32564008981853],[139.17001100035083,35.32560139788489],[139.17001791662125,35.32556267646865],[139.1700192741004,35.3255311356142],[139.17001729537122,35.32550408343364],[139.17001533138216,35.32547522846521],[139.17001338280005,35.32544457126264],[139.1700103185797,35.325415710284574],[139.17000505523708,35.3253868372951],[139.17000082580702,35.325366082584594],[139.1699617989702,35.325296463114974],[139.16956348463123,35.325261231632645],[139.16955606687085,35.3252604637816],[139.16948806077323,35.32525342635479],[139.16906151189633,35.32459259317123],[139.16906224174633,35.32450344512056],[139.16908683249014,35.3244491447632],[139.16918392145467,35.32439763517812],[139.16935761063164,35.324351897368444],[139.1694622425216,35.32434472203929],[139.16968456652455,35.32412559214787],[139.1696853763074,35.324026587338224],[139.16965886935603,35.32394228972611],[139.16898662894675,35.3234063767841],[139.16894518597655,35.323304605144585],[139.16894589517068,35.32321799099215],[139.1689858706533,35.323131593293915],[139.1692324985189,35.322892808492874],[139.16957375982633,35.32289713937913],[139.1695718860973,35.3227584716185],[139.16938731381975,35.3224282473594],[139.16928179067324,35.322402882480674],[139.16918330028466,35.32207467888938],[139.1692044663109,35.32188754655189],[139.1691755418282,35.32173140744045],[139.1690769070842,35.321604674834866],[139.16890256719185,35.32149971092692],[139.1684432786901,35.321340159479234],[139.16831262310154,35.32124149056574],[139.16808468744472,35.32067828767725],[139.16800058657037,35.320618462097094],[139.16748582239813,35.32036698623052],[139.16713048182592,35.32021602864748],[139.16695644687647,35.32012690759527],[139.16681620317902,35.32007156223915],[139.16647222308566,35.319955311302984],[139.16654430060356,35.31972893038661],[139.16657803698484,35.31972183168731],[139.16658243684498,35.31961119779628],[139.1664725293192,35.31952449252911],[139.16640665598723,35.319401601049535],[139.16636746318426,35.319178016975016],[139.1663740862623,35.31917199789601],[139.16636398094363,35.31912074795748],[139.16638509350793,35.31908713336003],[139.16646038883806,35.31874340951184],[139.16621592260077,35.31871981453159],[139.16591198318483,35.31875046664112],[139.16555315965616,35.31806275554895],[139.16547749808717,35.317039714574115],[139.16565364569905,35.31684463798444],[139.16565570879035,35.3165936066289],[139.16688102047723,35.31655865686837],[139.16686995796536,35.31633079102357],[139.16688532175138,35.316034201976485],[139.16687068432154,35.3154566176648],[139.16690943132312,35.315367679982586]]]]}},{"type":"Feature","properties":{"area_id":"142061270","city":"小田原市","ward":"","town":"前川","chome":"","num_households":1609},"geometry":{"type":"MultiPolygon","coordinates":[[[[139.1892605664479,35.27990257978441],[139.18802299407068,35.27989941908693],[139.18801187130478,35.27893341551861],[139.18924376690995,35.27895231900361],[139.1892605664479,35.27990257978441]]],[[[139.2337763833405,35.29042229388048],[139.23370398920608,35.29038531829542],[139.23362176463738,35.29027195900845],[139.23356006867337,35.29024024721764],[139.23350343756195,35.29012159255206],[139.23346085341305,35.28998483963163],[139.23337477257485,35.289887939813326],[139.23331308335673,35.28984953755478],[139.23320084598225,35.28990433241097],[139.23307820917063,35.28996569515896],[139.2329668942642,35.29007006954312],[139.232752743929,35.28992120026362],[139.23258433523134,35.289882199821925],[139.23231023385145,35.28997147287793],[139.23220841404802,35.29002293822861],[139.23193221151743,35.28987319694544],[139.23189531810326,35.28990273167859],[139.23150567039968,35.28986650609844],[139.2310549170112,35.29031713768695],[139.23096071598258,35.29024413795186],[139.23085037069072,35.29018225524438],[139.23052986281692,35.289903213034094],[139.23046990344764,35.289903971607494],[139.2303620122361,35.289829777297385],[139.23022188924767,35.289775843817516],[139.23001643215375,35.28963102695779],[139.22974101592365,35.28954973223423],[139.2296851748699,35.289620648997605],[139.229661488801,35.28969327428684],[139.22965759478524,35.28982458677194],[139.22950301493663,35.28983811261983],[139.2293024402995,35.28994978563079],[139.22926424346696,35.289998396648485],[139.22923091929326,35.28980704214153],[139.22917470931574,35.28977711650683],[139.22903400702094,35.28958156577738],[139.2289457550725,35.289332335444506],[139.22864421243335,35.28931703240832],[139.22863741979586,35.28911559912261],[139.22853703411718,35.2890894670872],[139.22819625691227,35.28895038075155],[139.22781858004507,35.28881272966958],[139.22759919958227,35.288739174091],[139.22738557960636,35.28871684215994],[139.22729330333038,35.28872067663507],[139.2272306135802,35.28878824833801],[139.22709484760784,35.28876700759388],[139.22692691921898,35.28877961907513],[139.22686576879786,35.28883093144082],[139.22684954984004,35.288973096560696],[139.22670639463283,35.28896350859256],[139.22660625949771,35.28900751314815],[139.22651710360208,35.28900741968994],[139.22650078797585,35.288857063702075],[139.22635592999077,35.2888283837809],[139.22626089085333,35.28894346643133],[139.22614667312837,35.28901563770681],[139.22612316159604,35.28911044510916],[139.22605866290075,35.289276523465126],[139.22588097076172,35.28942921810922],[139.2257877118407,35.28957029444035],[139.22569712852655,35.28954280018086],[139.22557501636567,35.28961950859596],[139.22540798704952,35.28970718916134],[139.2254594541932,35.28977385207301],[139.22546110782966,35.290053001658734],[139.22474511619018,35.28990667510674],[139.22456136936142,35.289920893972436],[139.22443779272442,35.29000379126489],[139.2243079205776,35.29005567245218],[139.22422867520754,35.29010837141206],[139.22416838646353,35.29018757203339],[139.22411311594175,35.29032503381099],[139.22409009244078,35.290503571409346],[139.22415914592452,35.29062475703093],[139.22413089476873,35.290658205701575],[139.22420397997882,35.29079743826037],[139.22424887814194,35.290829352110904],[139.22428669033,35.290912988399725],[139.22418965329643,35.29097876584724],[139.2239703980356,35.291077519654955],[139.22378875567279,35.29097654282057],[139.22358919639962,35.290911177084645],[139.2235110974485,35.29082219764139],[139.22341037970494,35.29094344615156],[139.22336636084245,35.29104061449204],[139.22328560900584,35.2910364060834],[139.2231502020037,35.29109853930144],[139.2231641955815,35.291162550108304],[139.2232226742368,35.291227700499974],[139.22305810517454,35.29118110035886],[139.2229486136318,35.29116646605862],[139.2228063967678,35.29112293612157],[139.22257367622547,35.29099543376986],[139.22234055491742,35.290961586241124],[139.2221958657146,35.29119612831091],[139.22206505200216,35.29119546966549],[139.22184056918408,35.291400947800234],[139.22169010611682,35.29143194921367],[139.2215477821451,35.291511650360995],[139.22153455182402,35.29149475355074],[139.22158714483425,35.29094272237314],[139.2215527480602,35.290942127091355],[139.22095723714278,35.29093158952451],[139.2209126322478,35.291066498241264],[139.22085206372418,35.29138800660287],[139.22072731712478,35.29122048458157],[139.22060271963437,35.291124368457574],[139.22040075372502,35.29105976081316],[139.2200583695918,35.29102106137261],[139.219916496941,35.29099499391615],[139.2195920348569,35.2909318786987],[139.21897655615973,35.290676175369605],[139.2186332784977,35.290511278087706],[139.21854138316178,35.29042448049896],[139.21846096076342,35.29031971276432],[139.21833504427244,35.290256614680864],[139.21818165230917,35.29024330284122],[139.2180186788552,35.290281981942215],[139.21785404032914,35.29035339739245],[139.21765819739807,35.29055887039081],[139.21754206899803,35.29052483346047],[139.21720919767412,35.29039843395634],[139.21706181509398,35.29036297056147],[139.21695435981812,35.29035742499821],[139.21687030489485,35.290443753430196],[139.2166283489788,35.29041456899333],[139.21661807207428,35.29038205464279],[139.21650189075513,35.29032667883317],[139.2164199909523,35.29040048340076],[139.21604258613885,35.29051250184007],[139.2160174148723,35.2904676585061],[139.21572708409388,35.29054279693224],[139.21561676374333,35.29022929943722],[139.21555279826558,35.29023164941506],[139.2150093211735,35.29016184605969],[139.2149929073139,35.290259432443186],[139.21463751223186,35.29015305171323],[139.21444838841046,35.29002667437101],[139.2145559856595,35.289933707904865],[139.21472928513305,35.28973397058204],[139.21479160086275,35.28947310917339],[139.21480372773075,35.2893576858692],[139.21486525921867,35.289234345013014],[139.21490768940697,35.28911527332773],[139.21494140697058,35.28888222136501],[139.21505575255324,35.28857859838468],[139.21512425662416,35.28839064966722],[139.21512125107333,35.28836795985848],[139.21525763927406,35.28824415467889],[139.21541444763088,35.28807792066388],[139.2155392328942,35.28792673386859],[139.2152323890849,35.287750398061114],[139.21547502801016,35.287643187054215],[139.21537782723513,35.28707759004795],[139.21578256712905,35.287040774683355],[139.21586742981356,35.28663165474932],[139.2159323878716,35.2865211432569],[139.21596358585117,35.28642278335852],[139.21606296676333,35.28629815048399],[139.2160579972735,35.28605425929137],[139.21630842724045,35.285927858055864],[139.2163611280997,35.28512047307757],[139.2165266445046,35.2848259694523],[139.21659592983335,35.284761745345186],[139.21673287208097,35.28472307478226],[139.217190507733,35.28474814065996],[139.21730061059776,35.28451159268634],[139.217392715797,35.284484665762804],[139.21764006399187,35.28407860746536],[139.21769109691448,35.28389556187435],[139.21789913496224,35.28357056931938],[139.21815921733318,35.28373223316738],[139.21841666699638,35.28381670135597],[139.21868444507354,35.28387551832926],[139.2187581300411,35.283921734913],[139.21883355910714,35.28407767377088],[139.21884229303328,35.284205882606265],[139.218881287314,35.28430206289224],[139.21897664274323,35.284373175572604],[139.21913874987087,35.28440786658096],[139.21927044961157,35.28440346148231],[139.2195945845229,35.2843303123437],[139.21956173172276,35.28468238775596],[139.21986944144368,35.28479956957392],[139.21996362535765,35.284741666430826],[139.220040174866,35.28469881515434],[139.22014849734347,35.284702248611595],[139.22053853899808,35.28482998418201],[139.22055504084886,35.285038792663755],[139.22063308149677,35.285088549675066],[139.2208609748339,35.284925055698984],[139.2209727340863,35.28482020039238],[139.22095886341532,35.2847118951239],[139.22087906376757,35.28453100641927],[139.22093103861408,35.28443831386704],[139.22101336878995,35.284363379698995],[139.22103498547514,35.28428144879023],[139.2212308125046,35.28413293382451],[139.22132181539348,35.28414353237751],[139.22142581524034,35.28412201383068],[139.22150730143093,35.28405637004522],[139.22177592735096,35.28399187891192],[139.22210259513827,35.28376986974696],[139.22222220423177,35.283688433088365],[139.22204103869726,35.28362956581949],[139.2218581564269,35.28355357761653],[139.221636224051,35.283388523490196],[139.2214541971754,35.283296131418886],[139.22123578621606,35.283250808674886],[139.2210676420127,35.28317411905648],[139.22091593922138,35.28309237189644],[139.22054323612193,35.28295035827869],[139.2202736894275,35.2828245668377],[139.2201870101525,35.28275342732716],[139.21997955109845,35.28263449736432],[139.21956554256832,35.2824414279168],[139.21948059092293,35.28243726657008],[139.21864718469575,35.282100107234065],[139.2188068360995,35.281868739383],[139.2189145904626,35.28162894079476],[139.21889966522926,35.28157555668474],[139.21893692788,35.28138413236537],[139.21895339714558,35.28122239007678],[139.2191421422792,35.28052815661665],[139.2194393983143,35.280599726953],[139.21972803341015,35.28069266120312],[139.2199937551539,35.28075491666847],[139.22037110341986,35.28083717078708],[139.2206570947832,35.28089382293672],[139.22090499850177,35.28097330967003],[139.22111039311793,35.281029343566495],[139.2215766906818,35.281189714473484],[139.2218392967548,35.281289835720564],[139.2221955545928,35.281408385501635],[139.22246248888237,35.28153345549992],[139.2226688074617,35.28164434800674],[139.22292536098539,35.281773661522806],[139.2232634330092,35.28195845179136],[139.22381033514344,35.28218358306083],[139.22449683387538,35.28248483200624],[139.22471526835912,35.282572895354996],[139.22527521902146,35.282822944269114],[139.22557076604082,35.28291301179027],[139.2258845473439,35.282993803949694],[139.2261422508345,35.28309706059648],[139.22623729942487,35.283135140521885],[139.22678618348024,35.28337893028239],[139.22713438294218,35.28353798626353],[139.22796035971237,35.28389490991506],[139.2282070453855,35.283990572933256],[139.22860104382696,35.284170838084464],[139.22916905340938,35.28439133357303],[139.22949830626442,35.28452388113384],[139.23049014226285,35.28500407314218],[139.23078149557847,35.28512304934794],[139.23092784970078,35.285192575670266],[139.23125127275696,35.28533044208767],[139.23155064277083,35.285440020489084],[139.23191483879518,35.28554083502701],[139.2322194355037,35.28563501570659],[139.23239576623286,35.28571039321669],[139.23536843198005,35.28684446722719],[139.23544491383743,35.28687413876169],[139.23519123463316,35.28734188054653],[139.23500835148195,35.287712933650425],[139.23490836241103,35.28784299784819],[139.23446165687048,35.287729601147376],[139.2342867795424,35.287945840063955],[139.23410630717845,35.28819282580026],[139.23410943230917,35.28829938572274],[139.23413793439423,35.288336214861005],[139.2343928214231,35.28847591729209],[139.23431843399413,35.288587446823904],[139.23422679797625,35.28854509465897],[139.2341342238082,35.28868857504605],[139.23405854282197,35.288777422883285],[139.23353844712977,35.28909448882104],[139.23345619639034,35.289177317593754],[139.23348054495554,35.28923588593626],[139.23377881549158,35.28935143902519],[139.23386948564692,35.289460895313525],[139.23392562238476,35.28968179682102],[139.23397016968147,35.289989396622204],[139.23401439010357,35.289985671431005],[139.2341874431581,35.28997117412559],[139.23422472478603,35.28980735143147],[139.23434089031684,35.2897847567453],[139.2342780590662,35.290041477261575],[139.234400781694,35.29016693726486],[139.2341620757762,35.290155970143104],[139.23385289113912,35.29032056309877],[139.2337763833405,35.29042229388048]]],[[[139.1892605664479,35.27990257978441],[139.1905119234872,35.27988939403451],[139.19120638913353,35.27988541493152],[139.19122337707745,35.279345105221374],[139.19109999011334,35.27933761851843],[139.19111675654494,35.27881984189274],[139.19168754797067,35.27881660996675],[139.19167559314698,35.27807580053114],[139.19234334111667,35.278082165480185],[139.19257249268705,35.27797958193457],[139.19501972342076,35.27836627071016],[139.19653641523539,35.27859286565355],[139.19653440060083,35.27917740894258],[139.1962424101825,35.279185074157425],[139.1962418158627,35.279245087354994],[139.1962419037288,35.27931416629508],[139.19624198745464,35.27937924669107],[139.19624205822535,35.27943496119112],[139.19624209443697,35.279463225559496],[139.1962421197932,35.27948296688009],[139.19621318241084,35.27948365914942],[139.19532283701196,35.27950972938198],[139.19531888436111,35.279913846721676],[139.19530741633108,35.28296993129499],[139.1953114396417,35.283026147479184],[139.19532083603858,35.283501881567894],[139.19518661663452,35.2835059602392],[139.19454612593387,35.28349545889164],[139.1943154989029,35.28349501163709],[139.19414520690603,35.283532347415886],[139.1940861460339,35.283550977929956],[139.1928384641337,35.284146729395935],[139.1916850848032,35.28471775931825],[139.19167106666637,35.28472014999239],[139.1915854775853,35.284764692819564],[139.1912627097165,35.28481705758941],[139.1909032312601,35.284847255096],[139.1904457156538,35.28484545158254],[139.19044101583572,35.2842847462107],[139.19020889806424,35.28417971010772],[139.18981918272465,35.284184040705384],[139.18982241947487,35.28438221794902],[139.18924332836073,35.28438764894888],[139.18924884940856,35.28364911863306],[139.18924559669665,35.28271245072563],[139.18924654656982,35.28212234017207],[139.18924695579759,35.281854607301604],[139.18924549588297,35.281005762411425],[139.18925487865368,35.28065681323206],[139.1892605664479,35.27990257978441]]]]}},{"type":"Feature","properties":{"area_id":"142061280","city":"小田原市","ward":"","town":"羽根尾","chome":"","num_households":183},"geometry":{"type":"MultiPolygon","coordinates":[[[[139.2337763833405,35.29042229388048],[139.23388387787165,35.29044599264609],[139.23381883290455,35.290851427095866],[139.2337973366857,35.29085449036041],[139.23386643790548,35.29087813983887],[139.23353396891488,35.29124704469529],[139.23347202813028,35.29149334652483],[139.23345640742224,35.29181797331539],[139.23343603163585,35.29200124394286],[139.23366379850188,35.292016735411565],[139.23367996578705,35.29237574194025],[139.23339302390812,35.29238805586923],[139.2331915973513,35.29243473403539],[139.23316177041113,35.292460782541426],[139.2331610700559,35.292450920377995],[139.233204700951,35.292375787452926],[139.2332796220733,35.29197702180998],[139.2330912609988,35.29168455413279],[139.23292986455485,35.29176009104892],[139.23284881180163,35.29184299615736],[139.23283968547614,35.29193322853889],[139.23305740562765,35.292257036967115],[139.23293969453724,35.292651717707315],[139.23276771485618,35.292793536936436],[139.2326492023051,35.29286583390787],[139.23268196043958,35.29294296482809],[139.2324506535635,35.293092446243136],[139.23225610929353,35.29327689690479],[139.23247098756804,35.2934214758236],[139.23244566352614,35.293460081048416],[139.23240139909936,35.29364421951466],[139.23249168674573,35.2937592380836],[139.23236487657672,35.29397789580583],[139.23221458640535,35.293898070733555],[139.2322484441069,35.29384964968624],[139.2322470850552,35.29368472052432],[139.23202558328092,35.293651935251184],[139.23198624361982,35.293744763617255],[139.23193539735317,35.29364515068698],[139.2318404967136,35.293579119561024],[139.23165994173957,35.29358463335097],[139.23165809821103,35.29383404858447],[139.23166260824226,35.294060609605324],[139.23167604986313,35.29414215128726],[139.23160614420436,35.29416349439653],[139.23163850686421,35.29425329851742],[139.23189808261404,35.29429514660073],[139.23198829373462,35.29452544198975],[139.23201344918618,35.294596759923486],[139.23194653951208,35.294671707096235],[139.23180555591185,35.294907334770414],[139.2317432745852,35.29511750960582],[139.23172033301086,35.29531034392683],[139.2316974611172,35.29549381337373],[139.2315925594836,35.295862853122166],[139.2315786634116,35.295953273408706],[139.23155141531197,35.296019683851235],[139.2312146850733,35.29584555740814],[139.23044979503342,35.295426849497424],[139.23004224469852,35.29506709499459],[139.22847563970222,35.29641324393816],[139.22847007101635,35.29641124389474],[139.22821177271604,35.29662473387826],[139.22778347906672,35.296317331307115],[139.22755109631066,35.29626842724754],[139.227446351598,35.29627269218174],[139.22732391569724,35.29630545985938],[139.22706701987227,35.296428184236504],[139.22690535750255,35.296260412505326],[139.22690635036503,35.296126903179925],[139.22698315279627,35.29596990069106],[139.22692566730225,35.29587419630946],[139.22661673123423,35.29594898553913],[139.2264546446033,35.2958384623099],[139.22618497315366,35.295715851927994],[139.22615649435647,35.295560506735676],[139.2260975469783,35.29515945728811],[139.22609100423927,35.29500555925827],[139.2261529637129,35.29482925895854],[139.22618561520127,35.2946148554288],[139.22610951212522,35.2943841339123],[139.22611131260513,35.29428661251402],[139.2261010615496,35.29410051349731],[139.2262032397138,35.294002367567316],[139.2262552719312,35.2939246739299],[139.22606406337388,35.29374034609259],[139.22584280295743,35.29363515998215],[139.2254015209193,35.29350077331431],[139.2250758312214,35.29348484701619],[139.22467570023363,35.29349333295429],[139.22442796261058,35.29343146009191],[139.2242496936702,35.29333824626166],[139.2238527255396,35.29300464979743],[139.22347513885023,35.292807692511715],[139.22305094646688,35.29263472446463],[139.22266789155708,35.29249153683205],[139.22256364207882,35.29243038155356],[139.22240969444877,35.291986812231684],[139.22218743389928,35.29167282185159],[139.2221440820045,35.29164084516838],[139.2218531752817,35.29165529477528],[139.22172254105422,35.29163076397928],[139.22159695634033,35.29157450064398],[139.2215477821451,35.291511650360995],[139.22169010611682,35.29143194921367],[139.22184056918408,35.291400947800234],[139.22206505200216,35.29119546966549],[139.2221958657146,35.29119612831091],[139.22234055491742,35.290961586241124],[139.22257367622547,35.29099543376986],[139.2228063967678,35.29112293612157],[139.2229486136318,35.29116646605862],[139.22305810517454,35.29118110035886],[139.2232226742368,35.291227700499974],[139.2231641955815,35.291162550108304],[139.2231502020037,35.29109853930144],[139.22328560900584,35.2910364060834],[139.22336636084245,35.29104061449204],[139.22341037970494,35.29094344615156],[139.2235110974485,35.29082219764139],[139.22358919639962,35.290911177084645],[139.22378875567279,35.29097654282057],[139.2239703980356,35.291077519654955],[139.22418965329643,35.29097876584724],[139.22428669033,35.290912988399725],[139.22424887814194,35.290829352110904],[139.22420397997882,35.29079743826037],[139.22413089476873,35.290658205701575],[139.22415914592452,35.29062475703093],[139.22409009244078,35.290503571409346],[139.22411311594175,35.29032503381099],[139.22416838646353,35.29018757203339],[139.22422867520754,35.29010837141206],[139.2243079205776,35.29005567245218],[139.22443779272442,35.29000379126489],[139.22456136936142,35.289920893972436],[139.22474511619018,35.28990667510674],[139.22546110782966,35.290053001658734],[139.2254594541932,35.28977385207301],[139.22540798704952,35.28970718916134],[139.22557501636567,35.28961950859596],[139.22569712852655,35.28954280018086],[139.2257877118407,35.28957029444035],[139.22588097076172,35.28942921810922],[139.22605866290075,35.289276523465126],[139.22612316159604,35.28911044510916],[139.22614667312837,35.28901563770681],[139.22626089085333,35.28894346643133],[139.22635592999077,35.2888283837809],[139.22650078797585,35.288857063702075],[139.22651710360208,35.28900741968994],[139.22660625949771,35.28900751314815],[139.22670639463283,35.28896350859256],[139.22684954984004,35.288973096560696],[139.22686576879786,35.28883093144082],[139.22692691921898,35.28877961907513],[139.22709484760784,35.28876700759388],[139.2272306135802,35.28878824833801],[139.22729330333038,35.28872067663507],[139.22738557960636,35.28871684215994],[139.22759919958227,35.288739174091],[139.22781858004507,35.28881272966958],[139.22819625691227,35.28895038075155],[139.22853703411718,35.2890894670872],[139.22863741979586,35.28911559912261],[139.22864421243335,35.28931703240832],[139.2289457550725,35.289332335444506],[139.22903400702094,35.28958156577738],[139.22917470931574,35.28977711650683],[139.22923091929326,35.28980704214153],[139.22926424346696,35.289998396648485],[139.2293024402995,35.28994978563079],[139.22950301493663,35.28983811261983],[139.22965759478524,35.28982458677194],[139.229661488801,35.28969327428684],[139.2296851748699,35.289620648997605],[139.22974101592365,35.28954973223423],[139.23001643215375,35.28963102695779],[139.23022188924767,35.289775843817516],[139.2303620122361,35.289829777297385],[139.23046990344764,35.289903971607494],[139.23052986281692,35.289903213034094],[139.23085037069072,35.29018225524438],[139.23096071598258,35.29024413795186],[139.2310549170112,35.29031713768695],[139.23150567039968,35.28986650609844],[139.23189531810326,35.28990273167859],[139.23193221151743,35.28987319694544],[139.23220841404802,35.29002293822861],[139.23231023385145,35.28997147287793],[139.23258433523134,35.289882199821925],[139.232752743929,35.28992120026362],[139.2329668942642,35.29007006954312],[139.23307820917063,35.28996569515896],[139.23320084598225,35.28990433241097],[139.23331308335673,35.28984953755478],[139.23337477257485,35.289887939813326],[139.23346085341305,35.28998483963163],[139.23350343756195,35.29012159255206],[139.23356006867337,35.29024024721764],[139.23362176463738,35.29027195900845],[139.23370398920608,35.29038531829542],[139.2337763833405,35.29042229388048]]],[[[139.22788775629192,35.29823275469242],[139.22796756007685,35.298307866967114],[139.22807102358183,35.29836640851723],[139.22824299187428,35.29835592906161],[139.22823264516603,35.29840749510391],[139.22808977861467,35.29851311493981],[139.2280735629786,35.29859133991076],[139.22807706981004,35.298709097915555],[139.22814148242048,35.29894257597003],[139.22815774923617,35.299042441358466],[139.22813218543553,35.29930384981289],[139.22808887942372,35.299450034706204],[139.22772656373638,35.299383087900196],[139.2277057788258,35.29927263763569],[139.22732812657725,35.299246667893975],[139.22729061829827,35.2991788783092],[139.2271786913462,35.299080014154406],[139.22699908053738,35.29898602310553],[139.22688987943945,35.298948084140676],[139.2268479305188,35.29887682171657],[139.2266630354517,35.29877724015112],[139.22652866677552,35.298687065576765],[139.22647351802883,35.298623483635666],[139.22642897308145,35.298589459691556],[139.22638515426897,35.29845220529793],[139.2265270479201,35.298338976947925],[139.2265837279321,35.29824870235174],[139.2267623953332,35.298278890211094],[139.2268246997341,35.29824075249407],[139.22697821656914,35.298251096983634],[139.22703917243328,35.29853293648512],[139.22718839405618,35.29851438806722],[139.22739812468424,35.29847395869568],[139.22757279077777,35.2984125813478],[139.22778417948757,35.29825294027523],[139.22783101267746,35.29824493560324],[139.22788775629192,35.29823275469242]]],[[[139.2367582810426,35.29059368036034],[139.2360600433591,35.290816288881864],[139.23572779184622,35.29070071395493],[139.23564328127063,35.29069938143965],[139.23556858301833,35.29073027998374],[139.23529872721085,35.29065092422814],[139.2355169516498,35.29012920689771],[139.23555521951747,35.29012298793306],[139.23579143968152,35.29007471720163],[139.2359055854793,35.29001711375371],[139.236005219007,35.289923946246454],[139.23605888374314,35.289832876641206],[139.23609689451268,35.28969201383298],[139.2360644918022,35.28923243819952],[139.2360632845037,35.289215531601094],[139.23567281333771,35.28902270146106],[139.23540016597593,35.28858722143132],[139.23541778315587,35.28854512708067],[139.23555388805968,35.28830996351992],[139.23661184974878,35.28866374979043],[139.23662079268263,35.28866823021582],[139.2364599477079,35.289360788574356],[139.23685171188404,35.289453909268666],[139.23706556969566,35.28884069200223],[139.23708159893326,35.288845066396746],[139.23734741973342,35.28891791916554],[139.23733024613674,35.28895234027411],[139.2372245977037,35.28916357215139],[139.23729590545577,35.28951313245055],[139.23725481586257,35.289582082886746],[139.2372101185889,35.28965700012107],[139.23732568372057,35.28989812080833],[139.23712877918663,35.29008467973408],[139.23710698250497,35.29026364962296],[139.2370109772149,35.29032479396758],[139.23701682126014,35.290459183440994],[139.2367582810426,35.29059368036034]]],[[[139.2343928214231,35.28847591729209],[139.23504297202481,35.288775663051766],[139.2347963690626,35.28924949525906],[139.23510193451048,35.289576622187035],[139.23500574839255,35.28970318363396],[139.23470478396717,35.28957959169033],[139.23423342082359,35.28947762105955],[139.23409248160698,35.289703604885396],[139.23401439010357,35.289985671431005],[139.23397016968147,35.289989396622204],[139.23392562238476,35.28968179682102],[139.23386948564692,35.289460895313525],[139.23377881549158,35.28935143902519],[139.23348054495554,35.28923588593626],[139.23345619639034,35.289177317593754],[139.23353844712977,35.28909448882104],[139.23405854282197,35.288777422883285],[139.2341342238082,35.28868857504605],[139.23422679797625,35.28854509465897],[139.23431843399413,35.288587446823904],[139.2343928214231,35.28847591729209]]],[[[139.2289686213945,35.30012128936513],[139.2285929995449,35.299942736060686],[139.22862059380256,35.299870764634235],[139.22885277222738,35.29970523989033],[139.22869311801372,35.299665009349475],[139.2287914582798,35.299273759320435],[139.22930028580922,35.2994098090816],[139.22957753023923,35.29952125401487],[139.22922707400582,35.29985329490516],[139.2289686213945,35.30012128936513]]],[[[139.234427178354,35.29635248935878],[139.23441073693448,35.29657915835531],[139.23408825215924,35.296505104273244],[139.23412382290002,35.2963171899663],[139.234427178354,35.29635248935878]]]]}},{"type":"Feature","properties":{"area_id":"142061290","city":"小田原市","ward":"","town":"中村原","chome":"","num_households":1386},"geometry":{"type":"MultiPolygon","coordinates":[[[[139.22922707400582,35.29985329490516],[139.22957753023923,35.29952125401487],[139.22930028580922,35.2994098090816],[139.2287914582798,35.299273759320435],[139.22869311801372,35.299665009349475],[139.22885277222738,35.29970523989033],[139.22862059380256,35.299870764634235],[139.2285929995449,35.299942736060686],[139.2289686213945,35.30012128936513],[139.22863662077816,35.300524120830296],[139.22829047117784,35.30108525331158],[139.22797060036066,35.30108562783471],[139.22788774154938,35.30106873662324],[139.22757574366082,35.30095767628747],[139.22683542575086,35.30063300668765],[139.2262651824775,35.30034573131537],[139.22637169086087,35.300260916295514],[139.22645281588848,35.300164355571034],[139.2265197834335,35.30004244356204],[139.22653317717757,35.29984709823435],[139.22658560962927,35.29963511866151],[139.22664186747156,35.29944583195674],[139.22670687861182,35.29926356100717],[139.22688987943945,35.298948084140676],[139.22699908053738,35.29898602310553],[139.2271786913462,35.299080014154406],[139.22729061829827,35.2991788783092],[139.22732812657725,35.299246667893975],[139.2277057788258,35.29927263763569],[139.22772656373638,35.299383087900196],[139.22808887942372,35.299450034706204],[139.22813218543553,35.29930384981289],[139.22815774923617,35.299042441358466],[139.22814148242048,35.29894257597003],[139.22807706981004,35.298709097915555],[139.2280735629786,35.29859133991076],[139.22808977861467,35.29851311493981],[139.22823264516603,35.29840749510391],[139.22824299187428,35.29835592906161],[139.22807102358183,35.29836640851723],[139.22796756007685,35.298307866967114],[139.22788775629192,35.29823275469242],[139.22803028023526,35.298202269852524],[139.22814620788648,35.29816700559405],[139.22822123481555,35.2980697786458],[139.22832047615393,35.29789880344973],[139.2273733320234,35.29760845658438],[139.2272685703597,35.29775933448511],[139.22716732098175,35.297749603154486],[139.2271046819131,35.29768830734513],[139.22686331169575,35.29774435198662],[139.2268246997341,35.29824075249407],[139.2267623953332,35.298278890211094],[139.2265837279321,35.29824870235174],[139.2265270479201,35.298338976947925],[139.22638515426897,35.29845220529793],[139.22642897308145,35.298589459691556],[139.22647351802883,35.298623483635666],[139.2262439026851,35.29863472828165],[139.2259029748356,35.298620767925215],[139.22558675865344,35.298581439374225],[139.22534456897597,35.29857409915683],[139.2251097069983,35.29860341298135],[139.22489037912158,35.298588651683886],[139.2248564330314,35.298487078330304],[139.22500354492192,35.298451902662684],[139.22515979583204,35.29843536374808],[139.22525297124892,35.29838745317871],[139.22527657950684,35.298262718420034],[139.2251604905204,35.298209744813],[139.22502163425457,35.298272566828444],[139.22490100119947,35.29826449738552],[139.22485518198755,35.29817110292604],[139.22493365431384,35.29805009508926],[139.2249335616527,35.29794178995702],[139.2248978047586,35.297858164329966],[139.22438495225825,35.29768820543001],[139.22413724413664,35.29762640210863],[139.22394524002118,35.297559313961834],[139.2239487649215,35.29741511405866],[139.22424452385476,35.29711020731312],[139.22437498968736,35.29691143627413],[139.22440314129378,35.296741868299534],[139.22430046468693,35.296446157370674],[139.22429211737557,35.296310207211974],[139.22446747366325,35.296213698119395],[139.2245752097727,35.29613072255598],[139.22461444454052,35.296070217836565],[139.22449743333434,35.29602625277407],[139.22438223129433,35.29596433989259],[139.2244842572016,35.29557043616467],[139.2246643223147,35.295585142149],[139.22492651294817,35.29553568449833],[139.22492105081528,35.295657692942314],[139.2248913199267,35.296061818888745],[139.22499840459096,35.296204390594134],[139.225315769386,35.296451390479056],[139.22560919792028,35.296498280748516],[139.22585602126358,35.29656902023975],[139.22597382120114,35.29649574060054],[139.22618497315366,35.295715851927994],[139.2264546446033,35.2958384623099],[139.22661673123423,35.29594898553913],[139.22692566730225,35.29587419630946],[139.22698315279627,35.29596990069106],[139.22690635036503,35.296126903179925],[139.22690535750255,35.296260412505326],[139.22706701987227,35.296428184236504],[139.22732391569724,35.29630545985938],[139.227446351598,35.29627269218174],[139.22755109631066,35.29626842724754],[139.22778347906672,35.296317331307115],[139.22821177271604,35.29662473387826],[139.22847007101635,35.29641124389474],[139.22847563970222,35.29641324393816],[139.23004224469852,35.29506709499459],[139.23044979503342,35.295426849497424],[139.2312146850733,35.29584555740814],[139.23155141531197,35.296019683851235],[139.2315786634116,35.295953273408706],[139.2315925594836,35.295862853122166],[139.2316974611172,35.29549381337373],[139.23172033301086,35.29531034392683],[139.2317432745852,35.29511750960582],[139.23180555591185,35.294907334770414],[139.23194653951208,35.294671707096235],[139.23201344918618,35.294596759923486],[139.23198829373462,35.29452544198975],[139.23189808261404,35.29429514660073],[139.23163850686421,35.29425329851742],[139.23160614420436,35.29416349439653],[139.23167604986313,35.29414215128726],[139.23166260824226,35.294060609605324],[139.23165809821103,35.29383404858447],[139.23165994173957,35.29358463335097],[139.2318404967136,35.293579119561024],[139.23193539735317,35.29364515068698],[139.23198624361982,35.293744763617255],[139.23202558328092,35.293651935251184],[139.2322470850552,35.29368472052432],[139.2322484441069,35.29384964968624],[139.23221458640535,35.293898070733555],[139.23236487657672,35.29397789580583],[139.23249168674573,35.2937592380836],[139.23240139909936,35.29364421951466],[139.23244566352614,35.293460081048416],[139.23247098756804,35.2934214758236],[139.23225610929353,35.29327689690479],[139.2324506535635,35.293092446243136],[139.23268196043958,35.29294296482809],[139.2326492023051,35.29286583390787],[139.23276771485618,35.292793536936436],[139.23293969453724,35.292651717707315],[139.23305740562765,35.292257036967115],[139.23283968547614,35.29193322853889],[139.23284881180163,35.29184299615736],[139.23292986455485,35.29176009104892],[139.2330912609988,35.29168455413279],[139.2332796220733,35.29197702180998],[139.233204700951,35.292375787452926],[139.2331610700559,35.292450920377995],[139.23316177041113,35.292460782541426],[139.2331915973513,35.29243473403539],[139.23339302390812,35.29238805586923],[139.23367996578705,35.29237574194025],[139.23366379850188,35.292016735411565],[139.23343603163585,35.29200124394286],[139.23345640742224,35.29181797331539],[139.23347202813028,35.29149334652483],[139.23353396891488,35.29124704469529],[139.23386643790548,35.29087813983887],[139.2337973366857,35.29085449036041],[139.23381883290455,35.290851427095866],[139.23388387787165,35.29044599264609],[139.2337763833405,35.29042229388048],[139.23385289113912,35.29032056309877],[139.2341620757762,35.290155970143104],[139.234400781694,35.29016693726486],[139.23454047622718,35.29025600343019],[139.23498355498342,35.290169250854674],[139.23517807190274,35.29014464771224],[139.2355169516498,35.29012920689771],[139.23529872721085,35.29065092422814],[139.23556858301833,35.29073027998374],[139.23564328127063,35.29069938143965],[139.23572779184622,35.29070071395493],[139.2360600433591,35.290816288881864],[139.2367582810426,35.29059368036034],[139.23678619921833,35.29065789878896],[139.23663951279423,35.29088343453765],[139.23642408804423,35.291240738474485],[139.23631127769778,35.291303278859495],[139.236205500046,35.29134402376543],[139.23676362147222,35.29218546550781],[139.2371488368524,35.292758250439604],[139.23674405820955,35.292821256043716],[139.23667586445742,35.2928318354973],[139.23666036081954,35.292872743268916],[139.23554345365244,35.292532186717615],[139.235511459111,35.29260209677023],[139.23578727317272,35.292684086460184],[139.23569229941725,35.292908396913006],[139.2353412123687,35.29285927371661],[139.23563387394566,35.2932379525376],[139.235590880864,35.29333182082427],[139.23553134301304,35.29346187402694],[139.23574369699085,35.29357101449224],[139.23585002750255,35.29364259161269],[139.2360711848542,35.29375191573339],[139.2361606903446,35.29376362369239],[139.2362896681055,35.29380439733625],[139.23635195894278,35.29384920906944],[139.23635994759815,35.29385495236858],[139.23650243763979,35.2939857887789],[139.2365862745285,35.294126406328715],[139.23663127844745,35.29425619939552],[139.23664011055467,35.294281734660764],[139.23668143010252,35.29452150512413],[139.2367867679484,35.294512164193684],[139.23682725984065,35.29453686989242],[139.23724669589362,35.29511263847884],[139.23726234425388,35.295134122885514],[139.2372892502033,35.29534889324495],[139.237376369583,35.29563430901926],[139.2374671953331,35.29611804315321],[139.23745358197945,35.296317474145596],[139.2373942763582,35.29646316133527],[139.23732192930655,35.296559702682295],[139.23716034009644,35.29666087540177],[139.23711001629553,35.29668830273385],[139.236897035202,35.29673394322192],[139.23661791917044,35.29676651197638],[139.2364063005296,35.29675497838168],[139.23609066290663,35.29677764824567],[139.23594587127246,35.29684284740714],[139.23585199111955,35.29703476981518],[139.2357964981475,35.297169701410134],[139.2355503258939,35.29789866570067],[139.23533124046963,35.298547344745984],[139.23515289619203,35.29856026665018],[139.23513366472727,35.29865826584446],[139.23515939696298,35.29878057026444],[139.23513231976108,35.29884149020264],[139.2352725090334,35.29932208919671],[139.23512919723888,35.29932546710448],[139.23512544880558,35.29934460265628],[139.2350986330566,35.299404890099055],[139.23506396862004,35.299481335244195],[139.2350505836312,35.29950831020437],[139.23503384610626,35.29954153538632],[139.23519540957577,35.29955050113211],[139.23518692065772,35.29965946830148],[139.23500888374105,35.29964781629405],[139.23498187487024,35.29964690785114],[139.23500188376588,35.29955405313821],[139.2350097109832,35.29953514952584],[139.2350164516711,35.29951807035245],[139.2350398400881,35.299473962451835],[139.2350700618277,35.29940024229496],[139.23508476066888,35.29934623280989],[139.2350832639998,35.29932777502277],[139.23501897963786,35.29931992351349],[139.23494050923094,35.29930784612197],[139.23484370570773,35.299283074237],[139.23483878099626,35.29930445739148],[139.23481585241848,35.29957834509818],[139.23481318440707,35.299643258506634],[139.2347676342124,35.29985661588213],[139.2347381653735,35.29997998581934],[139.23470550168346,35.30001778000174],[139.23464229690566,35.30009676004609],[139.23459764875864,35.30009372281277],[139.23444482237923,35.300093884067415],[139.23444341339186,35.29998754399629],[139.23429386310613,35.29985188136645],[139.23412458500903,35.29982914467258],[139.2339363906109,35.29997229245182],[139.233739337503,35.300163492439005],[139.2337323052744,35.30024359532083],[139.2335311016756,35.30023992434491],[139.233114270192,35.30025497317561],[139.23299622378724,35.300256783071056],[139.23293597742887,35.30007395821437],[139.23305287126314,35.299878631208514],[139.23314398385818,35.299632121422434],[139.23318357704025,35.29943514353334],[139.23317585997427,35.29932813853972],[139.2332839947862,35.299178751051876],[139.23328213416588,35.299058113696475],[139.23300829363538,35.298770011497325],[139.23289119553638,35.29867253501858],[139.23271290001705,35.29860904957637],[139.23261425091044,35.29863701095273],[139.23246698167506,35.298728671475494],[139.2322736884224,35.29887601656126],[139.23201041359488,35.299112164463644],[139.23181737399557,35.2993354922294],[139.23112397309512,35.299182833572594],[139.23102630923378,35.29939099987547],[139.2312362647065,35.29990007894542],[139.23124332333578,35.29991719282786],[139.23108515147396,35.300100483505666],[139.23102422035396,35.30008118147771],[139.23109171575882,35.300014196034404],[139.23077458420093,35.29992699103897],[139.2304137128573,35.29980711835783],[139.23026596347657,35.29971354331032],[139.2301809675251,35.29960946374471],[139.2301026540423,35.2996424248037],[139.22994383824854,35.299409984097935],[139.22998706097485,35.29921550474816],[139.22986686777307,35.299113052193356],[139.22973760327696,35.299196236211905],[139.2297932854633,35.299249693455856],[139.22978259536822,35.29935690276792],[139.22958439218382,35.29954339975265],[139.22927430804572,35.29984110839187],[139.22925028679538,35.29986371372069],[139.22922707400582,35.29985329490516]],[[139.234427178354,35.29635248935878],[139.23412382290002,35.2963171899663],[139.23408825215924,35.296505104273244],[139.23441073693448,35.29657915835531],[139.234427178354,35.29635248935878]]]]}},{"type":"Feature","properties":{"area_id":"142061300","city":"小田原市","ward":"","town":"上町","chome":"","num_households":65},"geometry":{"type":"MultiPolygon","coordinates":[[[[139.21984045480627,35.302200865817944],[139.21983225279277,35.30219490960345],[139.21977167751754,35.302151012677015],[139.21957971403378,35.30208391548905],[139.21937596401,35.30213337148567],[139.21907991761444,35.302221720939215],[139.21889347113122,35.302209084069844],[139.21877094049913,35.30211058043481],[139.2187323670531,35.30194553465428],[139.218576112805,35.30196206371619],[139.2182617917443,35.30201306698352],[139.21791635460832,35.30204391279238],[139.2174548311698,35.30202177521184],[139.21728025889578,35.30200095805879],[139.2170838341393,35.30208699325917],[139.21692496783749,35.302238709488726],[139.21668740485885,35.30229488872065],[139.21650095996316,35.302282247645735],[139.21630899872798,35.30221514612184],[139.21620655475016,35.302136036211536],[139.21617804937162,35.301980690006964],[139.21623640800757,35.301840292718786],[139.21630201026878,35.30162810597108],[139.21639224411678,35.30139055293207],[139.21658673063524,35.30121416194551],[139.21673565781828,35.30116105209556],[139.2168077848248,35.301102690598434],[139.21682681776966,35.30091448970355],[139.21679186851927,35.30071362060097],[139.2168008373473,35.30051565014888],[139.2167815098443,35.30037901099253],[139.2165766253674,35.300220793434235],[139.21635898463836,35.30007969256611],[139.21612770234512,35.299964858686344],[139.21582501082017,35.29979100125856],[139.21558181365467,35.29968434406095],[139.21529023822322,35.299619548707696],[139.21488535771692,35.299583186329784],[139.21474923214168,35.299619107744896],[139.21421668310867,35.29986291659564],[139.2139188286689,35.299969131185684],[139.213550700908,35.30011575680734],[139.21329490564847,35.30024288792126],[139.21262610005215,35.300414305038494],[139.21234659884547,35.30055786088333],[139.21195640652277,35.300594657124904],[139.2114784667923,35.30062557882311],[139.21119333103334,35.30060629638599],[139.2107555224971,35.3005677088867],[139.21042007435378,35.30049992978697],[139.2101842481652,35.30042984692991],[139.20994649104478,35.300269408804205],[139.20975430243587,35.29998569267197],[139.20963440611712,35.29975199273575],[139.20958578817053,35.299577247985475],[139.20957915724918,35.29931505067436],[139.20958632910575,35.29913503000192],[139.20963914288694,35.29894010593383],[139.2095848667407,35.29891032078292],[139.20960529709612,35.298878315782304],[139.20964738411547,35.29869882765675],[139.20965346399916,35.29850999969293],[139.20975194306217,35.298370165344906],[139.20970926579636,35.2982611512144],[139.20979660016414,35.29802274547439],[139.20989333961694,35.29782917293318],[139.21002405989313,35.29760641226278],[139.21008386510258,35.297316740779735],[139.21021240789722,35.29693468432353],[139.2103022720403,35.29646518027822],[139.21037711470905,35.29644500394954],[139.21036324007414,35.29631578699845],[139.21048470987404,35.29614543764035],[139.2104920038501,35.296073156975154],[139.21057161649654,35.29581590830089],[139.21057125865985,35.295643172965256],[139.21052426650982,35.295525544900975],[139.21042344730432,35.295325111358075],[139.21024958489883,35.29508367128215],[139.21016689790233,35.29494438282556],[139.2101632026854,35.29484866740223],[139.21023717077986,35.29471758018553],[139.21033532760026,35.294596685733815],[139.21050116152753,35.29442044034285],[139.21065589451874,35.2942017454688],[139.2107297294843,35.294020308322516],[139.2107436908496,35.293878842047484],[139.21069987119617,35.293756373248684],[139.2106460844391,35.29348210541226],[139.21054683260803,35.293448218053705],[139.21058643125653,35.29309267477869],[139.21058867860933,35.29253801245983],[139.2110772489499,35.2920414749614],[139.21143032746497,35.29144755626001],[139.21148537500162,35.29130214537497],[139.2121223028733,35.291141053492346],[139.21238906772385,35.29116671226335],[139.2125602040785,35.29108857935101],[139.212867397906,35.29119683151865],[139.21334614191585,35.291104706981905],[139.2134193758831,35.29105255011794],[139.2138457434063,35.29074249529812],[139.21407839397975,35.29037891855063],[139.21436975196653,35.290094649737604],[139.21444838841046,35.29002667437101],[139.21463751223186,35.29015305171323],[139.2149929073139,35.290259432443186],[139.2150093211735,35.29016184605969],[139.21555279826558,35.29023164941506],[139.21561676374333,35.29022929943722],[139.21572708409388,35.29054279693224],[139.2160174148723,35.2904676585061],[139.21604258613885,35.29051250184007],[139.2164199909523,35.29040048340076],[139.21650189075513,35.29032667883317],[139.21661807207428,35.29038205464279],[139.2166283489788,35.29041456899333],[139.21687030489485,35.290443753430196],[139.21695435981812,35.29035742499821],[139.21706181509398,35.29036297056147],[139.21720919767412,35.29039843395634],[139.21754206899803,35.29052483346047],[139.21765819739807,35.29055887039081],[139.21785404032914,35.29035339739245],[139.2180186788552,35.290281981942215],[139.21818165230917,35.29024330284122],[139.21833504427244,35.290256614680864],[139.21846096076342,35.29031971276432],[139.21854138316178,35.29042448049896],[139.2186332784977,35.290511278087706],[139.21897655615973,35.290676175369605],[139.2195920348569,35.2909318786987],[139.219916496941,35.29099499391615],[139.2200583695918,35.29102106137261],[139.22040075372502,35.29105976081316],[139.22060271963437,35.291124368457574],[139.22072731712478,35.29122048458157],[139.22085206372418,35.29138800660287],[139.2209126322478,35.291066498241264],[139.22095723714278,35.29093158952451],[139.2215527480602,35.290942127091355],[139.22158714483425,35.29094272237314],[139.22153455182402,35.29149475355074],[139.2215477821451,35.291511650360995],[139.22159695634033,35.29157450064398],[139.22172254105422,35.29163076397928],[139.2218531752817,35.29165529477528],[139.2221440820045,35.29164084516838],[139.22218743389928,35.29167282185159],[139.22240969444877,35.291986812231684],[139.22256364207882,35.29243038155356],[139.22266789155708,35.29249153683205],[139.22305094646688,35.29263472446463],[139.22347513885023,35.292807692511715],[139.2238527255396,35.29300464979743],[139.2242496936702,35.29333824626166],[139.22442796261058,35.29343146009191],[139.22467570023363,35.29349333295429],[139.2250758312214,35.29348484701619],[139.2254015209193,35.29350077331431],[139.22584280295743,35.29363515998215],[139.22606406337388,35.29374034609259],[139.2262552719312,35.2939246739299],[139.2262032397138,35.294002367567316],[139.2261010615496,35.29410051349731],[139.22611131260513,35.29428661251402],[139.22610951212522,35.2943841339123],[139.22618561520127,35.2946148554288],[139.2261529637129,35.29482925895854],[139.22609100423927,35.29500555925827],[139.2260975469783,35.29515945728811],[139.22615649435647,35.295560506735676],[139.22618497315366,35.295715851927994],[139.22597382120114,35.29649574060054],[139.22585602126358,35.29656902023975],[139.22560919792028,35.296498280748516],[139.225315769386,35.296451390479056],[139.22499840459096,35.296204390594134],[139.2248913199267,35.296061818888745],[139.22492105081528,35.295657692942314],[139.22492651294817,35.29553568449833],[139.2246643223147,35.295585142149],[139.2244842572016,35.29557043616467],[139.22438223129433,35.29596433989259],[139.22449743333434,35.29602625277407],[139.22461444454052,35.296070217836565],[139.2245752097727,35.29613072255598],[139.22446747366325,35.296213698119395],[139.22429211737557,35.296310207211974],[139.22430046468693,35.296446157370674],[139.22440314129378,35.296741868299534],[139.22437498968736,35.29691143627413],[139.22424452385476,35.29711020731312],[139.2239487649215,35.29741511405866],[139.22394524002118,35.297559313961834],[139.22413724413664,35.29762640210863],[139.22438495225825,35.29768820543001],[139.2248978047586,35.297858164329966],[139.2249335616527,35.29794178995702],[139.22493365431384,35.29805009508926],[139.22485518198755,35.29817110292604],[139.22490100119947,35.29826449738552],[139.22502163425457,35.298272566828444],[139.2251604905204,35.298209744813],[139.22527657950684,35.298262718420034],[139.22525297124892,35.29838745317871],[139.22515979583204,35.29843536374808],[139.22500354492192,35.298451902662684],[139.2248564330314,35.298487078330304],[139.22489037912158,35.298588651683886],[139.2251097069983,35.29860341298135],[139.22534456897597,35.29857409915683],[139.22558675865344,35.298581439374225],[139.2259029748356,35.298620767925215],[139.2262439026851,35.29863472828165],[139.22647351802883,35.298623483635666],[139.22652866677552,35.298687065576765],[139.2266630354517,35.29877724015112],[139.2268479305188,35.29887682171657],[139.22688987943945,35.298948084140676],[139.22670687861182,35.29926356100717],[139.22664186747156,35.29944583195674],[139.22658560962927,35.29963511866151],[139.22653317717757,35.29984709823435],[139.2265197834335,35.30004244356204],[139.22645281588848,35.300164355571034],[139.22637169086087,35.300260916295514],[139.2262651824775,35.30034573131537],[139.22613218214036,35.300573433126665],[139.22468937586655,35.299951443593564],[139.22455334271766,35.29995202828418],[139.22434625624817,35.29996556515721],[139.22414281043072,35.30002080785294],[139.22404590634196,35.30010764022127],[139.22353468166096,35.300677574477035],[139.22337021972024,35.300838147425935],[139.22325422059623,35.30092798084434],[139.22305667067326,35.300969730792346],[139.22296732911022,35.30092379061002],[139.22276235639063,35.300746430272],[139.22261976908933,35.300646985221036],[139.22248561742498,35.300625606373764],[139.22215004891942,35.30062335200789],[139.22195662364678,35.30082532385303],[139.2217299515378,35.30101064796683],[139.22155824692612,35.30120892269639],[139.22144843176932,35.301258928192176],[139.22111873182567,35.301345282146514],[139.22096222303915,35.30140145827374],[139.22079126653375,35.301495661239606],[139.22060411289817,35.30159878825192],[139.2204267780088,35.30168851806285],[139.22028596908072,35.301747377684244],[139.22016105392825,35.30182314826937],[139.2201445884024,35.30184254866236],[139.22012779413336,35.301854790563674],[139.22005574571082,35.301825406710215],[139.21984045480627,35.302200865817944]]],[[[139.2268246997341,35.29824075249407],[139.22686331169575,35.29774435198662],[139.2271046819131,35.29768830734513],[139.22716732098175,35.297749603154486],[139.2272685703597,35.29775933448511],[139.2273733320234,35.29760845658438],[139.22832047615393,35.29789880344973],[139.22822123481555,35.2980697786458],[139.22814620788648,35.29816700559405],[139.22803028023526,35.298202269852524],[139.22788775629192,35.29823275469242],[139.22783101267746,35.29824493560324],[139.22778417948757,35.29825294027523],[139.22757279077777,35.2984125813478],[139.22739812468424,35.29847395869568],[139.22718839405618,35.29851438806722],[139.22703917243328,35.29853293648512],[139.22697821656914,35.298251096983634],[139.2268246997341,35.29824075249407]]]]}},{"type":"Feature","properties":{"area_id":"142061310","city":"小田原市","ward":"","town":"小船","chome":"","num_households":483},"geometry":{"type":"MultiPolygon","coordinates":[[[[139.22914860130098,35.30295359284532],[139.22864560474412,35.30294946549302],[139.22843874436913,35.30312835316622],[139.22806965840186,35.30313228500489],[139.22777807041297,35.30308294372435],[139.22772486531125,35.30321978403281],[139.22783688212436,35.30323217405209],[139.22828444730794,35.303320390363105],[139.22850046924478,35.30333674958136],[139.22853224790794,35.303331908379846],[139.22858434774193,35.303314845709835],[139.22864457299903,35.30329120302396],[139.2288184705955,35.303583747943755],[139.22877996502518,35.303597710189976],[139.2285378587231,35.303698751866385],[139.22841179488537,35.303744388277416],[139.22821820292597,35.30391186510255],[139.2279461808889,35.30420035227948],[139.22787156155968,35.304502149673695],[139.22790765826863,35.30491069156556],[139.2280139737162,35.30517050752988],[139.22820726051637,35.305553568222145],[139.22854762952252,35.30590137933217],[139.22886513642587,35.306256680913386],[139.229055595033,35.30655832225038],[139.22711284085776,35.305850899942286],[139.2270793261783,35.30545948242734],[139.22703591930969,35.30541046461291],[139.22685495849007,35.30533456230597],[139.2266293500676,35.3051281610221],[139.22663292097198,35.305110081141734],[139.2263189002299,35.30498055645817],[139.22613795181937,35.30497239660509],[139.22601390698216,35.30498860510948],[139.22593743427706,35.30504821843005],[139.22581448551534,35.30525167699478],[139.22574441987274,35.3053332941907],[139.225760052201,35.305339569479],[139.2252553293905,35.305697513227834],[139.22497411057992,35.305967355500435],[139.22468203598336,35.306344743987175],[139.2244621300866,35.30666383409688],[139.2242139293626,35.307044187375816],[139.22396462935362,35.30762304583433],[139.22385560354147,35.30785931710753],[139.2237224790073,35.308193278442566],[139.22364334115258,35.30853990514083],[139.22351568503205,35.30882009288815],[139.22337240184356,35.30903605104414],[139.2232025818667,35.30918701820463],[139.2228227309832,35.309558535187506],[139.22261264919666,35.30967070922719],[139.2223666763953,35.30959095143048],[139.22206406604425,35.30952541239584],[139.22180816187523,35.30954426013678],[139.22154506650207,35.309634753544245],[139.2213119889962,35.309646106284895],[139.22107612888368,35.309576041335134],[139.22043962352222,35.30920825356011],[139.22010320776192,35.30914943523116],[139.21978019375084,35.30911920481677],[139.219520074121,35.30912816392034],[139.21927785949032,35.30912080539154],[139.21911422093407,35.30910074931967],[139.21891668213294,35.30897911696585],[139.2187456306231,35.30881417021834],[139.2185856130374,35.30875821834752],[139.21824288595872,35.3087621769762],[139.21797873325553,35.308753366219314],[139.21774085457744,35.308484633670645],[139.21756163700266,35.308400344207705],[139.2172060247033,35.308313182395025],[139.21687593036663,35.308191645256834],[139.21654124845193,35.308006566787896],[139.21625406675818,35.30778863289304],[139.21610506364962,35.30758316400732],[139.21597943657375,35.30733697221992],[139.2159564052297,35.30712785204732],[139.2159599006427,35.306983652585274],[139.21605489856458,35.306917874726516],[139.2162897364353,35.30688858333531],[139.21662239270603,35.30687493040157],[139.2169870947241,35.306872496899324],[139.21720361563823,35.306805929167766],[139.21746211620754,35.3066519037777],[139.21760461070534,35.30655319842606],[139.21795342967374,35.30626992088845],[139.21820561423107,35.306178604626794],[139.21845501793038,35.306114244035605],[139.21896419120523,35.30621175913343],[139.21918900579848,35.30617283451978],[139.2194265778432,35.30611665017434],[139.2198026304011,35.30613503864085],[139.22000695452547,35.30616480707424],[139.22021424417235,35.30597122211099],[139.22037593619427,35.30590091900265],[139.2204864219263,35.30579106271679],[139.22058680081267,35.30567150765878],[139.2207503012143,35.30558325688597],[139.22091848005758,35.30555847757855],[139.22105006584613,35.305567382987356],[139.22121877301956,35.30520874919726],[139.22126516293747,35.30496822239466],[139.22121281013614,35.30472099739373],[139.22112576153904,35.30448951183241],[139.22100949480412,35.30432829711858],[139.221017660286,35.304247568522634],[139.22091860717532,35.303916026596745],[139.2209221364106,35.30377189691485],[139.22062304175842,35.30356215265377],[139.2203367475117,35.30333528990865],[139.22009605262983,35.30298514475196],[139.2199505248854,35.30278582704227],[139.21982995106137,35.30250100604496],[139.2198293216308,35.30243628836623],[139.21983092481548,35.30237151159864],[139.21983922014448,35.30231374075962],[139.2198313997766,35.30230834872724],[139.21983048388532,35.302281725933746],[139.21983180007302,35.30225511501729],[139.21984045480627,35.302200865817944],[139.22005574571082,35.301825406710215],[139.22012779413336,35.301854790563674],[139.2201445884024,35.30184254866236],[139.22016105392825,35.30182314826937],[139.22028596908072,35.301747377684244],[139.2204267780088,35.30168851806285],[139.22060411289817,35.30159878825192],[139.22079126653375,35.301495661239606],[139.22096222303915,35.30140145827374],[139.22111873182567,35.301345282146514],[139.22144843176932,35.301258928192176],[139.22155824692612,35.30120892269639],[139.2217299515378,35.30101064796683],[139.22195662364678,35.30082532385303],[139.22215004891942,35.30062335200789],[139.22248561742498,35.300625606373764],[139.22261976908933,35.300646985221036],[139.22276235639063,35.300746430272],[139.22296732911022,35.30092379061002],[139.22305667067326,35.300969730792346],[139.22325422059623,35.30092798084434],[139.22337021972024,35.300838147425935],[139.22353468166096,35.300677574477035],[139.22404590634196,35.30010764022127],[139.22414281043072,35.30002080785294],[139.22434625624817,35.29996556515721],[139.22455334271766,35.29995202828418],[139.22468937586655,35.299951443593564],[139.22613218214036,35.300573433126665],[139.2262651824775,35.30034573131537],[139.22683542575086,35.30063300668765],[139.22757574366082,35.30095767628747],[139.22788774154938,35.30106873662324],[139.22797060036066,35.30108562783471],[139.22829047117784,35.30108525331158],[139.22863662077816,35.300524120830296],[139.2289686213945,35.30012128936513],[139.22922707400582,35.29985329490516],[139.22925028679538,35.29986371372069],[139.22927430804572,35.29984110839187],[139.22958439218382,35.29954339975265],[139.22978259536822,35.29935690276792],[139.2297932854633,35.299249693455856],[139.22973760327696,35.299196236211905],[139.22986686777307,35.299113052193356],[139.22998706097485,35.29921550474816],[139.22994383824854,35.299409984097935],[139.2301026540423,35.2996424248037],[139.2301809675251,35.29960946374471],[139.23026596347657,35.29971354331032],[139.2304137128573,35.29980711835783],[139.23077458420093,35.29992699103897],[139.23109171575882,35.300014196034404],[139.23102422035396,35.30008118147771],[139.23108515147396,35.300100483505666],[139.23124332333578,35.29991719282786],[139.2312835523681,35.29992520907875],[139.23157871174084,35.30046136654388],[139.23155190701434,35.30063622559895],[139.23148596141985,35.30074279397212],[139.23139289315984,35.30084028497398],[139.2312347247743,35.30092407300224],[139.23062496445692,35.30111694938145],[139.23044502694262,35.301205134893785],[139.23030304723395,35.301306818113055],[139.23016635545198,35.301430850285875],[139.2300403562998,35.301572681081],[139.22984193598955,35.301935267504696],[139.22987906180944,35.30197981574675],[139.22985914524432,35.30220414256547],[139.22996392210788,35.30249831087924],[139.2297898847021,35.30268842083684],[139.22950032904888,35.302857463700605],[139.22914860130098,35.30295359284532]]]]}},{"type":"Feature","properties":{"area_id":"142061320","city":"小田原市","ward":"","town":"山西","chome":"","num_households":38},"geometry":{"type":"MultiPolygon","coordinates":[[[[139.2346902996381,35.30587294917109],[139.23439599101835,35.30583508683639],[139.23345269663366,35.30577161958056],[139.23322969183872,35.305792696791464],[139.23304132096797,35.30568972533627],[139.23281703775095,35.305394893677565],[139.23242182954633,35.30504337019811],[139.23222980278499,35.304976294146044],[139.23193457592927,35.30494736493147],[139.23162293444554,35.30497152143449],[139.2314848944509,35.3049171051063],[139.23142811668495,35.30482302466334],[139.2313465666485,35.30464600654467],[139.23122206362498,35.304457156285075],[139.2310838803615,35.3042944340484],[139.2308807637791,35.304118291406255],[139.23064114630293,35.303975838242444],[139.23052862033651,35.3038870422845],[139.2303473446191,35.30360403965457],[139.2302019318186,35.30351303821374],[139.23003008407693,35.303465353906994],[139.22971933073222,35.30348049663547],[139.22951909400246,35.303385840708614],[139.22933249752117,35.30326491620545],[139.2292355057815,35.303132045161504],[139.22917135605405,35.30300137990931],[139.22914860130098,35.30295359284532],[139.22950032904888,35.302857463700605],[139.2297898847021,35.30268842083684],[139.22996392210788,35.30249831087924],[139.22985914524432,35.30220414256547],[139.22987906180944,35.30197981574675],[139.22984193598955,35.301935267504696],[139.2300403562998,35.301572681081],[139.23016635545198,35.301430850285875],[139.23030304723395,35.301306818113055],[139.23044502694262,35.301205134893785],[139.23062496445692,35.30111694938145],[139.2312347247743,35.30092407300224],[139.23139289315984,35.30084028497398],[139.23148596141985,35.30074279397212],[139.23155190701434,35.30063622559895],[139.23157871174084,35.30046136654388],[139.2312835523681,35.29992520907875],[139.23124332333578,35.29991719282786],[139.2312362647065,35.29990007894542],[139.23102630923378,35.29939099987547],[139.23112397309512,35.299182833572594],[139.23181737399557,35.2993354922294],[139.23201041359488,35.299112164463644],[139.2322736884224,35.29887601656126],[139.23246698167506,35.298728671475494],[139.23261425091044,35.29863701095273],[139.23271290001705,35.29860904957637],[139.23289119553638,35.29867253501858],[139.23300829363538,35.298770011497325],[139.23328213416588,35.299058113696475],[139.2332839947862,35.299178751051876],[139.23317585997427,35.29932813853972],[139.23318357704025,35.29943514353334],[139.23314398385818,35.299632121422434],[139.23305287126314,35.299878631208514],[139.23293597742887,35.30007395821437],[139.23299622378724,35.300256783071056],[139.23300366003585,35.30027935403194],[139.23316660898433,35.30055500682322],[139.23330921924625,35.300699650029294],[139.2334088193536,35.30078802604753],[139.23341771548843,35.30082827888896],[139.23339414326603,35.300978789522134],[139.2338177858236,35.30124692884935],[139.23388395950425,35.30130168956368],[139.23398580185105,35.30150584550862],[139.23402248374845,35.30160517713918],[139.2340856091774,35.30184076042671],[139.23416086538978,35.30192225536535],[139.23418558297013,35.302153140857754],[139.23420446232555,35.30242456007701],[139.23427052250918,35.302413125988785],[139.23430566743352,35.30241780649595],[139.23432866870496,35.30243235664056],[139.23439963062495,35.30250214055339],[139.23448796566404,35.30260440307923],[139.23455668764566,35.30267509073391],[139.23459824768838,35.302706843777145],[139.23463970909089,35.30275211681412],[139.23466274565791,35.30276208924716],[139.23474826633878,35.30279138334112],[139.234758726528,35.302794181327975],[139.23474997179943,35.3029801153366],[139.23445226982813,35.3031946921655],[139.23428878215145,35.30328296493246],[139.23409524657563,35.30345038208232],[139.2339400182749,35.303566300162046],[139.2337756056813,35.30366351132078],[139.23380956378844,35.30376508383807],[139.23406591298087,35.30417943383923],[139.234324114067,35.304575836117344],[139.23451097562227,35.304913296574014],[139.23463202219958,35.305246346322605],[139.2346607727238,35.30561830530059],[139.2346902996381,35.30587294917109]]]]}},{"type":"Feature","properties":{"area_id":"142061330","city":"小田原市","ward":"","town":"沼代","chome":"","num_households":72},"geometry":{"type":"MultiPolygon","coordinates":[[[[139.22261264919666,35.30967070922719],[139.22251041383987,35.30980821457719],[139.22247761783896,35.30991424143226],[139.22308819899797,35.31015611145553],[139.2233399945326,35.31048581496255],[139.22360852971028,35.310645118494776],[139.22383108708456,35.31076623355154],[139.22403789040808,35.31093775885248],[139.22412924487264,35.31108349327929],[139.22442155447374,35.311154468580376],[139.22436557517295,35.31142579328994],[139.223972854309,35.311385930909054],[139.22381943430563,35.31129671194689],[139.22363635509953,35.3110431256624],[139.22345081718012,35.31112429991177],[139.2233728099519,35.31125023792015],[139.22312633847318,35.31123639091731],[139.22286482439333,35.3111719061613],[139.22252443227325,35.310982310262624],[139.2222118856732,35.31101537907132],[139.2220172523781,35.31108347648313],[139.22186342905218,35.31112262688541],[139.22171581140665,35.31127975873014],[139.22186068343058,35.31148893216576],[139.22186016983596,35.31164342948157],[139.22166372154717,35.31206269802777],[139.22141493517407,35.31235198707465],[139.22107910003336,35.31250027782407],[139.22093419837958,35.3127474895059],[139.22052406200245,35.312979129698064],[139.22039053180077,35.31331315508406],[139.2202434253765,35.31340719179915],[139.21995832559816,35.313405743035126],[139.21946605030342,35.313283175396045],[139.21930437673547,35.31326340952278],[139.2190587602192,35.313135897601],[139.21898160163997,35.313148109900276],[139.21888978408546,35.31305919571253],[139.21878130404906,35.31314075232845],[139.2183564090782,35.313277525789076],[139.21832632344135,35.313182658438556],[139.21807188117432,35.313200303743244],[139.218046348823,35.31333347738876],[139.2177567059872,35.3134673462409],[139.21749935311055,35.31350053867562],[139.21732994714782,35.31353777090316],[139.21694752941315,35.31316900404371],[139.21601098286374,35.31262762201015],[139.21585704352842,35.312607892266755],[139.215688501883,35.31247442978809],[139.21529645737567,35.31234609064218],[139.2150194812527,35.312287843634536],[139.21474422540646,35.31200848837718],[139.2139528401701,35.311701275516846],[139.21322027076857,35.3117670172144],[139.2127818229425,35.3116636423814],[139.21211790388767,35.31182444409556],[139.21164630460729,35.31202418929751],[139.2116973397679,35.3121196588556],[139.21139046863908,35.31222497473503],[139.21109525988084,35.31239485275246],[139.21098112719764,35.31234919603643],[139.21064200989272,35.31250863624688],[139.2107238425712,35.31273946976715],[139.21092293522787,35.31290471462144],[139.21087648948404,35.3130298205543],[139.2110214228538,35.31312626757199],[139.21055991534055,35.313049243208226],[139.21027297648186,35.313255075980386],[139.21027979768454,35.31336876706023],[139.210072293278,35.31329819194449],[139.21008993812828,35.313001466616846],[139.2098206485179,35.312949514754976],[139.20966704732677,35.312919568146285],[139.2095523642594,35.31294573414753],[139.20937827191182,35.31290462547026],[139.2092743425866,35.312839302499206],[139.2092156289532,35.31278766330898],[139.20919108887952,35.312643106344346],[139.20888056753583,35.3129446535615],[139.20895175797898,35.31308339537476],[139.20908760216216,35.313137687236136],[139.2093058567732,35.31310529745702],[139.20949710172303,35.313043754076006],[139.20948024521758,35.313124648319864],[139.20942455519423,35.31335174358874],[139.20966720194343,35.313562283269],[139.2092261814023,35.31351394955697],[139.20888525271656,35.313499931673604],[139.20848756479367,35.31339189232025],[139.2079902446756,35.31328608117136],[139.207763338623,35.31301801723804],[139.20763265415923,35.31278397147809],[139.2072530043186,35.312604475737416],[139.20695121910458,35.31242165215362],[139.20665487410855,35.31218505524664],[139.20660448820306,35.31202818233726],[139.20637865782896,35.31196785769473],[139.20598841615973,35.31200463055953],[139.20563650197468,35.31198984378152],[139.20516568844857,35.31184071239235],[139.20491052977835,35.3116339733342],[139.20470143471601,35.31141437759222],[139.20450118141568,35.311290737563695],[139.20418177916207,35.31130491677185],[139.20394230516163,35.31127071286303],[139.20379861840757,35.31105342871346],[139.20388068956183,35.31078824104527],[139.2039785768915,35.31063347942781],[139.20414999608985,35.31041833084647],[139.2041699434579,35.3102211942961],[139.2039366881212,35.31001590756141],[139.20365409382654,35.30975311343929],[139.20333934727793,35.309370863746786],[139.2033821637282,35.309166171172635],[139.2035446906082,35.3089786505757],[139.20375512626214,35.30879483049857],[139.20388815421023,35.30858905923462],[139.20383204609624,35.308428917632035],[139.20374073266223,35.30837203746934],[139.20351930786728,35.308137588567426],[139.2034588001533,35.30786278361544],[139.20343394436074,35.30767161030546],[139.2033398640977,35.30751725660291],[139.20307982158857,35.307133249419984],[139.20297195753093,35.30698389422909],[139.20279894453563,35.306744274252196],[139.2025656384631,35.306430683352765],[139.20232216444614,35.305999088602526],[139.20221629212853,35.30596473506388],[139.2022915689385,35.30587295077056],[139.2023965041025,35.30563943046085],[139.20257832930454,35.30497162091804],[139.2026252167783,35.3047680769215],[139.20257498635766,35.30440361304758],[139.2025374434046,35.30404808858273],[139.20258405324495,35.303819263078545],[139.20266132382864,35.303713616988915],[139.20287239264445,35.30349071830255],[139.20319040253472,35.30290713636998],[139.20329613677978,35.30275847319338],[139.2034609060796,35.302601597077654],[139.20350864509976,35.302459814060455],[139.2038492972701,35.30222505676934],[139.20413246078516,35.30200380164117],[139.2043018049264,35.30182131576762],[139.20442911441603,35.3016201621628],[139.20463164894161,35.301260326974784],[139.20486728644906,35.3008126424635],[139.20502341529038,35.300638819196664],[139.20513262549554,35.30057896825279],[139.20564666974317,35.30055995099094],[139.20594247803314,35.300502617442085],[139.2061525875882,35.30043019279184],[139.20648992649384,35.30027786920175],[139.20651772874888,35.30032646051256],[139.20677722979866,35.30019802694965],[139.20705805253957,35.30013427600811],[139.2073226535378,35.30011916918048],[139.20763145447017,35.3000137339505],[139.20780420221578,35.29987301950286],[139.2081196568602,35.29968924247466],[139.208248934911,35.299588228589144],[139.20849368936643,35.299455490104094],[139.20863178023217,35.29936452063952],[139.2087786839623,35.299283666238395],[139.20882720764027,35.29908808702201],[139.20888885676862,35.298973554401734],[139.20944851457816,35.298992570058786],[139.20951828630635,35.29897877531393],[139.2095848667407,35.29891032078292],[139.20963914288694,35.29894010593383],[139.20958632910575,35.29913503000192],[139.20957915724918,35.29931505067436],[139.20958578817053,35.299577247985475],[139.20963440611712,35.29975199273575],[139.20975430243587,35.29998569267197],[139.20994649104478,35.300269408804205],[139.2101842481652,35.30042984692991],[139.21042007435378,35.30049992978697],[139.2107555224971,35.3005677088867],[139.21119333103334,35.30060629638599],[139.2114784667923,35.30062557882311],[139.21195640652277,35.300594657124904],[139.21234659884547,35.30055786088333],[139.21262610005215,35.300414305038494],[139.21329490564847,35.30024288792126],[139.213550700908,35.30011575680734],[139.2139188286689,35.299969131185684],[139.21421668310867,35.29986291659564],[139.21474923214168,35.299619107744896],[139.21488535771692,35.299583186329784],[139.21529023822322,35.299619548707696],[139.21558181365467,35.29968434406095],[139.21582501082017,35.29979100125856],[139.21612770234512,35.299964858686344],[139.21635898463836,35.30007969256611],[139.2165766253674,35.300220793434235],[139.2167815098443,35.30037901099253],[139.2168008373473,35.30051565014888],[139.21679186851927,35.30071362060097],[139.21682681776966,35.30091448970355],[139.2168077848248,35.301102690598434],[139.21673565781828,35.30116105209556],[139.21658673063524,35.30121416194551],[139.21639224411678,35.30139055293207],[139.21630201026878,35.30162810597108],[139.21623640800757,35.301840292718786],[139.21617804937162,35.301980690006964],[139.21620655475016,35.302136036211536],[139.21630899872798,35.30221514612184],[139.21650095996316,35.302282247645735],[139.21668740485885,35.30229488872065],[139.21692496783749,35.302238709488726],[139.2170838341393,35.30208699325917],[139.21728025889578,35.30200095805879],[139.2174548311698,35.30202177521184],[139.21791635460832,35.30204391279238],[139.2182617917443,35.30201306698352],[139.218576112805,35.30196206371619],[139.2187323670531,35.30194553465428],[139.21877094049913,35.30211058043481],[139.21889347113122,35.302209084069844],[139.21907991761444,35.302221720939215],[139.21937596401,35.30213337148567],[139.21957971403378,35.30208391548905],[139.21977167751754,35.302151012677015],[139.21983225279277,35.30219490960345],[139.21984045480627,35.302200865817944],[139.21983180007302,35.30225511501729],[139.21983048388532,35.302281725933746],[139.2198313997766,35.30230834872724],[139.21983922014448,35.30231374075962],[139.21983092481548,35.30237151159864],[139.2198293216308,35.30243628836623],[139.21982995106137,35.30250100604496],[139.2199505248854,35.30278582704227],[139.22009605262983,35.30298514475196],[139.2203367475117,35.30333528990865],[139.22062304175842,35.30356215265377],[139.2209221364106,35.30377189691485],[139.22091860717532,35.303916026596745],[139.221017660286,35.304247568522634],[139.22100949480412,35.30432829711858],[139.22112576153904,35.30448951183241],[139.22121281013614,35.30472099739373],[139.22126516293747,35.30496822239466],[139.22121877301956,35.30520874919726],[139.22105006584613,35.305567382987356],[139.22091848005758,35.30555847757855],[139.2207503012143,35.30558325688597],[139.22058680081267,35.30567150765878],[139.2204864219263,35.30579106271679],[139.22037593619427,35.30590091900265],[139.22021424417235,35.30597122211099],[139.22000695452547,35.30616480707424],[139.2198026304011,35.30613503864085],[139.2194265778432,35.30611665017434],[139.21918900579848,35.30617283451978],[139.21896419120523,35.30621175913343],[139.21845501793038,35.306114244035605],[139.21820561423107,35.306178604626794],[139.21795342967374,35.30626992088845],[139.21760461070534,35.30655319842606],[139.21746211620754,35.3066519037777],[139.21720361563823,35.306805929167766],[139.2169870947241,35.306872496899324],[139.21662239270603,35.30687493040157],[139.2162897364353,35.30688858333531],[139.21605489856458,35.306917874726516],[139.2159599006427,35.306983652585274],[139.2159564052297,35.30712785204732],[139.21597943657375,35.30733697221992],[139.21610506364962,35.30758316400732],[139.21625406675818,35.30778863289304],[139.21654124845193,35.308006566787896],[139.21687593036663,35.308191645256834],[139.2172060247033,35.308313182395025],[139.21756163700266,35.308400344207705],[139.21774085457744,35.308484633670645],[139.21797873325553,35.308753366219314],[139.21824288595872,35.3087621769762],[139.2185856130374,35.30875821834752],[139.2187456306231,35.30881417021834],[139.21891668213294,35.30897911696585],[139.21911422093407,35.30910074931967],[139.21927785949032,35.30912080539154],[139.219520074121,35.30912816392034],[139.21978019375084,35.30911920481677],[139.22010320776192,35.30914943523116],[139.22043962352222,35.30920825356011],[139.22107612888368,35.309576041335134],[139.2213119889962,35.309646106284895],[139.22154506650207,35.309634753544245],[139.22180816187523,35.30954426013678],[139.22206406604425,35.30952541239584],[139.2223666763953,35.30959095143048],[139.22261264919666,35.30967070922719]]]]}},{"type":"Feature","properties":{"area_id":"142061340","city":"小田原市","ward":"","town":"小竹","chome":"","num_households":1062},"geometry":{"type":"MultiPolygon","coordinates":[[[[139.2380044066946,35.31508735859118],[139.23762644484083,35.31519915237002],[139.2376154015799,35.315351979323744],[139.23748915739563,35.31543205770302],[139.23717252493512,35.3156514021114],[139.236896879315,35.31597573345634],[139.23578411759345,35.31726355978496],[139.23555957419882,35.31751919800472],[139.2352746232596,35.317716581740974],[139.23479849557512,35.3178379470316],[139.23450214895465,35.31796062601871],[139.23428874026442,35.318074350751864],[139.23404029727496,35.31823811337344],[139.23384977504918,35.31870355795013],[139.2335676584527,35.31898235967328],[139.23334952849257,35.31929943370412],[139.23302004975386,35.319784327417366],[139.23276359603634,35.320020088994134],[139.23252797396276,35.320215886123535],[139.23228957610237,35.32033336111717],[139.23204392278254,35.320356576086134],[139.23182346654153,35.32026012970038],[139.2315931591032,35.31992032985689],[139.23125837498574,35.319546567471626],[139.23089987096114,35.31937126867934],[139.23059981289126,35.319170556406924],[139.2303143645428,35.31893470757032],[139.23012885194584,35.31882547734176],[139.22994668320553,35.31883914508059],[139.2296712698722,35.318837770948065],[139.22948979278607,35.31889721524952],[139.22922074479968,35.31885439420592],[139.22878138350265,35.31869812121417],[139.2284724046521,35.31853102084896],[139.22819382733013,35.31842949099219],[139.22765905254474,35.318290975304386],[139.22688751485464,35.31800317833205],[139.22641220936933,35.31774805842815],[139.22636610401008,35.317685787524006],[139.2262903472452,35.317699702546584],[139.22614513826363,35.31766559493799],[139.2260484069912,35.317369417915046],[139.2259328059818,35.3172591239619],[139.2259392885502,35.317173315145396],[139.22609806441156,35.31695468562987],[139.22609463693516,35.31657278345654],[139.22540368449089,35.31719921559337],[139.22473209364063,35.31768194435464],[139.22448177806035,35.317518931237124],[139.22430610387892,35.31741093837559],[139.22412663061166,35.31736883930104],[139.2241621759072,35.31723416502927],[139.22374922727957,35.317178918725666],[139.2240055331609,35.31673536968442],[139.22409947262577,35.31643233488688],[139.2239091171594,35.316392293861384],[139.223913239374,35.31632921878257],[139.22342641371273,35.31620951703221],[139.22356136697684,35.31581648207882],[139.22330320972787,35.31578961781189],[139.2226896465138,35.3156828650046],[139.2225319698811,35.31567904100535],[139.22216106885165,35.315752305408644],[139.22143979613946,35.3160942727912],[139.22076397855645,35.31623513266188],[139.2199645325524,35.31624311260758],[139.21973404925197,35.31616976075257],[139.21932578408405,35.316167190728756],[139.21877596166533,35.3161941082365],[139.21824503090204,35.31631914323457],[139.2180176878918,35.31635354571123],[139.2172034915954,35.316721837989554],[139.21700067535198,35.31685311982802],[139.21665708398766,35.31689875615273],[139.21627505715975,35.31676631643528],[139.21590275042544,35.316837084243524],[139.21558185846186,35.31694275987197],[139.21526182097696,35.3169411206655],[139.2149277207935,35.31686786261909],[139.2146953369684,35.31681899740821],[139.21443400842105,35.316746111173224],[139.2141000910152,35.31664897973211],[139.21376567284054,35.31662346166879],[139.21340204097888,35.31660962244631],[139.21312601312798,35.316560529458876],[139.21276319680493,35.31643944417828],[139.21256107643327,35.31623566769048],[139.21238921959466,35.31587705414883],[139.21228990904422,35.31554268646362],[139.21255322814613,35.31535320510345],[139.21287194189307,35.31553370963074],[139.21348550147133,35.315203005370364],[139.21337026553604,35.31504735086866],[139.21287720126503,35.31484214960978],[139.21274781025477,35.31463874746455],[139.21229871376391,35.31438602701801],[139.21179032406468,35.31427609018639],[139.21145791706783,35.31398819428955],[139.21119714620028,35.31384375852866],[139.21080917369608,35.3139475976546],[139.21069268521234,35.31397403760532],[139.21041294116344,35.31390097823632],[139.21007651543636,35.31384213073856],[139.20987716605578,35.313738429988646],[139.20966720194343,35.313562283269],[139.20942455519423,35.31335174358874],[139.20948024521758,35.313124648319864],[139.20949710172303,35.313043754076006],[139.2093058567732,35.31310529745702],[139.20908760216216,35.313137687236136],[139.20895175797898,35.31308339537476],[139.20888056753583,35.3129446535615],[139.20919108887952,35.312643106344346],[139.2092156289532,35.31278766330898],[139.2092743425866,35.312839302499206],[139.20937827191182,35.31290462547026],[139.2095523642594,35.31294573414753],[139.20966704732677,35.312919568146285],[139.2098206485179,35.312949514754976],[139.21008993812828,35.313001466616846],[139.210072293278,35.31329819194449],[139.21027979768454,35.31336876706023],[139.21027297648186,35.313255075980386],[139.21055991534055,35.313049243208226],[139.2110214228538,35.31312626757199],[139.21087648948404,35.3130298205543],[139.21092293522787,35.31290471462144],[139.2107238425712,35.31273946976715],[139.21064200989272,35.31250863624688],[139.21098112719764,35.31234919603643],[139.21109525988084,35.31239485275246],[139.21139046863908,35.31222497473503],[139.2116973397679,35.3121196588556],[139.21164630460729,35.31202418929751],[139.21211790388767,35.31182444409556],[139.2127818229425,35.3116636423814],[139.21322027076857,35.3117670172144],[139.2139528401701,35.311701275516846],[139.21474422540646,35.31200848837718],[139.2150194812527,35.312287843634536],[139.21529645737567,35.31234609064218],[139.215688501883,35.31247442978809],[139.21585704352842,35.312607892266755],[139.21601098286374,35.31262762201015],[139.21694752941315,35.31316900404371],[139.21732994714782,35.31353777090316],[139.21749935311055,35.31350053867562],[139.2177567059872,35.3134673462409],[139.218046348823,35.31333347738876],[139.21807188117432,35.313200303743244],[139.21832632344135,35.313182658438556],[139.2183564090782,35.313277525789076],[139.21878130404906,35.31314075232845],[139.21888978408546,35.31305919571253],[139.21898160163997,35.313148109900276],[139.2190587602192,35.313135897601],[139.21930437673547,35.31326340952278],[139.21946605030342,35.313283175396045],[139.21995832559816,35.313405743035126],[139.2202434253765,35.31340719179915],[139.22039053180077,35.31331315508406],[139.22052406200245,35.312979129698064],[139.22093419837958,35.3127474895059],[139.22107910003336,35.31250027782407],[139.22141493517407,35.31235198707465],[139.22166372154717,35.31206269802777],[139.22186016983596,35.31164342948157],[139.22186068343058,35.31148893216576],[139.22171581140665,35.31127975873014],[139.22186342905218,35.31112262688541],[139.2220172523781,35.31108347648313],[139.2222118856732,35.31101537907132],[139.22252443227325,35.310982310262624],[139.22286482439333,35.3111719061613],[139.22312633847318,35.31123639091731],[139.2233728099519,35.31125023792015],[139.22345081718012,35.31112429991177],[139.22363635509953,35.3110431256624],[139.22381943430563,35.31129671194689],[139.223972854309,35.311385930909054],[139.22436557517295,35.31142579328994],[139.22442155447374,35.311154468580376],[139.22412924487264,35.31108349327929],[139.22403789040808,35.31093775885248],[139.22383108708456,35.31076623355154],[139.22360852971028,35.310645118494776],[139.2233399945326,35.31048581496255],[139.22308819899797,35.31015611145553],[139.22247761783896,35.30991424143226],[139.22251041383987,35.30980821457719],[139.22261264919666,35.30967070922719],[139.2228227309832,35.309558535187506],[139.2232025818667,35.30918701820463],[139.22337240184356,35.30903605104414],[139.22351568503205,35.30882009288815],[139.22364334115258,35.30853990514083],[139.2237224790073,35.308193278442566],[139.22385560354147,35.30785931710753],[139.22396462935362,35.30762304583433],[139.2242139293626,35.307044187375816],[139.2244621300866,35.30666383409688],[139.22468203598336,35.306344743987175],[139.22497411057992,35.305967355500435],[139.2252553293905,35.305697513227834],[139.225760052201,35.305339569479],[139.22574441987274,35.3053332941907],[139.22581448551534,35.30525167699478],[139.22593743427706,35.30504821843005],[139.22601390698216,35.30498860510948],[139.22613795181937,35.30497239660509],[139.2263189002299,35.30498055645817],[139.22663292097198,35.305110081141734],[139.2266293500676,35.3051281610221],[139.22685495849007,35.30533456230597],[139.22703591930969,35.30541046461291],[139.2270793261783,35.30545948242734],[139.22711284085776,35.305850899942286],[139.229055595033,35.30655832225038],[139.22886513642587,35.306256680913386],[139.22854762952252,35.30590137933217],[139.22820726051637,35.305553568222145],[139.2280139737162,35.30517050752988],[139.22790765826863,35.30491069156556],[139.22787156155968,35.304502149673695],[139.2279461808889,35.30420035227948],[139.22821820292597,35.30391186510255],[139.22841179488537,35.303744388277416],[139.2285378587231,35.303698751866385],[139.22877996502518,35.303597710189976],[139.2288184705955,35.303583747943755],[139.22864457299903,35.30329120302396],[139.22858434774193,35.303314845709835],[139.22853224790794,35.303331908379846],[139.22850046924478,35.30333674958136],[139.22828444730794,35.303320390363105],[139.22783688212436,35.30323217405209],[139.22772486531125,35.30321978403281],[139.22777807041297,35.30308294372435],[139.22806965840186,35.30313228500489],[139.22843874436913,35.30312835316622],[139.22864560474412,35.30294946549302],[139.22914860130098,35.30295359284532],[139.22917135605405,35.30300137990931],[139.2292355057815,35.303132045161504],[139.22933249752117,35.30326491620545],[139.22951909400246,35.303385840708614],[139.22971933073222,35.30348049663547],[139.23003008407693,35.303465353906994],[139.2302019318186,35.30351303821374],[139.2303473446191,35.30360403965457],[139.23052862033651,35.3038870422845],[139.23064114630293,35.303975838242444],[139.2308807637791,35.304118291406255],[139.2310838803615,35.3042944340484],[139.23122206362498,35.304457156285075],[139.2313465666485,35.30464600654467],[139.23142811668495,35.30482302466334],[139.2314848944509,35.3049171051063],[139.23162293444554,35.30497152143449],[139.23193457592927,35.30494736493147],[139.23222980278499,35.304976294146044],[139.23242182954633,35.30504337019811],[139.23281703775095,35.305394893677565],[139.23304132096797,35.30568972533627],[139.23322969183872,35.305792696791464],[139.23345269663366,35.30577161958056],[139.23439599101835,35.30583508683639],[139.2346902996381,35.30587294917109],[139.2349618313804,35.30591830312511],[139.23521978771524,35.306098161984366],[139.23569389054333,35.30665350968055],[139.23615866350278,35.30708191458639],[139.23644682544807,35.30729079237586],[139.2365301962345,35.30744986034678],[139.23662430523055,35.307562221186565],[139.2366583290411,35.307602880433876],[139.2366612399249,35.30768627217917],[139.23664428424948,35.30787216808519],[139.23669057087906,35.308009575135294],[139.236969666725,35.30804369528606],[139.2370312903978,35.3080462523189],[139.23706207767148,35.308106472915426],[139.2371252208358,35.30822994824607],[139.23698721749312,35.30824546502277],[139.23697547432985,35.30852300387414],[139.23697712550398,35.30862610708056],[139.23689566512002,35.30889745632146],[139.23673258420368,35.30943881669241],[139.2366723893332,35.30968062407848],[139.23663339872948,35.309865989206045],[139.2366349067318,35.309959091978705],[139.2366396912472,35.31024973920717],[139.23665591863832,35.3105968493575],[139.23662613928542,35.310633320856724],[139.23622218819293,35.310706394170886],[139.2362370628821,35.310845335877964],[139.2363611574844,35.31088770819884],[139.2364292674791,35.31099001263941],[139.23642664097503,35.311020209317206],[139.23642058800073,35.31108982539656],[139.23634501339498,35.31128472644335],[139.23637518779017,35.3113174094831],[139.23651989958137,35.311360235102235],[139.2368121582028,35.311275976780124],[139.23698068062734,35.311358213213786],[139.23702508551634,35.31153011644916],[139.23730538254995,35.3115774836076],[139.23733578578236,35.31165523591148],[139.23735679431957,35.31175477265115],[139.23739735723814,35.31194693834891],[139.23739775399594,35.31202172589076],[139.2371727277838,35.312263636401546],[139.23713509374474,35.31249266803301],[139.23753324798062,35.31250237727753],[139.23755221758242,35.312528314975836],[139.23769550026023,35.31276675959592],[139.2377076005639,35.31291540569173],[139.2375135485581,35.313227396420885],[139.23746284562992,35.31334052270148],[139.2374355563205,35.31344158120653],[139.2374934807692,35.31355686345709],[139.23753320884228,35.31360494506117],[139.23772019650812,35.313953108159645],[139.23763840835696,35.31408713734065],[139.23761759993639,35.314142244064286],[139.23766433029758,35.314249160441825],[139.2378424627473,35.314504325925085],[139.2381598421033,35.31478102262769],[139.23803479411364,35.31503835516705],[139.2380044066946,35.31508735859118]]]]}},{"type":"Feature","properties":{"area_id":"142061350","city":"小田原市","ward":"","town":"曽我光海","chome":"","num_households":233},"geometry":{"type":"MultiPolygon","coordinates":[[[[139.18451445120655,35.30120668716504],[139.1848978396405,35.30145225239155],[139.18502779013292,35.3016861748105],[139.18513755270726,35.301914637450935],[139.18449794164235,35.3024955312121],[139.18439855686208,35.302586751983156],[139.18437692219902,35.30260663446725],[139.18363538570344,35.30329901398108],[139.18305066862993,35.30384498514865],[139.18285127155323,35.30403516695188],[139.18250424969796,35.30401034158454],[139.18191183286282,35.30398693934168],[139.18204504210468,35.302665138674826],[139.18208689261337,35.302250037511065],[139.18209251239588,35.30211690708899],[139.18220712554378,35.301958731941035],[139.1823640016708,35.30180043288768],[139.1821648644265,35.301711688548885],[139.18192458543732,35.301670677352355],[139.1817541176022,35.30162757813173],[139.1824714020627,35.30072966983574],[139.18160861087395,35.30027624259265],[139.1813113484617,35.300095283891665],[139.18154148350783,35.299724154492814],[139.18157423344417,35.29964095606838],[139.18183591821514,35.29966828162054],[139.18203043530917,35.299775379800096],[139.18194537983797,35.299922306964284],[139.182082939582,35.29998205854655],[139.1822754506689,35.30009309000177],[139.18256233647833,35.300234626627066],[139.18277226859405,35.30035870749415],[139.1830762343605,35.30050223666967],[139.18345259762233,35.300690870617274],[139.18376754149665,35.300863750433216],[139.184120839559,35.30103690648308],[139.18428584807899,35.30103215969231],[139.18451445120655,35.30120668716504]]]]}},{"type":"Feature","properties":{"area_id":"142061360","city":"小田原市","ward":"","town":"東ケ丘","chome":"","num_households":2},"geometry":{"type":"MultiPolygon","coordinates":[[[[139.2383731993897,35.30429994455809],[139.23831568307676,35.30447613617305],[139.23831441680585,35.30453767788958],[139.23825435459486,35.30463329440995],[139.2381360756211,35.30493615531536],[139.23811676065338,35.305074858339964],[139.23778576963159,35.30572940925377],[139.2376698320799,35.30614016283798],[139.23751428939363,35.3064511481853],[139.237157474946,35.30692353139106],[139.2368798978918,35.30715750915546],[139.23644682544807,35.307290792375845],[139.23615866350278,35.30708191458639],[139.23569389054333,35.306653509680565],[139.23521978771524,35.30609816198439],[139.2349618313804,35.30591830312511],[139.2346902996381,35.30587294917109],[139.23466077272377,35.30561830530059],[139.23463202219958,35.305246346322626],[139.23451097562233,35.304913296574014],[139.234324114067,35.304575836117344],[139.23406591298087,35.304179433839245],[139.23380956378844,35.30376508383807],[139.2337756056813,35.30366351132078],[139.2339400182749,35.303566300162046],[139.23409524657563,35.30345038208232],[139.23428878215145,35.30328296493246],[139.23445226982813,35.3031946921655],[139.23474997179943,35.3029801153366],[139.234758726528,35.302794181327975],[139.23474826633878,35.30279138334112],[139.23466274565791,35.30276208924716],[139.23463970909089,35.30275211681412],[139.23459824768838,35.302706843777145],[139.23455668764566,35.30267509073391],[139.23448796566404,35.30260440307923],[139.23439963062495,35.30250214055341],[139.23432866870496,35.30243235664057],[139.23430566743352,35.30241780649595],[139.23427052250918,35.302413125988785],[139.23420446232555,35.30242456007704],[139.23418558297013,35.30215314085777],[139.23416086538978,35.301922255365334],[139.2340856091774,35.30184076042672],[139.23402248374845,35.30160517713918],[139.23398580185105,35.30150584550863],[139.23388395950425,35.30130168956368],[139.2338177858236,35.301246928849345],[139.23339414326603,35.300978789522134],[139.23341771548843,35.30082827888896],[139.2334088193536,35.30078802604751],[139.23330921924625,35.300699650029294],[139.23316660898433,35.30055500682322],[139.23300366003585,35.30027935403194],[139.23299622378724,35.300256783071056],[139.23311427019203,35.30025497317561],[139.2335311016756,35.30023992434491],[139.23373230527446,35.30024359532083],[139.233739337503,35.300163492439005],[139.2339363906109,35.29997229245181],[139.23412458500903,35.29982914467258],[139.23429386310613,35.29985188136647],[139.23444341339186,35.29998754399629],[139.23444482237915,35.300093884067415],[139.23459764875864,35.30009372281277],[139.23464229690566,35.3000967600461],[139.23470550168346,35.30001778000174],[139.2347381653735,35.29997998581934],[139.2347676342124,35.29985661588213],[139.23481318440707,35.299643258506634],[139.23481585241848,35.29957834509818],[139.23483878099626,35.29930445739148],[139.23484370570773,35.299283074237],[139.23494050923094,35.29930784612199],[139.23501897963786,35.29931992351349],[139.2350832639998,35.29932777502277],[139.2350847606689,35.29934623280989],[139.2350700618277,35.29940024229496],[139.2350398400881,35.299473962451835],[139.2350164516711,35.29951807035245],[139.2350097109832,35.29953514952584],[139.23500188376593,35.29955405313819],[139.23498187487021,35.29964690785114],[139.23500888374105,35.29964781629405],[139.23518692065772,35.29965946830148],[139.23519540957577,35.2995505011321],[139.23503384610632,35.29954153538632],[139.2350505836312,35.29950831020437],[139.23506396862004,35.2994813352442],[139.2350986330566,35.299404890099055],[139.23512544880563,35.29934460265628],[139.23512919723893,35.2993254671045],[139.2352725090334,35.29932208919668],[139.23540565585049,35.299305281879164],[139.23588016079069,35.29929719938727],[139.23588270529117,35.299301648339664],[139.23543303269108,35.29992926182181],[139.2354306964039,35.30024768570572],[139.23569090821607,35.30032312058519],[139.23583907332116,35.30043729567505],[139.23599881755698,35.30042498530166],[139.23644571528382,35.3006394291545],[139.23651325634629,35.30067187279829],[139.23669034247462,35.300467683410574],[139.23692364875544,35.30058664316954],[139.2369878684414,35.30053893254355],[139.23723189249597,35.300649211875545],[139.23732295299789,35.30056677659083],[139.2372172860375,35.30046154316336],[139.2371963016522,35.30041778005574],[139.2372509539123,35.30022179025806],[139.23731309745045,35.30013477585493],[139.23751267773986,35.29986724807647],[139.23757562934102,35.299828263996474],[139.23784944583628,35.30019332397612],[139.2378032714318,35.30045794403046],[139.23792340780392,35.30066401739496],[139.2384075555822,35.30091912902412],[139.23789364654078,35.301498339346495],[139.2373518084533,35.30127294130701],[139.23731989336449,35.30131419150607],[139.23732571562513,35.30138154037584],[139.2375707317783,35.30157963721527],[139.23760154899298,35.301688586355716],[139.23784165384785,35.30169490635459],[139.23781362993745,35.30206777888874],[139.23782402552578,35.30237344942654],[139.23784081432882,35.302674011290854],[139.23783839213564,35.30288215808727],[139.2378919676194,35.3034564814587],[139.23800274834278,35.303861097763516],[139.2383104256207,35.30413196612141],[139.2383731993897,35.30429994455809]]]]}}]}