{"type": "FeatureCollection", "features": [{"type": "Feature", "properties": {"area_id": "14213001001", "city": "大和市", "ward": "", "town": "中央林間", "chome": "1", "num_households": 1408}, "geometry": {"type": "Polygon", "coordinates": [[[139.44515045962734, 35.501074271715964], [139.4451526533598, 35.501074455191045], [139.4449323269359, 35.50154646547631], [139.44464213588992, 35.502168131725035], [139.4444928274867, 35.50249506436466], [139.44448650790392, 35.502501487439034], [139.44436447661573, 35.5030196304018], [139.4442432367476, 35.50353453961351], [139.44424262067642, 35.50353714393373], [139.44417716792347, 35.50457224295363], [139.4441762825016, 35.50458632211507], [139.44417305103295, 35.50508657222832], [139.44416301825703, 35.505648093628146], [139.443815817014, 35.50562267140376], [139.44342293123384, 35.505579113533976], [139.442960474205, 35.50554994421153], [139.44255700047034, 35.50552289634705], [139.44146967043537, 35.505428476061155], [139.44041024783388, 35.50534262060336], [139.44045434618937, 35.50503370111481], [139.4404693482915, 35.504928618268416], [139.44050416523885, 35.504684688401184], [139.44050458041525, 35.50468177598271], [139.44051844508127, 35.50458476127097], [139.44051918528268, 35.504574236866205], [139.44053579640106, 35.504337361973775], [139.4406002338229, 35.50379421790146], [139.44067390779244, 35.50324557481559], [139.44067483448154, 35.50323847577207], [139.44070897462308, 35.502976759015404], [139.44081059226386, 35.50219842485772], [139.44074243044233, 35.50218958229134], [139.4407536056977, 35.50216203168855], [139.44095963953936, 35.50165407094368], [139.44105578686666, 35.50164686766949], [139.44107817931024, 35.5016451901901], [139.44114654778258, 35.50158446773359], [139.4411108625507, 35.50156481623993], [139.44110697448653, 35.501532308870296], [139.44093994934522, 35.501470627730725], [139.44097447854344, 35.50144507280605], [139.44110329817877, 35.50104837380899], [139.44108641317612, 35.50104965844206], [139.44109873137603, 35.501022907410466], [139.4420871244053, 35.50096137442002], [139.44215727250645, 35.50096001269038], [139.44341891032727, 35.50093570643822], [139.44348496072445, 35.50093443330076], [139.443507068374, 35.500939291541194], [139.44353100041675, 35.500941267114804], [139.44471110418988, 35.50106317208176], [139.44513616199035, 35.50110186285451], [139.44515045962734, 35.501074271715964]]]}}, {"type": "Feature", "properties": {"area_id": "14213001002", "city": "大和市", "ward": "", "town": "中央林間", "chome": "2", "num_households": 1746}, "geometry": {"type": "Polygon", "coordinates": [[[139.44912068286922, 35.501285747807174], [139.44919280380913, 35.50128611706754], [139.44953765348748, 35.50128787393394], [139.4497699895433, 35.50128945258234], [139.44952296827947, 35.501975087719806], [139.4495160566032, 35.501994290253585], [139.44949037088205, 35.50206563614435], [139.4494228652749, 35.50234867155891], [139.44942080089675, 35.50235732752359], [139.44941558882766, 35.50237917685], [139.44932732011338, 35.502749248984124], [139.4491776569034, 35.5037302791001], [139.44914930632982, 35.50387051570972], [139.4491313972395, 35.50395910527622], [139.44902895592776, 35.50466260025905], [139.44898158978285, 35.504987879170464], [139.4486953033792, 35.50496507757916], [139.4484852883225, 35.50494910162881], [139.44827793975136, 35.50493344835869], [139.44773379291578, 35.50486846502231], [139.44665806967376, 35.50477641606459], [139.44612159125361, 35.504730550720254], [139.44558427378556, 35.504689152544394], [139.44525594315428, 35.50466213896043], [139.44507331399063, 35.50464709512989], [139.44490854497937, 35.50463351545855], [139.44417716792347, 35.50457224295363], [139.44424262067642, 35.50353714393373], [139.4442432367476, 35.50353453961351], [139.44436447661573, 35.5030196304018], [139.44448650790392, 35.502501487439034], [139.4444928274867, 35.50249506436466], [139.44464213588992, 35.502168131725035], [139.4449323269359, 35.50154646547631], [139.4451526533598, 35.501074455191045], [139.44515045962734, 35.501074271715964], [139.44515384811876, 35.50106777063505], [139.4451881647098, 35.50105016961178], [139.44536130134145, 35.50109472042293], [139.44603202234998, 35.501147522229246], [139.44609054317738, 35.50114679114427], [139.44654661627075, 35.501191310897916], [139.44656305578778, 35.50119270075126], [139.44697469299993, 35.50122906169723], [139.44707480584339, 35.5012378993044], [139.44709416800475, 35.501239469662615], [139.44758326028708, 35.50127911926862], [139.44760895635096, 35.5012812069023], [139.44811729549855, 35.50126546284652], [139.44820137760755, 35.501276889042266], [139.44871258292343, 35.50128336611527], [139.44875581256528, 35.50128392476983], [139.44912068286922, 35.501285747807174]]]}}, {"type": "Feature", "properties": {"area_id": "14213001003", "city": "大和市", "ward": "", "town": "中央林間", "chome": "3", "num_households": 1489}, "geometry": {"type": "Polygon", "coordinates": [[[139.44416301825703, 35.505648093628146], [139.44416291751335, 35.50565126229939], [139.44412823591279, 35.50667223447924], [139.4441280341272, 35.50667779621184], [139.4441057379112, 35.50730743254934], [139.44409163806077, 35.50770555779132], [139.44409059151906, 35.50773488013689], [139.444089437823, 35.508803626203736], [139.4436302460275, 35.50876348395593], [139.44325154945867, 35.5087389085335], [139.44216356397723, 35.508646706951666], [139.4416293426168, 35.50861061392703], [139.44128159085662, 35.508589580938725], [139.4410717268716, 35.508576908953685], [139.44053812078062, 35.50852933587173], [139.440009194178, 35.508484944410704], [139.43945613440295, 35.50843593265537], [139.43893258660867, 35.508392574735026], [139.43838617534502, 35.50834019930653], [139.43844194280942, 35.50765304279529], [139.43790385801623, 35.50763364335836], [139.43816838411294, 35.50727315333422], [139.43851928080164, 35.50679042606913], [139.43875553674138, 35.506468531264105], [139.43788329038136, 35.50603074803152], [139.43795052223894, 35.505711798261586], [139.4380052080729, 35.50553573940046], [139.43875748813394, 35.50590089523639], [139.43919803538154, 35.5061147322411], [139.43970868714092, 35.50636258606469], [139.4397289650688, 35.506372438273914], [139.44026973834067, 35.50639518012853], [139.44028168688067, 35.506373250498726], [139.44028280661766, 35.50636424166583], [139.44031432685338, 35.506106160230765], [139.44040488790623, 35.50536464222389], [139.44041024783388, 35.50534262060336], [139.44146967043537, 35.505428476061155], [139.44255700047034, 35.50552289634705], [139.442960474205, 35.50554994421153], [139.44342293123384, 35.505579113533976], [139.443815817014, 35.50562267140376], [139.44416301825703, 35.505648093628146]]]}}, {"type": "Feature", "properties": {"area_id": "14213001004", "city": "大和市", "ward": "", "town": "中央林間", "chome": "4", "num_households": 1585}, "geometry": {"type": "Polygon", "coordinates": [[[139.44417716792347, 35.50457224295363], [139.44490854497937, 35.50463351545855], [139.44507331399063, 35.50464709512989], [139.44525594315428, 35.50466213896043], [139.44558427378556, 35.504689152544394], [139.44612159125361, 35.504730550720254], [139.44665806967376, 35.50477641606459], [139.44773379291578, 35.50486846502231], [139.44827793975136, 35.50493344835869], [139.44848528832247, 35.5049491016288], [139.4486953033792, 35.50496507757916], [139.44898158978282, 35.504987879170464], [139.44883981222833, 35.50584366686834], [139.4487410642512, 35.50643970021202], [139.44868508157768, 35.5067776194712], [139.44860749891873, 35.507245895140336], [139.4486046659913, 35.507262009458294], [139.4485202730396, 35.50774011403298], [139.44840222040042, 35.50840890797926], [139.44827094290443, 35.50915276020409], [139.4482093243118, 35.50925075148221], [139.44776556448232, 35.50913405926456], [139.4472042969283, 35.50908750877259], [139.44668832004575, 35.50903483486651], [139.44615065166136, 35.50897991592443], [139.44564170710572, 35.50893406233605], [139.4450621729173, 35.50888182438825], [139.44439872996006, 35.50883445704497], [139.44408872189038, 35.50881770588407], [139.444089437823, 35.508803626203736], [139.44409059151906, 35.50773488013689], [139.44409163806077, 35.50770555779132], [139.4441057379112, 35.50730743254934], [139.4441280341272, 35.50667779621184], [139.44412823591279, 35.50667223447924], [139.44416291751335, 35.50565126229939], [139.44416301825703, 35.505648093628146], [139.44417305103295, 35.50508657222832], [139.4441762825016, 35.50458632211507], [139.44417716792347, 35.50457224295363]]]}}, {"type": "Feature", "properties": {"area_id": "14213001005", "city": "大和市", "ward": "", "town": "中央林間", "chome": "5", "num_households": 1748}, "geometry": {"type": "Polygon", "coordinates": [[[139.44408872189038, 35.50881770588407], [139.44406138778282, 35.509368610672425], [139.4440412949992, 35.50985546489008], [139.4440407068592, 35.50987010824755], [139.44400099224146, 35.51040734942263], [139.4439994098565, 35.51041427977148], [139.44395942589526, 35.510587890280654], [139.4439125369429, 35.510791577390435], [139.44388289099555, 35.51092022711051], [139.44386142685192, 35.51101338213037], [139.4438174214316, 35.51113544596212], [139.4437020693143, 35.51145540174883], [139.44349801169298, 35.512021324594905], [139.44343936917878, 35.51214432644515], [139.44322226099862, 35.51258596859059], [139.44310936428, 35.51246689352876], [139.44300899370143, 35.51241077284688], [139.44272825768397, 35.512224802455066], [139.44257666391627, 35.512155809963296], [139.4423842743439, 35.51207168928669], [139.44230046153427, 35.51203857486665], [139.44206569860648, 35.511945869667635], [139.4419551993882, 35.51190084095589], [139.44173880349612, 35.511812630390494], [139.44135269233232, 35.5116449460175], [139.44100378176248, 35.511505758700395], [139.4406897479775, 35.51137661217252], [139.44045130481487, 35.51129737906962], [139.4403967513268, 35.5112780182765], [139.44003851720078, 35.5111440110789], [139.43993069918346, 35.511106525422896], [139.43980667253683, 35.51106342604807], [139.43946973412787, 35.51095106646407], [139.43917713842524, 35.51081547168194], [139.43943252754949, 35.510316102091764], [139.43872678463808, 35.51004118126983], [139.43865911729316, 35.51007088819469], [139.43823665674878, 35.50987182362768], [139.43830997397126, 35.509691212979135], [139.43819507696486, 35.50965739925658], [139.43827330744298, 35.50943139100977], [139.43840459926759, 35.50915070302608], [139.43813391256214, 35.50900091839562], [139.43804952243292, 35.50853239124779], [139.43817080686375, 35.50836992517222], [139.43837521606358, 35.5083799448115], [139.43838617534502, 35.50834019930653], [139.43893258660867, 35.508392574735026], [139.43945613440295, 35.50843593265537], [139.440009194178, 35.508484944410704], [139.44053812078062, 35.50852933587173], [139.4410717268716, 35.508576908953685], [139.44128159085662, 35.508589580938725], [139.4416293426168, 35.50861061392703], [139.44216356397723, 35.508646706951666], [139.44325154945867, 35.5087389085335], [139.4436302460275, 35.50876348395593], [139.444089437823, 35.508803626203736], [139.44408872189038, 35.50881770588407]]]}}, {"type": "Feature", "properties": {"area_id": "14213001006", "city": "大和市", "ward": "", "town": "中央林間", "chome": "6", "num_households": 1311}, "geometry": {"type": "Polygon", "coordinates": [[[139.44735495076543, 35.51634732535979], [139.44735482567472, 35.516367983722304], [139.44735411720163, 35.516484969109996], [139.4473661561584, 35.51677159166092], [139.44727269237467, 35.51669474140952], [139.4470021286749, 35.51650985670654], [139.44679118595502, 35.51635825523876], [139.44667158321096, 35.51625214957402], [139.4463526129271, 35.51598807479498], [139.44607691422863, 35.515726813856844], [139.44607254977032, 35.51572227208677], [139.44578899588956, 35.51542717256317], [139.4456989701356, 35.51532943409261], [139.44533971643395, 35.514939404033406], [139.44499474874266, 35.51455804444587], [139.44492717065472, 35.51448045560469], [139.444718039802, 35.51424034422206], [139.444415171551, 35.51391713886183], [139.44426744231453, 35.513706312402824], [139.44414300452272, 35.513551221242146], [139.44401276808594, 35.513410474276306], [139.44382495449327, 35.513207441173854], [139.44382203718916, 35.51320468582052], [139.4437910891547, 35.513175473606594], [139.4435602660525, 35.512936261360416], [139.44322226099862, 35.51258596859059], [139.4434393691787, 35.51214432644515], [139.443498011693, 35.51202132459492], [139.4437020693143, 35.51145540174883], [139.44381742143156, 35.511135445962154], [139.44386142685192, 35.51101338213037], [139.44388289099555, 35.51092022711051], [139.4439125369429, 35.510791577390435], [139.44395942589526, 35.510587890280654], [139.4439994098565, 35.51041427977148], [139.44400099224146, 35.51040734942263], [139.4440407068592, 35.50987010824755], [139.4440412949992, 35.50985546489008], [139.44406138778282, 35.509368610672425], [139.44408872189038, 35.50881770588407], [139.44439872996006, 35.50883445704497], [139.4450621729173, 35.50888182438825], [139.44564170710572, 35.50893406233605], [139.44615065166136, 35.50897991592443], [139.44668832004575, 35.50903483486651], [139.4472042969283, 35.50908750877259], [139.44776556448232, 35.509134059264596], [139.4482093243118, 35.50925075148221], [139.44825217579512, 35.50926827745589], [139.4482230597396, 35.509278078971086], [139.44817819588374, 35.509684555113196], [139.44814455690394, 35.5099893213972], [139.44811926808833, 35.51009781355045], [139.44809501105158, 35.510201872600405], [139.44796515805666, 35.51075396898819], [139.4478968536779, 35.51101662993201], [139.4478550456102, 35.51124036503604], [139.44788886169889, 35.51123813677136], [139.44784569132048, 35.511482178064526], [139.4478440226834, 35.51148806688316], [139.44776024521167, 35.51178332769816], [139.447736805141, 35.51191243351295], [139.44770191668283, 35.51191400659817], [139.44767181419863, 35.512128172408815], [139.44759791361005, 35.512653906436576], [139.4476246075544, 35.51279024155386], [139.44761436181278, 35.51286395471747], [139.44760378573363, 35.51295046126868], [139.44759954418404, 35.512985164190646], [139.44759117953816, 35.513053576905065], [139.44758480687858, 35.51310476317398], [139.4475808595895, 35.51313646286923], [139.44757406992332, 35.51317339504169], [139.4475605246511, 35.513239147026844], [139.44753949801603, 35.51334772394241], [139.44753702262418, 35.51336049846654], [139.4475232277833, 35.51343100587249], [139.4475142151851, 35.51348010986476], [139.44750851196002, 35.51351117522176], [139.44750346336482, 35.51353536353138], [139.44749835632243, 35.51355981295659], [139.44749162897858, 35.51358411974048], [139.4474849354745, 35.51361570071663], [139.44747921816344, 35.51364267210901], [139.4474570012532, 35.51367775283935], [139.4474510066749, 35.51368995788364], [139.4474269427549, 35.5137389461125], [139.44741594037646, 35.5137705981817], [139.44740346773412, 35.513806469336856], [139.44738449104884, 35.51388437518632], [139.44736932197296, 35.51394460705808], [139.44735738028504, 35.51399199087996], [139.44735101468197, 35.51405431014502], [139.4473422890084, 35.514150571879256], [139.44734164585702, 35.514154060284014], [139.4473347371878, 35.51419149092357], [139.44732451818336, 35.514246860578744], [139.44732669496386, 35.514273303457244], [139.44732420245745, 35.514335485860194], [139.44732366874425, 35.514347884161715], [139.44732198471846, 35.51438693211813], [139.4473196768588, 35.51444047730218], [139.44732904653148, 35.514565852921784], [139.44734985483555, 35.514788395133266], [139.44738005860282, 35.51511142623403], [139.447398241861, 35.51530590910725], [139.44739120476237, 35.51564246563044], [139.44740383445168, 35.51563178181991], [139.44735495076543, 35.51634732535979]]]}}, {"type": "Feature", "properties": {"area_id": "14213001007", "city": "大和市", "ward": "", "town": "中央林間", "chome": "7", "num_households": 753}, "geometry": {"type": "Polygon", "coordinates": [[[139.4535790061523, 35.50705254714877], [139.45327099130765, 35.507006646120175], [139.4529309771312, 35.50695597394666], [139.45251223876872, 35.50689356876469], [139.45122550482608, 35.506701794609455], [139.45114921925523, 35.506690424104015], [139.4510820612268, 35.507102091657096], [139.45103112625412, 35.50741431665725], [139.4510118138122, 35.50753268473222], [139.45063851125227, 35.50748591658725], [139.45020604406469, 35.507431732099036], [139.44999565884194, 35.50740537238182], [139.4499841124371, 35.50740392577408], [139.4498021055638, 35.5073852000532], [139.4489404692593, 35.50729654672629], [139.44860466599127, 35.507262009458294], [139.44860749891873, 35.507245895140336], [139.44868508157768, 35.5067776194712], [139.4487410642512, 35.50643970021202], [139.44883981222833, 35.50584366686834], [139.44898158978282, 35.504987879170464], [139.44902895592776, 35.50466260025905], [139.4491313972395, 35.503959105276195], [139.44914930632982, 35.50387051570972], [139.4491776569034, 35.5037302791001], [139.44932732011338, 35.502749248984124], [139.44941558882766, 35.50237917685], [139.44942080089675, 35.50235732752359], [139.4494228652749, 35.50234867155891], [139.44949037088205, 35.50206563614435], [139.4495160566032, 35.501994290253585], [139.44952296827947, 35.501975087719806], [139.4497699895433, 35.50128945258234], [139.45028736430325, 35.50130178745207], [139.45102410813698, 35.50131934812047], [139.45122031682502, 35.50132259643233], [139.45133964074432, 35.501324572071006], [139.45135744077658, 35.501324866721724], [139.45148856635208, 35.50133545428841], [139.45161645438205, 35.50134577851449], [139.4516487078492, 35.50134838257307], [139.4520573742515, 35.50138835370437], [139.45212570918278, 35.50139503675069], [139.45235635174663, 35.501417595627], [139.45247591720258, 35.501429270760305], [139.45296809764724, 35.50150723923692], [139.45297106582737, 35.50150770617666], [139.4544337654035, 35.50171966050233], [139.45448988272162, 35.501708218496944], [139.45427788774595, 35.502908549542276], [139.45424457611603, 35.50309720952845], [139.45416569272564, 35.50354391647317], [139.4540817891307, 35.50407483264771], [139.4540808598523, 35.5040807049996], [139.45396626107615, 35.504805831965484], [139.4539390184761, 35.50497820254442], [139.45380881388442, 35.5056869504974], [139.4537160493188, 35.50622764535356], [139.4535790061523, 35.50705254714877]]]}}, {"type": "Feature", "properties": {"area_id": "14213001008", "city": "大和市", "ward": "", "town": "中央林間", "chome": "8", "num_households": 934}, "geometry": {"type": "Polygon", "coordinates": [[[139.4535790061523, 35.50705254714877], [139.45350906810552, 35.50747323023201], [139.45346314813614, 35.50774975747634], [139.45340031860792, 35.50812396026535], [139.45334559271262, 35.50844982486192], [139.45326956247683, 35.50890254344116], [139.453222550498, 35.50918245597757], [139.45321205211278, 35.50919837145522], [139.45319184466916, 35.50931029285896], [139.45318711285555, 35.509336541633644], [139.45309914506927, 35.50986243013742], [139.45301974889665, 35.51036078159427], [139.4530657601703, 35.51037319355862], [139.45300252077408, 35.510817650220766], [139.45275963252737, 35.510764718537025], [139.45263909197578, 35.510738434056876], [139.45216203629838, 35.510657249006584], [139.45215447293495, 35.5106532177003], [139.4521321385626, 35.51064131410665], [139.45089177195598, 35.51041960625058], [139.4503621771129, 35.51032558764133], [139.45033466025245, 35.5103207033897], [139.44974703806935, 35.51021634824798], [139.44970974553496, 35.510209725261106], [139.44968853146693, 35.51020595686517], [139.44912745974847, 35.51003560380684], [139.44883429873923, 35.509790045909426], [139.44876374656502, 35.50972228357249], [139.44874501009355, 35.5097042884735], [139.44825217579512, 35.50926827745589], [139.4482093243118, 35.50925075148221], [139.44827094290443, 35.50915276020409], [139.44840222040042, 35.50840890797926], [139.4485202730396, 35.50774011403298], [139.4486046659913, 35.507262009458294], [139.44894046925933, 35.50729654672627], [139.4498021055638, 35.5073852000532], [139.4499841124371, 35.50740392577408], [139.44999565884194, 35.50740537238182], [139.45020604406469, 35.507431732099036], [139.45063851125227, 35.50748591658725], [139.4510118138122, 35.50753268473222], [139.45103112625412, 35.50741431665725], [139.4510820612268, 35.507102091657096], [139.45114921925523, 35.506690424104015], [139.45122550482608, 35.506701794609455], [139.45251223876872, 35.50689356876469], [139.4529309771312, 35.50695597394666], [139.45327099130765, 35.507006646120175], [139.4535790061523, 35.50705254714877]]]}}, {"type": "Feature", "properties": {"area_id": "14213001009", "city": "大和市", "ward": "", "town": "中央林間", "chome": "9", "num_households": 491}, "geometry": {"type": "Polygon", "coordinates": [[[139.4508094785172, 35.515585398361516], [139.45078204840408, 35.515647695689076], [139.45074676162412, 35.51572783451371], [139.45072075447175, 35.51578689495567], [139.45045561545183, 35.51653668668326], [139.45036541353096, 35.5167643019958], [139.45030606367953, 35.516914062105165], [139.4501590125372, 35.51754476217269], [139.44990905015734, 35.51762674595974], [139.44969962262567, 35.51766125727883], [139.44942459769229, 35.51765232511205], [139.44916610916033, 35.5176071470766], [139.44886243731375, 35.517527673511935], [139.44865088259417, 35.517447393961916], [139.4486093604231, 35.51743163683995], [139.44832593355136, 35.51731494333826], [139.44803968932746, 35.51721140692941], [139.44796747879377, 35.517181815309215], [139.44784279921896, 35.51709210028237], [139.44766673444622, 35.51697717150367], [139.447421459031, 35.51681706467206], [139.4473661561584, 35.51677159166092], [139.44735411720163, 35.516484969109996], [139.44735482567478, 35.51636798372232], [139.44735495076543, 35.51634732535979], [139.44740383445168, 35.51563178181991], [139.4473912047624, 35.5156424656304], [139.447398241861, 35.51530590910725], [139.44738005860282, 35.51511142623403], [139.44734985483555, 35.514788395133266], [139.44732904653148, 35.514565852921784], [139.4473196768588, 35.51444047730218], [139.44732198471846, 35.51438693211813], [139.44732366874425, 35.514347884161715], [139.44732420245745, 35.514335485860194], [139.44732669496386, 35.514273303457244], [139.44732451818336, 35.514246860578744], [139.4473347371878, 35.51419149092357], [139.44734164585702, 35.514154060284014], [139.4473422890084, 35.514150571879256], [139.44735101468197, 35.51405431014502], [139.44735738028504, 35.51399199087996], [139.44736932197296, 35.51394460705808], [139.44738449104884, 35.51388437518632], [139.44740346773412, 35.513806469336856], [139.44741594037646, 35.5137705981817], [139.4474269427549, 35.5137389461125], [139.4474510066749, 35.51368995788364], [139.4474570012532, 35.51367775283935], [139.44747921816344, 35.51364267210901], [139.4474849354745, 35.51361570071663], [139.44749162897858, 35.51358411974048], [139.44749835632243, 35.51355981295659], [139.44750346336482, 35.51353536353138], [139.44750851196002, 35.51351117522176], [139.4475142151851, 35.51348010986476], [139.4475232277833, 35.51343100587249], [139.44753702262418, 35.51336049846654], [139.44753949801603, 35.51334772394241], [139.4475605246511, 35.513239147026844], [139.44757406992332, 35.51317339504169], [139.4475808595895, 35.51313646286923], [139.44758480687858, 35.51310476317398], [139.44759117953816, 35.513053576905065], [139.44759954418404, 35.512985164190646], [139.44760378573363, 35.51295046126868], [139.44761436181278, 35.51286395471747], [139.4476246075544, 35.51279024155386], [139.44759791361005, 35.512653906436576], [139.44767181419863, 35.512128172408815], [139.44770191668283, 35.51191400659817], [139.447736805141, 35.51191243351295], [139.44776024521167, 35.51178332769816], [139.4478440226834, 35.51148806688316], [139.44784569132048, 35.511482178064526], [139.44788886169889, 35.51123813677136], [139.4478550456102, 35.51124036503604], [139.4478968536779, 35.51101662993201], [139.44796515805666, 35.51075396898819], [139.44809501105158, 35.510201872600405], [139.4481192680884, 35.51009781355045], [139.44814455690394, 35.5099893213972], [139.44817819588374, 35.50968455511316], [139.4482230597396, 35.50927807897107], [139.44825217579512, 35.50926827745589], [139.44874501009355, 35.5097042884735], [139.44876374656502, 35.50972228357249], [139.44883429873923, 35.509790045909426], [139.44912745974847, 35.51003560380684], [139.44968853146693, 35.51020595686517], [139.44970974553496, 35.510209725261106], [139.44974703806935, 35.510216348247994], [139.45033466025245, 35.5103207033897], [139.4503621771129, 35.51032558764133], [139.45089177195598, 35.51041960625058], [139.4521321385626, 35.51064131410665], [139.45215447293495, 35.5106532177003], [139.45216203629838, 35.51065724900659], [139.45208411873145, 35.51107839360107], [139.45199971049917, 35.5115346152651], [139.45190628145266, 35.51203967934375], [139.4518392893749, 35.51243738838756], [139.45180176095343, 35.5126600669917], [139.4517694370467, 35.512830074909225], [139.4516797417415, 35.513301806074864], [139.45166810572184, 35.51329437615126], [139.45152984824634, 35.5140716731422], [139.4515266663237, 35.51408955972826], [139.45134298381566, 35.51478331596402], [139.45133981036787, 35.51479555775664], [139.45118313485926, 35.5153997593052], [139.45117900295062, 35.51539925344625], [139.45116313049405, 35.51545909135453], [139.45081195515564, 35.515548554798386], [139.4508094785172, 35.515585398361516]]]}}, {"type": "Feature", "properties": {"area_id": "14213002101", "city": "大和市", "ward": "", "town": "下鶴間", "chome": "1", "num_households": 0}, "geometry": {"type": "Polygon", "coordinates": [[[139.4595026224235, 35.48745572123869], [139.45908763238504, 35.48837422777238], [139.45887853630396, 35.488853596891545], [139.45885688336995, 35.48890324068236], [139.45874006722875, 35.489171068045486], [139.45838541848, 35.48998024261949], [139.45803456847315, 35.490794920781], [139.4576014529, 35.491754105806194], [139.45539083955157, 35.491093936804184], [139.4557912583225, 35.490152575434905], [139.45617470008156, 35.48933219561037], [139.4561780957249, 35.48932403811684], [139.45627798483233, 35.48908365491274], [139.45637682946034, 35.48884583615655], [139.45650175355257, 35.488545260120944], [139.45685322225788, 35.48773688876146], [139.45686840334253, 35.48770338523937], [139.45687521733592, 35.4876883448221], [139.45726838986482, 35.486820495668695], [139.45728271437164, 35.48678596851241], [139.4595026224235, 35.48745572123869]]]}}, {"type": "Feature", "properties": {"area_id": "14213002102", "city": "大和市", "ward": "", "town": "下鶴間", "chome": "2", "num_households": 1858}, "geometry": {"type": "Polygon", "coordinates": [[[139.4595026224235, 35.48745572123869], [139.45952192505396, 35.48746144943028], [139.46035118339285, 35.48770715892594], [139.46036975658615, 35.48771267295303], [139.4610266902148, 35.48794654174201], [139.46155809947817, 35.48815085565182], [139.46186331412505, 35.48826820082591], [139.4619090003571, 35.48828576899911], [139.46269627593267, 35.48847979479507], [139.46274325044956, 35.48852605821613], [139.4627761904163, 35.48853446251484], [139.46357130868338, 35.48873731554984], [139.46358625670453, 35.48876401085961], [139.46356735021394, 35.48886815942361], [139.46352428237515, 35.48910534417008], [139.46352254172646, 35.48911889273604], [139.46347287986202, 35.489507438178336], [139.46344358340022, 35.489736673251386], [139.46341509135573, 35.48995960906502], [139.4633831150883, 35.49020978330297], [139.46333282662712, 35.49060336075703], [139.46312376029576, 35.49154814287762], [139.46296015373775, 35.492287398767786], [139.46275991368063, 35.49320178928761], [139.4618974332875, 35.49298552028724], [139.46130554501943, 35.49281852994385], [139.46080210718446, 35.49268430891756], [139.4604430922083, 35.492588590945736], [139.4604251779078, 35.49258001542375], [139.46026959260664, 35.492539783635614], [139.45982833160193, 35.49241648923677], [139.45940184025446, 35.49229295863268], [139.45765829054986, 35.49177107410565], [139.4576014529, 35.491754105806194], [139.45803456847315, 35.490794920781], [139.45838541848, 35.48998024261949], [139.45874006722875, 35.489171068045486], [139.45885688336995, 35.48890324068236], [139.45887853630396, 35.488853596891545], [139.45908763238504, 35.48837422777238], [139.4595026224235, 35.48745572123869]]]}}, {"type": "Feature", "properties": {"area_id": "14213002153", "city": "大和市", "ward": "", "town": "下鶴間", "chome": "", "num_households": 2349}, "geometry": {"type": "Polygon", "coordinates": [[[139.4654308034324, 35.510076825657485], [139.46514962101398, 35.51050223263407], [139.46472944721071, 35.51121253139892], [139.46443242554994, 35.51198226357941], [139.46436892702528, 35.512146837592375], [139.4640183366405, 35.513743208254695], [139.46397593969877, 35.51435862453969], [139.4639995035534, 35.515062426668905], [139.46402212469235, 35.51573806375649], [139.46398883302686, 35.516142714534645], [139.46375143284007, 35.516981620176075], [139.4636036871604, 35.51728683474757], [139.4632270555961, 35.51782152273776], [139.46240934228524, 35.51860131660037], [139.46113244821046, 35.51927008996571], [139.46076946418341, 35.519409072840475], [139.45951473658204, 35.51969486678328], [139.45867595178092, 35.519885975942636], [139.45715798790135, 35.52019631729777], [139.45595307620874, 35.520442655482775], [139.45513392429694, 35.51932816752329], [139.45509018227725, 35.51928806939233], [139.45505742101173, 35.51925807515617], [139.45502881745014, 35.519231896411945], [139.454757322044, 35.51898328716854], [139.45456339853408, 35.519017397576384], [139.45439843180299, 35.51901216328682], [139.45427732411477, 35.51897576644191], [139.45410284380483, 35.51892335881345], [139.453855539999, 35.5188247411857], [139.45370068218025, 35.51877612617852], [139.45363329279692, 35.518755071896294], [139.45378190382874, 35.51857551870086], [139.4541230677091, 35.518138807420385], [139.45448077920273, 35.517680950324596], [139.45455073572154, 35.51759631162801], [139.45475637644907, 35.51734750563895], [139.45480428063865, 35.51728956112595], [139.45510018156799, 35.51694650581236], [139.45566970735157, 35.51628620594917], [139.4556809610118, 35.51627384746553], [139.45647810040924, 35.51540029090397], [139.45665597643173, 35.515184765304355], [139.45697556238838, 35.514797539985395], [139.4578910330913, 35.51347502370546], [139.4581665217524, 35.51308508407436], [139.4589953926811, 35.511911916732316], [139.45968741191572, 35.510898830280105], [139.45975193644637, 35.51080437987692], [139.45977613128127, 35.51076893687841], [139.45980211202536, 35.51077581434082], [139.4598538245089, 35.51076848092944], [139.46046120280903, 35.50988244317345], [139.46048782402002, 35.509843980535756], [139.46101966467037, 35.509075275108174], [139.461058065796, 35.50908704920951], [139.46109127899553, 35.50906213865536], [139.46113328113162, 35.50910224957033], [139.4611783784571, 35.509140497375846], [139.46134211998722, 35.50927936455418], [139.46151768462735, 35.50942826011912], [139.461642682871, 35.50953426832601], [139.46176974785604, 35.50964202846363], [139.46188836262812, 35.509742623042406], [139.46206340326495, 35.50989107202093], [139.46206717751934, 35.50989397404673], [139.46242391651296, 35.50968526834741], [139.46262403043502, 35.50956819308231], [139.4627110754109, 35.509305211566065], [139.46276666541874, 35.50928760903323], [139.46275895784558, 35.50924995132133], [139.46286685232758, 35.50915288300638], [139.4628893976137, 35.50914404552778], [139.4634400396027, 35.508928192057645], [139.46364748254385, 35.50888104000453], [139.46371483226986, 35.50884421825937], [139.46376491565016, 35.50855418600368], [139.46379445547768, 35.50853607854972], [139.46384092525557, 35.50892833193373], [139.46383542987223, 35.50893373661182], [139.46382793042437, 35.50912233815433], [139.46414711189058, 35.50916228202816], [139.4645438384037, 35.509195956334885], [139.4647067045398, 35.5092532547287], [139.46479573680878, 35.509314827621644], [139.46486381309919, 35.50937270619518], [139.4649244644539, 35.50940722181497], [139.46500096925982, 35.50961767026101], [139.46505052215133, 35.509743014116836], [139.46507678394963, 35.50978238526915], [139.46508296586617, 35.50982387527488], [139.46522178815403, 35.50999695701829], [139.4654308034324, 35.510076825657485]]]}}, {"type": "Feature", "properties": {"area_id": "14213002154", "city": "大和市", "ward": "", "town": "下鶴間", "chome": "", "num_households": 594}, "geometry": {"type": "Polygon", "coordinates": [[[139.45226951239863, 35.49774185406667], [139.4523788373998, 35.49792765278763], [139.45254035703454, 35.49820215491142], [139.4529449413878, 35.49886346873035], [139.45322882329774, 35.49932746818954], [139.4538659436512, 35.500397027786754], [139.45387089797433, 35.500405316245484], [139.45437161770246, 35.50122002549223], [139.45445717431437, 35.501430355533316], [139.45419240752582, 35.50153060100883], [139.45413949985542, 35.5016561502519], [139.45448988272162, 35.501708218496944], [139.4544337654035, 35.50171966050236], [139.45297106582737, 35.50150770617666], [139.45296809764724, 35.50150723923692], [139.45247591720252, 35.501429270760305], [139.45235635174657, 35.501417595627025], [139.45212570918278, 35.50139503675069], [139.4520573742515, 35.50138835370437], [139.4516487078492, 35.50134838257307], [139.45161645438205, 35.50134577851449], [139.45148856635208, 35.50133545428841], [139.45135744077658, 35.501324866721724], [139.45133964074432, 35.501324572071006], [139.45122031682502, 35.50132259643233], [139.45102410813692, 35.50131934812047], [139.45028736430322, 35.50130178745207], [139.4497699895433, 35.50128945258236], [139.45007586155648, 35.500858846196685], [139.4504520422114, 35.50032932588011], [139.4506777574782, 35.50001157869417], [139.45069736942983, 35.49998319752795], [139.4507903530206, 35.49984862074431], [139.45080572169542, 35.49983127817482], [139.45147613842613, 35.49886843613891], [139.45148518608704, 35.49885832573288], [139.4518026824149, 35.498397301326456], [139.4520950672891, 35.49797330289815], [139.45226951239863, 35.49774185406667]]]}}, {"type": "Feature", "properties": {"area_id": "14213002155", "city": "大和市", "ward": "", "town": "下鶴間", "chome": "", "num_households": 6431}, "geometry": {"type": "Polygon", "coordinates": [[[139.4677065167601, 35.50235845346173], [139.46778280965341, 35.502863650344025], [139.46785992825951, 35.50337430938383], [139.46822722201358, 35.50495147998642], [139.46829718328257, 35.50545650543017], [139.46830037360678, 35.50581582047396], [139.46828830705937, 35.50588415113264], [139.4682471385738, 35.50611683471233], [139.46819614551788, 35.506405018436546], [139.46819592448378, 35.506406276887844], [139.46818179075615, 35.50648614725128], [139.46814775991265, 35.506678508580976], [139.46787599785495, 35.50724400978245], [139.4674062745389, 35.50784684081097], [139.46735733603253, 35.50789632334419], [139.46672861422573, 35.50853202878118], [139.4664787918762, 35.50878461714758], [139.46637874803048, 35.50889750154236], [139.46574644882443, 35.50961093399974], [139.4654308034324, 35.510076825657485], [139.46522178815403, 35.50999695701829], [139.46508296586617, 35.50982387527488], [139.46507678394963, 35.50978238526915], [139.46505052215133, 35.509743014116836], [139.46500096925982, 35.50961767026101], [139.4649244644539, 35.50940722181497], [139.46486381309919, 35.50937270619518], [139.46479573680878, 35.509314827621644], [139.4647067045398, 35.5092532547287], [139.4645438384037, 35.509195956334885], [139.46414711189058, 35.50916228202816], [139.46382793042437, 35.50912233815433], [139.46383542987223, 35.50893373661182], [139.46384092525557, 35.50892833193373], [139.46379445547768, 35.50853607854972], [139.46376491565016, 35.50855418600368], [139.46371483226986, 35.50884421825937], [139.46364748254385, 35.50888104000453], [139.4634400396027, 35.508928192057645], [139.4628893976137, 35.50914404552778], [139.46286685232758, 35.50915288300638], [139.46275895784558, 35.50924995132133], [139.46276666541874, 35.50928760903323], [139.4627110754109, 35.509305211566065], [139.46262403043502, 35.50956819308231], [139.46242391651296, 35.50968526834741], [139.46206717751934, 35.50989397404673], [139.46206340326495, 35.50989107202093], [139.46188836262812, 35.509742623042406], [139.46176974785604, 35.50964202846363], [139.461642682871, 35.50953426832601], [139.46151768462735, 35.50942826011912], [139.46134211998722, 35.50927936455418], [139.4611783784571, 35.509140497375846], [139.46113328113162, 35.50910224957033], [139.46109127899553, 35.50906213865536], [139.461058065796, 35.50908704920951], [139.46101966467037, 35.509075275108174], [139.46144482313014, 35.50845626240003], [139.46201332402765, 35.50768061869943], [139.4623769738935, 35.50717289462341], [139.46249368636927, 35.50699400321732], [139.4628645090018, 35.50650713681651], [139.46347828717313, 35.50571186846109], [139.4635073987211, 35.50567418511595], [139.46390420036, 35.50515426479182], [139.46432928970287, 35.50456856118681], [139.46431996005646, 35.504564765653825], [139.46366625677206, 35.504299353323255], [139.46302459203332, 35.504038835842074], [139.46271633326813, 35.503913668330604], [139.46260809314347, 35.50387301911157], [139.46225147695796, 35.50373903838255], [139.4615930093552, 35.5034917017129], [139.46139088651006, 35.50341576374178], [139.4613872763016, 35.50341441517722], [139.46113730181824, 35.50331319073793], [139.46028749774064, 35.50296913804841], [139.46022685292087, 35.502944585470146], [139.460152830008, 35.50291721062814], [139.45920763794047, 35.50256768340773], [139.45912196944928, 35.50253601852908], [139.4586094879452, 35.50232145630116], [139.45859427272364, 35.502315072709656], [139.4566817242773, 35.50203651034138], [139.45664415961124, 35.5020308317648], [139.45588539873387, 35.5019165122635], [139.45540076247244, 35.501843491161296], [139.45534895743629, 35.50183568976708], [139.45448988272162, 35.501708218496944], [139.45413949985544, 35.5016561502519], [139.45419240752582, 35.50153060100883], [139.45445717431437, 35.501430355533316], [139.45437161770246, 35.50122002549223], [139.45387089797433, 35.500405316245484], [139.4538659436512, 35.500397027786754], [139.45322882329774, 35.49932746818954], [139.4529449413878, 35.49886346873035], [139.45254035703454, 35.49820215491142], [139.4523788373998, 35.49792765278763], [139.45226951239863, 35.49774185406667], [139.45232298972832, 35.49766244145416], [139.4524252678245, 35.49751055876282], [139.452511296012, 35.49737367158408], [139.4525456995765, 35.49731896640411], [139.45278937514317, 35.496796313651124], [139.45304265803128, 35.49622655223065], [139.45305744854804, 35.49622128162988], [139.45345866113752, 35.49529892121336], [139.45370676142414, 35.494728538979736], [139.4537086756294, 35.4947242494283], [139.45381527903967, 35.49448712683895], [139.45424873372858, 35.49352298897583], [139.45425656498503, 35.493505551854454], [139.45458216283788, 35.492778674057504], [139.454673973451, 35.492573681985654], [139.45494418657077, 35.49194963936405], [139.45531663430464, 35.49108951542277], [139.45539083955157, 35.491093936804184], [139.4576014529, 35.491754105806194], [139.45765829054986, 35.49177107410565], [139.45940184025446, 35.49229295863268], [139.45982833160193, 35.49241648923677], [139.46026959260664, 35.492539783635614], [139.4604251779078, 35.49258001542375], [139.4604430922083, 35.492588590945736], [139.46080210718446, 35.49268430891756], [139.46130554501943, 35.49281852994385], [139.4618974332875, 35.49298552028724], [139.46275991368063, 35.49320178928761], [139.46296015373775, 35.492287398767786], [139.46312376029576, 35.49154814287762], [139.46333282662712, 35.49060336075703], [139.4633831150883, 35.49020978330297], [139.46341509135573, 35.48995960906502], [139.46344358340022, 35.489736673251386], [139.46347287986202, 35.489507438178336], [139.46352254172646, 35.48911889273604], [139.46352428237515, 35.48910534417008], [139.46356735021394, 35.48886815942361], [139.46358625670453, 35.48876401085961], [139.4640528131564, 35.48886965838488], [139.46448152317254, 35.48896673844182], [139.46530338060393, 35.48932118110729], [139.46524131169934, 35.48967599813804], [139.46514436958984, 35.49024679810088], [139.46613550771062, 35.49043724455337], [139.46623982213396, 35.49042918665312], [139.4665238341914, 35.490763311159114], [139.46654514946212, 35.49087564622076], [139.46699546409857, 35.49175360524645], [139.46721512907428, 35.491933860739294], [139.46801199874446, 35.493060163615326], [139.46844821677948, 35.49399510986981], [139.46842025738175, 35.494179218984435], [139.46830499033322, 35.49451321281661], [139.46814504306047, 35.494767328118805], [139.4680219275703, 35.49489488594112], [139.467901940011, 35.49492095720197], [139.46745848685808, 35.49498993620559], [139.46700594533445, 35.495078986857884], [139.46659249715967, 35.49519635444297], [139.46633731967333, 35.49532434818724], [139.46598943615655, 35.495622656389415], [139.4657642116976, 35.49585660137544], [139.4656836004453, 35.495971366251396], [139.46555366434913, 35.49607302271778], [139.4653998468077, 35.49623642510518], [139.46518283228113, 35.49650123225561], [139.46492612288583, 35.49687769040347], [139.46485737728494, 35.49705177605448], [139.46481957253332, 35.49726830755684], [139.46484319999578, 35.497580153448204], [139.46487599635117, 35.49781795673198], [139.46501747367077, 35.49814048259246], [139.4650911945496, 35.498242277117406], [139.4652935717985, 35.49842952327303], [139.4655440312533, 35.49862983951092], [139.46609226514377, 35.49900358108223], [139.46635435945774, 35.4992027702605], [139.4664664384199, 35.49930735825638], [139.4665841218121, 35.49943861412733], [139.46671069373406, 35.49965058577369], [139.46689559233198, 35.499989827705384], [139.4670855513356, 35.500381329349715], [139.4671901338084, 35.50064815384614], [139.46724098840028, 35.500751671929955], [139.4672744875859, 35.5008180667648], [139.46740180004716, 35.50116191892394], [139.46747532422938, 35.50138432413812], [139.4676613605007, 35.502166201827336], [139.4677065167601, 35.50235845346173]]]}}, {"type": "Feature", "properties": {"area_id": "14213004001", "city": "大和市", "ward": "", "town": "つきみ野", "chome": "1", "num_households": 1210}, "geometry": {"type": "Polygon", "coordinates": [[[139.45448988272162, 35.501708218496944], [139.45534895743629, 35.50183568976708], [139.45540076247244, 35.501843491161296], [139.45588539873387, 35.5019165122635], [139.45664415961124, 35.5020308317648], [139.4566817242773, 35.50203651034138], [139.45859427272364, 35.502315072709656], [139.4586094879452, 35.50232145630116], [139.45912196944928, 35.50253601852908], [139.45920763794047, 35.50256768340773], [139.460152830008, 35.50291721062814], [139.46022685292087, 35.502944585470146], [139.46028749774064, 35.50296913804841], [139.46113730181824, 35.50331319073793], [139.4613872763016, 35.50341441517722], [139.46104041397652, 35.50405597016161], [139.4606427977482, 35.504785371351616], [139.46023285038245, 35.505535215838066], [139.45994086180346, 35.506049566541414], [139.45940347188596, 35.50583054800492], [139.4588534825449, 35.50572235868601], [139.45757267080234, 35.50543013792409], [139.4571123417753, 35.505331062997136], [139.4566184881534, 35.505272331150245], [139.45619424413255, 35.505221876299224], [139.45572158776858, 35.50517169234679], [139.4548355036851, 35.50507646333862], [139.4539390184761, 35.50497820254442], [139.45396626107615, 35.504805831965484], [139.4540808598523, 35.5040807049996], [139.4540817891307, 35.50407483264771], [139.45416569272564, 35.50354391647317], [139.45424457611603, 35.50309720952845], [139.45427788774595, 35.502908549542276], [139.45448988272162, 35.501708218496944]]]}}, {"type": "Feature", "properties": {"area_id": "14213004002", "city": "大和市", "ward": "", "town": "つきみ野", "chome": "2", "num_households": 389}, "geometry": {"type": "Polygon", "coordinates": [[[139.4613872763016, 35.50341441517722], [139.46139088651006, 35.50341576374178], [139.4615930093552, 35.5034917017129], [139.46225147695796, 35.50373903838255], [139.46260809314347, 35.50387301911157], [139.46271633326813, 35.503913668330604], [139.46302459203332, 35.504038835842074], [139.46366625677206, 35.504299353323255], [139.46431996005646, 35.504564765653825], [139.46432928970287, 35.50456856118681], [139.46390420036, 35.50515426479182], [139.4635073987211, 35.50567418511595], [139.46347828717313, 35.50571186846109], [139.4628645090018, 35.50650713681651], [139.46249368636927, 35.50699400321732], [139.46128338676036, 35.506531291223205], [139.45994086180346, 35.506049566541414], [139.46023285038245, 35.505535215838066], [139.4606427977482, 35.504785371351616], [139.46104041397652, 35.50405597016161], [139.4613872763016, 35.50341441517722]]]}}, {"type": "Feature", "properties": {"area_id": "14213004003", "city": "大和市", "ward": "", "town": "つきみ野", "chome": "3", "num_households": 636}, "geometry": {"type": "Polygon", "coordinates": [[[139.45767735957946, 35.51024006426921], [139.4572224929176, 35.51012827063443], [139.45601813484808, 35.50984853550585], [139.45594067505317, 35.50985540926467], [139.45321205211278, 35.50919837145522], [139.453222550498, 35.5091824559776], [139.45326956247683, 35.50890254344116], [139.45334559271262, 35.50844982486192], [139.45340031860792, 35.50812396026535], [139.45346314813614, 35.50774975747634], [139.45350906810552, 35.50747323023201], [139.4535790061523, 35.50705254714877], [139.4537160493188, 35.50622764535356], [139.45380881388442, 35.5056869504974], [139.4539390184761, 35.50497820254442], [139.4548355036851, 35.50507646333862], [139.45572158776858, 35.50517169234679], [139.45619424413255, 35.505221876299224], [139.4566184881534, 35.505272331150245], [139.4571123417753, 35.505331062997136], [139.45757267080234, 35.50543013792409], [139.4588534825449, 35.50572235868601], [139.45940347188596, 35.50583054800492], [139.45994086180346, 35.506049566541414], [139.45954604233387, 35.50677505647917], [139.45911995076085, 35.50753925873958], [139.45869707292158, 35.50831635073267], [139.45830526541695, 35.50906900095557], [139.4581424479266, 35.509372627803884], [139.45767735957946, 35.51024006426921]]]}}, {"type": "Feature", "properties": {"area_id": "14213004004", "city": "大和市", "ward": "", "town": "つきみ野", "chome": "4", "num_households": 525}, "geometry": {"type": "Polygon", "coordinates": [[[139.45994086180346, 35.506049566541414], [139.46128338676036, 35.506531291223205], [139.46249368636927, 35.50699400321732], [139.4623769738935, 35.50717289462341], [139.46201332402765, 35.50768061869943], [139.46144482313014, 35.50845626240003], [139.46101966467037, 35.509075275108174], [139.46048782402002, 35.509843980535756], [139.46046120280903, 35.50988244317345], [139.4598538245089, 35.51076848092944], [139.45980211202536, 35.51077581434082], [139.45977613128127, 35.51076893687841], [139.45924235818163, 35.510626666945015], [139.45920106891617, 35.51061566421856], [139.45858634445037, 35.51045864474065], [139.45818032894093, 35.51036101517342], [139.45767735957946, 35.51024006426921], [139.4581424479266, 35.509372627803884], [139.45830526541695, 35.50906900095557], [139.45869707292158, 35.50831635073267], [139.45911995076085, 35.50753925873958], [139.45954604233387, 35.50677505647917], [139.45994086180346, 35.506049566541414]]]}}, {"type": "Feature", "properties": {"area_id": "14213004005", "city": "大和市", "ward": "", "town": "つきみ野", "chome": "5", "num_households": 664}, "geometry": {"type": "Polygon", "coordinates": [[[139.45321205211278, 35.50919837145522], [139.45594067505317, 35.50985540926467], [139.45601813484808, 35.50984853550585], [139.4572224929176, 35.51012827063443], [139.45767735957946, 35.51024006426921], [139.45818032894093, 35.51036101517342], [139.45858634445037, 35.51045864474065], [139.45920106891617, 35.51061566421856], [139.45924235818163, 35.510626666945015], [139.45977613128127, 35.51076893687841], [139.45975193644637, 35.51080437987692], [139.45968741191572, 35.510898830280105], [139.4589953926811, 35.511911916732316], [139.4581665217524, 35.51308508407436], [139.4578910330913, 35.51347502370546], [139.4576610676918, 35.51336429053667], [139.45739808014815, 35.51324208222037], [139.4567785062377, 35.51292917887984], [139.45674764210384, 35.512883104670216], [139.45673360130164, 35.51286214420983], [139.45650874915972, 35.51256971397799], [139.45633510371488, 35.51211065754146], [139.4563327285457, 35.51210574138299], [139.45631787368598, 35.512075008074], [139.45616727212723, 35.51170788293794], [139.45610406698415, 35.51165008682725], [139.4558126700316, 35.511463024390245], [139.45496754676304, 35.51122606900954], [139.45435154973063, 35.51110201043922], [139.45339235246047, 35.51090260321241], [139.45300252077408, 35.510817650220766], [139.4530657601703, 35.51037319355862], [139.45301974889665, 35.51036078159427], [139.45309914506927, 35.50986243013742], [139.45318711285555, 35.509336541633644], [139.45319184466916, 35.50931029285896], [139.45321205211278, 35.50919837145522]]]}}, {"type": "Feature", "properties": {"area_id": "14213004006", "city": "大和市", "ward": "", "town": "つきみ野", "chome": "6", "num_households": 431}, "geometry": {"type": "Polygon", "coordinates": [[[139.45388653878862, 35.51379651370319], [139.45343339420197, 35.51458742884889], [139.45299778198967, 35.515356952421946], [139.45278161733336, 35.51526903261745], [139.45209467281683, 35.51504219114966], [139.45134298381566, 35.51478331596402], [139.4515266663237, 35.51408955972826], [139.45152984824634, 35.5140716731422], [139.45166810572184, 35.51329437615126], [139.4516797417415, 35.513301806074914], [139.4517694370467, 35.512830074909225], [139.45180176095343, 35.5126600669917], [139.4518392893749, 35.51243738838756], [139.45190628145266, 35.51203967934375], [139.45199971049917, 35.5115346152651], [139.45208411873145, 35.51107839360107], [139.45216203629838, 35.510657249006584], [139.45263909197578, 35.510738434056876], [139.45275963252737, 35.510764718537025], [139.45300252077408, 35.510817650220766], [139.45339235246047, 35.51090260321241], [139.45435154973063, 35.51110201043922], [139.45496754676304, 35.51122606900954], [139.4558126700316, 35.511463024390245], [139.45610406698415, 35.51165008682725], [139.45616727212723, 35.51170788293794], [139.4551823701365, 35.51221238165594], [139.4546888413138, 35.51250949566286], [139.45443196080208, 35.512859511012614], [139.45441145762976, 35.51288744366407], [139.45388653878862, 35.51379651370319]]]}}, {"type": "Feature", "properties": {"area_id": "14213004007", "city": "大和市", "ward": "", "town": "つきみ野", "chome": "7", "num_households": 371}, "geometry": {"type": "Polygon", "coordinates": [[[139.45616727212723, 35.51170788293794], [139.45631787368598, 35.512075008074], [139.4563327285457, 35.51210574138299], [139.45633510371488, 35.51211065754146], [139.45650874915972, 35.51256971397799], [139.45673360130164, 35.51286214420983], [139.45674764210384, 35.512883104670216], [139.4567785062377, 35.51292917887984], [139.45739808014815, 35.51324208222037], [139.4576610676918, 35.51336429053667], [139.4578910330913, 35.51347502370546], [139.45697556238838, 35.514797539985395], [139.45665597643173, 35.515184765304355], [139.45647810040924, 35.51540029090397], [139.4556809610118, 35.51627384746553], [139.45566970735157, 35.51628620594917], [139.45529687166334, 35.5161532146099], [139.45445056132434, 35.51585132760097], [139.45374289298036, 35.51559738648804], [139.45299778198967, 35.515356952421946], [139.45343339420197, 35.51458742884889], [139.45388653878862, 35.51379651370319], [139.45441145762982, 35.51288744366407], [139.45443196080208, 35.512859511012635], [139.4546888413138, 35.51250949566286], [139.4551823701365, 35.51221238165594], [139.45616727212723, 35.51170788293794]]]}}, {"type": "Feature", "properties": {"area_id": "14213004008", "city": "大和市", "ward": "", "town": "つきみ野", "chome": "8", "num_households": 546}, "geometry": {"type": "Polygon", "coordinates": [[[139.45566970735157, 35.51628620594917], [139.45510018156799, 35.51694650581236], [139.45480428063865, 35.51728956112595], [139.45475637644907, 35.51734750563895], [139.45455073572154, 35.51759631162801], [139.45448077920273, 35.517680950324596], [139.4541230677091, 35.518138807420385], [139.45378190382874, 35.51857551870086], [139.45363329279692, 35.518755071896294], [139.45327715176052, 35.518658049077], [139.45307444296608, 35.518591609687526], [139.4529666090616, 35.518499097515146], [139.45290274001698, 35.51840760401261], [139.45288247071818, 35.51831325186156], [139.4528425928372, 35.51802924504358], [139.4528091129994, 35.51790475093953], [139.45270238121418, 35.51770630129591], [139.45260935868146, 35.51756890951464], [139.45249961931145, 35.517506071473115], [139.45233525949365, 35.517546396647674], [139.4520607714049, 35.517724180329644], [139.45191440997408, 35.51781040168445], [139.4518174363294, 35.51784417865756], [139.45165692361644, 35.51783547292752], [139.45158718771583, 35.51782842227063], [139.45144201137137, 35.517837119691556], [139.45134320803297, 35.51787511479714], [139.4511288410742, 35.517888909852346], [139.4510489694812, 35.51790376241582], [139.45083331381227, 35.51799817817331], [139.45076048557092, 35.51798038005785], [139.45056524371387, 35.51793913500759], [139.45039660919392, 35.51787177929497], [139.45023066319428, 35.51774711420997], [139.4501590125372, 35.51754476217269], [139.45030606367953, 35.516914062105165], [139.45036541353096, 35.5167643019958], [139.45045561545177, 35.51653668668326], [139.45072075447175, 35.51578689495567], [139.45074676162412, 35.51572783451371], [139.45078204840405, 35.515647695689076], [139.4508094785172, 35.515585398361516], [139.45081195515564, 35.515548554798386], [139.45116313049405, 35.51545909135456], [139.45117900295062, 35.51539925344625], [139.45118313485932, 35.515399759305176], [139.45133981036787, 35.51479555775664], [139.45134298381566, 35.51478331596402], [139.45209467281683, 35.51504219114967], [139.45278161733336, 35.51526903261745], [139.45299778198967, 35.515356952421946], [139.45374289298036, 35.51559738648804], [139.45445056132434, 35.51585132760097], [139.45529687166334, 35.5161532146099], [139.45566970735157, 35.51628620594917]]]}}, {"type": "Feature", "properties": {"area_id": "14213007001", "city": "大和市", "ward": "", "town": "林間", "chome": "1", "num_households": 1747}, "geometry": {"type": "Polygon", "coordinates": [[[139.44955791765, 35.4926411000808], [139.45038707241082, 35.49313732993818], [139.4504097053476, 35.493150872272935], [139.45065102463445, 35.49329528307868], [139.4506514533313, 35.49329553141654], [139.4510332273613, 35.493530003739714], [139.45105550995603, 35.49354369885472], [139.45145026718717, 35.493755185496696], [139.451457915875, 35.493758659667066], [139.45169610237716, 35.49386653865023], [139.45192848860844, 35.49397182781721], [139.45206511124923, 35.49403372520384], [139.45211370672047, 35.49405500146897], [139.45244063678683, 35.49419811514651], [139.4524577823706, 35.49420524572819], [139.4532961067089, 35.494553058798836], [139.4537086756294, 35.4947242494283], [139.45370676142414, 35.494728538979736], [139.45345866113752, 35.49529892121336], [139.45305744854804, 35.49622128162988], [139.45304265803128, 35.49622655223065], [139.45278937514317, 35.496796313651124], [139.45254569957643, 35.49731896640411], [139.452511296012, 35.49737367158408], [139.4524252678245, 35.49751055876282], [139.45232298972832, 35.49766244145416], [139.45226951239863, 35.49774185406667], [139.45209506728904, 35.497973302898174], [139.4518026824149, 35.498397301326456], [139.45165379226682, 35.49832378510585], [139.45119532654365, 35.49813153481582], [139.45074640396433, 35.49794325662905], [139.4506185310216, 35.49786910108586], [139.44991108875516, 35.49751070589852], [139.44919437274396, 35.497084191788566], [139.4482882913037, 35.49658824788975], [139.44781862756332, 35.496309697607856], [139.44820428422648, 35.495751101052484], [139.448403423554, 35.49539898362319], [139.44848710925353, 35.49514070748615], [139.44835184234023, 35.49506522177253], [139.4483825568008, 35.49500039504231], [139.448483321318, 35.494787708633474], [139.44859923629673, 35.49454303962999], [139.44882840207907, 35.4940592393926], [139.44884550278658, 35.494057181863276], [139.4492759535727, 35.49324728149261], [139.44936273968406, 35.493059562264634], [139.44952365627702, 35.49271136638461], [139.44955791765, 35.4926411000808]]]}}, {"type": "Feature", "properties": {"area_id": "14213007002", "city": "大和市", "ward": "", "town": "林間", "chome": "2", "num_households": 1712}, "geometry": {"type": "Polygon", "coordinates": [[[139.4497699895433, 35.50128945258234], [139.44953765348748, 35.50128787393394], [139.44919280380913, 35.50128611706754], [139.44912068286922, 35.501285747807174], [139.44875581256534, 35.5012839247698], [139.44871258292343, 35.501283366115246], [139.44820137760755, 35.501276889042266], [139.44811729549855, 35.50126546284652], [139.44760895635096, 35.5012812069023], [139.44758326028708, 35.50127911926862], [139.44709416800475, 35.501239469662615], [139.44707480584339, 35.5012378993044], [139.44697469299993, 35.50122906169723], [139.44656305578778, 35.50119270075126], [139.44654661627075, 35.501191310897916], [139.44609054317738, 35.50114679114427], [139.44603202234998, 35.501147522229246], [139.44536130134145, 35.50109472042293], [139.4451881647098, 35.50105016961178], [139.44515384811876, 35.50106777063505], [139.44575830618297, 35.49990200677911], [139.44584611953874, 35.49976368185346], [139.44612299576582, 35.4992222601807], [139.44626871584347, 35.49895065699363], [139.44641360165866, 35.498699328875176], [139.4464746478717, 35.49859344971391], [139.4465303969903, 35.49849674174543], [139.44666218008925, 35.498239492603744], [139.44680256753315, 35.49796544326315], [139.4468784217274, 35.497824373750696], [139.4471505985081, 35.49731832994355], [139.4473116010315, 35.49701897054954], [139.4473154321208, 35.497010181055444], [139.4474971501896, 35.496592565059004], [139.44759438865074, 35.4964001295064], [139.4475981527022, 35.49636050065188], [139.44771909625825, 35.4964238317501], [139.44779814509587, 35.49629854257326], [139.44781862756332, 35.496309697607856], [139.4482882913037, 35.49658824788975], [139.44919437274396, 35.497084191788566], [139.44991108875516, 35.49751070589852], [139.4506185310216, 35.49786910108586], [139.45074640396433, 35.49794325662905], [139.45119532654365, 35.49813153481582], [139.45165379226682, 35.49832378510585], [139.4518026824149, 35.498397301326456], [139.45148518608704, 35.49885832573288], [139.45147613842613, 35.49886843613891], [139.45080572169542, 35.499831278174796], [139.4507903530206, 35.49984862074431], [139.45069736942983, 35.49998319752795], [139.4506777574782, 35.50001157869417], [139.4504520422114, 35.50032932588011], [139.45007586155648, 35.500858846196685], [139.4497699895433, 35.50128945258234]]]}}, {"type": "Feature", "properties": {"area_id": "14213008001", "city": "大和市", "ward": "", "town": "鶴間", "chome": "1", "num_households": 1820}, "geometry": {"type": "Polygon", "coordinates": [[[139.45376074944673, 35.48580193101278], [139.45428941643257, 35.485972046627914], [139.4552419908044, 35.48627043640665], [139.45613765906606, 35.48652220532542], [139.45726838986482, 35.486820495668695], [139.45687521733592, 35.4876883448221], [139.45686840334253, 35.48770338523937], [139.45685322225788, 35.48773688876146], [139.45650175355257, 35.488545260120944], [139.45637682946034, 35.48884583615655], [139.45627798483233, 35.48908365491274], [139.4561780957249, 35.48932403811684], [139.45617470008156, 35.48933219561037], [139.4557912583225, 35.490152575434905], [139.45539083955157, 35.491093936804184], [139.45531663430464, 35.49108951542277], [139.45480320976802, 35.49093558246391], [139.45457285420392, 35.490866529482666], [139.4543739446929, 35.49081169153457], [139.45372277173647, 35.490620914380926], [139.45340773299705, 35.49052861370616], [139.45332914455975, 35.49050558748251], [139.45214961182413, 35.490159091286976], [139.45161893414036, 35.49000473650945], [139.4515119949855, 35.48996789196491], [139.45121919498072, 35.48988444885675], [139.45122867555207, 35.48986511548591], [139.4510555654246, 35.489808699034946], [139.45130580415545, 35.489330532763], [139.45154994005793, 35.48886401953785], [139.45156671783718, 35.4888307685441], [139.45161298702953, 35.488742163262565], [139.4519860567896, 35.48807367022351], [139.4520068551753, 35.488036382732105], [139.45215993726586, 35.48772938535634], [139.45238270531624, 35.487288687579394], [139.4524275099422, 35.48720004061915], [139.45269760883158, 35.486654404091006], [139.45279791217504, 35.48649196476752], [139.45284328830672, 35.48641849273971], [139.45294626698225, 35.486217579816596], [139.45303873023366, 35.486037159320766], [139.45324180272522, 35.48563493812451], [139.45376074944673, 35.48580193101278]]]}}, {"type": "Feature", "properties": {"area_id": "14213008002", "city": "大和市", "ward": "", "town": "鶴間", "chome": "2", "num_households": 1671}, "geometry": {"type": "Polygon", "coordinates": [[[139.45121919498072, 35.48988444885675], [139.4515119949855, 35.48996789196491], [139.45161893414036, 35.49000473650945], [139.45214961182413, 35.490159091286976], [139.45332914455975, 35.49050558748251], [139.45340773299705, 35.49052861370616], [139.45372277173647, 35.490620914380926], [139.4543739446929, 35.49081169153457], [139.45457285420392, 35.490866529482666], [139.45480320976802, 35.49093558246391], [139.45531663430464, 35.49108951542277], [139.45494418657077, 35.49194963936405], [139.454673973451, 35.492573681985654], [139.45458216283788, 35.492778674057504], [139.45425656498503, 35.493505551854454], [139.45424873372858, 35.49352298897583], [139.45381527903967, 35.49448712683895], [139.4537086756294, 35.4947242494283], [139.4532961067089, 35.494553058798836], [139.4524577823706, 35.49420524572819], [139.45244063678683, 35.49419811514651], [139.45211370672047, 35.49405500146897], [139.45206511124923, 35.49403372520384], [139.45192848860844, 35.49397182781721], [139.45169610237716, 35.49386653865023], [139.451457915875, 35.493758659667066], [139.45145026718717, 35.493755185496696], [139.45105550995603, 35.49354369885472], [139.4510332273613, 35.493530003739714], [139.4506514533313, 35.49329553141654], [139.45065102463445, 35.49329528307868], [139.4504097053476, 35.493150872272935], [139.45038707241082, 35.49313732993818], [139.44955791765, 35.4926411000808], [139.44983659269442, 35.49211968033252], [139.4499124396908, 35.49197772681384], [139.45008318340632, 35.49165594105389], [139.45015776363425, 35.49151538117054], [139.4501752286378, 35.491482414671566], [139.4502955675476, 35.49125558163009], [139.45039616416003, 35.4909874269861], [139.45088732408664, 35.49056021643405], [139.45089410729366, 35.49054640284561], [139.45098974582984, 35.49035163346162], [139.45121919498072, 35.48988444885675]]]}}, {"type": "Feature", "properties": {"area_id": "14213009001", "city": "大和市", "ward": "", "town": "南林間", "chome": "1", "num_households": 1460}, "geometry": {"type": "Polygon", "coordinates": [[[139.44781862756332, 35.496309697607856], [139.44779814509587, 35.49629854257326], [139.44771909625825, 35.4964238317501], [139.4475981527022, 35.49636050065188], [139.44740436261844, 35.49626011495378], [139.447444219817, 35.496082987000655], [139.44733335331296, 35.49605549170283], [139.44737651825537, 35.49590678432578], [139.4474269123337, 35.495786193688375], [139.44735056240555, 35.49575264680532], [139.4463908078444, 35.49529473281895], [139.4463659068533, 35.49531595281165], [139.4462277520261, 35.495248730796334], [139.44618358980435, 35.49522724265835], [139.4459010082157, 35.4950897457258], [139.4454545941602, 35.49488753289088], [139.44514218683204, 35.494735729762596], [139.4449794739329, 35.494656674036804], [139.44451243213422, 35.49442978191744], [139.44476761147374, 35.49409127913852], [139.44497794062863, 35.49381223867575], [139.445194891095, 35.49354388391406], [139.44554050855427, 35.49303833659101], [139.44586903756004, 35.492620360673094], [139.44652461758082, 35.49172233534899], [139.44697675847598, 35.49194002986481], [139.4469811368906, 35.49193363594973], [139.44745368696647, 35.49215193361663], [139.4474642527842, 35.49217555464135], [139.44789660551564, 35.49239101217053], [139.44801543920164, 35.492450249507705], [139.4480182894792, 35.4924516700701], [139.4483725175256, 35.492628152353234], [139.4483887152224, 35.49259915909631], [139.4487857137071, 35.492799257064924], [139.44910891923666, 35.4929450800613], [139.44936273968406, 35.493059562264634], [139.4492759535727, 35.49324728149261], [139.44884550278658, 35.494057181863276], [139.44882840207907, 35.4940592393926], [139.44859923629673, 35.49454303962999], [139.448483321318, 35.494787708633474], [139.4483825568008, 35.49500039504231], [139.44835184234023, 35.49506522177253], [139.44848710925353, 35.49514070748615], [139.448403423554, 35.49539898362319], [139.44820428422648, 35.495751101052484], [139.44781862756332, 35.496309697607856]]]}}, {"type": "Feature", "properties": {"area_id": "14213009002", "city": "大和市", "ward": "", "town": "南林間", "chome": "2", "num_households": 974}, "geometry": {"type": "Polygon", "coordinates": [[[139.44451243213422, 35.49442978191744], [139.4449794739329, 35.494656674036804], [139.44514218683204, 35.494735729762596], [139.4454545941602, 35.49488753289088], [139.4459010082157, 35.4950897457258], [139.44618358980435, 35.49522724265835], [139.4462277520261, 35.495248730796334], [139.4463659068533, 35.49531595281165], [139.4463908078444, 35.49529473281895], [139.44735056240555, 35.49575264680532], [139.4474269123337, 35.495786193688375], [139.44737651825537, 35.49590678432578], [139.44733335331296, 35.49605549170283], [139.447444219817, 35.496082987000655], [139.44740436261844, 35.49626011495378], [139.4475981527022, 35.49636050065188], [139.44759438865074, 35.4964001295064], [139.4474971501896, 35.496592565059004], [139.4473154321208, 35.497010181055444], [139.4473116010315, 35.49701897054954], [139.4471505985081, 35.49731832994355], [139.4468784217274, 35.497824373750696], [139.44680256753315, 35.49796544326315], [139.44666218008925, 35.498239492603744], [139.4465303969903, 35.49849674174543], [139.4464746478717, 35.49859344971391], [139.44641360165866, 35.498699328875176], [139.44626871584347, 35.49895065699363], [139.445976997417, 35.498799417589304], [139.44571293739392, 35.49866802841183], [139.4455904673099, 35.49860708930941], [139.4453285648877, 35.498476772027395], [139.4443970088256, 35.49802613892325], [139.44346397512268, 35.4975628217729], [139.44298244634192, 35.49732841786253], [139.442550552039, 35.49713296697297], [139.44272986769934, 35.496877280849304], [139.44318533271658, 35.49622395216467], [139.4435177837143, 35.495774526002904], [139.44385395959466, 35.49532007610115], [139.44451243213422, 35.49442978191744]]]}}, {"type": "Feature", "properties": {"area_id": "14213009003", "city": "大和市", "ward": "", "town": "南林間", "chome": "3", "num_households": 495}, "geometry": {"type": "Polygon", "coordinates": [[[139.442550552039, 35.49713296697297], [139.44298244634192, 35.49732841786253], [139.44346397512268, 35.4975628217729], [139.4443970088256, 35.49802613892325], [139.4453285648877, 35.498476772027395], [139.4455904673099, 35.49860708930941], [139.44571293739392, 35.49866802841183], [139.445976997417, 35.498799417589304], [139.44626871584347, 35.49895065699363], [139.44612299576582, 35.4992222601807], [139.44584611953874, 35.49976368185346], [139.44575830618297, 35.49990200677911], [139.44515384811876, 35.50106777063505], [139.44515045962734, 35.501074271715964], [139.44513616199035, 35.50110186285451], [139.44471110418988, 35.50106317208176], [139.4438601253928, 35.50049760335202], [139.443420369793, 35.50023794090549], [139.44324822120078, 35.50013629385462], [139.44300301203273, 35.499991501978826], [139.44271954213727, 35.499809406767284], [139.44269069615018, 35.4997911140481], [139.4425654849176, 35.49973742907202], [139.44232598418517, 35.49963474144177], [139.44228913312193, 35.4996169865063], [139.4420604653203, 35.4995068109612], [139.44203621723932, 35.499495183586994], [139.44178257730317, 35.499373559309674], [139.4414647884194, 35.4992899936478], [139.44120804260382, 35.49919973985754], [139.44107165882076, 35.49915179728361], [139.44122459320988, 35.498904689833914], [139.44142998528935, 35.498637259354965], [139.4418681173583, 35.49803640528433], [139.442550552039, 35.49713296697297]]]}}, {"type": "Feature", "properties": {"area_id": "14213009004", "city": "大和市", "ward": "", "town": "南林間", "chome": "4", "num_households": 831}, "geometry": {"type": "Polygon", "coordinates": [[[139.4437124371279, 35.49033492033129], [139.4437106621173, 35.49035438267972], [139.44418468537538, 35.49057507347567], [139.44464951300313, 35.49080126012124], [139.44467239003393, 35.4907979527923], [139.4451265412827, 35.49101568936105], [139.4456097801707, 35.4912462598644], [139.44654477515743, 35.49169345963185], [139.44652461758082, 35.49172233534899], [139.44586903756004, 35.492620360673094], [139.44554050855427, 35.49303833659101], [139.445194891095, 35.49354388391406], [139.44497794062863, 35.49381223867575], [139.44476761147374, 35.49409127913852], [139.44451243213422, 35.49442978191744], [139.4435946974855, 35.49397956217798], [139.4432782550392, 35.49381760063683], [139.4431174387899, 35.493747982843345], [139.44297777851983, 35.49367505273559], [139.4426603086336, 35.49352111274221], [139.44224917049903, 35.49331917238574], [139.44219897447744, 35.49329144590437], [139.44172121094272, 35.4930677452537], [139.44175159080785, 35.49302672203737], [139.4424039132984, 35.49212665855612], [139.44273899958037, 35.49167279995635], [139.44275412628468, 35.49165232440272], [139.44304273273252, 35.49124707664071], [139.4430560931571, 35.491217335908814], [139.4437124371279, 35.49033492033129]]]}}, {"type": "Feature", "properties": {"area_id": "14213009005", "city": "大和市", "ward": "", "town": "南林間", "chome": "5", "num_households": 828}, "geometry": {"type": "Polygon", "coordinates": [[[139.44451243213422, 35.49442978191744], [139.44385395959466, 35.49532007610115], [139.4435177837143, 35.495774526002904], [139.44318533271658, 35.49622395216467], [139.44272986769934, 35.496877280849304], [139.442550552039, 35.49713296697297], [139.44207892644408, 35.49689936555642], [139.4416192658602, 35.496667912979305], [139.44110879537857, 35.496419961189886], [139.4406962469427, 35.49622290943795], [139.44018714097257, 35.49597006480306], [139.43974386916713, 35.49576118713579], [139.43974421735174, 35.495760695932134], [139.4397549983826, 35.4957655880865], [139.4400072574454, 35.49540438362647], [139.4400099847541, 35.49540065128336], [139.44040480805631, 35.494860294863564], [139.44042101929972, 35.49483809726634], [139.44057272454998, 35.49463829666134], [139.44106472272543, 35.493962793758726], [139.44107144143646, 35.493944615050495], [139.44130039878678, 35.49363560596629], [139.44172121094272, 35.4930677452537], [139.44219897447744, 35.49329144590437], [139.44224917049903, 35.49331917238574], [139.4426603086336, 35.49352111274221], [139.44297777851983, 35.49367505273559], [139.4431174387899, 35.493747982843345], [139.4432782550392, 35.49381760063683], [139.4435946974855, 35.49397956217798], [139.44451243213422, 35.49442978191744]]]}}, {"type": "Feature", "properties": {"area_id": "14213009006", "city": "大和市", "ward": "", "town": "南林間", "chome": "6", "num_households": 1544}, "geometry": {"type": "Polygon", "coordinates": [[[139.44322470177377, 35.489869858673224], [139.44362545039905, 35.48999118194848], [139.44388364721573, 35.49006938124288], [139.44370122552652, 35.49032970958488], [139.4437124371279, 35.49033492033129], [139.4430560931571, 35.491217335908814], [139.44304273273252, 35.49124707664071], [139.44275412628468, 35.49165232440272], [139.44273899958037, 35.49167279995635], [139.4424039132984, 35.49212665855612], [139.44175159080785, 35.49302672203737], [139.4414114016277, 35.49287101577564], [139.44111228260815, 35.492734099328594], [139.44079529891462, 35.492588252619605], [139.44033625595162, 35.49237615181167], [139.4398662965923, 35.4921434533371], [139.4394347145079, 35.4919342174417], [139.4389998527779, 35.491726694193545], [139.43900812895214, 35.49169820475193], [139.43860204550109, 35.49158505329811], [139.437950188422, 35.49140341738303], [139.43728305703326, 35.491217520049666], [139.4355298092059, 35.490726824935], [139.43554000332747, 35.490693341430145], [139.43565877096327, 35.49030287074301], [139.43570223786423, 35.490157434791755], [139.43583106251208, 35.48972626357054], [139.4358352645676, 35.489712230048696], [139.43587382821056, 35.489583220467914], [139.4360524813702, 35.48908729057117], [139.43609438331893, 35.4889709307132], [139.43617039601165, 35.48878169852771], [139.43625699698396, 35.48856620242702], [139.43627168594975, 35.488529600724156], [139.43637136335485, 35.488281511167926], [139.43637475712728, 35.48827423455061], [139.43646930498116, 35.48807129744913], [139.43652382275494, 35.48787573016669], [139.4365996783375, 35.48760369344046], [139.4383405290848, 35.4881174396024], [139.43835687824463, 35.48811076798099], [139.44005634747117, 35.488586963188226], [139.44014936682134, 35.48851002039627], [139.4405880416821, 35.488718293408255], [139.440750828385, 35.48879644259854], [139.44100274170825, 35.488917369579084], [139.44133444819178, 35.48906984850782], [139.44194623430968, 35.48935108597453], [139.44257976660305, 35.48964009940348], [139.44289411493654, 35.48978677881446], [139.44322092855745, 35.48988435128209], [139.44322470177377, 35.489869858673224]]]}}, {"type": "Feature", "properties": {"area_id": "14213009007", "city": "大和市", "ward": "", "town": "南林間", "chome": "7", "num_households": 1267}, "geometry": {"type": "Polygon", "coordinates": [[[139.44172121094272, 35.4930677452537], [139.44130039878678, 35.49363560596629], [139.44107144143646, 35.493944615050495], [139.44106472272543, 35.493962793758726], [139.44057272454998, 35.49463829666134], [139.44042101929972, 35.49483809726634], [139.44040480805631, 35.494860294863564], [139.4400099847541, 35.49540065128336], [139.4400072574454, 35.49540438362647], [139.4397549983826, 35.4957655880865], [139.43974421735174, 35.495760695932134], [139.43882294346383, 35.4953409944408], [139.43880662607847, 35.49533235165348], [139.43840862231332, 35.49512118558657], [139.43839294448676, 35.495113565727], [139.43787540304422, 35.49486258343834], [139.4378668501577, 35.494921067797435], [139.43613560087283, 35.49443226013113], [139.4352177965052, 35.49416292720294], [139.43462087432962, 35.49393842278996], [139.4344248269733, 35.49378552116088], [139.4344314748341, 35.49376480698187], [139.4344348848299, 35.493754185852104], [139.43443899731972, 35.493741349577526], [139.43451573216623, 35.49350283077343], [139.43460344588382, 35.493229987711906], [139.43460833410208, 35.493216579107546], [139.43464499650645, 35.4931159854232], [139.43465080078673, 35.493100020209624], [139.43472861883487, 35.4928864675874], [139.43484864119756, 35.49255725848572], [139.43488394886901, 35.49246034548781], [139.43502325374934, 35.49207085656374], [139.4351417765124, 35.4917395660498], [139.43520097276547, 35.49158256363179], [139.4354020314112, 35.49104928284735], [139.43541360236202, 35.49102009231552], [139.4354529934849, 35.49092070065535], [139.4355298092059, 35.490726824935], [139.43728305703326, 35.491217520049666], [139.437950188422, 35.49140341738303], [139.43860204550109, 35.49158505329811], [139.43900812895214, 35.49169820475193], [139.4389998527779, 35.491726694193545], [139.4394347145079, 35.4919342174417], [139.4398662965923, 35.4921434533371], [139.44033625595162, 35.49237615181167], [139.44079529891462, 35.492588252619605], [139.44111228260815, 35.492734099328594], [139.4414114016277, 35.49287101577564], [139.44175159080785, 35.49302672203737], [139.44172121094272, 35.4930677452537]]]}}, {"type": "Feature", "properties": {"area_id": "14213009008", "city": "大和市", "ward": "", "town": "南林間", "chome": "8", "num_households": 1013}, "geometry": {"type": "Polygon", "coordinates": [[[139.44107165882076, 35.49915179728361], [139.44087911980125, 35.499078451635405], [139.44081396297426, 35.49909021379189], [139.44069932621778, 35.49907016711819], [139.44056564759765, 35.4990467905793], [139.44023957663427, 35.49906444551704], [139.44008792832068, 35.49901171696786], [139.43993963376283, 35.49896012656847], [139.43938030537421, 35.49879594086681], [139.4391850452545, 35.49873402519748], [139.4391227559529, 35.498818880648585], [139.43886232492872, 35.498717678729584], [139.43864795355142, 35.49864543494906], [139.43830528034727, 35.49852995135723], [139.4379111326155, 35.49839711889688], [139.43782529211984, 35.49836818730178], [139.43744592033997, 35.49835003568499], [139.43732598739635, 35.49833697717054], [139.4372515376174, 35.49828502096067], [139.43715674407974, 35.49837814978125], [139.43703316508174, 35.49829171189612], [139.43692782023874, 35.49840158611206], [139.43692743614733, 35.498401985881245], [139.43667718533095, 35.4982451529086], [139.43676402702923, 35.49807947638479], [139.4367785280798, 35.498019815693446], [139.43675283329034, 35.49790398012544], [139.4368053564779, 35.49779145856166], [139.43712236849086, 35.49692548907016], [139.4374533387726, 35.49602140247809], [139.43749375017794, 35.49591046121268], [139.43759425964683, 35.495634391870354], [139.43759946341046, 35.495620781033516], [139.4378668501577, 35.494921067797435], [139.43787540304422, 35.49486258343834], [139.43839294448676, 35.495113565727], [139.43840862231332, 35.49512118558657], [139.43880662607847, 35.49533235165348], [139.43882294346383, 35.4953409944408], [139.43974421735174, 35.495760695932134], [139.43974386916713, 35.49576118713579], [139.44018714097257, 35.49597006480306], [139.4406962469427, 35.49622290943795], [139.44110879537857, 35.496419961189886], [139.4416192658602, 35.496667912979305], [139.44207892644408, 35.49689936555642], [139.442550552039, 35.49713296697297], [139.4418681173583, 35.49803640528433], [139.44142998528935, 35.498637259354965], [139.44122459320988, 35.498904689833914], [139.44107165882076, 35.49915179728361]]]}}, {"type": "Feature", "properties": {"area_id": "14213009009", "city": "大和市", "ward": "", "town": "南林間", "chome": "9", "num_households": 126}, "geometry": {"type": "Polygon", "coordinates": [[[139.4344248269733, 35.49378552116088], [139.43462087432962, 35.49393842278996], [139.4352177965052, 35.49416292720294], [139.43613560087283, 35.49443226013113], [139.4378668501577, 35.494921067797435], [139.43759946341046, 35.495620781033516], [139.43759425964683, 35.495634391870354], [139.43749375017794, 35.49591046121268], [139.4374533387726, 35.49602140247809], [139.43712236849086, 35.49692548907016], [139.4368053564779, 35.49779145856166], [139.43675283329034, 35.49790398012544], [139.4367785280798, 35.498019815693446], [139.43676402702923, 35.49807947638479], [139.43667718533095, 35.498245152908616], [139.43659868894957, 35.498394802310884], [139.43654322282708, 35.498536815427514], [139.436516568304, 35.49853743424911], [139.43648909554415, 35.49853808508467], [139.43580888651763, 35.498335223515404], [139.43479897622905, 35.498034024139216], [139.43478259540703, 35.49802921794453], [139.43398397372226, 35.49778757933571], [139.43304722797208, 35.49750416234878], [139.43305712557554, 35.497479162859975], [139.43341553176037, 35.496573433649615], [139.43368432723952, 35.49582471198022], [139.4337317295247, 35.49570316043009], [139.43390751449334, 35.49525221977152], [139.43392422770935, 35.49520735180962], [139.4341244138601, 35.49466234449035], [139.4344248269733, 35.49378552116088]]]}}, {"type": "Feature", "properties": {"area_id": "14213010001", "city": "大和市", "ward": "", "town": "西鶴間", "chome": "1", "num_households": 1414}, "geometry": {"type": "Polygon", "coordinates": [[[139.44955791765, 35.4926411000808], [139.44952365627702, 35.49271136638461], [139.44936273968406, 35.493059562264634], [139.44910891923666, 35.4929450800613], [139.4487857137071, 35.492799257064924], [139.4483887152224, 35.49259915909631], [139.4483725175256, 35.492628152353234], [139.4480182894792, 35.4924516700701], [139.44801543920164, 35.492450249507705], [139.44789660551564, 35.49239101217053], [139.4474642527842, 35.49217555464135], [139.44745368696647, 35.49215193361663], [139.4469811368906, 35.49193363594973], [139.44697675847598, 35.49194002986481], [139.44652461758082, 35.49172233534899], [139.44654477515743, 35.49169345963185], [139.44716720517457, 35.49081171537992], [139.44757353149527, 35.49025627637512], [139.447984401325, 35.48971296242241], [139.44807098573517, 35.48959463258258], [139.44818118069236, 35.489148511499856], [139.4482701866733, 35.48882033141864], [139.44831874226512, 35.48864125799946], [139.44831850609665, 35.488239848159964], [139.44849432888367, 35.4879513736806], [139.44853163921897, 35.48797317912977], [139.44899358147643, 35.48838122935583], [139.44949509933016, 35.48882422012605], [139.44975434932954, 35.48905320520788], [139.44974753925038, 35.489063745139845], [139.44992021771313, 35.489210463650465], [139.45015794594417, 35.48940213212456], [139.45018587670197, 35.489458725042724], [139.4505455895798, 35.48962983203977], [139.45078849212152, 35.48972167413025], [139.4508304642453, 35.48973753339628], [139.45104952806795, 35.48982029816946], [139.4510555654246, 35.489808699034946], [139.45122867555207, 35.48986511548591], [139.45121919498072, 35.48988444885675], [139.45098974582984, 35.49035163346162], [139.45089410729366, 35.49054640284561], [139.45088732408664, 35.49056021643405], [139.45039616416003, 35.4909874269861], [139.4502955675476, 35.49125558163009], [139.4501752286378, 35.491482414671566], [139.45015776363425, 35.49151538117054], [139.45008318340632, 35.49165594105389], [139.4499124396908, 35.49197772681384], [139.44983659269442, 35.49211968033252], [139.44955791765, 35.4926411000808]]]}}, {"type": "Feature", "properties": {"area_id": "14213010002", "city": "大和市", "ward": "", "town": "西鶴間", "chome": "2", "num_households": 1308}, "geometry": {"type": "Polygon", "coordinates": [[[139.44849432888367, 35.4879513736806], [139.44831850609665, 35.488239848159964], [139.44831874226512, 35.48864125799946], [139.4482701866733, 35.48882033141864], [139.44818118069236, 35.489148511499856], [139.44807098573517, 35.48959463258258], [139.447984401325, 35.48971296242241], [139.44757353149527, 35.49025627637512], [139.44716720517457, 35.49081171537992], [139.44654477515743, 35.49169345963185], [139.4456097801707, 35.4912462598644], [139.4451265412827, 35.49101568936105], [139.44467239003393, 35.4907979527923], [139.44464951300313, 35.49080126012124], [139.44418468537538, 35.49057507347567], [139.4437106621173, 35.49035438267972], [139.4437124371279, 35.49033492033129], [139.44370122552652, 35.49032970958488], [139.44388364721573, 35.49006938124288], [139.44362545039905, 35.48999118194848], [139.44322470177377, 35.489869858673224], [139.44327401204862, 35.4897503166623], [139.44328484467488, 35.48963804717401], [139.44331454628977, 35.48952354764338], [139.4433794361433, 35.48941437030014], [139.44355040945223, 35.48923364173181], [139.44351672752873, 35.48915625853647], [139.44364810562124, 35.489034619501865], [139.4437326426173, 35.48895831637757], [139.44390097651416, 35.48880648164171], [139.4442306358302, 35.48850909237032], [139.44424218137286, 35.48849870932772], [139.4441644144718, 35.48834116493175], [139.44411314634735, 35.48821468517172], [139.44396969784484, 35.48793850314607], [139.44387473851302, 35.48772165271646], [139.44385856403974, 35.48769305644393], [139.44383751388673, 35.48765584193344], [139.4438103542103, 35.487601539484295], [139.44374519785393, 35.48747139021792], [139.44386113395754, 35.48740046672982], [139.4438761950628, 35.487391701148326], [139.4440008829981, 35.48731912871253], [139.4442262008454, 35.486999793976544], [139.44439613214487, 35.486756676548126], [139.4444335863473, 35.48670307327055], [139.44464320113127, 35.48638089994312], [139.4449702995425, 35.48588869633837], [139.44544143910875, 35.48613281751222], [139.44588508583192, 35.48636268822967], [139.4461462640434, 35.4864905030691], [139.44637156079835, 35.48660524594965], [139.4470339609144, 35.48700632494522], [139.44719281174216, 35.48711649512824], [139.44737984233223, 35.48724833619201], [139.44793851773213, 35.487592909055564], [139.4479759979643, 35.487614291679044], [139.44849836961978, 35.48794378278418], [139.44849432888367, 35.4879513736806]]]}}, {"type": "Feature", "properties": {"area_id": "14213010003", "city": "大和市", "ward": "", "town": "西鶴間", "chome": "3", "num_households": 1124}, "geometry": {"type": "Polygon", "coordinates": [[[139.45015302536265, 35.48466361385827], [139.45018477005667, 35.48467460904743], [139.45045577488563, 35.48476846618218], [139.45081480453527, 35.48488011385036], [139.45092287772684, 35.48492231493301], [139.4509552672333, 35.48493213033304], [139.45166443882252, 35.48514701901857], [139.451781843868, 35.485182277917964], [139.45226248222195, 35.4853244047732], [139.45229795079874, 35.48533565420459], [139.45318420027033, 35.48561669657096], [139.45324180272522, 35.48563493812451], [139.45303873023366, 35.486037159320766], [139.45294626698225, 35.486217579816596], [139.45284328830672, 35.48641849273971], [139.45279791217504, 35.48649196476752], [139.45269760883158, 35.486654404091006], [139.4524275099422, 35.48720004061915], [139.45238270531624, 35.487288687579394], [139.45215993726586, 35.48772938535634], [139.4520068551753, 35.488036382732105], [139.4519860567896, 35.48807367022351], [139.45161298702953, 35.488742163262565], [139.45156671783718, 35.4888307685441], [139.45154994005793, 35.48886401953785], [139.45130580415545, 35.489330532763], [139.4510555654246, 35.489808699034946], [139.45104952806795, 35.48982029816946], [139.4508304642453, 35.48973753339628], [139.45078849212152, 35.48972167413025], [139.4505455895798, 35.48962983203977], [139.45018587670197, 35.489458725042724], [139.45015794594417, 35.48940213212456], [139.44992021771313, 35.489210463650465], [139.44974753925038, 35.489063745139845], [139.44975434932954, 35.48905320520788], [139.44949509933016, 35.48882422012605], [139.44899358147643, 35.48838122935583], [139.44853163921897, 35.48797317912977], [139.44849432888367, 35.4879513736806], [139.44849836961978, 35.48794378278418], [139.4485599068735, 35.48785008596115], [139.44897515815416, 35.487006942857356], [139.44919054736198, 35.48658199642572], [139.4494227202075, 35.48614818649369], [139.4498174644663, 35.48536656432334], [139.45016226362165, 35.48468518916554], [139.45015302536265, 35.48466361385827]]]}}, {"type": "Feature", "properties": {"area_id": "14213010004", "city": "大和市", "ward": "", "town": "西鶴間", "chome": "4", "num_households": 1160}, "geometry": {"type": "Polygon", "coordinates": [[[139.44589191590322, 35.48318758426292], [139.44592333179548, 35.4832062160502], [139.44599678263887, 35.48323323027861], [139.44611113071022, 35.48327024384037], [139.4462467433739, 35.483314370793515], [139.44631056735878, 35.48333440109113], [139.44631772364752, 35.48333692118385], [139.44633259224187, 35.48334215621166], [139.44636997795126, 35.48335531843768], [139.44660116531335, 35.48343246216946], [139.44662084660973, 35.483439029858054], [139.44671887024217, 35.483472230096396], [139.44689223376946, 35.48353030843591], [139.44711414423182, 35.48360884877136], [139.4472381063538, 35.48364919285301], [139.4472622857307, 35.48365720578403], [139.44727578542674, 35.48366168048263], [139.44734952573748, 35.48368611914207], [139.44755572571708, 35.48377002020071], [139.44756702862713, 35.48377461877167], [139.44761213695114, 35.48379098561316], [139.4476516827075, 35.48380700847617], [139.44764907066664, 35.48382619735604], [139.44767776238666, 35.48383687439943], [139.44801550805022, 35.4839625575421], [139.44802315810847, 35.48396511621794], [139.44923709678898, 35.48437053978913], [139.44954308628795, 35.484472729356014], [139.44955826120076, 35.48447747862733], [139.45015302536265, 35.48466361385827], [139.45016226362165, 35.48468518916554], [139.4498174644663, 35.48536656432334], [139.4494227202075, 35.48614818649369], [139.44919054736198, 35.48658199642572], [139.44897515815416, 35.487006942857356], [139.4485599068735, 35.48785008596115], [139.44849836961978, 35.48794378278418], [139.4479759979643, 35.487614291679044], [139.44793851773213, 35.487592909055564], [139.44737984233223, 35.48724833619201], [139.44719281174216, 35.48711649512824], [139.4470339609144, 35.48700632494522], [139.44637156079835, 35.48660524594965], [139.4461462640434, 35.4864905030691], [139.44588508583192, 35.48636268822967], [139.44544143910875, 35.48613281751222], [139.4449702995425, 35.48588869633837], [139.4449055834235, 35.48584723485703], [139.4447233881653, 35.485730506372136], [139.4450039990749, 35.48518267164119], [139.4451165961377, 35.48496288458326], [139.44530294107702, 35.48459905563831], [139.4453118898773, 35.48457961551135], [139.4454662969011, 35.4842441313985], [139.4454765370999, 35.48422371289343], [139.4454945929056, 35.48418771455448], [139.44569231659233, 35.483793397904414], [139.44580102877273, 35.48371882363193], [139.4458444382891, 35.483464102886295], [139.44585195752444, 35.483419957775254], [139.4458904195991, 35.483194111922316], [139.44589191590322, 35.48318758426292]]]}}, {"type": "Feature", "properties": {"area_id": "14213010005", "city": "大和市", "ward": "", "town": "西鶴間", "chome": "5", "num_households": 663}, "geometry": {"type": "Polygon", "coordinates": [[[139.4398328746852, 35.48099549992538], [139.43992125148304, 35.48097765344237], [139.4400073809096, 35.48098859873785], [139.44024913173675, 35.481113797619045], [139.44061317958588, 35.48128413821794], [139.44096558884573, 35.481457853958915], [139.44136622081126, 35.48164798921336], [139.44152013789792, 35.48167048739603], [139.44177824401154, 35.481628540053016], [139.44190599132088, 35.481597368887606], [139.44208972271707, 35.481596796027226], [139.44218668499983, 35.481584256899886], [139.4423699917024, 35.481636738459706], [139.44263210286428, 35.48178104341], [139.44312964546157, 35.481943739112225], [139.44327003788584, 35.482003546220696], [139.44329956464375, 35.48203110979052], [139.44331372197388, 35.48203603989579], [139.44337311785625, 35.482059663841], [139.44371129009232, 35.482177455107866], [139.44384388853237, 35.482223641364726], [139.44384840375213, 35.48222521309487], [139.44387040087153, 35.48223429606857], [139.44392759286453, 35.482257912105474], [139.4440498533391, 35.4823099269906], [139.44419796957922, 35.48237294190826], [139.4442461097218, 35.48239342251312], [139.44425203158804, 35.48239594157505], [139.44425598528449, 35.482398328945536], [139.4443300492042, 35.482443055724566], [139.4444632402871, 35.48251427913938], [139.44457989562693, 35.48257666137241], [139.4445894655122, 35.48258177858484], [139.44459497370104, 35.482585562636324], [139.44464219022606, 35.4826179975958], [139.44475658563553, 35.482690904600126], [139.4447971036367, 35.48271672909391], [139.44490812791418, 35.48277566533802], [139.44506048725955, 35.482855487440034], [139.44508950145752, 35.48287077167918], [139.44511244872024, 35.48288109950662], [139.4451616171873, 35.482900875485576], [139.44528190191784, 35.48294894051135], [139.4453820891842, 35.4829889717828], [139.4454364852001, 35.483011060875576], [139.44545272070675, 35.48301765196189], [139.44551407848695, 35.483042566402496], [139.4456761912443, 35.48310280914568], [139.44579027433096, 35.483145641161244], [139.4458371766035, 35.483163251037354], [139.44587270605112, 35.483176192475895], [139.44589191590322, 35.48318758426292], [139.4458904195991, 35.483194111922316], [139.44585195752444, 35.483419957775254], [139.4458444382891, 35.483464102886295], [139.44580102877273, 35.48371882363193], [139.44569231659233, 35.483793397904414], [139.4454945929056, 35.48418771455448], [139.4454765370999, 35.48422371289343], [139.4454662969011, 35.4842441313985], [139.4453118898773, 35.48457961551135], [139.44530294107702, 35.48459905563831], [139.4451165961377, 35.48496288458326], [139.4450039990749, 35.48518267164119], [139.4447233881653, 35.485730506372136], [139.44425354896285, 35.48544211811172], [139.44419521460964, 35.485406338561056], [139.44330186655867, 35.48482044241197], [139.44292508379237, 35.48458180922661], [139.4426476591156, 35.48440608780633], [139.4425679614164, 35.48435722411767], [139.44254889310324, 35.48434553406554], [139.44202439873266, 35.48400295266232], [139.44193549940346, 35.48394989414205], [139.4418227357892, 35.48388257034709], [139.44168563300587, 35.483782532536324], [139.4415512237837, 35.48363335368], [139.4414853354742, 35.48355825870867], [139.44122451962983, 35.48326094723046], [139.44108904979058, 35.483100427598124], [139.44088950388164, 35.48277500648376], [139.44061811012313, 35.4823079627788], [139.4403510650244, 35.481858676549464], [139.44002255872238, 35.481311035940315], [139.43983969293737, 35.481018757793684], [139.4398328746852, 35.48099549992538]]]}}, {"type": "Feature", "properties": {"area_id": "14213010006", "city": "大和市", "ward": "", "town": "西鶴間", "chome": "6", "num_households": 803}, "geometry": {"type": "Polygon", "coordinates": [[[139.44193549940346, 35.48394989414205], [139.44202439873266, 35.48400295266232], [139.44254889310324, 35.48434553406554], [139.4425679614164, 35.48435722411767], [139.4426476591156, 35.48440608780633], [139.44292508379237, 35.48458180922661], [139.44330186655867, 35.48482044241197], [139.44419521460964, 35.485406338561056], [139.44425354896285, 35.48544211811172], [139.4447233881653, 35.485730506372136], [139.4449055834235, 35.48584723485703], [139.4449702995425, 35.48588869633837], [139.44464320113127, 35.48638089994312], [139.4444335863473, 35.48670307327055], [139.44439613214487, 35.486756676548126], [139.4442262008454, 35.486999793976544], [139.4440008829981, 35.48731912871253], [139.4438761950628, 35.487391701148326], [139.44386113395754, 35.48740046672982], [139.44374519785393, 35.48747139021792], [139.4438103542103, 35.487601539484295], [139.44383751388673, 35.48765584193344], [139.44385856403974, 35.48769305644393], [139.44387473851302, 35.48772165271646], [139.44396969784484, 35.48793850314607], [139.44411314634735, 35.48821468517172], [139.4441644144718, 35.48834116493175], [139.44424218137286, 35.48849870932772], [139.4442306358302, 35.48850909237032], [139.44390097651416, 35.48880648164171], [139.4437326426173, 35.48895831637757], [139.44364810562124, 35.489034619501865], [139.44351672752873, 35.48915625853647], [139.44355040945223, 35.48923364173181], [139.4433794361433, 35.48941437030014], [139.44331454628977, 35.48952354764338], [139.44328484467488, 35.48963804717401], [139.44327401204862, 35.4897503166623], [139.44322470177377, 35.489869858673224], [139.44322092855745, 35.48988435128209], [139.44289411493654, 35.48978677881446], [139.44257976660305, 35.48964009940348], [139.44194623430968, 35.48935108597453], [139.44133444819178, 35.48906984850782], [139.44100274170825, 35.488917369579084], [139.440750828385, 35.48879644259854], [139.4405880416821, 35.488718293408255], [139.44014936682134, 35.48851002039627], [139.44019767433946, 35.488270918309745], [139.44019910701832, 35.48826707614562], [139.44025673636176, 35.48811254293202], [139.44033163536446, 35.48789327531923], [139.44033800008077, 35.48787561483455], [139.44046897244476, 35.48751208796497], [139.4404734114971, 35.48750377718169], [139.44048133513874, 35.48748893978726], [139.44049161100114, 35.487469702087736], [139.4405005164986, 35.48743970140488], [139.4405618139315, 35.487233205047296], [139.44066253912843, 35.486979238816424], [139.44067169898793, 35.486957082633474], [139.44075733266195, 35.486749932657645], [139.4407751844446, 35.4866647215292], [139.44085560887245, 35.48640631803245], [139.44090279831397, 35.486271627951325], [139.44093282550492, 35.48621409150501], [139.44102214519032, 35.48595001080895], [139.44108809732398, 35.48577330899082], [139.44114807277083, 35.4855587057597], [139.4412550053463, 35.48525757548198], [139.44134862402316, 35.48489676102125], [139.44142481426962, 35.48487151550595], [139.4411217920563, 35.48461283186104], [139.44145075403424, 35.48434251382682], [139.44193549940346, 35.48394989414205]]]}}, {"type": "Feature", "properties": {"area_id": "14213010007", "city": "大和市", "ward": "", "town": "西鶴間", "chome": "7", "num_households": 760}, "geometry": {"type": "Polygon", "coordinates": [[[139.44114807277083, 35.4855587057597], [139.44108809732398, 35.48577330899082], [139.44102214519032, 35.48595001080895], [139.44093282550492, 35.48621409150501], [139.44090279831397, 35.486271627951325], [139.44085560887245, 35.48640631803245], [139.4407751844446, 35.4866647215292], [139.44075733266195, 35.486749932657645], [139.44067169898793, 35.486957082633474], [139.44066253912843, 35.486979238816424], [139.4405618139315, 35.487233205047296], [139.4405005164986, 35.48743970140488], [139.44049161100114, 35.487469702087736], [139.44048133513874, 35.48748893978726], [139.4404734114971, 35.48750377718169], [139.44046897244476, 35.48751208796497], [139.44033800008077, 35.48787561483455], [139.44033163536446, 35.48789327531923], [139.44025673636176, 35.48811254293202], [139.44019910701832, 35.48826707614562], [139.44019767433946, 35.488270918309745], [139.44014936682134, 35.48851002039627], [139.44005634747117, 35.488586963188226], [139.43835687824463, 35.48811076798099], [139.4383405290848, 35.4881174396024], [139.4365996783375, 35.48760369344046], [139.43660659401448, 35.487554252220434], [139.43670111591837, 35.487277382878084], [139.43674527620536, 35.487130329810626], [139.43674929865637, 35.48711802080014], [139.43683697140102, 35.48677131623357], [139.4368671170416, 35.4866902996505], [139.43696381161143, 35.48642659964689], [139.43697210252856, 35.48640402363784], [139.436987745199, 35.48636534665334], [139.43707437891211, 35.48623043245198], [139.43715916085551, 35.48601619054903], [139.43725266553076, 35.485708644502374], [139.43727641442115, 35.485676788683946], [139.4373741920787, 35.485472235556024], [139.43740855307738, 35.485400313419916], [139.43747001187242, 35.48527179640666], [139.43755839117352, 35.48496447978226], [139.43757142448018, 35.484931357062955], [139.437648755271, 35.484735047768645], [139.4377014503401, 35.484601349036076], [139.43781395540893, 35.48463481169603], [139.4378744848527, 35.484652132217995], [139.43813419017496, 35.48473048261697], [139.4381692781796, 35.48474087360083], [139.43833668267854, 35.48478885923613], [139.4384258309282, 35.48481434354096], [139.43844011424505, 35.484823402584674], [139.4386387907766, 35.48487966268991], [139.4386754701438, 35.484889831991914], [139.4387632558205, 35.48491407167276], [139.43885054573147, 35.48493873931413], [139.43897371281594, 35.484973543238084], [139.43903779657973, 35.48499165128568], [139.4392119334365, 35.48504086028456], [139.43937168402113, 35.48508600141179], [139.43943612666015, 35.48510421103876], [139.43948164816595, 35.48511482164592], [139.44114807277083, 35.4855587057597]]]}}, {"type": "Feature", "properties": {"area_id": "14213010008", "city": "大和市", "ward": "", "town": "西鶴間", "chome": "8", "num_households": 241}, "geometry": {"type": "Polygon", "coordinates": [[[139.43908678787233, 35.48039028116414], [139.43909881326377, 35.48037834918077], [139.4394645106457, 35.48071286817181], [139.4398328746852, 35.48099549992538], [139.43983969293737, 35.481018757793684], [139.44002255872238, 35.481311035940315], [139.4403510650244, 35.481858676549464], [139.44061811012313, 35.4823079627788], [139.44088950388164, 35.48277500648376], [139.44108904979058, 35.483100427598124], [139.44122451962983, 35.48326094723046], [139.4414853354742, 35.48355825870867], [139.4415512237837, 35.48363335368], [139.44168563300587, 35.483782532536324], [139.4418227357892, 35.48388257034709], [139.44193549940346, 35.48394989414205], [139.44145075403424, 35.48434251382682], [139.4411217920563, 35.48461283186104], [139.44142481426962, 35.48487151550595], [139.44134862402316, 35.48489676102125], [139.4412550053463, 35.48525757548198], [139.44114807277083, 35.4855587057597], [139.43948164816595, 35.48511482164592], [139.43943612666015, 35.48510421103876], [139.43937168402113, 35.48508600141179], [139.4392119334365, 35.48504086028456], [139.43903779657973, 35.48499165128568], [139.43897371281594, 35.484973543238084], [139.43885054573147, 35.48493873931413], [139.4387632558205, 35.48491407167276], [139.4386754701438, 35.484889831991914], [139.4386387907766, 35.48487966268991], [139.43844011424505, 35.484823402584674], [139.4384258309282, 35.48481434354096], [139.43833668267854, 35.48478885923613], [139.4381692781796, 35.48474087360083], [139.43813419017496, 35.48473048261697], [139.4378744848527, 35.484652132217995], [139.43781395540893, 35.48463481169603], [139.4377014503401, 35.484601349036076], [139.4377077778103, 35.48458529206517], [139.43773391474147, 35.484495950610764], [139.43778269071018, 35.48432908700592], [139.43791890293193, 35.48387898593883], [139.43793732706516, 35.48380845523591], [139.43809416279964, 35.483208158174186], [139.4381212290037, 35.483104526356726], [139.43811814848425, 35.48298608002994], [139.43831094721554, 35.48248729518714], [139.43841946506794, 35.4822065905902], [139.438541560131, 35.48187829345611], [139.4385643501409, 35.48172461899779], [139.43857000779792, 35.48169453546838], [139.43878174315287, 35.481213027691915], [139.43881273414905, 35.48095805464657], [139.4388545488456, 35.48074279522747], [139.43888599949315, 35.480623017242465], [139.4388997889949, 35.48057595514363], [139.43908678787233, 35.48039028116414]]]}}, {"type": "Feature", "properties": {"area_id": "14213012001", "city": "大和市", "ward": "", "town": "上草柳", "chome": "1", "num_households": 463}, "geometry": {"type": "Polygon", "coordinates": [[[139.45606055682205, 35.47329365153258], [139.45668663366897, 35.473517668536445], [139.45715391880444, 35.473659539967265], [139.45720979722938, 35.47367650823224], [139.45722436803675, 35.473681564264346], [139.45770208583727, 35.47384732351827], [139.45788541162835, 35.47390362938191], [139.45862740576217, 35.47415866143572], [139.4590978809048, 35.474319473543275], [139.4585732522337, 35.47531909885411], [139.45844065522058, 35.47557248700416], [139.4579744145326, 35.4764634737703], [139.45791182867606, 35.47658305063133], [139.4574870471636, 35.477368971626376], [139.45746503482317, 35.47740970755971], [139.45626834250874, 35.47692680429531], [139.4552544755946, 35.47651878162261], [139.4545628830026, 35.47623537412349], [139.45470812798624, 35.47594907331252], [139.4549222613553, 35.4755307182452], [139.45528280636583, 35.47482406050782], [139.45530326709311, 35.474784104948306], [139.4556815610011, 35.47404534925368], [139.45569642089785, 35.47401587535384], [139.4558911389364, 35.47362967865004], [139.45589760787942, 35.473616847536476], [139.45606055682205, 35.47329365153258]]]}}, {"type": "Feature", "properties": {"area_id": "14213012002", "city": "大和市", "ward": "", "town": "上草柳", "chome": "2", "num_households": 784}, "geometry": {"type": "Polygon", "coordinates": [[[139.45278995367295, 35.47152711519496], [139.45283479063374, 35.47179602768435], [139.45293850102615, 35.4718285356149], [139.45299651484586, 35.471822066001096], [139.45301018359066, 35.471908014896506], [139.4531189392964, 35.47201274855849], [139.45316957022982, 35.472019774810406], [139.45337328401217, 35.472086927778356], [139.4535078714596, 35.47214460257789], [139.45355749623374, 35.47216926901949], [139.45356264351295, 35.4721718263011], [139.45373762414127, 35.472258802207854], [139.45389195755484, 35.47230956755256], [139.45408945731864, 35.47232536773468], [139.45412660480025, 35.472316613895025], [139.45408341053843, 35.47258675889134], [139.4546072373381, 35.472785681054965], [139.4548270393622, 35.47286573141276], [139.45499571467695, 35.47290580209904], [139.45509494840658, 35.47295800907374], [139.4552150224707, 35.47299919329038], [139.45554439056474, 35.473112153930366], [139.45606055682205, 35.47329365153258], [139.45589760787942, 35.473616847536476], [139.4558911389364, 35.47362967865004], [139.45569642089785, 35.47401587535384], [139.4556815610011, 35.47404534925368], [139.45530326709311, 35.474784104948306], [139.45528280636583, 35.47482406050782], [139.4549222613553, 35.4755307182452], [139.4543776740134, 35.47534011834098], [139.4539306718598, 35.475186965138796], [139.45353184404456, 35.475051037517176], [139.45322682913996, 35.47494857072547], [139.45245018127986, 35.47467783280783], [139.45165373174507, 35.474398960727626], [139.4517016929603, 35.4743058860922], [139.45188002785352, 35.47404148455514], [139.45212944796197, 35.47393746644188], [139.45201046227086, 35.473583011471455], [139.45218927687557, 35.473536683985486], [139.45212629328455, 35.47346511957214], [139.4519729654927, 35.473236876801835], [139.4519319186317, 35.47303212221217], [139.45194033942684, 35.472907798280694], [139.4519957439727, 35.47278767170447], [139.45205472647683, 35.47262143642669], [139.45210264375982, 35.472473155636514], [139.4521457780017, 35.472408160564335], [139.452416910468, 35.47215345678096], [139.4522662144806, 35.47206161419075], [139.4524189823918, 35.47186863770349], [139.45239407152093, 35.47174727136454], [139.45240505868543, 35.47164495852129], [139.45256171826833, 35.47157634671412], [139.45278995367295, 35.47152711519496]]]}}, {"type": "Feature", "properties": {"area_id": "14213012003", "city": "大和市", "ward": "", "town": "上草柳", "chome": "3", "num_households": 721}, "geometry": {"type": "Polygon", "coordinates": [[[139.45188002785352, 35.47404148455514], [139.4517016929603, 35.4743058860922], [139.45165373174507, 35.474398960727626], [139.45245018127986, 35.47467783280783], [139.45322682913996, 35.47494857072547], [139.45353184404456, 35.475051037517176], [139.4539306718598, 35.475186965138796], [139.4543776740134, 35.47534011834098], [139.4549222613553, 35.4755307182452], [139.45470812798624, 35.47594907331252], [139.4545628830026, 35.47623537412349], [139.45420596004368, 35.47691092246177], [139.453879841634, 35.47756153649822], [139.45354874334402, 35.478190061310876], [139.453241038614, 35.478775585712555], [139.45285967647922, 35.478438272641235], [139.45268532919397, 35.47828411962362], [139.4511661181274, 35.47694042001377], [139.45050496268732, 35.476331135016686], [139.45045056445392, 35.47627374895579], [139.4496238304803, 35.4755163741227], [139.4493982767753, 35.4753116151775], [139.44963894871407, 35.47518205070222], [139.44972404238354, 35.47513094906396], [139.44989910128655, 35.475052263782985], [139.45035988106417, 35.474837826732234], [139.4505687272076, 35.47474132763795], [139.4505458516523, 35.47471162725149], [139.45045306045992, 35.474535752228306], [139.45072322042748, 35.47445257557636], [139.45064396036827, 35.47424565646628], [139.45059058214957, 35.47404589589147], [139.45075216493814, 35.47398430548376], [139.45094584301202, 35.47392588142207], [139.45099820440927, 35.473905634853445], [139.4510549600578, 35.47402118253129], [139.45106192802487, 35.474035708443], [139.4517891325472, 35.47384597275887], [139.4518304411818, 35.47394028199942], [139.45188002785352, 35.47404148455514]]]}}, {"type": "Feature", "properties": {"area_id": "14213012004", "city": "大和市", "ward": "", "town": "上草柳", "chome": "4", "num_households": 253}, "geometry": {"type": "Polygon", "coordinates": [[[139.4545628830026, 35.47623537412349], [139.4552544755946, 35.47651878162261], [139.45626834250874, 35.47692680429531], [139.45746503482317, 35.47740970755971], [139.4571855461309, 35.47795143532106], [139.45702942566936, 35.47825400407664], [139.4569263868963, 35.47845371930813], [139.45685462092217, 35.4785927683682], [139.45651615612934, 35.479243330830975], [139.45650617548503, 35.47931568287456], [139.4560562731492, 35.480164561227774], [139.45577745354274, 35.48066984060435], [139.45383781520442, 35.479223135732624], [139.453241038614, 35.47877558571256], [139.45354874334402, 35.4781900613109], [139.453879841634, 35.47756153649822], [139.45420596004368, 35.47691092246177], [139.4545628830026, 35.47623537412349]]]}}, {"type": "Feature", "properties": {"area_id": "14213012005", "city": "大和市", "ward": "", "town": "上草柳", "chome": "5", "num_households": 64}, "geometry": {"type": "Polygon", "coordinates": [[[139.453241038614, 35.47877558571256], [139.45383781520442, 35.479223135732624], [139.45577745354274, 35.48066984060435], [139.45544761910438, 35.48131233133871], [139.4554145137757, 35.48137683058116], [139.45506412508033, 35.48205932066877], [139.4546873159119, 35.482793269294106], [139.4546587785695, 35.48283831405753], [139.45239345671806, 35.48191712434217], [139.45237657549143, 35.481910259300136], [139.45170908090432, 35.48164090299538], [139.45203659233192, 35.48101280962636], [139.45239962121258, 35.48032856979725], [139.45276225404743, 35.47963623049162], [139.45319453296898, 35.47883345818087], [139.453241038614, 35.47877558571256]]]}}, {"type": "Feature", "properties": {"area_id": "14213012006", "city": "大和市", "ward": "", "town": "上草柳", "chome": "6", "num_households": 582}, "geometry": {"type": "Polygon", "coordinates": [[[139.45050496268732, 35.476331135016686], [139.4511661181274, 35.47694042001377], [139.45268532919397, 35.47828411962362], [139.45285967647922, 35.478438272641235], [139.453241038614, 35.478775585712555], [139.45319453296898, 35.47883345818087], [139.45276225404743, 35.47963623049162], [139.45239962121258, 35.48032856979725], [139.45203659233192, 35.48101280962636], [139.45170908090432, 35.48164090299538], [139.45120689051944, 35.48142691718698], [139.45089628177658, 35.48130232602432], [139.4506285645828, 35.48119237369506], [139.44922580401033, 35.480616171619204], [139.44799914265562, 35.48011942106953], [139.44792910250726, 35.48009105662353], [139.4477445146574, 35.48001822484248], [139.44776251095652, 35.47996392361172], [139.4476978869029, 35.479713436265655], [139.44759415517515, 35.47949359495418], [139.44753615059687, 35.47929903587037], [139.44753864853425, 35.47911857731922], [139.447755598006, 35.4787334125159], [139.4481347459462, 35.478049224320166], [139.4485134943598, 35.477356918257165], [139.4485168817401, 35.47735052187854], [139.44852891563792, 35.47732767495057], [139.44864733986972, 35.47727298904608], [139.4492966604484, 35.47700938843087], [139.449633711608, 35.47686526820202], [139.45006009506105, 35.47663630144604], [139.45044322116536, 35.47637012349001], [139.45050496268732, 35.476331135016686]]]}}, {"type": "Feature", "properties": {"area_id": "14213012007", "city": "大和市", "ward": "", "town": "上草柳", "chome": "7", "num_households": 517}, "geometry": {"type": "Polygon", "coordinates": [[[139.45170908090432, 35.48164090299538], [139.45237657549143, 35.481910259300136], [139.45239345671806, 35.48191712434217], [139.4546587785695, 35.48283831405753], [139.45445181108772, 35.483164901898576], [139.4543181628895, 35.483417576409884], [139.45401589730264, 35.484005936772775], [139.4537863196056, 35.484452856219], [139.45363687391335, 35.484794762616325], [139.4535975036822, 35.484817733935785], [139.45318420027033, 35.48561669657096], [139.45229795079874, 35.48533565420459], [139.45226248222195, 35.4853244047732], [139.451781843868, 35.485182277917964], [139.45166443882252, 35.48514701901857], [139.4509552672333, 35.48493213033304], [139.45092287772684, 35.48492231493301], [139.45081480453527, 35.48488011385036], [139.45045577488563, 35.48476846618218], [139.45018477005667, 35.48467460904743], [139.45015302536265, 35.48466361385827], [139.4506014821169, 35.48380037727484], [139.45096030979002, 35.48310876687494], [139.45134271624315, 35.482381427470365], [139.45170908090432, 35.48164090299538]]]}}, {"type": "Feature", "properties": {"area_id": "14213012008", "city": "大和市", "ward": "", "town": "上草柳", "chome": "8", "num_households": 990}, "geometry": {"type": "Polygon", "coordinates": [[[139.4477445146574, 35.48001822484248], [139.44792910250726, 35.48009105662353], [139.44799914265562, 35.48011942106953], [139.44922580401033, 35.480616171619204], [139.4506285645828, 35.48119237369506], [139.45089628177658, 35.48130232602432], [139.45120689051944, 35.48142691718698], [139.45170908090432, 35.48164090299538], [139.45134271624315, 35.482381427470365], [139.45096030979002, 35.48310876687494], [139.4506014821169, 35.48380037727484], [139.45015302536265, 35.48466361385827], [139.44955826120076, 35.48447747862733], [139.44954308628795, 35.484472729356014], [139.44923709678898, 35.48437053978913], [139.44802315810847, 35.48396511621794], [139.44801550805022, 35.4839625575421], [139.44767776238666, 35.483836874399465], [139.44764907066664, 35.48382619735604], [139.4476516827075, 35.48380700847619], [139.44761213695114, 35.48379098561316], [139.4475670286271, 35.4837746187717], [139.44755572571708, 35.48377002020073], [139.44734952573748, 35.48368611914207], [139.44727578542674, 35.48366168048263], [139.4472622857307, 35.48365720578403], [139.4472381063538, 35.48364919285301], [139.44711414423182, 35.48360884877136], [139.44689223376946, 35.48353030843591], [139.44671887024217, 35.483472230096396], [139.44662084660973, 35.483439029858054], [139.44660116531335, 35.48343246216946], [139.44636997795126, 35.48335531843768], [139.44633259224184, 35.48334215621166], [139.44631772364752, 35.48333692118386], [139.44632403730884, 35.483283070775265], [139.44633874911167, 35.48313716190948], [139.44634602200946, 35.48306503208517], [139.44634500089032, 35.48304790379968], [139.44635879872453, 35.48292807762019], [139.44636252825046, 35.48283976484396], [139.44636380823033, 35.48270799659282], [139.44636470582054, 35.4826153527397], [139.44636920348455, 35.48259644091486], [139.44638951522373, 35.48249736465922], [139.4464120671622, 35.48240355002373], [139.4464165356936, 35.48238495826458], [139.446462747868, 35.482192697955654], [139.44647047429197, 35.48216054233843], [139.44647606638645, 35.4821434355494], [139.44648485899285, 35.48209819596721], [139.44650251580316, 35.48200174573641], [139.4465101828317, 35.481935333234404], [139.44651882023558, 35.48186053373785], [139.4465286155637, 35.48176879659373], [139.44653429365846, 35.481720920992665], [139.4465333242701, 35.48169297797918], [139.44655835934833, 35.48157157676198], [139.44656603287018, 35.481536259582455], [139.44656938623143, 35.48152635581949], [139.44658281326764, 35.48148403928811], [139.44661962289578, 35.48140488151658], [139.44664516912326, 35.481349945661854], [139.44665506223552, 35.48133094201921], [139.44666071586127, 35.481320075173436], [139.4467041110889, 35.48123837371472], [139.4467196114957, 35.48122310208098], [139.44680098704575, 35.48109359215399], [139.44688232171146, 35.48096415431644], [139.44692375654992, 35.48089821443362], [139.44692525176177, 35.480895834555874], [139.44695249995436, 35.48085213307502], [139.44696280964968, 35.480836328826676], [139.44697175364854, 35.48080931915181], [139.44702189854087, 35.4807272832851], [139.4470886493285, 35.48061808018188], [139.4471230537713, 35.480561792849905], [139.44713725306568, 35.48053856375199], [139.44715433261325, 35.48050237371516], [139.44717844513835, 35.48045127164055], [139.44717956673875, 35.48043909721082], [139.44718309397334, 35.480400815235456], [139.44717914376525, 35.480348413120026], [139.4470821799014, 35.480359682201744], [139.44708138423653, 35.480030326802925], [139.44708073386658, 35.479761207903636], [139.4477445146574, 35.48001822484248]]]}}, {"type": "Feature", "properties": {"area_id": "14213012009", "city": "大和市", "ward": "", "town": "上草柳", "chome": "9", "num_households": 511}, "geometry": {"type": "Polygon", "coordinates": [[[139.44708073386658, 35.479761207903636], [139.44708138423653, 35.480030326802925], [139.4470821799014, 35.480359682201744], [139.44717914376525, 35.480348413120026], [139.44718309397334, 35.480400815235456], [139.44717956673875, 35.48043909721082], [139.44717844513835, 35.48045127164055], [139.44715433261325, 35.48050237371516], [139.44713725306568, 35.48053856375199], [139.4471230537713, 35.480561792849905], [139.4470886493285, 35.48061808018188], [139.44702189854087, 35.4807272832851], [139.44697175364854, 35.48080931915181], [139.44696280964968, 35.480836328826676], [139.44695249995436, 35.48085213307502], [139.44692525176177, 35.480895834555874], [139.44692375654992, 35.48089821443362], [139.44688232171146, 35.48096415431644], [139.44680098704575, 35.48109359215399], [139.4467196114957, 35.48122310208098], [139.4467041110889, 35.48123837371472], [139.44666071586127, 35.481320075173436], [139.44665506223552, 35.48133094201921], [139.44664516912326, 35.481349945661854], [139.44661962289578, 35.48140488151658], [139.44658281326764, 35.48148403928811], [139.44656938623143, 35.48152635581949], [139.44656603287018, 35.481536259582455], [139.44655835934833, 35.48157157676198], [139.4465333242701, 35.48169297797918], [139.44653429365846, 35.481720920992665], [139.4465286155637, 35.48176879659373], [139.44651882023558, 35.48186053373785], [139.4465101828317, 35.481935333234404], [139.44650251580316, 35.48200174573641], [139.44648485899285, 35.48209819596721], [139.44647606638645, 35.4821434355494], [139.44647047429197, 35.48216054233843], [139.446462747868, 35.482192697955654], [139.4464165356936, 35.48238495826458], [139.4464120671622, 35.48240355002373], [139.44638951522373, 35.48249736465922], [139.44636920348455, 35.48259644091486], [139.44636470582054, 35.48261535273969], [139.44636380823033, 35.48270799659282], [139.44636252825046, 35.48283976484396], [139.44635879872453, 35.48292807762019], [139.44634500089032, 35.48304790379968], [139.44634602200946, 35.48306503208516], [139.44633874911167, 35.48313716190948], [139.44632403730893, 35.483283070775265], [139.44631772364752, 35.48333692118385], [139.44631056735878, 35.48333440109113], [139.4462467433739, 35.483314370793515], [139.44611113071022, 35.48327024384037], [139.44599678263887, 35.48323323027861], [139.44592333179548, 35.4832062160502], [139.44589191590322, 35.48318758426292], [139.44587270605112, 35.483176192475895], [139.4458371766035, 35.483163251037354], [139.44579027433096, 35.483145641161244], [139.4456761912443, 35.48310280914568], [139.44551407848695, 35.483042566402496], [139.44545272070675, 35.48301765196189], [139.4454364852001, 35.483011060875576], [139.4453820891842, 35.4829889717828], [139.44528190191784, 35.48294894051135], [139.4451616171873, 35.482900875485576], [139.44511244872024, 35.48288109950662], [139.44508950145752, 35.48287077167918], [139.44506048725955, 35.482855487440034], [139.44490812791418, 35.48277566533802], [139.4447971036367, 35.48271672909391], [139.44475658563553, 35.482690904600126], [139.44464219022606, 35.4826179975958], [139.44459497370104, 35.482585562636324], [139.4445894655122, 35.48258177858484], [139.44457989562693, 35.48257666137241], [139.4444632402871, 35.48251427913938], [139.4443300492042, 35.482443055724566], [139.44425598528449, 35.482398328945536], [139.44425203158804, 35.48239594157505], [139.4442461097218, 35.48239342251312], [139.44419796957922, 35.48237294190826], [139.4440498533391, 35.4823099269906], [139.44392759286453, 35.482257912105474], [139.44387040087153, 35.48223429606857], [139.44384840375213, 35.48222521309487], [139.44384388853237, 35.482223641364726], [139.44371129009232, 35.482177455107866], [139.44337311785625, 35.482059663841], [139.44331372197388, 35.48203603989579], [139.44329956464375, 35.48203110979052], [139.44327003788584, 35.482003546220696], [139.4437663134888, 35.48064285362642], [139.44377308119738, 35.480623631640036], [139.44383815404774, 35.48043874565291], [139.44386775193385, 35.480433735226946], [139.44446587849268, 35.48057217411927], [139.44455147557127, 35.48033578939852], [139.44478357797834, 35.479684226298666], [139.44483070968857, 35.479649169624956], [139.445047727931, 35.47962785702773], [139.44513330690464, 35.47960957583178], [139.44515429366086, 35.47951560665414], [139.4451982768835, 35.47949772822799], [139.44527204348353, 35.47947884330468], [139.4453062690434, 35.47947008081677], [139.44533092450445, 35.47946443607226], [139.44537127653254, 35.47945560505182], [139.44541451843423, 35.47944614235148], [139.4454384373593, 35.47951381449574], [139.44544139186357, 35.47952298522703], [139.4456748453, 35.47945670939882], [139.44602889555588, 35.47928824583732], [139.44603456173192, 35.47935462756501], [139.44708073386658, 35.479761207903636]]]}}, {"type": "Feature", "properties": {"area_id": "14213012051", "city": "大和市", "ward": "", "town": "上草柳", "chome": "", "num_households": 1373}, "geometry": {"type": "Polygon", "coordinates": [[[139.44327003788584, 35.482003546220696], [139.44312964546157, 35.481943739112225], [139.44263210286428, 35.48178104341], [139.4423699917024, 35.481636738459706], [139.44218668499983, 35.481584256899886], [139.44208972271707, 35.481596796027226], [139.44190599132088, 35.481597368887606], [139.44177824401154, 35.481628540053016], [139.44152013789792, 35.48167048739603], [139.44136622081126, 35.48164798921336], [139.44096558884573, 35.481457853958915], [139.44061317958588, 35.48128413821794], [139.44024913173675, 35.481113797619045], [139.4400073809096, 35.48098859873785], [139.43992125148304, 35.48097765344237], [139.4398328746852, 35.48099549992538], [139.4394645106457, 35.48071286817181], [139.43909881326377, 35.48037834918077], [139.43908678787233, 35.48039028116414], [139.43883746312096, 35.48017735346371], [139.4387398505159, 35.48009398533761], [139.43862422586415, 35.48001411412572], [139.43859033196452, 35.47999069693594], [139.43814620338964, 35.479683909180636], [139.43792974975895, 35.47954540810534], [139.43733776739043, 35.47916659557044], [139.43633822479364, 35.478515393317096], [139.43483921487882, 35.47753421587971], [139.43474815254874, 35.47747460939337], [139.43475358000086, 35.4774549914005], [139.4348796088074, 35.477103620587904], [139.43487983657832, 35.477102984834076], [139.43501391255802, 35.476728468894386], [139.43504328429768, 35.476642823557], [139.43504633309473, 35.47663393519748], [139.43527577708906, 35.47597130744454], [139.43528107552956, 35.47595600093816], [139.43551226025178, 35.475277220958304], [139.43551810783822, 35.475260048558816], [139.43552073176286, 35.47525192128584], [139.43566201472893, 35.47481440601466], [139.43573132153966, 35.474599773272026], [139.4357396575644, 35.47457395768333], [139.43576651066263, 35.47449112293778], [139.43582727665554, 35.47431393262793], [139.43583135147864, 35.47430205546962], [139.4358459399761, 35.474259711902185], [139.4359442513512, 35.47397434050437], [139.43594675864108, 35.473967076550714], [139.43594984112792, 35.47395813493475], [139.4359565546412, 35.473937425834684], [139.43602692225895, 35.4737197009595], [139.43603599623177, 35.473691622350266], [139.4361311072061, 35.47339629798921], [139.43614739753713, 35.473328028566335], [139.43615023480191, 35.47331614075942], [139.43609389005465, 35.47328021801172], [139.43615545933662, 35.472820792318416], [139.43616805790495, 35.472691830541734], [139.43619842018975, 35.47238075944516], [139.4362121478653, 35.47224039444445], [139.4362094959997, 35.47207877942722], [139.43620324215186, 35.471695235658636], [139.43620281302458, 35.471668194328686], [139.43619866199225, 35.47141693476174], [139.43657511802738, 35.47135531944094], [139.43683861094323, 35.47212445795153], [139.43691886439447, 35.47219918582135], [139.43738325060485, 35.47351403646003], [139.43747645524715, 35.473784667836455], [139.43752042252743, 35.47391230033193], [139.43768351941398, 35.4743857835387], [139.4378027162863, 35.47473180754059], [139.43927264743692, 35.475041694583105], [139.43931182116947, 35.47504995348], [139.43943931228608, 35.474652938471316], [139.43957239793514, 35.47423847726861], [139.4395803948477, 35.474213541759404], [139.43982998302045, 35.473403366690235], [139.43983535989796, 35.47338637861366], [139.44004457790027, 35.47272528557783], [139.44128016469483, 35.47296119417433], [139.44237633950885, 35.47315301822779], [139.44241479024302, 35.473159761021265], [139.44229217503158, 35.47232606628483], [139.44229209385378, 35.47232546693849], [139.44213681407857, 35.47134850928473], [139.44213568453782, 35.471342168215], [139.44204412657697, 35.470834774141984], [139.4419889889838, 35.47047825555446], [139.44347039385934, 35.47023435077942], [139.44348660850298, 35.47026348403047], [139.44358003473522, 35.4702227669163], [139.44514923585456, 35.469960604148156], [139.44491622791625, 35.469064797160186], [139.44490263855104, 35.46906204307551], [139.44481439778727, 35.468739204407825], [139.44545475711124, 35.468588866148636], [139.445780298183, 35.4685215285466], [139.44578647469046, 35.46833648766349], [139.44577916111007, 35.4681190097552], [139.4458189935089, 35.46780805946495], [139.4458725487585, 35.46750771582835], [139.44619420641033, 35.467522861255276], [139.44712763774666, 35.46756961716423], [139.44812000756582, 35.46759954609693], [139.448846217955, 35.467653678728425], [139.44959267974875, 35.46778589858077], [139.45078069251832, 35.46795910334859], [139.45062929722482, 35.46894002046962], [139.4505808400704, 35.46928520257946], [139.4506022789884, 35.46933928310999], [139.45051296238856, 35.46985077122276], [139.45034535066705, 35.470224702915715], [139.45017193424698, 35.470678074102715], [139.45018638553623, 35.47107177256763], [139.45024507529155, 35.47164932482306], [139.45159668520975, 35.47166304839403], [139.45254575102248, 35.47154830686754], [139.45256171826833, 35.47157634671412], [139.45240505868543, 35.47164495852129], [139.45239407152093, 35.47174727136454], [139.4524189823918, 35.47186863770349], [139.4522662144806, 35.47206161419075], [139.452416910468, 35.47215345678096], [139.4521457780017, 35.472408160564335], [139.45210264375982, 35.472473155636514], [139.45205472647683, 35.47262143642669], [139.4519957439727, 35.47278767170447], [139.45194033942684, 35.472907798280694], [139.4519319186317, 35.47303212221217], [139.4519729654927, 35.473236876801835], [139.45212629328455, 35.47346511957214], [139.45218927687557, 35.473536683985486], [139.45201046227086, 35.473583011471455], [139.45212944796197, 35.47393746644188], [139.45188002785352, 35.47404148455514], [139.4518304411818, 35.47394028199942], [139.4517891325472, 35.47384597275887], [139.45106192802487, 35.474035708443], [139.4510549600578, 35.47402118253129], [139.45099820440927, 35.473905634853445], [139.45094584301202, 35.47392588142207], [139.45075216493814, 35.47398430548376], [139.45059058214957, 35.47404589589147], [139.45064396036827, 35.47424565646628], [139.45072322042748, 35.47445257557636], [139.45045306045992, 35.474535752228306], [139.4505458516523, 35.47471162725149], [139.4505687272076, 35.47474132763795], [139.45035988106417, 35.474837826732234], [139.44989910128655, 35.475052263782985], [139.44972404238354, 35.47513094906396], [139.44963894871407, 35.47518205070222], [139.4493982767753, 35.4753116151775], [139.4496238304803, 35.4755163741227], [139.45045056445392, 35.47627374895579], [139.45050496268732, 35.476331135016686], [139.45044322116536, 35.47637012349001], [139.45006009506105, 35.47663630144604], [139.449633711608, 35.47686526820202], [139.4492966604484, 35.47700938843087], [139.44864733986972, 35.47727298904608], [139.44852891563792, 35.47732767495057], [139.4485168817401, 35.47735052187854], [139.4485134943598, 35.477356918257165], [139.4481347459462, 35.478049224320166], [139.447755598006, 35.4787334125159], [139.44753864853425, 35.47911857731922], [139.44753615059687, 35.47929903587037], [139.44759415517515, 35.47949359495418], [139.4476978869029, 35.479713436265655], [139.44776251095652, 35.47996392361172], [139.4477445146574, 35.48001822484248], [139.44708073386658, 35.479761207903636], [139.44603456173192, 35.47935462756501], [139.44602889555588, 35.47928824583732], [139.4456748453, 35.47945670939882], [139.44544139186357, 35.47952298522703], [139.4454384373593, 35.47951381449574], [139.44541451843423, 35.47944614235148], [139.44537127653254, 35.47945560505182], [139.44533092450445, 35.47946443607226], [139.4453062690434, 35.47947008081677], [139.44527204348353, 35.47947884330468], [139.4451982768835, 35.47949772822799], [139.44515429366086, 35.47951560665414], [139.44513330690464, 35.47960957583178], [139.445047727931, 35.47962785702773], [139.44483070968857, 35.479649169624956], [139.44478357797834, 35.479684226298666], [139.44455147557127, 35.48033578939852], [139.44446587849268, 35.48057217411927], [139.44386775193385, 35.480433735226946], [139.44383815404774, 35.48043874565291], [139.44377308119738, 35.480623631640036], [139.4437663134888, 35.48064285362642], [139.44327003788584, 35.482003546220696]]]}}, {"type": "Feature", "properties": {"area_id": "14213013001", "city": "大和市", "ward": "", "town": "桜森", "chome": "1", "num_households": 389}, "geometry": {"type": "Polygon", "coordinates": [[[139.43908894584433, 35.467227819935864], [139.43965389712176, 35.46721039412796], [139.4401114884972, 35.467196314892085], [139.44054888765055, 35.467191956827676], [139.4411141688065, 35.46718632153813], [139.441211557216, 35.46720663413958], [139.4414237070445, 35.467250909335], [139.44178713432382, 35.467297326025076], [139.44192589762875, 35.46731506203993], [139.4420636265345, 35.46732444934443], [139.44212286007217, 35.467328490777206], [139.44232036575346, 35.46734196550713], [139.44312329875694, 35.46740327967779], [139.44314688001128, 35.46740420271844], [139.44376784222672, 35.46742851803865], [139.4437918000382, 35.46742945481584], [139.4441427436496, 35.46744317081049], [139.4443907440133, 35.4674529084599], [139.44478900977526, 35.467468479679496], [139.44568522411768, 35.46750095602162], [139.4458725487585, 35.46750771582835], [139.4458189935089, 35.46780805946495], [139.44577916111007, 35.4681190097552], [139.44578647469046, 35.46833648766349], [139.445780298183, 35.4685215285466], [139.44545475711124, 35.468588866148636], [139.44481439778727, 35.468739204407825], [139.44490263855104, 35.46906204307551], [139.44491622791625, 35.469064797160186], [139.44514923585456, 35.469960604148156], [139.44358003473522, 35.4702227669163], [139.44348660850298, 35.47026348403047], [139.44347039385934, 35.47023435077942], [139.44200401404177, 35.4693172234664], [139.4412493696987, 35.46884273303917], [139.44095239328774, 35.468662626975345], [139.44074972842438, 35.46853391439821], [139.44012451074468, 35.46814233240886], [139.43908959124943, 35.46750270284232], [139.4387040613857, 35.46723966759604], [139.43908894584433, 35.467227819935864]]]}}, {"type": "Feature", "properties": {"area_id": "14213013002", "city": "大和市", "ward": "", "town": "桜森", "chome": "2", "num_households": 1290}, "geometry": {"type": "Polygon", "coordinates": [[[139.4419889889838, 35.47047825555446], [139.4409597976614, 35.47040775583079], [139.44054968485608, 35.470399634107025], [139.44012588091095, 35.47039255917331], [139.4398821886417, 35.470433877684975], [139.4396594040199, 35.47058405704966], [139.43949095910176, 35.470702971603565], [139.4387469039431, 35.47084860519271], [139.43823771456522, 35.4709716919014], [139.43797588965728, 35.47102340412162], [139.43659631914548, 35.47128870380451], [139.43657511802738, 35.47135531944094], [139.43619866199225, 35.47141693476174], [139.43619606282041, 35.4713853092607], [139.436199492392, 35.47130039985536], [139.43623079199637, 35.471299024041606], [139.43624240024104, 35.47108175566254], [139.43621571834657, 35.47107202077202], [139.43626327076137, 35.470485430456705], [139.43629323839883, 35.47027241412], [139.43631214607316, 35.469980000571475], [139.43634080310557, 35.46945343275416], [139.43636892998498, 35.468824436331225], [139.43642165403017, 35.468244076918396], [139.43642319800912, 35.4682273211496], [139.43643364966462, 35.46809718528784], [139.4364488592258, 35.467952629089126], [139.43647405107652, 35.467641705999235], [139.43652666954836, 35.46761110495526], [139.43692053807146, 35.46742560681746], [139.43702001451976, 35.46738818711068], [139.43729052158633, 35.46735431726244], [139.43756195311957, 35.467271192808475], [139.43761545634592, 35.46727045182147], [139.4377119157822, 35.46726911199402], [139.43815119628547, 35.46727681042205], [139.43862601253693, 35.46724296995764], [139.4387040613857, 35.46723966759604], [139.43908959124943, 35.46750270284232], [139.44012451074468, 35.46814233240886], [139.44074972842438, 35.46853391439821], [139.44095239328774, 35.468662626975345], [139.4412493696987, 35.46884273303917], [139.44200401404177, 35.4693172234664], [139.44347039385934, 35.47023435077942], [139.4419889889838, 35.47047825555446]]]}}, {"type": "Feature", "properties": {"area_id": "14213013003", "city": "大和市", "ward": "", "town": "桜森", "chome": "3", "num_households": 1047}, "geometry": {"type": "Polygon", "coordinates": [[[139.4419889889838, 35.47047825555446], [139.44204412657697, 35.470834774141984], [139.44213568453782, 35.471342168215], [139.44213681407857, 35.47134850928473], [139.44229209385378, 35.47232546693849], [139.44229217503158, 35.47232606628483], [139.44241479024302, 35.473159761021265], [139.44237633950885, 35.47315301822779], [139.44128016469483, 35.47296119417433], [139.44004457790027, 35.47272528557783], [139.43983535989796, 35.47338637861366], [139.43982998302045, 35.473403366690235], [139.4395803948477, 35.474213541759404], [139.43957239793514, 35.47423847726861], [139.43943931228608, 35.474652938471316], [139.43931182116947, 35.47504995348], [139.43927264743692, 35.475041694583105], [139.4378027162863, 35.47473180754059], [139.43768351941398, 35.4743857835387], [139.43752042252743, 35.47391230033193], [139.43747645524715, 35.473784667836455], [139.43738325060485, 35.47351403646003], [139.43691886439447, 35.47219918582135], [139.43683861094323, 35.47212445795153], [139.43657511802738, 35.47135531944094], [139.43659631914548, 35.47128870380451], [139.43797588965728, 35.47102340412162], [139.43823771456522, 35.4709716919014], [139.4387469039431, 35.47084860519271], [139.43949095910176, 35.470702971603565], [139.4396594040199, 35.47058405704966], [139.4398821886417, 35.470433877684975], [139.44012588091095, 35.47039255917331], [139.44054968485608, 35.470399634107025], [139.4409597976614, 35.47040775583079], [139.4419889889838, 35.47047825555446]]]}}, {"type": "Feature", "properties": {"area_id": "142130140", "city": "大和市", "ward": "", "town": "下草柳", "chome": "", "num_households": 46}, "geometry": {"type": "Polygon", "coordinates": [[[139.45256171826833, 35.47157634671412], [139.45254575102248, 35.47154830686754], [139.45159668520975, 35.47166304839403], [139.45024507529155, 35.47164932482306], [139.45018638553623, 35.47107177256763], [139.45017193424698, 35.470678074102715], [139.45034535066705, 35.470224702915715], [139.45051296238856, 35.46985077122276], [139.4506022789884, 35.46933928310999], [139.4505808400704, 35.46928520257946], [139.45062929722482, 35.46894002046962], [139.45078069251832, 35.46795910334859], [139.451127256383, 35.4680167945594], [139.45148227732463, 35.46620293436582], [139.45166306686951, 35.465201263904056], [139.45173948717087, 35.464554843853946], [139.4517496644407, 35.46425774152498], [139.45175469232842, 35.4632145589695], [139.45176744265066, 35.462607405646075], [139.45181042652624, 35.46130850264639], [139.4517353589962, 35.460209018153805], [139.45164007549963, 35.45892338002747], [139.45415147496755, 35.4574110163167], [139.45424938244471, 35.45734727918559], [139.45427593012442, 35.45660058218564], [139.45428445479448, 35.45647124492606], [139.45429045771095, 35.455949548318664], [139.45430629270012, 35.45530390635107], [139.45437427564556, 35.454688605717415], [139.45440614780716, 35.45458205412295], [139.4543972142044, 35.45471638997267], [139.45439376430124, 35.45504112595471], [139.45442035388456, 35.455116314727654], [139.4545281219715, 35.45529070329597], [139.45571157959046, 35.457068893153114], [139.4557582808697, 35.45710481424415], [139.45572044997897, 35.4571047649666], [139.4557968784203, 35.457235778573605], [139.45630932106013, 35.45809846973373], [139.45642632325854, 35.45878815454942], [139.45666800385922, 35.45888528771673], [139.4567921407509, 35.45897525431681], [139.45689589785002, 35.459115999819026], [139.4569220666571, 35.459198897131984], [139.45691846465428, 35.45943750725661], [139.45688747625965, 35.459669551867876], [139.45685089906087, 35.45975203974049], [139.45679105354697, 35.459821603077444], [139.4566264278084, 35.45994294771773], [139.45653236772577, 35.46006800154471], [139.45639712904537, 35.46019112761466], [139.4562823847883, 35.46025713755353], [139.45610164418727, 35.460539061599505], [139.45523436358081, 35.46186294537458], [139.45505020607155, 35.46211038320921], [139.45434810482828, 35.463161115794094], [139.45350867859744, 35.46438875867069], [139.45341783092218, 35.46460719406046], [139.45264751384, 35.465611957807134], [139.45213553479314, 35.46626378576878], [139.45224825898927, 35.46632822669588], [139.45238823942142, 35.466408740259034], [139.45224115999122, 35.4666670290504], [139.4522296116327, 35.466779909667686], [139.45224011215197, 35.46686268631897], [139.4523929383575, 35.4673887864792], [139.45252248989468, 35.46776671970339], [139.45264121978886, 35.46808416414556], [139.45278990404077, 35.46836519027896], [139.4528124656583, 35.468363782266245], [139.4534592825548, 35.46832376655279], [139.4540691980601, 35.46832331058757], [139.45407027796932, 35.46831356086985], [139.45455473332478, 35.4683577032764], [139.45456969847214, 35.46842479047701], [139.4546691629814, 35.46865703331911], [139.4547099873661, 35.468671388166314], [139.45472828819322, 35.46893756241461], [139.45469842913587, 35.468934686123696], [139.45470446854154, 35.46910688244682], [139.4547403303041, 35.46918861284325], [139.45472087701611, 35.469215979133864], [139.45468311598623, 35.46921860572484], [139.4546507630905, 35.469288818434165], [139.45420292431427, 35.46975403270873], [139.45412002411123, 35.46983626669053], [139.45405592387647, 35.470123146752805], [139.4540479820238, 35.47015505408158], [139.45388309188994, 35.47081374245059], [139.45387883483534, 35.470822003630104], [139.4541106532614, 35.471100767136456], [139.45414880473555, 35.471244708428614], [139.4532841750749, 35.47141986212924], [139.45283868462138, 35.47148945747735], [139.45278995367295, 35.47152711519496], [139.45256171826833, 35.47157634671412]]]}}, {"type": "Feature", "properties": {"area_id": "14213015001", "city": "大和市", "ward": "", "town": "深見西", "chome": "1", "num_households": 351}, "geometry": {"type": "Polygon", "coordinates": [[[139.46047021389367, 35.47452463480859], [139.4606037004979, 35.47453541138579], [139.46093950646954, 35.474562519004685], [139.46157336524686, 35.47461368473769], [139.46213357508455, 35.474657651729885], [139.46170089397066, 35.47573930797852], [139.46158977221776, 35.47599678462002], [139.46135176192374, 35.47654826122779], [139.46100924435862, 35.47746214555161], [139.46062767119295, 35.47839484544473], [139.4574870471636, 35.477368971626376], [139.45791182867606, 35.47658305063133], [139.4579744145326, 35.4764634737703], [139.45844065522058, 35.47557248700416], [139.4585732522337, 35.47531909885411], [139.4590978809048, 35.474319473543275], [139.45911779336652, 35.47433256193807], [139.45914952067537, 35.474341110392196], [139.459498857606, 35.47439366031318], [139.46041843844722, 35.47453197479502], [139.46047021389367, 35.47452463480859]]]}}, {"type": "Feature", "properties": {"area_id": "14213015002", "city": "大和市", "ward": "", "town": "深見西", "chome": "2", "num_households": 1274}, "geometry": {"type": "Polygon", "coordinates": [[[139.46217165674003, 35.47466065599062], [139.46274059338748, 35.47482889021496], [139.4627905897712, 35.474843689209855], [139.46283222742764, 35.47485990661325], [139.46284976559568, 35.47486495963063], [139.46322901532244, 35.47497402761608], [139.4638019337175, 35.47513882099899], [139.46386383448703, 35.47515749298047], [139.46416981385462, 35.47524978886676], [139.464389700595, 35.47529538288588], [139.46458788709003, 35.475360979322545], [139.4650576711994, 35.47551643959795], [139.46503002700086, 35.47578237747692], [139.4649897444763, 35.476249537667805], [139.46495976019153, 35.47659719898945], [139.4649150318442, 35.477116467204205], [139.46488643880963, 35.47744859042933], [139.46488621450752, 35.47745101900725], [139.46480412775946, 35.47824203882446], [139.4647197580505, 35.47905513601497], [139.46466966157644, 35.47953790733745], [139.46377386358577, 35.47937958852043], [139.46306787691844, 35.479162877468966], [139.46211620882934, 35.478863355372916], [139.46092882569928, 35.47848963450293], [139.46062767119295, 35.47839484544473], [139.46100924435862, 35.47746214555161], [139.46135176192374, 35.47654826122779], [139.46158977221776, 35.47599678462002], [139.46170089397066, 35.47573930797852], [139.46213357508455, 35.474657651729885], [139.46217165674003, 35.47466065599062]]]}}, {"type": "Feature", "properties": {"area_id": "14213015003", "city": "大和市", "ward": "", "town": "深見西", "chome": "3", "num_households": 114}, "geometry": {"type": "Polygon", "coordinates": [[[139.46062767119295, 35.47839484544473], [139.4601792289862, 35.479570307728444], [139.45971877771882, 35.48075136194943], [139.45949487734342, 35.48133687186867], [139.45902153946523, 35.48249915351011], [139.45870400213389, 35.48233330238662], [139.45798537829404, 35.481944866133254], [139.45798228615197, 35.48194313145119], [139.45736472446015, 35.481596653448136], [139.45678149307622, 35.48125608868696], [139.4565923394044, 35.48116325867216], [139.45577745354274, 35.48066984060435], [139.4560562731492, 35.480164561227774], [139.45650617548503, 35.479315682874535], [139.45651615612934, 35.479243330830975], [139.45685462092217, 35.4785927683682], [139.4569263868963, 35.47845371930813], [139.45702942566936, 35.47825400407664], [139.4571855461309, 35.47795143532106], [139.45746503482317, 35.47740970755971], [139.4574870471636, 35.477368971626376], [139.46062767119295, 35.47839484544473]]]}}, {"type": "Feature", "properties": {"area_id": "14213015004", "city": "大和市", "ward": "", "town": "深見西", "chome": "4", "num_households": 535}, "geometry": {"type": "Polygon", "coordinates": [[[139.46062767119295, 35.47839484544473], [139.46092882569928, 35.47848963450293], [139.46211620882934, 35.478863355372916], [139.46306787691844, 35.479162877468966], [139.4637738635858, 35.479379588520395], [139.46466966157644, 35.47953790733745], [139.4646693024991, 35.479541708469206], [139.46445366673456, 35.48193236818361], [139.4644523976258, 35.481946587987565], [139.46425646945048, 35.483894908288754], [139.46425555932365, 35.48390553763778], [139.46415982354796, 35.48502225208113], [139.46415034309013, 35.485052605492065], [139.46330779070055, 35.484620466226595], [139.46328021750313, 35.484606334153774], [139.46231037142846, 35.48410891211741], [139.46120758045535, 35.483578086123515], [139.46118259254592, 35.48356332800583], [139.46109195005602, 35.48352146944008], [139.46015746277732, 35.48306396217158], [139.4601126632945, 35.48304195990907], [139.45924511263695, 35.48261591847694], [139.45902153946523, 35.48249915351011], [139.45949487734336, 35.48133687186867], [139.45971877771882, 35.48075136194943], [139.4601792289862, 35.479570307728444], [139.46062767119295, 35.47839484544473]]]}}, {"type": "Feature", "properties": {"area_id": "14213015005", "city": "大和市", "ward": "", "town": "深見西", "chome": "5", "num_households": 13}, "geometry": {"type": "Polygon", "coordinates": [[[139.45577745354274, 35.48066984060435], [139.4565923394044, 35.48116325867216], [139.45678149307622, 35.48125608868696], [139.45736472446015, 35.481596653448136], [139.45798228615197, 35.48194313145119], [139.45798537829404, 35.481944866133254], [139.45870400213389, 35.48233330238662], [139.45902153946523, 35.48249915351011], [139.45904551716657, 35.482517886697], [139.45887286334099, 35.4829219680393], [139.45833186021366, 35.48434699085063], [139.4571003927849, 35.48383264863067], [139.45645734498856, 35.48355818972079], [139.4546873159119, 35.482793269294106], [139.45506412508033, 35.48205932066877], [139.4554145137757, 35.48137683058116], [139.45544761910438, 35.48131233133871], [139.45577745354274, 35.48066984060435]]]}}, {"type": "Feature", "properties": {"area_id": "14213015006", "city": "大和市", "ward": "", "town": "深見西", "chome": "6", "num_households": 268}, "geometry": {"type": "Polygon", "coordinates": [[[139.45902153946523, 35.48249915351011], [139.45924511263695, 35.48261591847692], [139.4601126632945, 35.48304195990907], [139.46015746277732, 35.48306396217158], [139.46109195005602, 35.48352146944008], [139.46118259254592, 35.48356332800583], [139.46120758045535, 35.483578086123515], [139.46231037142846, 35.48410891211741], [139.46328021750313, 35.484606334153774], [139.46330779070055, 35.484620466226595], [139.46415034309018, 35.48505260549202], [139.46410400141352, 35.485357415772974], [139.46390238169897, 35.48668397946185], [139.4638478244197, 35.48704283227684], [139.46383619245822, 35.48711943789148], [139.4637346174649, 35.48709462244622], [139.46352659662372, 35.487008397137664], [139.46290470188202, 35.486653722144155], [139.46174435248383, 35.48579699465907], [139.4605347482551, 35.48524371880267], [139.45943572911506, 35.484817905470194], [139.45833186021366, 35.48434699085063], [139.45887286334099, 35.4829219680393], [139.45904551716657, 35.482517886697], [139.45902153946523, 35.48249915351011]]]}}, {"type": "Feature", "properties": {"area_id": "14213015007", "city": "大和市", "ward": "", "town": "深見西", "chome": "7", "num_households": 227}, "geometry": {"type": "Polygon", "coordinates": [[[139.4546873159119, 35.482793269294106], [139.45645734498856, 35.48355818972079], [139.4571003927849, 35.48383264863067], [139.45833186021366, 35.48434699085063], [139.45799828722207, 35.485137197997844], [139.45762732330095, 35.48594925876915], [139.45728271437164, 35.48678596851241], [139.45726838986482, 35.486820495668695], [139.45613765906606, 35.48652220532542], [139.4552419908044, 35.48627043640665], [139.45428941643257, 35.485972046627914], [139.45376074944673, 35.48580193101278], [139.45324180272522, 35.48563493812454], [139.45318420027033, 35.48561669657096], [139.4535975036822, 35.484817733935785], [139.45363687391335, 35.484794762616325], [139.45378631960557, 35.48445285621903], [139.45401589730264, 35.484005936772775], [139.4543181628895, 35.483417576409884], [139.45445181108772, 35.483164901898576], [139.4546587785695, 35.48283831405753], [139.4546873159119, 35.482793269294106]]]}}, {"type": "Feature", "properties": {"area_id": "14213015008", "city": "大和市", "ward": "", "town": "深見西", "chome": "8", "num_households": 372}, "geometry": {"type": "Polygon", "coordinates": [[[139.45833186021366, 35.48434699085063], [139.45943572911506, 35.484817905470194], [139.4605347482551, 35.48524371880267], [139.46174435248383, 35.48579699465907], [139.46290470188202, 35.486653722144155], [139.46352659662372, 35.487008397137664], [139.4637346174649, 35.48709462244622], [139.46383619245822, 35.48711943789148], [139.46370802859377, 35.487962592019294], [139.46358625670453, 35.48876401085961], [139.46357130868338, 35.48873731554984], [139.4627761904163, 35.48853446251484], [139.46274325044956, 35.48852605821613], [139.46269627593267, 35.48847979479507], [139.4619090003571, 35.48828576899911], [139.46186331412505, 35.48826820082591], [139.46155809947817, 35.48815085565182], [139.4610266902148, 35.48794654174201], [139.46036975658615, 35.48771267295303], [139.46035118339285, 35.48770715892594], [139.45952192505396, 35.48746144943028], [139.4595026224235, 35.48745572123869], [139.45728271437164, 35.48678596851241], [139.45762732330095, 35.48594925876915], [139.45799828722207, 35.485137197997844], [139.45833186021366, 35.48434699085063]]]}}, {"type": "Feature", "properties": {"area_id": "14213016001", "city": "大和市", "ward": "", "town": "深見東", "chome": "1", "num_households": 396}, "geometry": {"type": "Polygon", "coordinates": [[[139.46795899410677, 35.47578045642507], [139.46798632671778, 35.47622823312483], [139.46774169590316, 35.47626548054602], [139.46770348793217, 35.476708515791955], [139.46751037822665, 35.477611202426374], [139.4672816903982, 35.47850824437829], [139.46734034606905, 35.478606541717326], [139.46713234348312, 35.479136254843056], [139.4671496400196, 35.47923326371602], [139.4670382727958, 35.47943243776732], [139.4670143476092, 35.47949633491629], [139.46680849923234, 35.479608508332234], [139.46674163012165, 35.47967822397604], [139.46559249641155, 35.479592939216566], [139.4646693024991, 35.479541708469206], [139.46466966157644, 35.47953790733745], [139.4647197580505, 35.47905513601497], [139.46480412775946, 35.47824203882446], [139.46488621450752, 35.47745101900725], [139.46488643880963, 35.47744859042937], [139.4649150318442, 35.477116467204205], [139.46495976019153, 35.47659719898945], [139.4649897444763, 35.476249537667805], [139.46503002700086, 35.47578237747692], [139.4650576711994, 35.47551643959795], [139.46595016208923, 35.475608192368455], [139.46687680205557, 35.47569715559874], [139.46701854987282, 35.47568786912009], [139.46795899410677, 35.47578045642507]]]}}, {"type": "Feature", "properties": {"area_id": "14213016002", "city": "大和市", "ward": "", "town": "深見東", "chome": "2", "num_households": 121}, "geometry": {"type": "Polygon", "coordinates": [[[139.4646693024991, 35.479541708469206], [139.46559249641155, 35.479592939216566], [139.46674163012165, 35.47967822397604], [139.46669304616168, 35.479768696343235], [139.46667913358917, 35.48008293898451], [139.46670871983773, 35.48052493412092], [139.46675030564523, 35.480685882285464], [139.46703886674953, 35.48138591583266], [139.46687098764392, 35.48188550688991], [139.46689179133537, 35.481910812426754], [139.46675875881576, 35.48209287964366], [139.46535938950282, 35.48198855006768], [139.46445366673456, 35.48193236818361], [139.4646693024991, 35.479541708469206]]]}}, {"type": "Feature", "properties": {"area_id": "14213016003", "city": "大和市", "ward": "", "town": "深見東", "chome": "3", "num_households": 342}, "geometry": {"type": "Polygon", "coordinates": [[[139.46696571631088, 35.48513946187441], [139.46697814171065, 35.48516157396553], [139.466868730237, 35.485203734011094], [139.46684655600822, 35.485487953966846], [139.46650228948786, 35.48547496688335], [139.4667346895202, 35.486523795090164], [139.46581565555584, 35.48594842697458], [139.46502596650794, 35.485503607243416], [139.46500887669185, 35.485493978786714], [139.46417160332777, 35.48506355002949], [139.46415034309018, 35.48505260549202], [139.46415982354796, 35.48502225208113], [139.46425555932365, 35.48390553763778], [139.46425646945048, 35.483894908288754], [139.4644523976258, 35.481946587987565], [139.46445366673456, 35.48193236818366], [139.46535938950282, 35.48198855006768], [139.46675875881576, 35.48209287964366], [139.46678697449656, 35.48213637463536], [139.46689574145708, 35.48216895427749], [139.46703557391615, 35.48218680839864], [139.46702837369762, 35.482245755973636], [139.46699412361963, 35.48252652455979], [139.46686033009897, 35.482780374974425], [139.4668613860511, 35.483040656068184], [139.46686143892086, 35.48320894084927], [139.46683954555533, 35.48331818865582], [139.46690268544583, 35.483350031426674], [139.46694319555294, 35.48356822143747], [139.46692980964804, 35.48378543621946], [139.46698434096803, 35.48402496810794], [139.4670053349007, 35.48403784658518], [139.4668980752484, 35.48407990788459], [139.46701871926987, 35.48458794639516], [139.46692466212835, 35.48462437971341], [139.46696029088906, 35.48479826411387], [139.46696571631088, 35.48513946187441]]]}}, {"type": "Feature", "properties": {"area_id": "14213017051", "city": "大和市", "ward": "", "town": "深見", "chome": "", "num_households": 1063}, "geometry": {"type": "Polygon", "coordinates": [[[139.47089621139241, 35.49020864475364], [139.47088335451429, 35.490587454015156], [139.47086815499836, 35.49084102919115], [139.4708563078119, 35.4912726487542], [139.47085324318445, 35.49138462851165], [139.47081625095618, 35.491720800219305], [139.4707970214455, 35.49195612707173], [139.4707744432001, 35.49212300292827], [139.47067614776392, 35.492399913191214], [139.46916319717977, 35.4942347224741], [139.4690234662233, 35.49440416160399], [139.46885826911074, 35.494587815616384], [139.46867115418132, 35.49470926516127], [139.46835706489117, 35.494822052701664], [139.4680219275703, 35.49489488594112], [139.46814504306047, 35.494767328118805], [139.46830499033322, 35.49451321281661], [139.46842025738175, 35.494179218984435], [139.46844821677948, 35.49399510986981], [139.46801199874446, 35.493060163615326], [139.46721512907428, 35.491933860739294], [139.46699546409857, 35.49175360524645], [139.46654514946212, 35.49087564622076], [139.4665238341914, 35.490763311159114], [139.46623982213396, 35.49042918665312], [139.46613550771062, 35.49043724455337], [139.46514436958984, 35.49024679810088], [139.46524131169934, 35.48967599813804], [139.46530338060393, 35.48932118110729], [139.46448152317254, 35.48896673844182], [139.4640528131564, 35.48886965838488], [139.46358625670453, 35.48876401085961], [139.46370802859377, 35.487962592019294], [139.46383619245822, 35.48711943789148], [139.4638478244197, 35.48704283227684], [139.46390238169897, 35.48668397946185], [139.46410400141352, 35.485357415772974], [139.46415034309018, 35.48505260549202], [139.46417160332777, 35.48506355002949], [139.46500887669185, 35.485493978786714], [139.46502596650794, 35.485503607243416], [139.46581565555584, 35.48594842697458], [139.4667346895202, 35.486523795090164], [139.46650228948786, 35.48547496688335], [139.46684655600822, 35.485487953966846], [139.466868730237, 35.485203734011094], [139.46697814171065, 35.48516157396553], [139.46696571631088, 35.48513946187441], [139.46696029088906, 35.484798264113905], [139.46692466212832, 35.484624379713416], [139.46701871926987, 35.48458794639516], [139.4668980752484, 35.48407990788459], [139.4670053349007, 35.48403784658518], [139.46698434096803, 35.48402496810794], [139.46692980964804, 35.48378543621946], [139.46694319555294, 35.48356822143747], [139.46690268544583, 35.483350031426674], [139.46683954555533, 35.48331818865584], [139.46686143892086, 35.4832089408493], [139.4668613860511, 35.483040656068184], [139.46686033009894, 35.48278037497442], [139.46699412361963, 35.48252652455979], [139.46702837369762, 35.482245755973636], [139.46703557391615, 35.48218680839864], [139.46689574145708, 35.48216895427749], [139.46678697449656, 35.48213637463536], [139.46675875881576, 35.48209287964366], [139.46689179133537, 35.481910812426754], [139.46687098764392, 35.48188550688991], [139.46703886674953, 35.48138591583266], [139.46675030564523, 35.480685882285464], [139.46670871983773, 35.48052493412092], [139.46667913358917, 35.48008293898451], [139.46669304616168, 35.479768696343235], [139.46674163012165, 35.47967822397604], [139.46680849923234, 35.479608508332234], [139.4670143476092, 35.47949633491629], [139.4670382727958, 35.47943243776732], [139.4671496400196, 35.47923326371602], [139.46713234348312, 35.479136254843056], [139.46734034606905, 35.478606541717326], [139.4672816903982, 35.47850824437829], [139.46751037822665, 35.47761120242634], [139.46770348793217, 35.476708515791955], [139.46774169590316, 35.47626548054602], [139.46798632671778, 35.47622823312483], [139.46795899410677, 35.47578045642507], [139.4680103282195, 35.47578550643913], [139.46800509463813, 35.47548601822028], [139.46789615455654, 35.475436751268674], [139.46767992910168, 35.47512412876339], [139.4676146251277, 35.475029365298546], [139.4675764634245, 35.474910919141934], [139.46758099288326, 35.47463575418712], [139.4675829381747, 35.474517534875815], [139.4677076715368, 35.47394991757967], [139.46785550651302, 35.47337539611526], [139.46789238205494, 35.47328354754634], [139.46796519642908, 35.473106886697686], [139.46793463420167, 35.4730876419425], [139.46796483378398, 35.47297760466964], [139.4679639408626, 35.47265204213095], [139.46795010571668, 35.47262714370918], [139.4681857797129, 35.47211259795223], [139.46823552655437, 35.47203860088397], [139.46815343415733, 35.471564677532434], [139.46905149581212, 35.47164803454025], [139.46928496704322, 35.47168580794722], [139.46993030154704, 35.471739813221404], [139.47014942886074, 35.47171346485643], [139.47106577801134, 35.47146327211299], [139.47135613902898, 35.471379991445865], [139.47135531421023, 35.47113160030733], [139.4714459720233, 35.47077983133791], [139.47149016702306, 35.470532207840506], [139.47173882543265, 35.46999979969891], [139.47161382000903, 35.46983792857904], [139.47150634423767, 35.4697365592178], [139.47152592079487, 35.46972408423519], [139.47152523199392, 35.46960838563363], [139.471497799585, 35.46959693103171], [139.47188146509316, 35.46959652483239], [139.47226932368937, 35.46960236730241], [139.4727202334377, 35.4696239583726], [139.47313430993668, 35.46963272655412], [139.47359827620176, 35.46967519689664], [139.4740690800928, 35.46970979904523], [139.4743906684904, 35.46975487111393], [139.47454206844534, 35.46976570832385], [139.47456788329012, 35.4698797548589], [139.47455723872395, 35.46994084597089], [139.47435156641407, 35.47016133939374], [139.47427615858322, 35.47020442088427], [139.4738251731979, 35.47025233613936], [139.47356745401348, 35.47027029958742], [139.47341013508805, 35.47029380695874], [139.47328634387623, 35.4703415323595], [139.4731942817918, 35.470402342704645], [139.47313452056318, 35.470454518313744], [139.47300031738084, 35.47063135386655], [139.4729433318168, 35.470785181449216], [139.4728824471121, 35.47090030525239], [139.47275312263528, 35.47105004386705], [139.47253975739164, 35.47129483971778], [139.4722322556703, 35.47164979778516], [139.47196171664655, 35.47201187261087], [139.4718728881997, 35.47213814181009], [139.47166791779674, 35.47247770415773], [139.47154756669948, 35.47280878910365], [139.47142364255566, 35.47324055633755], [139.47135871287406, 35.47348952453632], [139.4713549454933, 35.47350398464775], [139.47117520769808, 35.47421956572528], [139.47107804957867, 35.474556632600574], [139.47093657989015, 35.47502175661517], [139.470911584639, 35.47516222966921], [139.4708132514711, 35.47550119338145], [139.4707324098717, 35.475851264363094], [139.47072370557922, 35.475896479724206], [139.4704727787543, 35.47672221958774], [139.4703517811872, 35.477189620474974], [139.47012404772087, 35.47802081339007], [139.47008448064233, 35.4783093919773], [139.47009309660396, 35.47863718825572], [139.47014166254763, 35.47893176514111], [139.47024869799355, 35.47923373443551], [139.47037658198755, 35.47950890473495], [139.47043510043025, 35.47966265138611], [139.4705744365409, 35.48002886391442], [139.47063652017744, 35.48021374314504], [139.47068368295265, 35.48035168320482], [139.47072674708016, 35.48047760557761], [139.4707924759536, 35.48076174184399], [139.47085367940298, 35.481156412319656], [139.4708590325063, 35.481445120716295], [139.47081515374154, 35.4817586766539], [139.4707156678238, 35.48199330834813], [139.47061172195595, 35.48234752158577], [139.47045883250465, 35.48275362276036], [139.4703275284691, 35.48311687113094], [139.47018529133769, 35.48348462823156], [139.4701555458117, 35.483536537921466], [139.47001004322368, 35.48385013801761], [139.46983553415663, 35.48429461646439], [139.46978267628714, 35.484446019680256], [139.46967744740098, 35.48473456724118], [139.4695041004216, 35.485312092705016], [139.46944350223612, 35.48559859223428], [139.46943032573196, 35.485966280712255], [139.46947586799104, 35.48614442132432], [139.46961657223807, 35.48646142224256], [139.46984184956392, 35.48683658894104], [139.4700424245958, 35.48715221720816], [139.47053592925866, 35.48797512941031], [139.47059433061125, 35.488056279813414], [139.47071169679282, 35.488279486375035], [139.47084084344144, 35.48859289077645], [139.47091831282924, 35.4888906482091], [139.47094830786043, 35.48910841604721], [139.47096028134703, 35.48932299545238], [139.47095622564188, 35.48951094549006], [139.4709531774819, 35.4896524628941], [139.4709389053572, 35.489929875210365], [139.47089621139241, 35.49020864475364]]]}}, {"type": "Feature", "properties": {"area_id": "14213017052", "city": "大和市", "ward": "", "town": "深見", "chome": "", "num_households": 1853}, "geometry": {"type": "Polygon", "coordinates": [[[139.47454206844534, 35.46976570832385], [139.4743906684904, 35.46975487111393], [139.4740690800928, 35.46970979904523], [139.47359827620176, 35.46967519689664], [139.47313430993668, 35.46963272655412], [139.4727202334377, 35.4696239583726], [139.47226932368937, 35.46960236730241], [139.47188146509316, 35.46959652483239], [139.471497799585, 35.46959693103171], [139.47148913466282, 35.469590427936], [139.4713698298588, 35.46911693723746], [139.47126360800988, 35.469047893286024], [139.47112300873067, 35.468346712183916], [139.47116653756967, 35.46828121332398], [139.47111802411294, 35.46818600481897], [139.47107193387413, 35.46802084410877], [139.47111772630242, 35.46802171902801], [139.47132830403058, 35.46799439188537], [139.47120534302368, 35.46715577374375], [139.47120432671096, 35.46713777900467], [139.47105716306706, 35.46717201968345], [139.47106000839062, 35.467180760522105], [139.47084892709285, 35.4672006561085], [139.47077229919967, 35.466699546878175], [139.4707380234746, 35.46669814108897], [139.47066505916507, 35.46671447045924], [139.47037756379808, 35.46591317066601], [139.47008911495962, 35.465152496893175], [139.47002371913086, 35.4650510754035], [139.47004353404685, 35.4648746675922], [139.47011255831902, 35.46456140897101], [139.47008273013753, 35.46445199668986], [139.46994880833878, 35.46447571198194], [139.469928182474, 35.464477656371244], [139.4698335248184, 35.46425999220096], [139.46975699013979, 35.46415670537846], [139.46951577632362, 35.46389680617567], [139.4694763549069, 35.46381929752239], [139.46951113477738, 35.46373704941567], [139.46948870437078, 35.4637242703289], [139.46898554771818, 35.46360846629856], [139.46822036744692, 35.46341032382977], [139.4677400420565, 35.4632859200757], [139.46716359865775, 35.46314492076201], [139.4671497095095, 35.46314209766828], [139.46646147468738, 35.46296720145023], [139.46629952592068, 35.46292692215447], [139.46582584752366, 35.462809149966255], [139.46537032847436, 35.46271135893909], [139.46515576869456, 35.46266528503624], [139.4651513953133, 35.4626614679695], [139.4651363535312, 35.462637656766965], [139.46566481990206, 35.46157967274583], [139.4657947317623, 35.46131958723217], [139.46585974731468, 35.461143384323826], [139.4660011739635, 35.46074464249711], [139.46605350740762, 35.46059325905604], [139.46609593803126, 35.46029075968016], [139.46615531340663, 35.4600195430523], [139.46619704076355, 35.45987196627938], [139.46620440822034, 35.45977547816171], [139.46621375607705, 35.45935633414459], [139.4662665376402, 35.459285898880005], [139.46627217557756, 35.45923845437722], [139.46723872115095, 35.45927759144669], [139.467315916757, 35.45928071332045], [139.46732098392002, 35.459331395505544], [139.46732328988628, 35.459365729237476], [139.46758777812127, 35.459372307246824], [139.4678511508924, 35.45937885762834], [139.46806510763173, 35.45938112646089], [139.46811334539072, 35.45937590494784], [139.46823342603506, 35.459376031417904], [139.46835355448536, 35.459371225261464], [139.46856927567057, 35.45936785235408], [139.46877102415652, 35.45936494345089], [139.4689579259665, 35.45936319356719], [139.46896854603307, 35.45936235866577], [139.4689747017047, 35.45936268647622], [139.46897159425427, 35.45934759800784], [139.46949681455095, 35.45934175798572], [139.47002382074527, 35.45949911510604], [139.4701446346244, 35.45886042644776], [139.4710305996015, 35.45895971153639], [139.47100765125109, 35.4593123006288], [139.47156310434727, 35.459364884139234], [139.47158389022832, 35.45920608158023], [139.47158531564682, 35.45916675581457], [139.47255639492025, 35.4592919353216], [139.4734404571174, 35.45940585947324], [139.4734057919667, 35.459507476197366], [139.4732897620268, 35.45983567182614], [139.47321556836724, 35.46003301124687], [139.4731252154417, 35.46019118544422], [139.4730069082534, 35.46048500946597], [139.47271152926766, 35.46113304134073], [139.47257576741688, 35.46141209472682], [139.47240041020692, 35.46175366479195], [139.4722404342712, 35.46207172179108], [139.47212558427623, 35.46236614812323], [139.47205697932768, 35.46262381388151], [139.47202674118734, 35.462737376033594], [139.47196626397, 35.463004078803124], [139.47195837133347, 35.463161543581414], [139.4719819558076, 35.46332103927396], [139.47197903918175, 35.46341524981475], [139.47202057213664, 35.46371830946955], [139.47215008495385, 35.46415063703039], [139.47223849680506, 35.46435137946229], [139.47222828380134, 35.46436877845781], [139.47223844470386, 35.46438729281471], [139.47235331755076, 35.464575508801424], [139.4724189634772, 35.46471805469481], [139.47249174539587, 35.4648338257464], [139.47268378830853, 35.46509508435978], [139.47290663847403, 35.46530604959088], [139.47295262920116, 35.46534928262704], [139.47328364164443, 35.465729009293284], [139.47346924483284, 35.46596391112242], [139.4734894197667, 35.46603899999886], [139.47382404710922, 35.467228714886886], [139.47384242877632, 35.46729115954763], [139.47403599121992, 35.46794908399038], [139.47416763523563, 35.468438384832915], [139.47432593694907, 35.46902677147905], [139.4744223734009, 35.469439072149], [139.4744584473065, 35.469593358190465], [139.47454206844534, 35.46976570832385]]]}}, {"type": "Feature", "properties": {"area_id": "14213019001", "city": "大和市", "ward": "", "town": "大和東", "chome": "1", "num_households": 502}, "geometry": {"type": "Polygon", "coordinates": [[[139.46744654689684, 35.47149234747029], [139.46721975529894, 35.47147156133287], [139.466894411266, 35.4714282255814], [139.46645154726002, 35.47138462652688], [139.46642883894268, 35.471382389404155], [139.46597363555802, 35.47133799010241], [139.46576186779174, 35.47131735249247], [139.46575574348427, 35.47133891465102], [139.46504908979438, 35.47128913599644], [139.46502147858973, 35.47128718961898], [139.4645206890517, 35.4712445954167], [139.46426987799632, 35.471223262491144], [139.4635720442476, 35.4711587883239], [139.46341408169297, 35.471144176925606], [139.46337606183994, 35.47114065876191], [139.4628097948381, 35.471108902899076], [139.46217301342529, 35.471059957381975], [139.46161212172137, 35.471011878480766], [139.46156951846785, 35.47100822583936], [139.46085068109133, 35.47093522319476], [139.46109048429028, 35.47048531721372], [139.46118774259136, 35.47030285947897], [139.4613633727083, 35.46997326694751], [139.4613362944989, 35.46997399332742], [139.46135018765978, 35.469948088737276], [139.46210578297138, 35.46987945159361], [139.46210460333575, 35.469864026644984], [139.46250340592078, 35.46983429394702], [139.46335515469508, 35.46973752591889], [139.4636664566665, 35.46966822998299], [139.46402880319462, 35.46964718364622], [139.46470846405617, 35.46960773453968], [139.4658759934997, 35.46982829976086], [139.46587663917683, 35.46982844144898], [139.46655454815865, 35.46979489111185], [139.4665635030848, 35.46979446039683], [139.46659721352992, 35.4697935118265], [139.46689594815567, 35.46978510767908], [139.46736158155122, 35.46977200684018], [139.46749374013652, 35.46976828553131], [139.4675246700782, 35.46976767163318], [139.46754143890544, 35.46976733806988], [139.46755316150322, 35.469767471803365], [139.46756801849176, 35.46984984165953], [139.4675731120905, 35.46987922695478], [139.46758539789226, 35.469950097972145], [139.46759271834816, 35.469992326087244], [139.46759975651383, 35.47005040478029], [139.46761499519113, 35.470182567822775], [139.467609949865, 35.47024653486797], [139.46760585852198, 35.470298405105886], [139.46758566632485, 35.470351740814614], [139.46757706092058, 35.47041783376617], [139.4675081109401, 35.470948794922165], [139.46750806546987, 35.47094918206268], [139.4675038070102, 35.47102440722994], [139.46744654689684, 35.47149234747029]]]}}, {"type": "Feature", "properties": {"area_id": "14213019002", "city": "大和市", "ward": "", "town": "大和東", "chome": "2", "num_households": 818}, "geometry": {"type": "Polygon", "coordinates": [[[139.46217165674003, 35.47466065599062], [139.46213357508455, 35.474657651729885], [139.46157336524686, 35.47461368473769], [139.46093950646951, 35.474562519004685], [139.46060370049784, 35.4745354113858], [139.46047021389367, 35.47452463480859], [139.46041843844722, 35.47453197479502], [139.459498857606, 35.47439366031318], [139.45914952067537, 35.474341110392196], [139.45911779336652, 35.47433256193807], [139.4592667391089, 35.47403404423841], [139.45946907588765, 35.473628509699225], [139.45959943665244, 35.4733822565854], [139.4596893683598, 35.47321238257073], [139.45990396945643, 35.4727982453041], [139.4599671254788, 35.47264712305056], [139.46008413987389, 35.47241966446516], [139.4601305512234, 35.472371222140374], [139.46031219850195, 35.471989019816306], [139.46033202099358, 35.471947396564914], [139.46058867225926, 35.47143896170939], [139.46085037600838, 35.47093575035388], [139.46085068109133, 35.47093522319476], [139.46156951846785, 35.47100822583936], [139.46161212172137, 35.471011878480766], [139.46217301342529, 35.471059957381975], [139.46229987953464, 35.471686893750594], [139.46238703398535, 35.47211757991109], [139.46234362422672, 35.47299299584283], [139.4622696011254, 35.47383307763047], [139.46217165674003, 35.47466065599062]]]}}, {"type": "Feature", "properties": {"area_id": "14213019003", "city": "大和市", "ward": "", "town": "大和東", "chome": "3", "num_households": 1512}, "geometry": {"type": "Polygon", "coordinates": [[[139.46217301342529, 35.471059957381975], [139.4628097948381, 35.471108902899076], [139.46337606183994, 35.47114065876191], [139.46341408169297, 35.471144176925606], [139.4635720442476, 35.4711587883239], [139.46426987799632, 35.471223262491144], [139.4645206890517, 35.4712445954167], [139.46502147858973, 35.47128718961898], [139.46504908979438, 35.47128913599644], [139.4657557434843, 35.47133891465102], [139.46565946975545, 35.4723184649574], [139.4656560110608, 35.47235073858215], [139.46556412394742, 35.47320760561553], [139.46556390442709, 35.4732086963605], [139.46550773607285, 35.47350000248192], [139.46539434507608, 35.47406898771426], [139.46533698931665, 35.474356839531374], [139.4652851822272, 35.47457883676365], [139.46522951331352, 35.47481754590681], [139.46518231381708, 35.47501072261366], [139.4650576711994, 35.47551643959795], [139.46458788709003, 35.475360979322545], [139.464389700595, 35.47529538288588], [139.46416981385462, 35.47524978886676], [139.46386383448703, 35.47515749298047], [139.4638019337175, 35.47513882099899], [139.46322901532244, 35.47497402761608], [139.46284976559568, 35.47486495963063], [139.46283222742764, 35.47485990661325], [139.4627905897712, 35.474843689209855], [139.46274059338748, 35.47482889021496], [139.46217165674003, 35.47466065599062], [139.4622696011254, 35.47383307763047], [139.46234362422672, 35.47299299584283], [139.46238703398535, 35.47211757991109], [139.46229987953464, 35.471686893750594], [139.46217301342529, 35.471059957381975]]]}}, {"type": "Feature", "properties": {"area_id": "14213020001", "city": "大和市", "ward": "", "town": "大和南", "chome": "1", "num_households": 495}, "geometry": {"type": "Polygon", "coordinates": [[[139.46749374013652, 35.46976828553131], [139.46736158155122, 35.46977200684018], [139.46689594815567, 35.46978510767908], [139.46659721352992, 35.4697935118265], [139.4665635030848, 35.46979446039683], [139.46655454815865, 35.46979489111185], [139.46587663917683, 35.46982844144898], [139.4658759934997, 35.46982829976086], [139.46470846405617, 35.46960773453968], [139.46402880319462, 35.46964718364622], [139.4636664566665, 35.46966822998299], [139.46335515469508, 35.46973752591889], [139.46250340592078, 35.46983429394702], [139.46210460333575, 35.469864026644984], [139.46210578297138, 35.46987945159361], [139.46135018765978, 35.469948088737276], [139.4613362944989, 35.46997399332742], [139.4613325486316, 35.46997408748956], [139.4617305627147, 35.469224423424606], [139.46181965741548, 35.46906561771379], [139.46203963870957, 35.46867345460562], [139.46311459015044, 35.46861575252107], [139.46337063879054, 35.468589878428354], [139.46346747516426, 35.46859179300148], [139.46352162438538, 35.46858184831175], [139.46432469912014, 35.46843433877282], [139.46507765067426, 35.46822388750675], [139.4660868910124, 35.46797111298826], [139.4669807095422, 35.46775192499653], [139.4670450864181, 35.46774585206582], [139.46705403807007, 35.4677553162694], [139.46733946212748, 35.46774343053142], [139.46734550800102, 35.46771982336316], [139.4673611661928, 35.4677173855823], [139.46736580798205, 35.467780620520635], [139.46736827459324, 35.46780819679267], [139.46738470293286, 35.46798798948115], [139.4673978449068, 35.46813558824824], [139.4674034536945, 35.46819855981192], [139.46741665454786, 35.46834683375867], [139.46742908449696, 35.4685429161962], [139.46743228788193, 35.468585304002545], [139.46744410500634, 35.46874170321949], [139.46744582428863, 35.468761136187595], [139.4674488202075, 35.46879496862153], [139.46744959660413, 35.46880457757644], [139.46746604202954, 35.46900804067687], [139.46747067814653, 35.469065417056584], [139.4674829734083, 35.469217536988936], [139.46749524203375, 35.46936930913323], [139.46749811246193, 35.46940502321645], [139.4675002684221, 35.46943185857572], [139.4675085482014, 35.469534973316726], [139.46751716708397, 35.469642376891954], [139.4675246700782, 35.469767671633214], [139.46749374013652, 35.46976828553131]]]}}, {"type": "Feature", "properties": {"area_id": "14213020002", "city": "大和市", "ward": "", "town": "大和南", "chome": "2", "num_households": 1157}, "geometry": {"type": "Polygon", "coordinates": [[[139.4660868910124, 35.46797111298826], [139.46507765067426, 35.46822388750675], [139.46432469912014, 35.46843433877282], [139.46352162438538, 35.46858184831175], [139.46346747516426, 35.46859179300148], [139.46337063879054, 35.468589878428354], [139.46311459015044, 35.46861575252107], [139.46203963870957, 35.46867345460562], [139.46205261420695, 35.46865036141315], [139.46229080627566, 35.46819079155523], [139.4624267774347, 35.46792702800536], [139.46263549050443, 35.46752219052602], [139.46326283545096, 35.46630507437981], [139.46355261479889, 35.4657429217158], [139.46356750859238, 35.465713989081614], [139.46380470136134, 35.46528167019302], [139.46388133353963, 35.465135396247774], [139.4639123379776, 35.465076197859254], [139.46451569802016, 35.46391918543492], [139.46451595933505, 35.46391865808857], [139.46474298068836, 35.46347789373674], [139.46477671991113, 35.463412296189155], [139.46502341329608, 35.462932332316015], [139.46515576869456, 35.46266528503624], [139.46537032847436, 35.46271135893909], [139.46582584752366, 35.462809149966255], [139.46629952592068, 35.46292692215447], [139.46646147468738, 35.46296720145023], [139.4671497095095, 35.46314209766828], [139.4671328572157, 35.463157292195696], [139.46699558339617, 35.46380817763393], [139.46699994333397, 35.46383357675673], [139.46686068323524, 35.46447621698989], [139.4666798805458, 35.465256547633516], [139.4666708243497, 35.46529563226626], [139.4665778256965, 35.46570423494769], [139.46650161970717, 35.466039057371404], [139.46649920263292, 35.466049753693284], [139.4663503926483, 35.46674662436862], [139.4662419956578, 35.46722970706847], [139.46620880945838, 35.467377606464765], [139.46616816304618, 35.46757547786385], [139.4660868910124, 35.46797111298826]]]}}, {"type": "Feature", "properties": {"area_id": "14213021001", "city": "大和市", "ward": "", "town": "深見台", "chome": "1", "num_households": 773}, "geometry": {"type": "Polygon", "coordinates": [[[139.46733946212748, 35.46774343053142], [139.46705403807007, 35.4677553162694], [139.4670450864181, 35.46774585206582], [139.4669807095422, 35.46775192499653], [139.4660868910124, 35.46797111298826], [139.46616816304618, 35.46757547786385], [139.46620880945838, 35.467377606464765], [139.4662419956578, 35.46722970706847], [139.4663503926483, 35.46674662436864], [139.46649920263292, 35.466049753693284], [139.46650161970717, 35.466039057371404], [139.4665778256965, 35.46570423494769], [139.4666708243497, 35.46529563226626], [139.4666798805458, 35.465256547633516], [139.46686068323524, 35.46447621698989], [139.46699994333397, 35.46383357675673], [139.46699558339617, 35.46380817763393], [139.4671328572157, 35.463157292195696], [139.4671497095095, 35.46314209766828], [139.46716359865775, 35.46314492076201], [139.4677400420565, 35.4632859200757], [139.46822036744692, 35.46341032382977], [139.46898554771818, 35.46360846629856], [139.46948870437078, 35.4637242703289], [139.46951113477738, 35.46373704941567], [139.4694763549069, 35.46381929752239], [139.46951577632362, 35.46389680617567], [139.46975699013979, 35.46415670537846], [139.4698335248184, 35.46425999220096], [139.469928182474, 35.464477656371244], [139.46994880833878, 35.46447571198194], [139.47008273013753, 35.46445199668986], [139.47011255831902, 35.46456140897101], [139.47004353404685, 35.4648746675922], [139.47002371913086, 35.4650510754035], [139.47008911495962, 35.465152496893175], [139.47037756379808, 35.46591317066601], [139.47066505916507, 35.46671447045924], [139.4707380234746, 35.46669814108897], [139.47077229919967, 35.466699546878175], [139.47084892709285, 35.4672006561085], [139.47085043223518, 35.46721055484472], [139.46906297789744, 35.46745627522131], [139.46897272387358, 35.46747962948843], [139.46870812768242, 35.467502143561205], [139.46806817644065, 35.46760732494512], [139.4673611661928, 35.46771738558228], [139.46734550800105, 35.467719823363154], [139.46733946212748, 35.46774343053142]]]}}, {"type": "Feature", "properties": {"area_id": "14213021002", "city": "大和市", "ward": "", "town": "深見台", "chome": "2", "num_households": 429}, "geometry": {"type": "Polygon", "coordinates": [[[139.47113123736003, 35.46960851605909], [139.47092298961755, 35.4696190210644], [139.47087767918802, 35.469621315984206], [139.47075065694756, 35.46962774143636], [139.4704919216702, 35.469640829923094], [139.470420906657, 35.46964442277866], [139.4699750525745, 35.469666963633024], [139.46976717178435, 35.469677468367635], [139.4695038172367, 35.469690940410224], [139.46926545545816, 35.46970315758182], [139.46924095558956, 35.46970441282617], [139.4683682924911, 35.469749082907164], [139.46792652415388, 35.469771699167374], [139.46757324413602, 35.46976769889627], [139.46755316150322, 35.469767471803365], [139.46754143890544, 35.46976733806988], [139.4675246700782, 35.46976767163318], [139.467517167084, 35.469642376891954], [139.4675085482014, 35.469534973316705], [139.4675002684221, 35.46943185857572], [139.46749811246193, 35.46940502321642], [139.46749524203375, 35.46936930913322], [139.4674829734083, 35.46921753698895], [139.46747067814653, 35.469065417056584], [139.46746604202954, 35.46900804067687], [139.46744959660413, 35.46880457757644], [139.4674488202075, 35.46879496862153], [139.46744582428863, 35.468761136187595], [139.46744410500634, 35.46874170321949], [139.46743228788193, 35.468585304002545], [139.46742908449696, 35.4685429161962], [139.46741665454786, 35.46834683375867], [139.4674034536945, 35.46819855981189], [139.4673978449068, 35.46813558824821], [139.46738470293286, 35.46798798948115], [139.46736827459324, 35.46780819679267], [139.46736580798205, 35.467780620520635], [139.4673611661928, 35.46771738558228], [139.46806817644065, 35.46760732494512], [139.46870812768242, 35.467502143561205], [139.46897272387358, 35.46747962948843], [139.46906297789744, 35.46745627522131], [139.47085043223518, 35.46721055484472], [139.47084892709285, 35.4672006561085], [139.47106000839062, 35.467180760522105], [139.47105716306706, 35.46717201968345], [139.47120432671096, 35.46713777900467], [139.47120534302368, 35.46715577374375], [139.47132830403058, 35.46799439188537], [139.47111772630242, 35.46802171902801], [139.47107193387413, 35.46802084410877], [139.47111802411294, 35.46818600481897], [139.47116653756967, 35.46828121332398], [139.47112300873067, 35.468346712183916], [139.47126360800988, 35.469047893286024], [139.4713698298588, 35.46911693723746], [139.47148913466282, 35.469590427936], [139.471171684062, 35.4696064876834], [139.47113123736003, 35.46960851605909]]]}}, {"type": "Feature", "properties": {"area_id": "14213021003", "city": "大和市", "ward": "", "town": "深見台", "chome": "3", "num_households": 221}, "geometry": {"type": "Polygon", "coordinates": [[[139.47161382000903, 35.46983792857904], [139.47173882543265, 35.46999979969891], [139.47149016702306, 35.47053220784052], [139.4714459720233, 35.47077983133791], [139.47135531421023, 35.47113160030733], [139.47135613902898, 35.471379991445865], [139.47106577801134, 35.47146327211299], [139.47014942886074, 35.47171346485643], [139.46993030154704, 35.471739813221404], [139.46928496704322, 35.47168580794722], [139.46905149581212, 35.47164803454025], [139.46815343415733, 35.471564677532434], [139.4678548751958, 35.4715368459337], [139.46747666192516, 35.4715057811115], [139.46744654689684, 35.47149234747029], [139.4675038070102, 35.47102440722994], [139.46750806546987, 35.47094918206268], [139.4675081109401, 35.470948794922165], [139.46757706092058, 35.47041783376617], [139.46758566632485, 35.470351740814614], [139.46760585852198, 35.470298405105886], [139.467609949865, 35.47024653486797], [139.46761499519113, 35.470182567822775], [139.46759975651383, 35.47005040478029], [139.46759271834816, 35.469992326087244], [139.46758539789226, 35.469950097972145], [139.4675731120905, 35.46987922695478], [139.46756801849176, 35.46984984165953], [139.46755316150322, 35.469767471803365], [139.46757324413602, 35.46976769889627], [139.46792652415388, 35.469771699167374], [139.4683682924911, 35.469749082907164], [139.46924095558956, 35.46970441282617], [139.46926545545816, 35.46970315758182], [139.4695038172367, 35.469690940410224], [139.46976717178435, 35.469677468367635], [139.4699750525745, 35.469666963633024], [139.470420906657, 35.46964442277866], [139.4704919216702, 35.469640829923094], [139.47075065694756, 35.46962774143636], [139.47087767918802, 35.469621315984206], [139.47092298961755, 35.4696190210644], [139.47113123736003, 35.46960851605909], [139.471171684062, 35.469606487683436], [139.4714891346628, 35.46959042793604], [139.471497799585, 35.46959693103171], [139.47152523199392, 35.469608385633656], [139.47152592079487, 35.46972408423519], [139.47150634423764, 35.4697365592178], [139.47161382000903, 35.46983792857904]]]}}, {"type": "Feature", "properties": {"area_id": "14213021004", "city": "大和市", "ward": "", "town": "深見台", "chome": "4", "num_households": 571}, "geometry": {"type": "Polygon", "coordinates": [[[139.46815343415733, 35.471564677532434], [139.46823552655437, 35.47203860088397], [139.4681857797129, 35.47211259795223], [139.46795010571668, 35.47262714370918], [139.4679639408626, 35.47265204213095], [139.46796483378398, 35.47297760466964], [139.46793463420167, 35.4730876419425], [139.46796519642908, 35.473106886697686], [139.46789238205494, 35.47328354754634], [139.46785550651302, 35.47337539611526], [139.4677076715368, 35.47394991757967], [139.4675829381747, 35.474517534875815], [139.46758099288326, 35.47463575418712], [139.4675764634245, 35.474910919141934], [139.4676146251277, 35.475029365298546], [139.46767992910168, 35.47512412876339], [139.46789615455654, 35.475436751268674], [139.46800509463813, 35.47548601822028], [139.4680103282195, 35.47578550643913], [139.46795899410677, 35.47578045642507], [139.46701854987282, 35.47568786912009], [139.46687680205557, 35.47569715559874], [139.46595016208923, 35.475608192368455], [139.4650576711994, 35.47551643959795], [139.46518231381708, 35.47501072261366], [139.46522951331352, 35.47481754590681], [139.4652851822272, 35.47457883676365], [139.46533698931665, 35.474356839531374], [139.46539434507608, 35.47406898771426], [139.46550773607285, 35.47350000248192], [139.46556390442709, 35.4732086963605], [139.46556412394742, 35.47320760561553], [139.4656560110608, 35.47235073858215], [139.46565946975545, 35.4723184649574], [139.4657557434843, 35.47133891465102], [139.4657618677917, 35.47131735249246], [139.46597363555802, 35.47133799010241], [139.46642883894268, 35.471382389404155], [139.46645154726002, 35.47138462652688], [139.466894411266, 35.4714282255814], [139.46721975529894, 35.47147156133287], [139.46744654689684, 35.47149234747029], [139.46747666192516, 35.4715057811115], [139.4678548751958, 35.4715368459337], [139.46815343415733, 35.471564677532434]]]}}, {"type": "Feature", "properties": {"area_id": "14213022001", "city": "大和市", "ward": "", "town": "中央", "chome": "1", "num_households": 294}, "geometry": {"type": "Polygon", "coordinates": [[[139.46074426696845, 35.46559185397658], [139.46130402467293, 35.46561832779766], [139.46262891091163, 35.46567594539706], [139.46356750859238, 35.465713989081614], [139.46355261479889, 35.4657429217158], [139.46326283545096, 35.46630507437981], [139.46263549050443, 35.46752219052602], [139.4624267774347, 35.46792702800536], [139.46229080627566, 35.46819079155523], [139.46205261420695, 35.46865036141315], [139.46203963870957, 35.46867345460562], [139.46181965741548, 35.46906561771379], [139.4617305627147, 35.469224423424606], [139.4613325486316, 35.46997408748956], [139.46062310940493, 35.469992899042], [139.46061521699983, 35.46936917154343], [139.46061345687139, 35.46860965158143], [139.460627520168, 35.46811531187445], [139.46067593362255, 35.46719003702777], [139.46067621492634, 35.46708211817933], [139.4607042320601, 35.46649285952004], [139.4607160868933, 35.46616093620338], [139.46074426696845, 35.46559185397658]]]}}, {"type": "Feature", "properties": {"area_id": "14213022002", "city": "大和市", "ward": "", "town": "中央", "chome": "2", "num_households": 1188}, "geometry": {"type": "Polygon", "coordinates": [[[139.46085068109133, 35.47093522319476], [139.46085037600838, 35.47093575035388], [139.46058867225926, 35.47143896170939], [139.46033202099358, 35.471947396564914], [139.46031219850195, 35.471989019816306], [139.4601305512234, 35.472371222140374], [139.46008413987389, 35.47241966446516], [139.4599671254788, 35.47264712305056], [139.45990396945643, 35.4727982453041], [139.4596893683598, 35.47321238257073], [139.45959943665244, 35.4733822565854], [139.45946907588765, 35.473628509699225], [139.4592667391089, 35.47403404423841], [139.45911779336652, 35.47433256193807], [139.4590978809048, 35.474319473543275], [139.45862740576217, 35.47415866143572], [139.45788541162835, 35.47390362938191], [139.45770208583727, 35.47384732351827], [139.45722436803675, 35.473681564264346], [139.45720979722938, 35.47367650823224], [139.45715391880444, 35.473659539967265], [139.45668663366897, 35.473517668536445], [139.45606055682205, 35.47329365153258], [139.45607413601792, 35.473279998409964], [139.45673709972002, 35.47283989153332], [139.4569958190245, 35.47266925035772], [139.4578482402541, 35.472121511882825], [139.45803696815895, 35.47198715788784], [139.45802425979846, 35.47187269046974], [139.4580110591857, 35.471607670096446], [139.4579846380334, 35.47107718579252], [139.45797253869122, 35.47107775344248], [139.4579351401548, 35.47065051376353], [139.45789349747966, 35.470080428611254], [139.4592686332063, 35.470028803410315], [139.45927517384965, 35.47002864733078], [139.46062310940493, 35.469992899042], [139.4613325486316, 35.46997408748956], [139.4613362944989, 35.46997399332742], [139.4613633727083, 35.46997326694751], [139.46118774259136, 35.47030285947897], [139.46109048429028, 35.47048531721372], [139.46085068109133, 35.47093522319476]]]}}, {"type": "Feature", "properties": {"area_id": "14213022003", "city": "大和市", "ward": "", "town": "中央", "chome": "3", "num_households": 769}, "geometry": {"type": "Polygon", "coordinates": [[[139.45789349747966, 35.470080428611254], [139.4579351401548, 35.47065051376353], [139.45797253869122, 35.47107775344248], [139.4579846380334, 35.47107718579252], [139.4580110591857, 35.471607670096446], [139.45802425979846, 35.47187269046974], [139.45803696815895, 35.47198715788784], [139.4578482402541, 35.472121511882825], [139.4569958190245, 35.47266925035772], [139.45673709972002, 35.47283989153332], [139.45607413601792, 35.473279998409964], [139.45606055682205, 35.47329365153258], [139.45554439056474, 35.473112153930366], [139.4552150224707, 35.47299919329038], [139.45509494840658, 35.47295800907374], [139.45499571467695, 35.47290580209904], [139.4548270393622, 35.47286573141276], [139.4546072373381, 35.472785681054965], [139.45408341053843, 35.47258675889134], [139.45412660480025, 35.472316613895025], [139.45408945731864, 35.47232536773468], [139.45389195755484, 35.47230956755256], [139.45373762414127, 35.472258802207854], [139.45356264351295, 35.4721718263011], [139.45355749623374, 35.47216926901949], [139.4535078714596, 35.47214460257789], [139.45337328401217, 35.472086927778356], [139.45316957022982, 35.472019774810406], [139.4531189392964, 35.47201274855849], [139.45301018359066, 35.471908014896506], [139.45299651484586, 35.471822066001096], [139.45293850102615, 35.4718285356149], [139.45283479063374, 35.47179602768435], [139.45278995367295, 35.47152711519496], [139.45283868462138, 35.47148945747735], [139.4532841750749, 35.47141986212924], [139.45414880473555, 35.471244708428614], [139.4541106532614, 35.471100767136456], [139.45387883483534, 35.470822003630104], [139.45388309188994, 35.47081374245059], [139.4540479820238, 35.47015505408158], [139.45405592387647, 35.470123146752805], [139.45452203115838, 35.47016212311204], [139.45486352525197, 35.470183379191035], [139.45503990246232, 35.47018678999503], [139.45539198855516, 35.470161640537555], [139.45591191970618, 35.47013195230194], [139.45590898650576, 35.470142363617924], [139.45665603101364, 35.47011905843234], [139.45689299335555, 35.47009921079417], [139.4577003445687, 35.47007519012683], [139.4578999185139, 35.47006925210552], [139.45789349747966, 35.470080428611254]]]}}, {"type": "Feature", "properties": {"area_id": "14213022004", "city": "大和市", "ward": "", "town": "中央", "chome": "4", "num_households": 975}, "geometry": {"type": "Polygon", "coordinates": [[[139.45789349747966, 35.470080428611254], [139.4578999185139, 35.47006925210552], [139.4577003445687, 35.47007519012683], [139.45689299335555, 35.47009921079417], [139.45665603101364, 35.47011905843234], [139.45590898650576, 35.470142363617924], [139.45591191970618, 35.47013195230194], [139.45539198855516, 35.470161640537555], [139.45503990246232, 35.47018678999503], [139.45486352525197, 35.470183379191035], [139.45452203115838, 35.47016212311204], [139.45405592387647, 35.470123146752805], [139.45412002411123, 35.46983626669053], [139.45420292431427, 35.46975403270873], [139.4546507630905, 35.469288818434165], [139.45468311598623, 35.46921860572484], [139.45472087701611, 35.469215979133864], [139.4547403303041, 35.46918861284325], [139.45470446854154, 35.46910688244682], [139.45469842913587, 35.468934686123696], [139.45472828819322, 35.46893756241461], [139.4547099873661, 35.468671388166314], [139.4546691629814, 35.46865703331911], [139.45456969847214, 35.46842479047701], [139.45455473332478, 35.4683577032764], [139.45511687172376, 35.468375153724615], [139.45600504688352, 35.46840553341107], [139.45691538792377, 35.46844484889305], [139.45743821303222, 35.468466566482356], [139.45781834164646, 35.46848117780972], [139.45832428323195, 35.46850561899388], [139.4587804855884, 35.46852254422159], [139.45902515579652, 35.46853162068676], [139.45905774614198, 35.468533458620776], [139.45918510405838, 35.46854064351143], [139.45936475305012, 35.468552540659516], [139.4595336413543, 35.46855850112445], [139.45979652809467, 35.46856777691642], [139.46006594831033, 35.46858311182463], [139.46009499892392, 35.46858451983351], [139.46061345687139, 35.46860965158143], [139.46061521699983, 35.46936917154343], [139.46062310940493, 35.469992899042], [139.45927517384965, 35.47002864733078], [139.4592686332063, 35.470028803410315], [139.45789349747966, 35.470080428611254]]]}}, {"type": "Feature", "properties": {"area_id": "14213022005", "city": "大和市", "ward": "", "town": "中央", "chome": "5", "num_households": 1264}, "geometry": {"type": "Polygon", "coordinates": [[[139.46074426696845, 35.46559185397658], [139.4607160868933, 35.46616093620338], [139.4607042320601, 35.46649285952004], [139.46067621492634, 35.46708211817933], [139.46067593362255, 35.46719003702777], [139.460627520168, 35.46811531187445], [139.46061345687139, 35.46860965158143], [139.46009499892392, 35.46858451983351], [139.46006594831033, 35.46858311182463], [139.45979652809467, 35.46856777691642], [139.4595336413543, 35.46855850112445], [139.45936475305012, 35.468552540659516], [139.45918510405838, 35.46854064351143], [139.45905774614198, 35.468533458620776], [139.45902515579655, 35.46853162068671], [139.4587804855884, 35.46852254422155], [139.45832428323195, 35.46850561899388], [139.45781834164646, 35.46848117780972], [139.45743821303222, 35.468466566482356], [139.45691538792377, 35.46844484889305], [139.45600504688352, 35.46840553341107], [139.45511687172376, 35.468375153724615], [139.45455473332478, 35.4683577032764], [139.45407027796932, 35.46831356086985], [139.45406984838638, 35.46831352429543], [139.45412379708193, 35.467830509858366], [139.45422136290242, 35.46742759605123], [139.45422543166057, 35.467403700871806], [139.4547648849319, 35.467494915599794], [139.4547776975796, 35.46749833636626], [139.45499263422403, 35.46710406836232], [139.4551629256527, 35.46674028891655], [139.45519062091725, 35.466681118193506], [139.45544977842724, 35.46636568264149], [139.45564437382944, 35.466198558052184], [139.4559723556328, 35.46594717374246], [139.4566287335996, 35.46543792340169], [139.4567948856674, 35.46536116091321], [139.45697521765948, 35.46529828091813], [139.45739071749014, 35.46515343096031], [139.45839575146428, 35.46547453513363], [139.45843751322445, 35.46547707803585], [139.45875598982556, 35.46549647393541], [139.45884972706062, 35.46550080475941], [139.45957600800355, 35.46553434598151], [139.46021645502165, 35.46556315205626], [139.46074426696845, 35.46559185397658]]]}}, {"type": "Feature", "properties": {"area_id": "14213022006", "city": "大和市", "ward": "", "town": "中央", "chome": "6", "num_households": 854}, "geometry": {"type": "Polygon", "coordinates": [[[139.4610893274655, 35.46093153612386], [139.46095661295018, 35.462755075745925], [139.4608243454007, 35.46449087348323], [139.46074426696845, 35.46559185397658], [139.46021645502165, 35.46556315205626], [139.45957600800355, 35.46553434598151], [139.45884972706062, 35.46550080475941], [139.45875598982556, 35.46549647393541], [139.45843751322445, 35.46547707803585], [139.45839575146428, 35.46547453513363], [139.45739071749014, 35.46515343096031], [139.45741989506632, 35.46512690445865], [139.45792140791124, 35.46467078402403], [139.4579746533139, 35.464427966302786], [139.45797812658662, 35.46441216897133], [139.45854127371152, 35.46440235040612], [139.45856402303002, 35.46405218712767], [139.45863784504365, 35.46378034978314], [139.45866338867555, 35.46378504289323], [139.45892481155195, 35.463832901867306], [139.45942636327283, 35.463813410780126], [139.4593795187202, 35.463518169554625], [139.4593307527074, 35.46342569756886], [139.45919697011962, 35.46331665730406], [139.45916192372687, 35.4633095755091], [139.4590026759239, 35.463206650886406], [139.45888744645487, 35.463106469444476], [139.45885544774669, 35.463073342703915], [139.4588269148067, 35.463044803026534], [139.4585674963485, 35.46262893346599], [139.4585575727203, 35.462615593498114], [139.4585488065254, 35.462603841611745], [139.45867861063064, 35.461839412321424], [139.4587001980296, 35.46173223089373], [139.45883058781502, 35.46108392454599], [139.45884033006794, 35.46104286522216], [139.45906492320108, 35.46009768007918], [139.4590950846811, 35.46009939361075], [139.45958805258502, 35.46024768604919], [139.45964034760763, 35.46026232350228], [139.45973230536194, 35.46028806125012], [139.46004979221874, 35.46043020232662], [139.4603543257525, 35.460572127359036], [139.4603882041606, 35.46058889431533], [139.46055584988744, 35.460671867474176], [139.46058379414634, 35.46068547185189], [139.46066256244, 35.46072381502067], [139.46070449398732, 35.46074422681246], [139.46107785961055, 35.46092597272002], [139.4610893274655, 35.46093153612386]]]}}, {"type": "Feature", "properties": {"area_id": "14213022007", "city": "大和市", "ward": "", "town": "中央", "chome": "7", "num_households": 801}, "geometry": {"type": "Polygon", "coordinates": [[[139.46150215516107, 35.46112871869422], [139.46165362116324, 35.461201085863195], [139.46221796487106, 35.46147059569053], [139.46234696630472, 35.461532962325066], [139.46279474843934, 35.461749471366794], [139.4632527940493, 35.46197093918869], [139.46329845159335, 35.4619930121634], [139.46341954689993, 35.46205155330746], [139.46343720479263, 35.46205886010079], [139.46433425927995, 35.462431096890555], [139.46436197442844, 35.462439300191726], [139.46466362853852, 35.4625285782687], [139.46470620254772, 35.46254017726868], [139.4651513953133, 35.4626614679695], [139.46515576869456, 35.46266528503624], [139.46502341329608, 35.462932332316015], [139.46477671991113, 35.463412296189155], [139.46474298068836, 35.46347789373674], [139.46451595933505, 35.46391865808857], [139.46451569802016, 35.46391918543492], [139.4639123379776, 35.465076197859254], [139.46388133353963, 35.465135396247774], [139.46380470136134, 35.46528167019302], [139.46356750859238, 35.465713989081614], [139.46262891091163, 35.46567594539706], [139.46130402467293, 35.46561832779766], [139.46074426696845, 35.46559185397658], [139.4608243454007, 35.46449087348323], [139.46095661295018, 35.462755075745925], [139.4610893274655, 35.46093153612386], [139.46150215516107, 35.46112871869422]]]}}, {"type": "Feature", "properties": {"area_id": "14213023001", "city": "大和市", "ward": "", "town": "草柳", "chome": "1", "num_households": 524}, "geometry": {"type": "Polygon", "coordinates": [[[139.45739071749014, 35.46515343096031], [139.45697521765948, 35.46529828091813], [139.4567948856674, 35.46536116091321], [139.4566287335996, 35.46543792340169], [139.4559723556328, 35.46594717374246], [139.45564437382944, 35.466198558052184], [139.45544977842724, 35.46636568264149], [139.45519062091725, 35.466681118193506], [139.4551629256527, 35.46674028891655], [139.45499263422403, 35.46710406836232], [139.4547776975796, 35.46749833636626], [139.4547648849319, 35.467494915599794], [139.45422543166057, 35.467403700871806], [139.45422136290242, 35.46742759605123], [139.45412379708193, 35.467830509858366], [139.45406984838638, 35.46831352429543], [139.45407027796932, 35.46831356086985], [139.4540691980601, 35.46832331058757], [139.4534592825548, 35.46832376655279], [139.4528124656583, 35.468363782266245], [139.45278990404077, 35.46836519027896], [139.45264121978886, 35.46808416414556], [139.45252248989468, 35.46776671970339], [139.4523929383575, 35.4673887864792], [139.45224011215197, 35.46686268631897], [139.4522296116327, 35.466779909667686], [139.45224115999122, 35.4666670290504], [139.45238823942142, 35.466408740259034], [139.45384424275696, 35.465453339512564], [139.45431941686715, 35.46489990320842], [139.4547906839615, 35.46434321268614], [139.45483269292612, 35.464287820640095], [139.45495240640855, 35.46415503482259], [139.45493495493076, 35.46414057926944], [139.45510586822337, 35.46386338359481], [139.4552167002887, 35.46366849354788], [139.45568987825402, 35.46337433061669], [139.4558318040023, 35.46358213043203], [139.4560664836544, 35.46388285980933], [139.4563210312839, 35.464038974582635], [139.4566124969485, 35.46421601326213], [139.45694783837928, 35.46460335887907], [139.45720047785335, 35.464883545875864], [139.45741989506632, 35.46512690445865], [139.45739071749014, 35.46515343096031]]]}}, {"type": "Feature", "properties": {"area_id": "14213023002", "city": "大和市", "ward": "", "town": "草柳", "chome": "2", "num_households": 670}, "geometry": {"type": "Polygon", "coordinates": [[[139.45741989506632, 35.46512690445865], [139.45720047785335, 35.464883545875864], [139.45694783837928, 35.46460335887907], [139.4566124969485, 35.46421601326213], [139.4563210312839, 35.464038974582635], [139.4560664836544, 35.46388285980933], [139.4558318040023, 35.46358213043203], [139.45568987825402, 35.46337433061669], [139.4552167002887, 35.46366849354788], [139.45510586822337, 35.46386338359481], [139.45493495493076, 35.46414057926944], [139.45495240640855, 35.46415503482259], [139.45483269292612, 35.464287820640095], [139.4547906839615, 35.46434321268614], [139.45431941686715, 35.46489990320842], [139.45384424275696, 35.465453339512564], [139.45238823942142, 35.466408740259034], [139.45224825898927, 35.46632822669588], [139.45213553479314, 35.46626378576878], [139.45264751384, 35.465611957807134], [139.45341783092218, 35.46460719406046], [139.45350867859744, 35.46438875867069], [139.45434810482828, 35.463161115794094], [139.45505020607155, 35.46211038320921], [139.45523436358081, 35.46186294537458], [139.45610164418727, 35.460539061599505], [139.4562823847883, 35.46025713755353], [139.45639712904537, 35.46019112761466], [139.45653236772577, 35.46006800154471], [139.45694223507635, 35.46006608723672], [139.45713836828932, 35.460064276079656], [139.45800724090844, 35.46005288737234], [139.45853476985684, 35.460051794710516], [139.45906492320108, 35.46009768007918], [139.45884033006794, 35.46104286522216], [139.45883058781502, 35.46108392454599], [139.4587001980296, 35.46173223089373], [139.45867861063064, 35.461839412321424], [139.4585488065254, 35.462603841611745], [139.4585575727203, 35.462615593498114], [139.4585674963485, 35.46262893346599], [139.4588269148067, 35.463044803026534], [139.45885544774669, 35.463073342703915], [139.45888744645487, 35.463106469444476], [139.4590026759239, 35.463206650886406], [139.45916192372687, 35.4633095755091], [139.45919697011962, 35.46331665730406], [139.4593307527074, 35.46342569756886], [139.4593795187202, 35.463518169554625], [139.45942636327283, 35.463813410780126], [139.45892481155195, 35.463832901867306], [139.45866338867555, 35.46378504289323], [139.45863784504365, 35.46378034978314], [139.45856402303002, 35.46405218712767], [139.45854127371152, 35.46440235040612], [139.45797812658662, 35.46441216897133], [139.4579746533139, 35.464427966302786], [139.45792140791124, 35.46467078402403], [139.45741989506632, 35.46512690445865]]]}}, {"type": "Feature", "properties": {"area_id": "14213023003", "city": "大和市", "ward": "", "town": "草柳", "chome": "3", "num_households": 197}, "geometry": {"type": "Polygon", "coordinates": [[[139.46004979221874, 35.46043020232662], [139.45973230536194, 35.46028806125012], [139.45964034760763, 35.46026232350228], [139.45958805258502, 35.46024768604919], [139.4590950846811, 35.46009939361075], [139.45906492320108, 35.46009768007918], [139.45853476985684, 35.460051794710516], [139.45800724090844, 35.46005288737234], [139.45713836828932, 35.460064276079656], [139.45694223507635, 35.46006608723672], [139.45653236772577, 35.46006800154471], [139.4566264278084, 35.45994294771773], [139.45679105354697, 35.459821603077444], [139.45685089906087, 35.45975203974049], [139.45688747625965, 35.459669551867876], [139.45691846465428, 35.45943750725661], [139.4569220666571, 35.459198897131984], [139.45689589785002, 35.459115999819026], [139.4567921407509, 35.45897525431681], [139.45666800385922, 35.45888528771673], [139.45642632325854, 35.45878815454942], [139.45630932106013, 35.45809846973373], [139.4557968784203, 35.457235778573605], [139.45572044997897, 35.4571047649666], [139.4557582808697, 35.45710481424415], [139.45649995691358, 35.457083004172176], [139.4563816515106, 35.45669260372708], [139.45618003929982, 35.45667048816112], [139.45604801749383, 35.45658366475073], [139.4559947827343, 35.45647191434059], [139.4560407511928, 35.456396884802096], [139.4562513509672, 35.456327587539505], [139.45626564786556, 35.45632587331365], [139.45641288244354, 35.456315774436305], [139.45657801287072, 35.456288304393816], [139.4568527232369, 35.45627751772769], [139.4568926353971, 35.45622774943138], [139.4572428475835, 35.45614878584427], [139.45745553263802, 35.45609400056342], [139.4575027843478, 35.45599221542993], [139.4582470559968, 35.45603994443246], [139.45824630220176, 35.45606335803006], [139.4583579032085, 35.45607170065183], [139.4585972006994, 35.456711343786324], [139.45866529358275, 35.45717545381415], [139.4586736407599, 35.45723209761805], [139.4588439210588, 35.457394705542896], [139.4588550026353, 35.45742745120987], [139.4590152389778, 35.4584416561803], [139.45901603513835, 35.458446764163035], [139.45903462746628, 35.45864259200847], [139.45911787600514, 35.458686091029904], [139.45921579557287, 35.45872178349312], [139.45942245160998, 35.459060516760054], [139.45938780354157, 35.45915495686962], [139.4594312603477, 35.45915456201957], [139.46006594965567, 35.459163386226514], [139.46005900695573, 35.45979377222114], [139.46004979221874, 35.46043020232662]]]}}, {"type": "Feature", "properties": {"area_id": "14213024001", "city": "大和市", "ward": "", "town": "柳橋", "chome": "1", "num_households": 559}, "geometry": {"type": "Polygon", "coordinates": [[[139.46621375607705, 35.45935633414459], [139.46620440822034, 35.45977547816171], [139.46619704076355, 35.45987196627938], [139.46615531340663, 35.4600195430523], [139.46609593803126, 35.46029075968016], [139.46605350740762, 35.46059325905604], [139.4660011739635, 35.46074464249711], [139.46585974731468, 35.461143384323826], [139.4657947317623, 35.46131958723217], [139.46566481990206, 35.46157967274583], [139.4651363535312, 35.462637656766965], [139.4651513953133, 35.4626614679695], [139.46470620254772, 35.46254017726868], [139.46466362853852, 35.4625285782687], [139.46436197442844, 35.462439300191726], [139.46433425927995, 35.462431096890555], [139.46343720479263, 35.46205886010079], [139.46341954689993, 35.46205155330746], [139.46329845159335, 35.4619930121634], [139.4632527940493, 35.46197093918869], [139.46279474843934, 35.461749471366794], [139.46234696630472, 35.461532962325066], [139.46221796487106, 35.46147059569053], [139.46165362116324, 35.461201085863195], [139.46150215516107, 35.46112871869422], [139.4616223237582, 35.46091240705449], [139.46166670148057, 35.46081712405953], [139.46167093919948, 35.460296661827655], [139.46166967997485, 35.460008323185484], [139.46187233085124, 35.46000299827835], [139.4618698268323, 35.45999090745363], [139.46192298411967, 35.45998252741384], [139.46222774502107, 35.459980282886356], [139.4622634399396, 35.45998177373661], [139.46231877929463, 35.459912756467276], [139.46238311656106, 35.45983251398973], [139.4623979885133, 35.45976534769075], [139.462408215549, 35.45971642183874], [139.4624097418814, 35.459709117156955], [139.46241305788448, 35.45969324489441], [139.46241463715444, 35.45968568730358], [139.46246877725545, 35.45965250242314], [139.46251019587137, 35.4595532573601], [139.4625635097588, 35.459425501844144], [139.46259688667004, 35.45934552711248], [139.46260251920714, 35.4593185031577], [139.46261060218092, 35.45923740415639], [139.46260763581338, 35.45919936159941], [139.4626053985808, 35.45917068660217], [139.46260540205364, 35.45915126278468], [139.4626054046402, 35.459123361601684], [139.4626054114801, 35.45907924621669], [139.46260541826862, 35.45901985738401], [139.46260542419566, 35.45897550047669], [139.46260542838502, 35.45894401557772], [139.462605430604, 35.45892280814792], [139.46260507399833, 35.45891594384622], [139.46283695774437, 35.45895667441404], [139.4632968084356, 35.45905336744102], [139.46384371527188, 35.45912398869882], [139.46386280814272, 35.45912676395593], [139.4643633561586, 35.45919952194457], [139.4649317035654, 35.4592495002803], [139.46550555187247, 35.4593016745491], [139.4655422110486, 35.45930446522326], [139.46595024039098, 35.45933553185685], [139.46595903719546, 35.459336226580895], [139.46621375607705, 35.45935633414459]]]}}, {"type": "Feature", "properties": {"area_id": "14213024002", "city": "大和市", "ward": "", "town": "柳橋", "chome": "2", "num_households": 810}, "geometry": {"type": "Polygon", "coordinates": [[[139.4660481653293, 35.45585122089262], [139.4660577457437, 35.456092084776046], [139.46609125860454, 35.456702092113886], [139.46611676833336, 35.457093420872184], [139.46615582602166, 35.45780016621273], [139.46615965597695, 35.4579016635485], [139.46621188179193, 35.45928562772604], [139.4662665376402, 35.459285898880005], [139.46621375607705, 35.45935633414459], [139.46595903719546, 35.459336226580895], [139.46595024039098, 35.45933553185685], [139.4655422110486, 35.45930446522326], [139.46550555187247, 35.4593016745491], [139.4649317035654, 35.4592495002803], [139.4643633561586, 35.45919952194457], [139.46386280814272, 35.45912676395593], [139.46384371527188, 35.45912398869882], [139.4632968084356, 35.45905336744102], [139.46283695774437, 35.45895667441404], [139.46260507399833, 35.45891594384622], [139.46260210292326, 35.45885879818257], [139.46259589632575, 35.45872426467452], [139.4625937820784, 35.458579066324965], [139.4625945350296, 35.458414510738386], [139.46259506208773, 35.45829932276062], [139.46259556295846, 35.45818985742998], [139.4625911399368, 35.458179180666534], [139.4625774579267, 35.45814128498154], [139.46256072910504, 35.4579245228523], [139.46253325379925, 35.45757124688147], [139.46249358619042, 35.45716409545353], [139.46247401978087, 35.45702921586922], [139.46234959693936, 35.45674722210534], [139.4621747244443, 35.456299303335484], [139.4622101444294, 35.45629134629359], [139.46255082264864, 35.45621479912213], [139.46263115374967, 35.456369019288445], [139.46291524230531, 35.45633095276285], [139.46354314990245, 35.456235883682446], [139.46357079927225, 35.45623197846311], [139.463572709055, 35.45624817762614], [139.46378392042607, 35.456145676299094], [139.46394471684656, 35.45606761663973], [139.4640343090823, 35.45603247076308], [139.46439787966034, 35.455995455612076], [139.46483288457424, 35.455968622330026], [139.46488573750048, 35.45596358707316], [139.46514180680225, 35.45593918307116], [139.46518466402557, 35.455937498861736], [139.46523486634175, 35.45593552464853], [139.4652860156918, 35.455930392129375], [139.46563119730016, 35.455895754276], [139.46567691762053, 35.455892324767106], [139.46604418958847, 35.45586476452111], [139.4660481653293, 35.45585122089262]]]}}, {"type": "Feature", "properties": {"area_id": "14213024003", "city": "大和市", "ward": "", "town": "柳橋", "chome": "3", "num_households": 1158}, "geometry": {"type": "Polygon", "coordinates": [[[139.4660481653293, 35.45585122089262], [139.46604418958847, 35.45586476452111], [139.46567691762053, 35.455892324767106], [139.46563119730016, 35.455895754276], [139.4652860156918, 35.455930392129375], [139.46523486634175, 35.45593552464853], [139.46518466402557, 35.455937498861736], [139.46514180680225, 35.45593918307116], [139.46488573750048, 35.45596358707316], [139.46483288457424, 35.455968622330026], [139.46439787966034, 35.455995455612076], [139.4640343090823, 35.45603247076308], [139.46394471684656, 35.45606761663973], [139.46378392042607, 35.456145676299094], [139.463572709055, 35.45624817762614], [139.46357079927225, 35.45623197846311], [139.46354314990245, 35.456235883682446], [139.46291524230531, 35.45633095276285], [139.46263115374967, 35.456369019288445], [139.46255082264864, 35.45621479912213], [139.4622101444294, 35.45629134629359], [139.4621747244443, 35.456299303335484], [139.4618087670052, 35.45634986174915], [139.4617894303, 35.45610910580446], [139.4618071035958, 35.45581145856738], [139.4618019412678, 35.45570788972488], [139.4618235421457, 35.45534261714244], [139.4618060365835, 35.45494637900871], [139.46182108593047, 35.45477044494746], [139.46181520737656, 35.45463536082706], [139.46172370581348, 35.454120834664806], [139.46175046129392, 35.45411582577171], [139.4617534627836, 35.45410575837015], [139.4617571738344, 35.45409331208149], [139.4617316151731, 35.45402603778008], [139.46167637097696, 35.45387571323526], [139.46167011275554, 35.45385868407258], [139.46166220488973, 35.45384022709239], [139.4616532572172, 35.45381947493293], [139.46165247738287, 35.45381767515178], [139.46163202063414, 35.45377048141393], [139.46158255369338, 35.45365634865554], [139.46155914235817, 35.4535999212384], [139.46154020290166, 35.45355356400662], [139.4615284224141, 35.453524734981706], [139.46151964513112, 35.453496168882076], [139.4615031043088, 35.45344232536375], [139.4614858492157, 35.453386174463034], [139.46145806518382, 35.453295751276094], [139.4614383279597, 35.45323150762312], [139.46143660831933, 35.4532258560334], [139.4615594876554, 35.45319063784159], [139.461778183393, 35.45305216528309], [139.46182270336928, 35.45301478412709], [139.46200153488013, 35.452864624087454], [139.46229839355775, 35.45295747590347], [139.462320079139, 35.45296364585176], [139.4624629185118, 35.45300428630601], [139.4625201552443, 35.45303199743247], [139.46277443005008, 35.45308397781746], [139.46296825293294, 35.45310422346165], [139.46306283184143, 35.45309750916067], [139.46336063216506, 35.45300357177921], [139.46343120987422, 35.45297544542627], [139.46348470735035, 35.452936872303454], [139.46355456765113, 35.452886498715245], [139.4636623046169, 35.452863662095524], [139.4639740472777, 35.452816596080595], [139.46432444095893, 35.452769402299275], [139.46432512999303, 35.452769298239176], [139.46446322696585, 35.45275032345469], [139.46495876529983, 35.452573262031954], [139.46497272630532, 35.45256907863029], [139.46509844807633, 35.45251795381397], [139.46520933856993, 35.4525107587804], [139.46553633343714, 35.4525641189942], [139.46558362716257, 35.45244159307663], [139.46563885357827, 35.4523630679666], [139.46571020057024, 35.4523355419361], [139.46582613391232, 35.45234551010197], [139.46585236847406, 35.452822365065515], [139.4658781270191, 35.453291016860874], [139.46590144709782, 35.45371490254283], [139.46591267504996, 35.45391901919829], [139.4660481653293, 35.45585122089262]]]}}, {"type": "Feature", "properties": {"area_id": "14213024004", "city": "大和市", "ward": "", "town": "柳橋", "chome": "4", "num_households": 560}, "geometry": {"type": "Polygon", "coordinates": [[[139.46260507399833, 35.45891594384622], [139.462605430604, 35.45892280814792], [139.46260542838502, 35.45894401557772], [139.46260542419566, 35.45897550047669], [139.46260541826862, 35.45901985738401], [139.4626054114801, 35.45907924621669], [139.4626054046402, 35.459123361601684], [139.46260540205364, 35.45915126278468], [139.4626053985808, 35.45917068660217], [139.46260763581338, 35.45919936159941], [139.46261060218092, 35.45923740415639], [139.46260251920714, 35.4593185031577], [139.46259688667004, 35.45934552711248], [139.4625635097588, 35.459425501844144], [139.46251019587137, 35.4595532573601], [139.46246877725545, 35.45965250242314], [139.46241463715444, 35.45968568730358], [139.46241305788448, 35.45969324489441], [139.4624097418814, 35.459709117156955], [139.462408215549, 35.45971642183874], [139.4623979885133, 35.45976534769075], [139.46238311656106, 35.45983251398973], [139.46231877929463, 35.459912756467276], [139.4622634399396, 35.45998177373661], [139.46222774502107, 35.459980282886356], [139.46192298411967, 35.45998252741384], [139.4618698268323, 35.45999090745363], [139.46187233085124, 35.46000299827835], [139.46166967997485, 35.460008323185484], [139.46167093919948, 35.460296661827655], [139.46166670148057, 35.46081712405953], [139.4616223237582, 35.46091240705449], [139.46150215516107, 35.46112871869422], [139.4610893274655, 35.46093153612386], [139.46107785961055, 35.46092597272002], [139.46070449398732, 35.46074422681246], [139.46066256244, 35.46072381502067], [139.46058379414634, 35.46068547185189], [139.46055584988744, 35.460671867474176], [139.4603882041606, 35.46058889431533], [139.4603543257525, 35.460572127359036], [139.46004979221874, 35.46043020232662], [139.46005900695573, 35.45979377222114], [139.46006594965567, 35.459163386226514], [139.4594312603477, 35.45915456201957], [139.45938780354157, 35.45915495686962], [139.45942245160998, 35.459060516760054], [139.45921579557287, 35.45872178349312], [139.45911787600514, 35.458686091029904], [139.45903462746628, 35.45864259200847], [139.45901603513835, 35.458446764163035], [139.4590152389778, 35.4584416561803], [139.4588550026353, 35.45742745120987], [139.4588439210588, 35.457394705542896], [139.4586736407599, 35.45723209761805], [139.45866529358275, 35.45717545381415], [139.4585972006994, 35.456711343786324], [139.4583579032085, 35.45607170065183], [139.45824630220176, 35.45606335803006], [139.4582470559968, 35.45603994443246], [139.45825304084468, 35.45585331330637], [139.4582508033013, 35.455546026267534], [139.45828049981154, 35.45544320046057], [139.45829932778076, 35.45507569852444], [139.45833299843528, 35.45454131168403], [139.45844165706785, 35.45436616487271], [139.45857717334644, 35.454199271891824], [139.45855446838868, 35.454195362523656], [139.4586585941642, 35.45415340255134], [139.45876506416008, 35.45406043070246], [139.45894036844197, 35.45399123091675], [139.45897825480617, 35.4539976515642], [139.45900011112627, 35.45407324633176], [139.45953738114656, 35.45408003345475], [139.4601568222568, 35.45407386335849], [139.4601946852206, 35.454074365063114], [139.46067046385238, 35.454080668955136], [139.4612494589458, 35.45410992994079], [139.46172370581348, 35.454120834664806], [139.46181520737656, 35.45463536082706], [139.46182108593047, 35.45477044494746], [139.4618060365835, 35.45494637900871], [139.4618235421457, 35.45534261714244], [139.4618019412678, 35.45570788972488], [139.4618071035958, 35.45581145856738], [139.4617894303, 35.45610910580446], [139.4618087670052, 35.45634986174915], [139.4621747244443, 35.456299303335484], [139.46234959693936, 35.45674722210534], [139.46247401978087, 35.45702921586922], [139.46249358619042, 35.45716409545353], [139.46253325379925, 35.45757124688147], [139.46256072910504, 35.4579245228523], [139.4625774579267, 35.45814128498154], [139.4625911399368, 35.458179180666534], [139.46259556295846, 35.45818985742998], [139.46259506208773, 35.45829932276062], [139.4625945350296, 35.458414510738386], [139.4625937820784, 35.458579066324965], [139.46259589632575, 35.45872426467452], [139.46260210292326, 35.45885879818257], [139.46260507399833, 35.45891594384622]]]}}, {"type": "Feature", "properties": {"area_id": "14213024005", "city": "大和市", "ward": "", "town": "柳橋", "chome": "5", "num_households": 301}, "geometry": {"type": "Polygon", "coordinates": [[[139.4582470559968, 35.45603994443246], [139.4575027843478, 35.45599221542993], [139.45745553263802, 35.45609400056342], [139.4572428475835, 35.45614878584427], [139.4568926353971, 35.45622774943138], [139.4568527232369, 35.45627751772769], [139.45657801287072, 35.456288304393816], [139.45641288244354, 35.456315774436305], [139.45626564786556, 35.45632587331365], [139.4562513509672, 35.456327587539505], [139.4560407511928, 35.456396884802096], [139.4559947827343, 35.45647191434059], [139.45604801749383, 35.45658366475073], [139.45618003929982, 35.45667048816112], [139.4563816515106, 35.45669260372708], [139.45649995691358, 35.457083004172176], [139.4557582808697, 35.45710481424415], [139.45571157959046, 35.457068893153114], [139.4545281219715, 35.45529070329597], [139.45442035388456, 35.455116314727654], [139.45439376430124, 35.45504112595471], [139.4543972142044, 35.45471638997267], [139.45440614780716, 35.45458205412295], [139.45442603555682, 35.45432219315876], [139.4544955967157, 35.45386699978073], [139.45453714198192, 35.45363220673226], [139.45454236171577, 35.45297579828616], [139.4545426871315, 35.45278707463281], [139.45454315836344, 35.45247575135231], [139.4550103303279, 35.4520653863607], [139.45574307457247, 35.45144146789886], [139.4559461481596, 35.45126792700058], [139.45627474255411, 35.45096644295477], [139.45628160233906, 35.450981322705864], [139.4567894868105, 35.451213201948335], [139.45686081231722, 35.451237299085044], [139.45704198369043, 35.451321248510084], [139.4573498342722, 35.45146390581611], [139.45766090595535, 35.451608086697526], [139.45817582783764, 35.45184674279102], [139.45818325824797, 35.45185018156753], [139.4582849529876, 35.451895816595766], [139.45835555916608, 35.45181523221009], [139.45850556438765, 35.45167856028487], [139.45876335270418, 35.45149969365192], [139.45887985711866, 35.45143213999234], [139.45898473138212, 35.45140482951933], [139.4589550153056, 35.45167000943201], [139.45867898681686, 35.45232165588034], [139.45867659516804, 35.45232714113642], [139.45859791383597, 35.452524880649015], [139.4585038588062, 35.4527996097177], [139.45847677206484, 35.452859275995905], [139.45839355678135, 35.453292309658714], [139.45835805706255, 35.453542579078224], [139.4582500874396, 35.45415535607357], [139.458259626457, 35.454158449964225], [139.45855446838868, 35.454195362523656], [139.45857717334644, 35.454199271891824], [139.45844165706785, 35.45436616487271], [139.45833299843528, 35.45454131168403], [139.45829932778076, 35.45507569852444], [139.45828049981154, 35.45544320046057], [139.4582508033013, 35.455546026267534], [139.45825304084468, 35.45585331330637], [139.4582470559968, 35.45603994443246]]]}}, {"type": "Feature", "properties": {"area_id": "14213025001", "city": "大和市", "ward": "", "town": "福田", "chome": "1", "num_households": 529}, "geometry": {"type": "Polygon", "coordinates": [[[139.46582613391232, 35.45234551010197], [139.46571020057024, 35.4523355419361], [139.46563885357827, 35.4523630679666], [139.46558362716257, 35.45244159307663], [139.46553633343714, 35.4525641189942], [139.46520933856993, 35.4525107587804], [139.46509844807633, 35.45251795381397], [139.46497272630532, 35.45256907863029], [139.46495876529983, 35.452573262031954], [139.46446322696585, 35.45275032345469], [139.46432512999303, 35.452769298239176], [139.46432444095893, 35.452769402299275], [139.4639740472777, 35.452816596080595], [139.4636623046169, 35.452863662095524], [139.46355456765113, 35.452886498715245], [139.46348470735035, 35.452936872303454], [139.46343120987422, 35.45297544542627], [139.46336063216506, 35.45300357177921], [139.46306283184143, 35.45309750916067], [139.46296825293294, 35.45310422346165], [139.46277443005008, 35.45308397781746], [139.4625201552443, 35.45303199743247], [139.4624629185118, 35.45300428630601], [139.462320079139, 35.45296364585176], [139.46229839355775, 35.45295747590347], [139.46200153488013, 35.452864624087454], [139.46201473591233, 35.452810547168966], [139.46207192768037, 35.45257615568842], [139.46217764876707, 35.452139351282206], [139.4621655981024, 35.45176386862068], [139.46216980752453, 35.451577972829405], [139.4621647979145, 35.4513755702054], [139.46218530095888, 35.451005295396506], [139.462186494423, 35.45094227262918], [139.46220424756297, 35.450636846136106], [139.46288590538458, 35.45063663174847], [139.46304269417638, 35.450642467768986], [139.46310085470375, 35.45063771810547], [139.46346068517047, 35.45060435892296], [139.46398758339367, 35.45054968371526], [139.46442793550497, 35.45050526869151], [139.46511250055167, 35.450490120763774], [139.46533772735745, 35.45048334832464], [139.46572092230969, 35.45047913823815], [139.4658247846247, 35.45232089322634], [139.46582613391232, 35.45234551010197]]]}}, {"type": "Feature", "properties": {"area_id": "14213025002", "city": "大和市", "ward": "", "town": "福田", "chome": "2", "num_households": 765}, "geometry": {"type": "Polygon", "coordinates": [[[139.46572092230969, 35.45047913823815], [139.46533772735745, 35.45048334832464], [139.46511250055167, 35.450490120763774], [139.46442793550497, 35.45050526869151], [139.46398758339367, 35.45054968371526], [139.46346068517047, 35.45060435892296], [139.46310085470375, 35.45063771810547], [139.46304269417638, 35.450642467768986], [139.46288590538458, 35.45063663174847], [139.46220424756297, 35.450636846136106], [139.46210250546417, 35.45041389802801], [139.46195358258242, 35.45026030807685], [139.46191586528286, 35.45018008832864], [139.46172996240205, 35.449664107204875], [139.4617093112068, 35.449541230491015], [139.46159462840635, 35.44919437241584], [139.46175855737212, 35.44908801935691], [139.4619792666905, 35.448920716566874], [139.46184136752981, 35.44863505161326], [139.46172066935316, 35.44844535249788], [139.46183392179807, 35.44840077664104], [139.4619011882159, 35.448343171099204], [139.46200161188912, 35.44822461367605], [139.46209576794618, 35.44807469873468], [139.46223926243167, 35.44778740810803], [139.46225304515096, 35.447343944855966], [139.46226550557873, 35.447160082656964], [139.46244165278048, 35.44721323172794], [139.46257859566055, 35.447237951240055], [139.4632325608759, 35.447283742756504], [139.46342018005555, 35.44732196374466], [139.4636263772862, 35.44739048498683], [139.46386963958008, 35.447493944596665], [139.46394312918585, 35.44754346491921], [139.46416396653012, 35.447638931785875], [139.4645064727297, 35.447815615275346], [139.46484852167092, 35.44797947978577], [139.46499021419936, 35.4480396320329], [139.46500757058723, 35.44807415591824], [139.465298330346, 35.44822757969962], [139.4653421437871, 35.448197997350576], [139.46553553402214, 35.44829232107736], [139.46549788640928, 35.44833875219523], [139.46561038291253, 35.44839328642051], [139.46569384038636, 35.449998758722685], [139.46572092230969, 35.45047913823815]]]}}, {"type": "Feature", "properties": {"area_id": "14213025003", "city": "大和市", "ward": "", "town": "福田", "chome": "3", "num_households": 478}, "geometry": {"type": "Polygon", "coordinates": [[[139.46539424023663, 35.4441966440931], [139.46538265882927, 35.44419815770612], [139.4654115560732, 35.44458232627965], [139.46544934786053, 35.4447415603518], [139.46542749233663, 35.44493089256525], [139.46545130632214, 35.44532422474776], [139.4654925914753, 35.445888131353456], [139.4655066867476, 35.4459020826271], [139.46552666539907, 35.44614533903448], [139.46551800105343, 35.44629072955741], [139.46553994308914, 35.44670789169895], [139.46554762207836, 35.44676013260714], [139.4655944955715, 35.44718392147158], [139.4656399443898, 35.44777861322624], [139.46562264797976, 35.448005347634094], [139.46563781999018, 35.4483404151613], [139.46553553402214, 35.44829232107736], [139.4653421437871, 35.448197997350576], [139.465298330346, 35.44822757969962], [139.46500757058723, 35.44807415591824], [139.46499021419936, 35.4480396320329], [139.46484852167092, 35.44797947978577], [139.4645064727297, 35.447815615275346], [139.46446034651433, 35.44714440878282], [139.46444904901608, 35.44703666630884], [139.46441263208237, 35.44682177357143], [139.46424958710702, 35.44641547560357], [139.4641867543305, 35.446275850868126], [139.46411231590048, 35.446075839308875], [139.46401169811818, 35.44574835776798], [139.46395316181312, 35.44553424182737], [139.46392560731303, 35.44543387873938], [139.46381945843754, 35.445054796568634], [139.46382294855775, 35.445016393313956], [139.46382568082376, 35.44496446709569], [139.46381369011957, 35.44489510192511], [139.46381338143507, 35.44452792255551], [139.4638967393264, 35.44411941964525], [139.46396594997304, 35.44386009587456], [139.46392837287902, 35.44331407262902], [139.4641501358803, 35.443317256492385], [139.46426836650073, 35.44330167105797], [139.46449803464543, 35.44329780351897], [139.46531604131133, 35.443268000271146], [139.4653323163521, 35.443493927214256], [139.46535953480003, 35.443802528190446], [139.46539424023663, 35.4441966440931]]]}}, {"type": "Feature", "properties": {"area_id": "14213025004", "city": "大和市", "ward": "", "town": "福田", "chome": "4", "num_households": 626}, "geometry": {"type": "Polygon", "coordinates": [[[139.46510955982447, 35.440338915866526], [139.46510915500193, 35.440380780838225], [139.46516141927148, 35.44102998261276], [139.4652307488236, 35.44189205111273], [139.46523645674935, 35.44200935591391], [139.46525988590716, 35.44248921007309], [139.46531604131133, 35.443268000271146], [139.46449803464543, 35.44329780351897], [139.46426836650073, 35.44330167105797], [139.4641501358803, 35.443317256492385], [139.46392837287902, 35.44331407262902], [139.4638593696259, 35.443111573240024], [139.4637879914707, 35.44286413763548], [139.4637207711744, 35.44269537673816], [139.4636469533129, 35.44255842483486], [139.46321329876127, 35.441803821459494], [139.46273726172947, 35.44186171332305], [139.46273702145413, 35.44185808698123], [139.46276465699285, 35.44185556587657], [139.46272468341868, 35.441657382665426], [139.46271623320715, 35.441520069579916], [139.46256659744054, 35.44088461830246], [139.46247407364282, 35.44046338787268], [139.46237094634236, 35.44034775306328], [139.46222732326626, 35.44026209949162], [139.462156208147, 35.44022233704088], [139.46180422385098, 35.44006568529997], [139.46161489322583, 35.439935346335375], [139.46139224246008, 35.439912613458986], [139.4611551818584, 35.43987969588236], [139.46103239519095, 35.439773153981804], [139.46090578214424, 35.43961945317399], [139.4612760792337, 35.439478493628606], [139.4612835798227, 35.4394754893563], [139.4615991488636, 35.439446539687836], [139.46193428815414, 35.43938152316574], [139.4623363251958, 35.43928048264078], [139.46234767372138, 35.43929210097518], [139.46254958985674, 35.439266495011005], [139.46304755170328, 35.439208949965604], [139.46307243440467, 35.43920614066481], [139.46341335857045, 35.439230819288014], [139.46376809600395, 35.439254941544284], [139.46377652758449, 35.43924588317348], [139.4639349980622, 35.4390946128462], [139.46401215620887, 35.439035485841394], [139.46424007137858, 35.43889361948932], [139.464414963386, 35.43880208113619], [139.46499343707254, 35.43840928866358], [139.4650238189208, 35.438930290395724], [139.46504552337905, 35.439287429504894], [139.46505877908479, 35.43950496749837], [139.4650611808603, 35.439544517184416], [139.46510955982447, 35.440338915866526]]]}}, {"type": "Feature", "properties": {"area_id": "14213025005", "city": "大和市", "ward": "", "town": "福田", "chome": "5", "num_households": 554}, "geometry": {"type": "Polygon", "coordinates": [[[139.46273702145413, 35.44185808698123], [139.46273726172947, 35.44186171332305], [139.46321329876127, 35.441803821459494], [139.4636469533129, 35.44255842483486], [139.4637207711744, 35.44269537673816], [139.4637879914707, 35.44286413763548], [139.4638593696259, 35.443111573240024], [139.46392837287902, 35.44331407262902], [139.46396594997304, 35.44386009587456], [139.4638967393264, 35.44411941964525], [139.46381338143507, 35.44452792255551], [139.46381369011957, 35.44489510192511], [139.46382568082376, 35.44496446709569], [139.46382294855775, 35.445016393313956], [139.46381945843754, 35.445054796568634], [139.46392560731303, 35.44543387873938], [139.46395316181312, 35.44553424182737], [139.46401169811818, 35.44574835776798], [139.46411231590048, 35.446075839308875], [139.4641867543305, 35.446275850868126], [139.46424958710702, 35.44641547560357], [139.46441263208237, 35.44682177357143], [139.46444904901608, 35.44703666630884], [139.46446034651433, 35.44714440878282], [139.4645064727297, 35.447815615275346], [139.46416396653012, 35.447638931785875], [139.46394312918585, 35.44754346491921], [139.46386963958008, 35.447493944596665], [139.4636263772862, 35.44739048498683], [139.46342018005555, 35.44732196374466], [139.4632325608759, 35.447283742756504], [139.46257859566055, 35.447237951240055], [139.46244165278048, 35.44721323172794], [139.46226550557873, 35.447160082656964], [139.4622393505306, 35.447148698533255], [139.46211869679678, 35.44711931046976], [139.46180753420026, 35.44697796173382], [139.46180645917065, 35.44697750066318], [139.46186733564394, 35.44661488542178], [139.46165627947843, 35.446190053842535], [139.46153140921822, 35.44592654061948], [139.46140976659217, 35.44567191123301], [139.46123533941704, 35.44531109799181], [139.4611676703007, 35.44518515140786], [139.46108258165066, 35.44499228703354], [139.46104854991378, 35.44492595179975], [139.46104864865038, 35.44477275106828], [139.46105392669426, 35.444457210133095], [139.46109527474457, 35.444401636427635], [139.4612094303555, 35.44420600897967], [139.46138847898484, 35.44398097287454], [139.46144421905973, 35.44378072833402], [139.461595261459, 35.44329092552776], [139.4616547031569, 35.44310854344549], [139.4617785668544, 35.44268052054199], [139.46183973699362, 35.4424778270764], [139.46188011249245, 35.44235246187103], [139.4618628103094, 35.442287762031086], [139.46180681819035, 35.44196150279751], [139.46273702145413, 35.44185808698123]]]}}, {"type": "Feature", "properties": {"area_id": "14213025006", "city": "大和市", "ward": "", "town": "福田", "chome": "6", "num_households": 413}, "geometry": {"type": "Polygon", "coordinates": [[[139.46180681819035, 35.44196150279751], [139.4618628103094, 35.442287762031086], [139.46188011249245, 35.44235246187103], [139.46183973699362, 35.4424778270764], [139.4617785668544, 35.44268052054199], [139.4616547031569, 35.44310854344549], [139.461595261459, 35.44329092552776], [139.46144421905973, 35.44378072833402], [139.46138847898484, 35.44398097287454], [139.4612094303555, 35.44420600897967], [139.46109527474457, 35.444401636427635], [139.46105392669426, 35.444457210133095], [139.46104864865038, 35.44477275106828], [139.46104854991378, 35.44492595179975], [139.46108258165066, 35.44499228703354], [139.4611676703007, 35.44518515140786], [139.46123533941704, 35.44531109799181], [139.46140976659217, 35.44567191123301], [139.46153140921822, 35.44592654061948], [139.46165627947843, 35.446190053842535], [139.46186733564394, 35.44661488542178], [139.46180645917065, 35.44697750066318], [139.4609880732319, 35.44653877254061], [139.46084929475668, 35.44668798377787], [139.4608244897056, 35.44668283624499], [139.46026815957168, 35.44638699138106], [139.4602008678097, 35.446319635065215], [139.46014309569813, 35.44622220483306], [139.4601739370212, 35.44607508745999], [139.45992865, 35.445890277900695], [139.45973525635952, 35.44564052629616], [139.4596156213744, 35.44534417482004], [139.45958142081705, 35.445257978922506], [139.4595676886128, 35.445045161306986], [139.45955926912478, 35.44493960945642], [139.45956877046976, 35.444754538505684], [139.45956314704188, 35.444620650264795], [139.45958890141634, 35.44410260968459], [139.45959514928992, 35.44381175516517], [139.45960856103935, 35.44327311351068], [139.45960396137906, 35.443076130761995], [139.4596090437697, 35.442981888260306], [139.4596207627956, 35.44276383242028], [139.45998187654016, 35.44272517122353], [139.46025439396686, 35.4426755302493], [139.46035184139888, 35.442669953449474], [139.4603647940005, 35.44266922030732], [139.46038596269648, 35.44265866539323], [139.46084300172421, 35.442430750674845], [139.46086189088405, 35.44236357386734], [139.4608685912342, 35.44233973958869], [139.4609729771862, 35.44205035326352], [139.46129195110757, 35.44202247226483], [139.46129530937063, 35.441993891175535], [139.46177547985224, 35.441916934504675], [139.46180681819035, 35.44196150279751]]]}}, {"type": "Feature", "properties": {"area_id": "14213025007", "city": "大和市", "ward": "", "town": "福田", "chome": "7", "num_households": 914}, "geometry": {"type": "Polygon", "coordinates": [[[139.46220424756297, 35.450636846136106], [139.46178934364738, 35.45062133487733], [139.46174049150883, 35.45062322556348], [139.46144565130294, 35.45061699464431], [139.4613559073774, 35.450611610608505], [139.46089564551394, 35.450605567768136], [139.46077995518115, 35.450618236391875], [139.46031759619376, 35.45074946908019], [139.46011872154995, 35.450799341717556], [139.45995681722783, 35.450876404751256], [139.45956695483417, 35.45109437269185], [139.45922709477435, 35.451266756371716], [139.45898473138212, 35.45140482951933], [139.45887985711866, 35.45143213999234], [139.45876335270418, 35.45149969365192], [139.45850556438765, 35.45167856028487], [139.45835555916608, 35.45181523221009], [139.4582849529876, 35.451895816595766], [139.45818325824797, 35.45185018156753], [139.45817582783764, 35.45184674279102], [139.45766090595535, 35.451608086697526], [139.4573498342722, 35.45146390581611], [139.45704198369043, 35.451321248510084], [139.45686081231722, 35.451237299085044], [139.4567894868105, 35.451213201948335], [139.45628160233906, 35.450981322705864], [139.45627474255411, 35.45096644295477], [139.4564049140235, 35.45082932444773], [139.45698174708522, 35.450255286390856], [139.45707121995275, 35.45016141709483], [139.45718442272855, 35.45003607434384], [139.45738586714927, 35.449812984785204], [139.45763505304978, 35.44953951859609], [139.45764785449086, 35.44952582752759], [139.45769551390316, 35.44947499284549], [139.45777126569303, 35.44938900181793], [139.4579446463608, 35.44916585767261], [139.45802434180513, 35.4491017453668], [139.45818933865567, 35.44891448804817], [139.45844727020747, 35.448785548557105], [139.4586438425841, 35.44866507805535], [139.45898701065326, 35.448381022709015], [139.45907836977614, 35.44825008078024], [139.459270243101, 35.44798231102606], [139.45931964364286, 35.447935741705116], [139.45949621326994, 35.44774781229395], [139.4596021510335, 35.44764673795849], [139.4597669346749, 35.44752320720332], [139.46038016697713, 35.44703239058997], [139.46047298127115, 35.44695937250938], [139.4608244897056, 35.44668283624499], [139.46084929475668, 35.44668798377787], [139.4609880732319, 35.44653877254061], [139.46180645917065, 35.44697750066318], [139.46180753420026, 35.44697796173382], [139.46211869679678, 35.44711931046976], [139.4622393505306, 35.447148698533255], [139.46226550557873, 35.447160082656964], [139.46225304515096, 35.447343944855966], [139.46223926243167, 35.44778740810803], [139.46209576794618, 35.44807469873468], [139.46200161188912, 35.44822461367605], [139.4619011882159, 35.448343171099204], [139.46183392179807, 35.44840077664104], [139.46172066935316, 35.44844535249788], [139.46184136752981, 35.44863505161326], [139.4619792666905, 35.448920716566874], [139.46175855737212, 35.44908801935691], [139.46159462840635, 35.44919437241584], [139.4617093112068, 35.449541230491015], [139.46172996240205, 35.449664107204875], [139.46191586528286, 35.45018008832864], [139.46195358258242, 35.45026030807685], [139.46210250546417, 35.45041389802801], [139.46220424756297, 35.450636846136106]]]}}, {"type": "Feature", "properties": {"area_id": "14213025008", "city": "大和市", "ward": "", "town": "福田", "chome": "8", "num_households": 654}, "geometry": {"type": "Polygon", "coordinates": [[[139.46172370581348, 35.454120834664806], [139.4612494589458, 35.45410992994079], [139.46067046385238, 35.454080668955136], [139.4601946852206, 35.454074365063114], [139.4601568222568, 35.45407386335849], [139.45953738114656, 35.45408003345475], [139.45900011112627, 35.45407324633176], [139.45897825480617, 35.4539976515642], [139.45894036844197, 35.45399123091675], [139.45876506416008, 35.45406043070246], [139.4586585941642, 35.45415340255134], [139.45855446838868, 35.454195362523656], [139.458259626457, 35.454158449964225], [139.4582500874396, 35.45415535607357], [139.45835805706255, 35.453542579078224], [139.45839355678135, 35.453292309658714], [139.45847677206484, 35.452859275995905], [139.4585038588062, 35.4527996097177], [139.45859791383597, 35.452524880649015], [139.45867659516804, 35.45232714113642], [139.45867898681686, 35.45232165588034], [139.4589550153056, 35.45167000943201], [139.45898473138212, 35.45140482951933], [139.45922709477435, 35.451266756371716], [139.45956695483417, 35.45109437269185], [139.45995681722783, 35.450876404751256], [139.46011872154995, 35.450799341717556], [139.46031759619376, 35.45074946908019], [139.46077995518115, 35.450618236391875], [139.46089564551394, 35.450605567768136], [139.4613559073774, 35.450611610608505], [139.46144565130294, 35.45061699464431], [139.46174049150883, 35.45062322556348], [139.46178934364738, 35.45062133487733], [139.46220424756297, 35.450636846136106], [139.462186494423, 35.45094227262918], [139.46218530095888, 35.451005295396506], [139.4621647979145, 35.4513755702054], [139.46216980752453, 35.451577972829405], [139.4621655981024, 35.45176386862068], [139.46217764876707, 35.452139351282206], [139.46207192768037, 35.45257615568842], [139.46201473591233, 35.452810547168966], [139.46200153488013, 35.452864624087454], [139.46182270336928, 35.45301478412709], [139.461778183393, 35.45305216528309], [139.4615594876554, 35.45319063784159], [139.46143660831933, 35.4532258560334], [139.4614383279597, 35.45323150762312], [139.46145806518382, 35.453295751276094], [139.4614858492157, 35.453386174463034], [139.4615031043088, 35.45344232536375], [139.46151964513112, 35.453496168882076], [139.4615284224141, 35.453524734981706], [139.46154020290166, 35.45355356400662], [139.46155914235817, 35.4535999212384], [139.46158255369338, 35.45365634865554], [139.46163202063414, 35.45377048141393], [139.46165247738287, 35.45381767515178], [139.4616532572172, 35.45381947493293], [139.46166220488973, 35.45384022709239], [139.46167011275554, 35.45385868407258], [139.46167637097696, 35.45387571323526], [139.4617316151731, 35.45402603778008], [139.4617571738344, 35.45409331208149], [139.4617534627836, 35.45410575837015], [139.46175046129392, 35.45411582577171], [139.46172370581348, 35.454120834664806]]]}}, {"type": "Feature", "properties": {"area_id": "14213025051", "city": "大和市", "ward": "", "town": "福田", "chome": "", "num_households": 925}, "geometry": {"type": "Polygon", "coordinates": [[[139.4662665376402, 35.459285898880005], [139.46621188179193, 35.45928562772604], [139.46615965597695, 35.4579016635485], [139.46615582602166, 35.45780016621273], [139.46611676833336, 35.457093420872184], [139.46609125860454, 35.456702092113886], [139.4660577457437, 35.456092084776046], [139.4660481653293, 35.45585122089262], [139.46591267504996, 35.45391901919829], [139.46590144709782, 35.45371490254283], [139.4658781270191, 35.453291016860874], [139.46585236847406, 35.452822365065515], [139.46582613391232, 35.45234551010197], [139.4658247846247, 35.45232089322634], [139.46572092230969, 35.45047913823815], [139.46569384038636, 35.449998758722685], [139.46561038291253, 35.44839328642051], [139.46549788640928, 35.44833875219523], [139.46553553402214, 35.44829232107736], [139.46563781999018, 35.4483404151613], [139.46562264797976, 35.448005347634094], [139.4656399443898, 35.44777861322624], [139.4655944955715, 35.44718392147158], [139.46554762207836, 35.44676013260714], [139.46553994308914, 35.44670789169895], [139.46551800105343, 35.44629072955741], [139.46552666539907, 35.44614533903448], [139.4655066867476, 35.4459020826271], [139.4654925914753, 35.445888131353456], [139.46545130632214, 35.44532422474776], [139.46542749233663, 35.44493089256525], [139.46544934786053, 35.4447415603518], [139.4654115560732, 35.44458232627965], [139.46538265882927, 35.44419815770612], [139.46539424023663, 35.4441966440931], [139.46572537510662, 35.44420294547071], [139.46572061708417, 35.44401810914179], [139.46652041113913, 35.4439542994166], [139.46659669369774, 35.44468156861531], [139.46664138435287, 35.44524693576899], [139.46668254098768, 35.44599277046309], [139.4666939743467, 35.44611889118183], [139.46669587130756, 35.446403005185395], [139.46671196547598, 35.446687408631114], [139.4667360729911, 35.447112745537005], [139.46679084830512, 35.44775014019617], [139.46681559582174, 35.44807224388033], [139.46688320345876, 35.44903976832006], [139.46689319301043, 35.44947008999379], [139.4668970189596, 35.44963492894452], [139.4669042298467, 35.449945604322345], [139.46691382326713, 35.450062015053696], [139.4669187024655, 35.45020084050774], [139.4669186248568, 35.45021796650501], [139.46692542907658, 35.45041809138365], [139.46692314053936, 35.45043701291581], [139.46692153089964, 35.45049441526034], [139.46691868732069, 35.450567413942444], [139.46691328054618, 35.45074338169644], [139.4669080708719, 35.45084528693265], [139.4669100212713, 35.450879468342016], [139.46690936001713, 35.450913804059404], [139.46690819811968, 35.45097389031233], [139.4669076335356, 35.45100321554026], [139.46690727024193, 35.45102195315768], [139.46690724247023, 35.451028081216215], [139.46690720079638, 35.45103727687996], [139.46690758786738, 35.45113273219043], [139.46690772079464, 35.45116527188813], [139.46688580957223, 35.451174791290015], [139.4668833942971, 35.45131424799483], [139.46688828024347, 35.45153689404813], [139.46687388171392, 35.452387903776085], [139.46687943072087, 35.452825507162], [139.46688038396377, 35.452899591876914], [139.46689158492927, 35.453039548969606], [139.46685041314515, 35.453112378292424], [139.4668303599761, 35.45325481077662], [139.46678002544843, 35.453612001106684], [139.46678374846925, 35.453658829388466], [139.4667994077341, 35.45385581763459], [139.4669069487989, 35.455786556280664], [139.4670994640166, 35.45776262174642], [139.46711560111805, 35.457829182067734], [139.46723434268947, 35.4592371573729], [139.46723872115095, 35.45927759144669], [139.46627217557756, 35.45923845437722], [139.4662665376402, 35.459285898880005]]]}}, {"type": "Feature", "properties": {"area_id": "14213025052", "city": "大和市", "ward": "", "town": "福田", "chome": "", "num_households": 409}, "geometry": {"type": "Polygon", "coordinates": [[[139.46597548831153, 35.440227879801704], [139.46608748875857, 35.441809332078584], [139.4661233218253, 35.44192606047727], [139.46631936315237, 35.44263126760768], [139.46641439019393, 35.44313275044292], [139.46649611576262, 35.44378827646792], [139.4665075793679, 35.44388007068384], [139.46652041113913, 35.4439542994166], [139.46572061708417, 35.44401810914179], [139.46572537510662, 35.44420294547071], [139.46539424023663, 35.4441966440931], [139.46535953480003, 35.443802528190446], [139.4653323163521, 35.443493927214256], [139.46531604131133, 35.443268000271146], [139.46525988590716, 35.44248921007309], [139.46523645674935, 35.44200935591391], [139.4652307488236, 35.44189205111273], [139.46516141927148, 35.44102998261276], [139.46510915500193, 35.440380780838225], [139.46510955982447, 35.440338915866526], [139.46553917741338, 35.44020030810308], [139.46594171888032, 35.44014971315681], [139.46597548831153, 35.440227879801704]]]}}, {"type": "Feature", "properties": {"area_id": "14213025053", "city": "大和市", "ward": "", "town": "福田", "chome": "", "num_households": 791}, "geometry": {"type": "Polygon", "coordinates": [[[139.46090578214424, 35.43961945317399], [139.46103239519095, 35.439773153981804], [139.4611551818584, 35.43987969588236], [139.46139224246008, 35.439912613458986], [139.46161489322583, 35.439935346335375], [139.46180422385098, 35.44006568529997], [139.462156208147, 35.44022233704088], [139.46222732326626, 35.44026209949162], [139.46237094634236, 35.44034775306328], [139.46247407364282, 35.44046338787268], [139.46256659744054, 35.44088461830246], [139.46271623320715, 35.441520069579916], [139.46272468341868, 35.441657382665426], [139.46276465699285, 35.44185556587657], [139.46273702145413, 35.44185808698123], [139.46180681819035, 35.44196150279751], [139.46177547985224, 35.441916934504675], [139.46159378405042, 35.44130289609527], [139.46151878019188, 35.441041154121876], [139.46146950101968, 35.44095005157928], [139.46139675119505, 35.44075997015499], [139.4613129224916, 35.44058341038762], [139.46117225158022, 35.44062367727916], [139.46097979232874, 35.44070659845142], [139.46095315468432, 35.440763063217474], [139.46087438415873, 35.44076003659823], [139.4607059638248, 35.440855214858175], [139.46046959993012, 35.44108134099604], [139.460457930933, 35.44109278273297], [139.46031328356383, 35.441024340647694], [139.460022800618, 35.44090185400008], [139.45989988759456, 35.44085995811417], [139.45955264616214, 35.440822923694235], [139.45925634812073, 35.44080520313565], [139.45919266024416, 35.44071349343456], [139.45908521727165, 35.44048108587312], [139.45890785464883, 35.44007145639507], [139.45883287104658, 35.4399378444198], [139.4586429418991, 35.43968785530304], [139.45855849994345, 35.43958097687091], [139.45854015062565, 35.439557749384086], [139.45844772487607, 35.43939080830265], [139.45832038788586, 35.439209005899535], [139.45832565510662, 35.43916765068007], [139.45828834398236, 35.43916936544799], [139.458258309643, 35.43911388493757], [139.45827208738547, 35.43906558468493], [139.4581724249392, 35.43886319914484], [139.45803085259456, 35.43845734387015], [139.4578410714962, 35.43787965049603], [139.45790329678863, 35.43778509517758], [139.45747445881204, 35.437514602559915], [139.45722589661972, 35.43777427522493], [139.45718202341354, 35.43774628125876], [139.4571613580542, 35.43773309397056], [139.45684688081903, 35.43753242252858], [139.45648685051228, 35.43731749562177], [139.45637422446708, 35.437193376191935], [139.4562683742384, 35.437018083759284], [139.45624579231446, 35.43698068924096], [139.45620937242026, 35.436920436003916], [139.45622457626894, 35.4368805200338], [139.456434080627, 35.43682237654198], [139.4567312729548, 35.436763840060244], [139.45663397175773, 35.43633301559227], [139.45650718061694, 35.43581238024114], [139.45643077747025, 35.435477040951476], [139.45630769613805, 35.43493712273304], [139.45631520533527, 35.43493175855297], [139.45636349390603, 35.434937967032624], [139.45713828909058, 35.43484388621686], [139.45729572034267, 35.43487987196357], [139.45746117296449, 35.43494929751387], [139.45772431747656, 35.43505973160976], [139.4581445467368, 35.43522611370977], [139.45839142740365, 35.43526237771728], [139.45871020699892, 35.43523305760005], [139.4587324598006, 35.435240591728245], [139.45884532416966, 35.43576030089147], [139.4588996908011, 35.43616542805339], [139.4589024139138, 35.436237512164], [139.45892104565948, 35.43628394326129], [139.45911601223014, 35.43634521891368], [139.45924458755076, 35.43646322340859], [139.4593564722189, 35.43642167201698], [139.45946503727055, 35.436325955006296], [139.4599793640678, 35.4362982956439], [139.46038246146801, 35.436347857662575], [139.4603246680483, 35.436368453491376], [139.46030991748896, 35.436367455868464], [139.4603433744417, 35.43674533562487], [139.46048179557735, 35.43674389898685], [139.46052562735437, 35.43682104005767], [139.46060365819437, 35.43701303963118], [139.4606934494596, 35.437144513016605], [139.46047853968406, 35.43721849235208], [139.46044870542642, 35.43724984210782], [139.4604536748466, 35.437432811520765], [139.4602438627429, 35.4375199033493], [139.46017569459238, 35.43740187693447], [139.45950903252333, 35.437646697573484], [139.45961170739088, 35.437811627040205], [139.45977174032242, 35.43809747081357], [139.4598084949531, 35.43816117544282], [139.46002430101106, 35.438547543837124], [139.46011963783968, 35.438718258954786], [139.46031420799233, 35.43905491427269], [139.46048230830408, 35.43930930466653], [139.46057005638556, 35.43941855478443], [139.46057690154635, 35.43942709702615], [139.46090578214424, 35.43961945317399]]]}}, {"type": "Feature", "properties": {"area_id": "14213025054", "city": "大和市", "ward": "", "town": "福田", "chome": "", "num_households": 3128}, "geometry": {"type": "Polygon", "coordinates": [[[139.45222375986347, 35.43967046965779], [139.45218084143812, 35.43967487586899], [139.45214167535156, 35.43979612146927], [139.4516494486733, 35.4398306456061], [139.45052066255707, 35.43988595213187], [139.44934820769467, 35.43993945323132], [139.44931995177942, 35.43975560114264], [139.44928521797505, 35.43967630233218], [139.44929363193725, 35.439526510809614], [139.44937215349364, 35.43911913424914], [139.44944116536922, 35.438667116429635], [139.44947320150266, 35.438172094203175], [139.4495323529343, 35.43761209033487], [139.4495553520846, 35.43719904396906], [139.44952664475434, 35.437065082651124], [139.4495519590797, 35.43663602248125], [139.44955484112512, 35.436027453565664], [139.44961179563143, 35.435611447379344], [139.44960371733654, 35.435309773572094], [139.4496053406611, 35.4350029537244], [139.44960643754442, 35.43479852493252], [139.4495969768444, 35.434025482792], [139.44959601997593, 35.433591299241925], [139.44958833232124, 35.43332487178233], [139.44955824617966, 35.433236220555386], [139.4495816907671, 35.43279162167507], [139.44965463631357, 35.43222366294796], [139.4495508317998, 35.4320488277106], [139.44948833074406, 35.43198295968439], [139.44940529283897, 35.431856817032774], [139.44934966718634, 35.43172903559008], [139.4492081793827, 35.43126271234378], [139.44912812953797, 35.43097813165097], [139.44896201804468, 35.43042497056613], [139.44877615719315, 35.42990030177174], [139.44848739186452, 35.42926653706741], [139.44830103920896, 35.4288103153247], [139.44805894606054, 35.42830652168451], [139.4479356611929, 35.42806796115781], [139.44884969503576, 35.42785631721297], [139.44962223931657, 35.42766959959952], [139.449898457682, 35.42760917990017], [139.4499093644738, 35.42753136383301], [139.44985487394143, 35.4273454181392], [139.4501261404975, 35.427231391377816], [139.4503241304907, 35.4271655808425], [139.45062020936027, 35.427089554568106], [139.45053447100693, 35.42689783954989], [139.4511736041823, 35.42674537075103], [139.451197173371, 35.42677445882922], [139.4517291160908, 35.42666474390478], [139.45201757902473, 35.426615378591585], [139.4520554085186, 35.42670384241154], [139.45224600453815, 35.42664525806889], [139.45258503550232, 35.42652809566398], [139.45292370903735, 35.426431635073335], [139.45325283472417, 35.426316059085096], [139.4533302985667, 35.42618169353345], [139.45343958995207, 35.42605753408156], [139.45380705122201, 35.42572824347881], [139.45446191004942, 35.42553122881445], [139.45469037233337, 35.425165123617056], [139.4547587952235, 35.42505829859743], [139.4547747368799, 35.42506153266465], [139.45480351060547, 35.42501535586316], [139.45497439174468, 35.425089275689054], [139.45502983657704, 35.4251132616063], [139.45505229489444, 35.42511781400847], [139.45519385254434, 35.42489104527105], [139.45521711384833, 35.42488235047097], [139.45523981117324, 35.42488088420061], [139.45540328678086, 35.424870317747654], [139.45549143446576, 35.424909116193966], [139.45554003388975, 35.42493050775758], [139.45561332885208, 35.424962768514284], [139.45568224153166, 35.424993100863254], [139.4557089803292, 35.42500486940365], [139.4557627946874, 35.42502855552074], [139.45579391651856, 35.42504225515673], [139.4557991762795, 35.425044569191755], [139.45582710980835, 35.42505686412143], [139.45596812459698, 35.42485066407615], [139.45607079871954, 35.42458437069213], [139.456074778093, 35.4245501660276], [139.45608751134642, 35.42455052346746], [139.45621696027513, 35.42455647456183], [139.4564696318567, 35.42456809436945], [139.45651227742232, 35.42457292275253], [139.45669403739333, 35.42459408949213], [139.45689459328554, 35.42462281586367], [139.45706568412677, 35.42464732334058], [139.45709257393838, 35.42465117292672], [139.45711949062118, 35.42460782420046], [139.45720461392713, 35.424423668864804], [139.4579439706883, 35.42462055555141], [139.4579819499797, 35.424627610219076], [139.45806395368743, 35.42463190194534], [139.45839098766427, 35.42465072674148], [139.45839411885137, 35.424677644154244], [139.45850199165992, 35.424699748815684], [139.458855688038, 35.424659387013094], [139.4588658051857, 35.424679313199064], [139.4589015263166, 35.42474966952623], [139.45892892898934, 35.42479310767695], [139.45898243184953, 35.42487792006962], [139.45899502136427, 35.424894621711054], [139.45901308123044, 35.42491857841666], [139.45928208202744, 35.42509563930402], [139.45949638340952, 35.424865886114155], [139.4596632812443, 35.42457968481283], [139.45961384178466, 35.42431946492666], [139.45967482495584, 35.42418313991257], [139.45972291398098, 35.42394068746449], [139.45974161298184, 35.42388771807912], [139.45993519193317, 35.423888600156964], [139.45994721519, 35.423827793224405], [139.46002230869559, 35.42344782011452], [139.46005808744763, 35.42333807344776], [139.46007004013964, 35.42330138787294], [139.46034549487706, 35.423177525503235], [139.46094900311002, 35.42292295252707], [139.4613940055271, 35.42303038452828], [139.4618564583949, 35.423160792102735], [139.46206480825907, 35.42321808720502], [139.46216480866207, 35.42326526848007], [139.46219847479782, 35.42328450005388], [139.46228861930805, 35.42333599275378], [139.46229332159862, 35.42333867777474], [139.46234817872946, 35.423383916763335], [139.46240061069713, 35.423477823874826], [139.4624013080074, 35.423478794871805], [139.46271917563894, 35.42353157946847], [139.4632807250978, 35.423581969342614], [139.46328648591378, 35.423582329266885], [139.4641206344462, 35.42363454919917], [139.46411324417392, 35.42429648947588], [139.46411247979432, 35.424502751955806], [139.46413739027344, 35.42454057437306], [139.46413517552716, 35.424562934682], [139.46453020689398, 35.42455414700094], [139.4649870991194, 35.424538601567555], [139.46516524324096, 35.42452376635674], [139.46513680564357, 35.42544387318461], [139.46540815435634, 35.42535301336308], [139.46561366667186, 35.425284170269734], [139.46563399793604, 35.425450112641656], [139.46567359872304, 35.425806988274545], [139.46579505109366, 35.425814787762576], [139.46586238643067, 35.42581044411745], [139.46584877204526, 35.42589874034277], [139.4659034352749, 35.42609324553973], [139.46596132780263, 35.4262992552385], [139.4659405345138, 35.42631247940875], [139.46587812424931, 35.42665267198672], [139.46584428147162, 35.42691636668407], [139.4657954159955, 35.42718220128315], [139.46562884875658, 35.42731390820121], [139.46553091418642, 35.42727977126246], [139.46552089542595, 35.42729219699402], [139.4652142934727, 35.427699729502905], [139.46519071414417, 35.42773106921063], [139.46490389761615, 35.42799264786551], [139.46487990103157, 35.427988859635306], [139.46468088053425, 35.42817057184712], [139.4645329244985, 35.42827663095807], [139.46445929242336, 35.42835760193683], [139.46444335468965, 35.42837177714136], [139.46441251381268, 35.4283992196355], [139.46431977067124, 35.42848181926887], [139.4643899937016, 35.42871604639082], [139.464412185634, 35.428832912079066], [139.4644544389123, 35.42883212233518], [139.46487249791477, 35.42882589774516], [139.4648699749831, 35.42884121278505], [139.4647946746164, 35.42982244897798], [139.46453364468042, 35.4298161205946], [139.4641913533292, 35.42978010597988], [139.46406533920262, 35.42975260675609], [139.46398197499045, 35.429730661425545], [139.46352017050407, 35.42961889149697], [139.46296053689062, 35.429714385651], [139.46279302303628, 35.42971453751641], [139.46268683110367, 35.42971463389346], [139.46244603163208, 35.429725651869845], [139.46214142213827, 35.429757071260376], [139.46203898200295, 35.42976992548766], [139.46199928160223, 35.42977490626237], [139.46168958509867, 35.42978940762329], [139.46125962700341, 35.4297887118806], [139.4609762296385, 35.42981036957223], [139.46079339333758, 35.42983670373932], [139.4606532577197, 35.42983031946813], [139.46014804258985, 35.429766394013285], [139.4600536260703, 35.429884514550814], [139.46004184417814, 35.42990190727203], [139.4585793608667, 35.429248422392995], [139.45835984128857, 35.429153044571606], [139.457747838138, 35.42888713384874], [139.45771992674986, 35.42887507436873], [139.45751238568647, 35.42928610796973], [139.45727773960098, 35.42979825218981], [139.45726442669982, 35.42988584924475], [139.4573483682507, 35.43011727004139], [139.45750216405563, 35.43030482629498], [139.45793139768938, 35.43082513899542], [139.45832837046044, 35.43129925821308], [139.45849778669228, 35.431514994849394], [139.4584735353237, 35.43215522536524], [139.4584739385086, 35.432235506354466], [139.45847410200992, 35.43226533028473], [139.45844711953674, 35.43261182441828], [139.45831362852664, 35.43271232111051], [139.45789306910658, 35.43301096631446], [139.45744487742516, 35.43331184621317], [139.45727728777044, 35.43344434752203], [139.4569308734112, 35.43368237747481], [139.45682689857728, 35.4338463083248], [139.45674476633502, 35.43395788010289], [139.4566922131152, 35.4340292901141], [139.45669137965086, 35.43403042139026], [139.45662686620014, 35.43411807048964], [139.45640239509171, 35.434454999125926], [139.45631242812473, 35.43466837503488], [139.4562962722909, 35.43474698422327], [139.45631520533527, 35.43493175855297], [139.45630769613805, 35.43493712273304], [139.45643077747025, 35.435477040951476], [139.45650718061694, 35.43581238024114], [139.45663397175773, 35.43633301559227], [139.4567312729548, 35.436763840060244], [139.456434080627, 35.43682237654198], [139.45622457626894, 35.4368805200338], [139.45620937242026, 35.436920436003916], [139.45624579231446, 35.43698068924096], [139.4562683742384, 35.437018083759284], [139.45624990386713, 35.437023751237305], [139.45605814594444, 35.43708024301794], [139.4557399214325, 35.437173990076204], [139.45565080918547, 35.437200242737106], [139.45553210743324, 35.437235211326005], [139.45532218057107, 35.43729705381899], [139.4552417793509, 35.437320738495956], [139.45516108930724, 35.43737315107995], [139.45494859890928, 35.43751112710149], [139.45478506812455, 35.437616913247986], [139.454693791543, 35.437675957809425], [139.45467144563597, 35.43767677962547], [139.4546446221059, 35.43767189423398], [139.45462446554973, 35.43767651411333], [139.4541715479365, 35.43760779578809], [139.45399611120664, 35.43757535927081], [139.45399000475734, 35.437574230284575], [139.45369513980467, 35.437511925877494], [139.45365663811563, 35.43751923338208], [139.4533816129118, 35.43746477250898], [139.45344262276595, 35.43776773826624], [139.4534872847386, 35.43808868099251], [139.45350642947412, 35.438455350343865], [139.4535293299478, 35.438535843119276], [139.45298006517584, 35.43854167291378], [139.4526105740237, 35.438537120179305], [139.45258880576637, 35.43854585307174], [139.45249127161821, 35.43854367775602], [139.45222375986347, 35.43967046965779]]]}}, {"type": "Feature", "properties": {"area_id": "14213025055", "city": "大和市", "ward": "", "town": "福田", "chome": "", "num_households": 703}, "geometry": {"type": "MultiPolygon", "coordinates": [[[[139.4603246680483, 35.436368453491376], [139.46038246146801, 35.436347857662575], [139.4599793640678, 35.4362982956439], [139.45946503727055, 35.436325955006296], [139.4593564722189, 35.43642167201698], [139.45924458755076, 35.43646322340859], [139.45911601223014, 35.43634521891368], [139.45892104565948, 35.43628394326129], [139.4589024139138, 35.436237512164], [139.4588996908011, 35.43616542805339], [139.45884532416966, 35.43576030089147], [139.4587324598006, 35.435240591728245], [139.45871020699892, 35.43523305760005], [139.45839142740365, 35.43526237771728], [139.4581445467368, 35.43522611370977], [139.45772431747656, 35.43505973160976], [139.45746117296449, 35.43494929751387], [139.45729572034267, 35.43487987196357], [139.45713828909058, 35.43484388621686], [139.45636349390603, 35.434937967032624], [139.45631520533527, 35.43493175855297], [139.4562962722909, 35.43474698422327], [139.45631242812473, 35.43466837503488], [139.45640239509171, 35.434454999125926], [139.45662686620014, 35.43411807048964], [139.45669137965086, 35.43403042139026], [139.4566922131152, 35.4340292901141], [139.45674476633502, 35.43395788010289], [139.45682689857728, 35.4338463083248], [139.4569308734112, 35.43368237747481], [139.45727728777044, 35.43344434752203], [139.45744487742516, 35.43331184621317], [139.45789306910658, 35.43301096631446], [139.45831362852664, 35.43271232111051], [139.45844711953674, 35.43261182441828], [139.45847410200992, 35.43226533028473], [139.4584739385086, 35.432235506354466], [139.4584735353237, 35.43215522536524], [139.45849778669228, 35.431514994849394], [139.45832837046044, 35.43129925821308], [139.45793139768938, 35.43082513899542], [139.45750216405563, 35.43030482629498], [139.4573483682507, 35.43011727004139], [139.45726442669982, 35.42988584924475], [139.45727773960098, 35.42979825218981], [139.45751238568647, 35.42928610796973], [139.45771992674986, 35.42887507436873], [139.457747838138, 35.42888713384874], [139.45835984128857, 35.429153044571606], [139.4585793608667, 35.429248422392995], [139.46004184417814, 35.42990190727203], [139.45994407963798, 35.43004621516119], [139.46003997810658, 35.430448371433855], [139.4601360125052, 35.43087750058034], [139.4601842706003, 35.4311335974482], [139.46024007185147, 35.43125493063952], [139.4605109542767, 35.431356122116455], [139.4606352174499, 35.43137185822504], [139.46061233827373, 35.43174477424929], [139.46060969960587, 35.43209388125336], [139.46060906055231, 35.4321783849474], [139.46058352800904, 35.43292311759238], [139.46039388323396, 35.43293192982378], [139.4597911254337, 35.43296811965527], [139.45978359214374, 35.43296887142019], [139.45978357719983, 35.432981477343446], [139.45978876535392, 35.43306997678377], [139.4598060132939, 35.433211331919836], [139.45982009435383, 35.43325647891199], [139.4598286782527, 35.43329084865347], [139.45983786741564, 35.433320927875705], [139.459853939936, 35.43337392368292], [139.45986596215053, 35.43342165940824], [139.45987228205797, 35.43344123638015], [139.45988384308993, 35.43346178198245], [139.45990005260995, 35.43348615908993], [139.4599464183968, 35.43354306390453], [139.4599962448374, 35.4336076124733], [139.4600094403041, 35.43363295729911], [139.4600118119687, 35.43364423043378], [139.4600510465091, 35.43373116371545], [139.46008679019874, 35.43381617871428], [139.46010852105633, 35.433853146468046], [139.46017070545636, 35.43383393362193], [139.4601835274533, 35.433840646424954], [139.46019333707594, 35.433862142754954], [139.46020413864568, 35.43392132199037], [139.46020797836587, 35.433973326331575], [139.46020784254574, 35.43400289792586], [139.46019793518005, 35.43402829090876], [139.46017765276247, 35.434066148698896], [139.46016331699062, 35.434089397124374], [139.46014418120149, 35.43412042209631], [139.46010077189834, 35.43417536441415], [139.46009134018138, 35.43440170450807], [139.4600884908762, 35.434469653346476], [139.4600974776704, 35.4346022131328], [139.46014233426402, 35.434736998125274], [139.46020342401053, 35.43481341904321], [139.46069408169026, 35.43472818337255], [139.46075040685614, 35.434727231384755], [139.4609393844745, 35.43472401530922], [139.46093962309558, 35.43472827599282], [139.4609515093326, 35.43488552859272], [139.4610374601275, 35.435498849009775], [139.4610880066742, 35.43596079339465], [139.4611037788339, 35.436049291550994], [139.46121766327323, 35.43619084002995], [139.4612626362736, 35.43634812475032], [139.46126027862383, 35.4364312141276], [139.46084851662903, 35.436422542901155], [139.46079115666507, 35.43640521785122], [139.4606724089643, 35.43639509536105], [139.4603246680483, 35.436368453491376]]], [[[139.46214142213827, 35.429757071260376], [139.46212156897997, 35.43006249904449], [139.46210560639597, 35.430298466896566], [139.46208167104973, 35.43047145439011], [139.4620462924212, 35.43055905457119], [139.46195880889385, 35.430714028008765], [139.46159255090555, 35.4305556449328], [139.46120568537535, 35.43038832395763], [139.46116708698085, 35.43037144473566], [139.46067095954922, 35.43015448838518], [139.4600536260703, 35.429884514550814], [139.46014804258985, 35.429766394013285], [139.4606532577197, 35.42983031946813], [139.46079339333758, 35.42983670373932], [139.4609762296385, 35.42981036957223], [139.46125962700341, 35.4297887118806], [139.46168958509867, 35.42978940762329], [139.46199928160223, 35.42977490626237], [139.46203898200295, 35.42976992548766], [139.46214142213827, 35.429757071260376]]]]}}, {"type": "Feature", "properties": {"area_id": "14213025056", "city": "大和市", "ward": "", "town": "福田", "chome": "", "num_households": 89}, "geometry": {"type": "Polygon", "coordinates": [[[139.46214142213827, 35.429757071260376], [139.46244603163208, 35.429725651869845], [139.46268683110367, 35.42971463389346], [139.46279302303628, 35.42971453751641], [139.46296053689062, 35.429714385651], [139.46352017050407, 35.42961889149697], [139.46398197499045, 35.429730661425545], [139.46406533920262, 35.42975260675609], [139.46388354447674, 35.43000465125423], [139.46384074281255, 35.43006015226175], [139.4637550106069, 35.430171366187004], [139.4637328528231, 35.43020006530366], [139.4635397398175, 35.430386440862726], [139.46338149655597, 35.43053919141451], [139.46323060277905, 35.4307031624696], [139.46310221662733, 35.43095022742414], [139.4630352283638, 35.43106403414257], [139.46298189840053, 35.43115464322915], [139.46286317424943, 35.43110350346181], [139.4619809649072, 35.43072356813773], [139.46195880889385, 35.430714028008765], [139.4620462924212, 35.43055905457119], [139.46208167104973, 35.43047145439011], [139.46210560639597, 35.430298466896566], [139.46212156897997, 35.43006249904449], [139.46214142213827, 35.429757071260376]]]}}, {"type": "Feature", "properties": {"area_id": "14213025057", "city": "大和市", "ward": "", "town": "福田", "chome": "", "num_households": 99}, "geometry": {"type": "Polygon", "coordinates": [[[139.46613397304014, 35.428958950222274], [139.4660716204238, 35.4292382989933], [139.46606850169078, 35.42925237381971], [139.46597721288356, 35.429661597447534], [139.46596311282025, 35.42981204562956], [139.46594368105994, 35.42986592931232], [139.46547505854667, 35.42985405494639], [139.4652262842159, 35.429847750136496], [139.4647946746164, 35.42982244897798], [139.4648699749831, 35.42884121278505], [139.46497543280674, 35.4288294238121], [139.46510374085878, 35.42883474565151], [139.46512880147733, 35.42900094715914], [139.46566925613496, 35.42896795352313], [139.46613397304014, 35.428958950222274]]]}}, {"type": "Feature", "properties": {"area_id": "14213025058", "city": "大和市", "ward": "", "town": "福田", "chome": "", "num_households": 367}, "geometry": {"type": "Polygon", "coordinates": [[[139.45305644101003, 35.43958484256863], [139.4531198493325, 35.43977116449201], [139.45344001215773, 35.4409549628505], [139.45362085686162, 35.44191864147093], [139.45379231703572, 35.442636559045575], [139.45382069676708, 35.44270467463261], [139.45388694085568, 35.442782558353585], [139.45414818855195, 35.44297207761254], [139.45445085759914, 35.44312838444556], [139.45459038051928, 35.44316949260322], [139.4548780730295, 35.44333571506993], [139.4556093562578, 35.443779525783256], [139.45588830168475, 35.44393085925822], [139.45598350769671, 35.44399052455136], [139.45625177147423, 35.444153336845], [139.45655136672153, 35.444315790622156], [139.4567637321485, 35.44438701991722], [139.45677892602248, 35.44439493337972], [139.4573889991691, 35.44471263971754], [139.45793225764984, 35.444990992563284], [139.4582384716642, 35.44514737036751], [139.45859499645414, 35.44532950296983], [139.459595886428, 35.44585304174044], [139.460039086551, 35.446072940549605], [139.46014309569813, 35.44622220483306], [139.4602008678097, 35.446319635065215], [139.46026815957168, 35.44638699138106], [139.4608244897056, 35.44668283624499], [139.46047298127115, 35.44695937250938], [139.46038016697713, 35.44703239058997], [139.4597669346749, 35.44752320720332], [139.4596021510335, 35.44764673795849], [139.45949621326994, 35.44774781229395], [139.45931964364286, 35.447935741705116], [139.459270243101, 35.44798231102606], [139.45907836977614, 35.44825008078024], [139.45898701065326, 35.448381022709015], [139.4586438425841, 35.44866507805535], [139.45844727020747, 35.448785548557105], [139.45818933865567, 35.44891448804817], [139.45802434180513, 35.4491017453668], [139.4579446463608, 35.44916585767261], [139.45777126569303, 35.44938900181793], [139.45769551390316, 35.44947499284549], [139.45764785449086, 35.44952582752759], [139.45763505304978, 35.44953951859609], [139.45738586714927, 35.449812984785204], [139.45718442272855, 35.45003607434384], [139.45707121995275, 35.45016141709483], [139.45698174708522, 35.450255286390856], [139.4564049140235, 35.45082932444773], [139.45627474255411, 35.45096644295477], [139.4559461481596, 35.45126792700058], [139.45574307457247, 35.45144146789886], [139.4550103303279, 35.4520653863607], [139.45454315836344, 35.45247575135231], [139.45453276304625, 35.452434803917626], [139.45370859194435, 35.45168520464854], [139.45320158758423, 35.45121297560856], [139.45257127948477, 35.45057975914833], [139.45203243740372, 35.450063343184084], [139.45154490875305, 35.449581383695886], [139.4510718723836, 35.4490574996999], [139.45102101587236, 35.44900121218234], [139.45061679645366, 35.448604337983504], [139.45024443080044, 35.448251682786825], [139.44991205913638, 35.44796865727613], [139.4493470112687, 35.44755105351599], [139.44925307852944, 35.44722435968216], [139.4489312427022, 35.446069299452034], [139.44876201407712, 35.445435091302414], [139.44883115515123, 35.44498590036086], [139.4489602904391, 35.44430711268714], [139.44911696797288, 35.44330993797441], [139.449209329864, 35.442835075229524], [139.44926248655315, 35.44236061254223], [139.4493340697576, 35.44153034141596], [139.4493256908073, 35.44107487242397], [139.44934940856112, 35.44068358754196], [139.4493437260175, 35.4402762940064], [139.4493607316529, 35.440056637392075], [139.44934820769467, 35.43993945323132], [139.45052066255707, 35.43988595213187], [139.4516494486733, 35.4398306456061], [139.45214167535156, 35.43979612146927], [139.45218084143812, 35.43967487586899], [139.45222375986347, 35.43967046965779], [139.45221243392297, 35.43971821390607], [139.45271538453716, 35.439626434960005], [139.45305644101003, 35.43958484256863]]]}}, {"type": "Feature", "properties": {"area_id": "14213027051", "city": "大和市", "ward": "", "town": "上和田", "chome": "", "num_households": 133}, "geometry": {"type": "Polygon", "coordinates": [[[139.4734404571174, 35.45940585947324], [139.47255639492025, 35.4592919353216], [139.47158531564688, 35.45916675581454], [139.47158389022832, 35.45920608158023], [139.47156345931037, 35.4592036606116], [139.47152160702134, 35.45887122863238], [139.47156190746438, 35.45872332813732], [139.47162821704072, 35.458581668566744], [139.47266397894057, 35.45873890467605], [139.47360048712756, 35.458889283705496], [139.47358916358857, 35.45893871888046], [139.4734404571174, 35.45940585947324]]]}}, {"type": "Feature", "properties": {"area_id": "14213027052", "city": "大和市", "ward": "", "town": "上和田", "chome": "", "num_households": 2535}, "geometry": {"type": "Polygon", "coordinates": [[[139.4710305996015, 35.45895971153639], [139.4701446346244, 35.45886042644776], [139.47002382074527, 35.45949911510604], [139.46949681455095, 35.45934175798572], [139.46897159425427, 35.45934759800783], [139.4689747017047, 35.4593626864762], [139.46896854603307, 35.45936235866577], [139.4689579259665, 35.45936319356719], [139.46877102415652, 35.45936494345089], [139.46856927567057, 35.45936785235408], [139.46835355448536, 35.459371225261464], [139.46823342603506, 35.459376031417904], [139.46811334539072, 35.45937590494784], [139.46806510763173, 35.45938112646089], [139.4678511508924, 35.45937885762834], [139.46758777812127, 35.459372307246824], [139.46732328988628, 35.459365729237476], [139.46732098392002, 35.459331395505544], [139.467315916757, 35.45928071332045], [139.46723872115095, 35.45927759144669], [139.46723434268947, 35.4592371573729], [139.46711560111805, 35.457829182067734], [139.4670994640166, 35.45776262174642], [139.4669069487989, 35.455786556280664], [139.4667994077341, 35.45385581763459], [139.46678374846925, 35.453658829388466], [139.46678002544843, 35.453612001106684], [139.4668303599761, 35.45325481077662], [139.46685041314515, 35.453112378292424], [139.46689158492927, 35.453039548969606], [139.46688038396377, 35.452899591876914], [139.46687943072087, 35.452825507162], [139.46687388171392, 35.452387903776085], [139.46688828024347, 35.45153689404813], [139.4668833942971, 35.45131424799483], [139.46688580957223, 35.451174791290015], [139.46690772079464, 35.45116527188813], [139.46690758786738, 35.45113273219043], [139.46690720079638, 35.45103727687996], [139.46690724247023, 35.451028081216215], [139.46690727024193, 35.45102195315768], [139.4669076335356, 35.45100321554026], [139.46690819811968, 35.45097389031233], [139.46690936001713, 35.450913804059404], [139.4669100212713, 35.450879468342016], [139.4669080708719, 35.45084528693265], [139.46691328054618, 35.45074338169644], [139.46691868732069, 35.450567413942444], [139.46692153089964, 35.45049441526034], [139.46692314053936, 35.45043701291581], [139.46692542907658, 35.45041809138365], [139.4669186248568, 35.45021796650501], [139.4669187024655, 35.45020084050774], [139.46691382326713, 35.450062015053696], [139.4669042298467, 35.449945604322345], [139.4668970189596, 35.44963492894452], [139.46689319301043, 35.44947008999379], [139.46688320345876, 35.44903976832006], [139.46681559582174, 35.44807224388033], [139.46679084830512, 35.44775014019617], [139.4667360729911, 35.447112745537005], [139.46671196547598, 35.446687408631114], [139.46669587130756, 35.446403005185395], [139.4666939743467, 35.44611889118183], [139.46668254098768, 35.44599277046309], [139.46664138435287, 35.44524693576899], [139.46659669369774, 35.44468156861531], [139.46652041113913, 35.4439542994166], [139.4665075793679, 35.44388007068384], [139.46729534258364, 35.44377357870538], [139.4672894052309, 35.443227897099256], [139.46764740108455, 35.44317423908823], [139.46767362266215, 35.44317030524076], [139.46832917397361, 35.442817698949376], [139.46832984743787, 35.44282104605132], [139.4683884126566, 35.44294495576657], [139.46840043805054, 35.44295067464791], [139.4684069538685, 35.44296023506992], [139.46842949383532, 35.4430187778093], [139.46844612800078, 35.44306696974099], [139.46846305695286, 35.44311389992746], [139.46847627103256, 35.443150526155456], [139.46848081767612, 35.443180764290695], [139.46856371602752, 35.44342534655968], [139.46857721268316, 35.44352436648644], [139.4695367200493, 35.443395003316695], [139.46956298267438, 35.443386842750044], [139.47030075569623, 35.44330915703689], [139.47034959820903, 35.443308390424974], [139.47047677742174, 35.44336064257606], [139.47099201361166, 35.44266055180664], [139.47123115793949, 35.44249462160707], [139.4717465931263, 35.44206586523814], [139.4717639988685, 35.44205137451042], [139.47184224231697, 35.44211558809725], [139.47180683613908, 35.4423326301671], [139.4715935945904, 35.44296952067769], [139.4714219505536, 35.44320664165433], [139.4702884801792, 35.44475038176388], [139.4704634466329, 35.44485151116525], [139.47064042292948, 35.445031516571696], [139.4707143192604, 35.44524465250471], [139.47070073240457, 35.44535309129889], [139.47061974920797, 35.44550090155272], [139.47045237716338, 35.44569281400728], [139.47051353023005, 35.44573025198738], [139.47037152694614, 35.44584513142061], [139.47094288235124, 35.44653954206001], [139.47106066421222, 35.44668270942988], [139.47156551117996, 35.44705851571293], [139.4716250091925, 35.4470328156645], [139.47165985627385, 35.44709069047916], [139.47165968889988, 35.44712808463429], [139.47165513359622, 35.447161421377984], [139.4716338468248, 35.447212636284036], [139.47161340540595, 35.447258699959825], [139.4716050407015, 35.44727754583411], [139.47159559656666, 35.447295398176294], [139.47155118011986, 35.44737734754699], [139.4714441213898, 35.44754996158415], [139.47138867448626, 35.44763936397085], [139.47138950330464, 35.447639264701714], [139.4712442489131, 35.447857114538216], [139.47117377689966, 35.44830469556166], [139.4711313157008, 35.448461153560245], [139.47109635231686, 35.448589976098155], [139.47100025596822, 35.44878759667618], [139.47074116232852, 35.44945223714484], [139.47063233483553, 35.449686155876066], [139.47064497113288, 35.44996332826364], [139.47060413851094, 35.4500766854188], [139.4705537504837, 35.45013832495393], [139.4704177987636, 35.45023826737683], [139.47030948026895, 35.45031789281935], [139.47026758196546, 35.45039068587664], [139.4696252876947, 35.45062354944621], [139.4696379742997, 35.450683091587536], [139.4696892456961, 35.45071211962053], [139.47068986599172, 35.451278961937994], [139.47107235759512, 35.451513664370886], [139.47206232878287, 35.45212115249367], [139.47239552168304, 35.45233596915975], [139.47262497147892, 35.45247734706745], [139.47278557538672, 35.45258743201157], [139.47318438417437, 35.452844551730735], [139.47337061778782, 35.45296460484387], [139.47341136032298, 35.452990992979], [139.474196713245, 35.45350357369721], [139.47429227638887, 35.45357047322402], [139.47440553422496, 35.45367858326194], [139.47492850429154, 35.45411686741706], [139.47498975165766, 35.454236231891166], [139.47558053317042, 35.45494603892984], [139.4751857383671, 35.45550783899573], [139.474874877228, 35.455987460961715], [139.47466276561127, 35.45631495235094], [139.47440801042416, 35.45671907276433], [139.47435690838773, 35.45680015048518], [139.47411279018036, 35.45723549771183], [139.47395800921643, 35.45756498697399], [139.47382779005926, 35.45790631035445], [139.47373281200652, 35.458312205438304], [139.47360048712756, 35.458889283705496], [139.47266397894052, 35.45873890467607], [139.47162821704072, 35.458581668566744], [139.47156190746438, 35.45872332813732], [139.47152160702134, 35.45887122863238], [139.47156345931037, 35.4592036606116], [139.47158389022832, 35.45920608158023], [139.47156310434727, 35.459364884139234], [139.47100765125109, 35.45931230062879], [139.4710305996015, 35.45895971153639]]]}}, {"type": "Feature", "properties": {"area_id": "14213027053", "city": "大和市", "ward": "", "town": "上和田", "chome": "", "num_households": 1845}, "geometry": {"type": "Polygon", "coordinates": [[[139.4805853171316, 35.448777726131446], [139.4804709385243, 35.448931331998125], [139.48036775797226, 35.44908750638084], [139.48015722499127, 35.44925062133593], [139.48009268825214, 35.44929071255966], [139.47995235403826, 35.4494076614871], [139.4799412987279, 35.44941664312422], [139.47993134081605, 35.44942652909985], [139.47992138357134, 35.44943641562645], [139.4799114138604, 35.449449005575964], [139.4798992257527, 35.44946519534637], [139.4798881350434, 35.44948228890497], [139.47987814565886, 35.449499386210505], [139.47986926613893, 35.44951468388102], [139.4798648280081, 35.44952188186884], [139.47986149581263, 35.449528181915056], [139.47985944514932, 35.44953109342947], [139.47980071196096, 35.44975794743251], [139.47974675322874, 35.44986496901754], [139.479725905486, 35.4498845208948], [139.47966139422468, 35.44994492907013], [139.47935528989845, 35.44990978029751], [139.4792744174038, 35.45001140658865], [139.47890012294707, 35.44983947867523], [139.47874674685892, 35.44981730791054], [139.47870039755043, 35.44980819433224], [139.4787251142861, 35.45005033341749], [139.47865732922133, 35.450440471985594], [139.4785249123099, 35.4508349287216], [139.47841008974171, 35.45106828228705], [139.47830377013142, 35.45131053114838], [139.47818618648446, 35.45151539097806], [139.4780617612556, 35.451730053044805], [139.47764142134466, 35.45237981705798], [139.47752479570505, 35.45260591062979], [139.47743243347682, 35.45272102189654], [139.47731698144338, 35.45285673350846], [139.47632749103167, 35.45401983203381], [139.47596667857545, 35.45442663708715], [139.47567004505757, 35.454820180982914], [139.47562158551924, 35.45488362664776], [139.47558053317042, 35.45494603892984], [139.47498975165766, 35.454236231891166], [139.47492850429154, 35.45411686741706], [139.47440553422496, 35.45367858326194], [139.47429227638887, 35.45357047322402], [139.474196713245, 35.45350357369721], [139.47341136032298, 35.452990992979], [139.47337061778782, 35.45296460484387], [139.47318438417437, 35.452844551730735], [139.47278557538672, 35.45258743201157], [139.47262497147892, 35.45247734706745], [139.47239552168304, 35.45233596915975], [139.47206232878287, 35.45212115249367], [139.47107235759512, 35.451513664370886], [139.47068986599172, 35.451278961937994], [139.4696892456961, 35.45071211962053], [139.4696379742997, 35.450683091587536], [139.4696252876947, 35.45062354944621], [139.47026758196546, 35.45039068587664], [139.47030948026895, 35.45031789281935], [139.4704177987636, 35.45023826737683], [139.4705537504837, 35.45013832495393], [139.47060413851094, 35.4500766854188], [139.47064497113288, 35.44996332826364], [139.47063233483553, 35.449686155876066], [139.47074116232852, 35.44945223714484], [139.47100025596822, 35.44878759667618], [139.47109635231686, 35.448589976098155], [139.4711313157008, 35.448461153560245], [139.47117377689966, 35.44830469556166], [139.4712442489131, 35.447857114538216], [139.47138950330464, 35.447639264701714], [139.47138867448626, 35.44763936397085], [139.4714441213898, 35.44754996158415], [139.47155118011986, 35.44737734754699], [139.47159559656666, 35.447295398176294], [139.4716050407015, 35.44727754583411], [139.47161340540595, 35.447258699959825], [139.4716338468248, 35.447212636284036], [139.47165513359622, 35.447161421377984], [139.47165968889988, 35.44712808463429], [139.47165985627385, 35.44709069047916], [139.4716250091925, 35.4470328156645], [139.47156551117996, 35.44705851571293], [139.47106066421222, 35.44668270942988], [139.47094288235124, 35.44653954206001], [139.47037152694614, 35.44584513142061], [139.47051353023005, 35.44573025198738], [139.47045237716338, 35.44569281400728], [139.47061974920797, 35.44550090155272], [139.47070073240457, 35.44535309129889], [139.4707143192604, 35.44524465250471], [139.47064042292948, 35.445031516571696], [139.4704634466329, 35.44485151116525], [139.4702884801792, 35.44475038176388], [139.4714219505536, 35.44320664165433], [139.4715935945904, 35.44296952067769], [139.47180683613908, 35.4423326301671], [139.47184224231697, 35.44211558809725], [139.4717639988685, 35.44205137451042], [139.4717465931263, 35.44206586523814], [139.47123115793949, 35.44249462160707], [139.47099201361166, 35.44266055180664], [139.47047677742174, 35.44336064257606], [139.47034959820903, 35.443308390424974], [139.47030075569623, 35.44330915703689], [139.46956298267438, 35.443386842750044], [139.4695367200493, 35.443395003316695], [139.46857721268316, 35.44352436648644], [139.46856371602752, 35.44342534655968], [139.46848081767612, 35.443180764290695], [139.46847627103256, 35.443150526155456], [139.46846305695286, 35.44311389992746], [139.46844612800078, 35.44306696974099], [139.46842949383532, 35.4430187778093], [139.4684069538685, 35.44296023506992], [139.46840043805054, 35.44295067464791], [139.4683884126566, 35.44294495576657], [139.46832984743787, 35.44282104605132], [139.46832917397361, 35.442817698949376], [139.46767362266215, 35.44317030524076], [139.46764740108455, 35.44317423908823], [139.4672894052309, 35.443227897099256], [139.46729534258364, 35.44377357870538], [139.4665075793679, 35.44388007068384], [139.46649611576262, 35.44378827646792], [139.46641439019393, 35.44313275044292], [139.46631936315237, 35.44263126760768], [139.4661233218253, 35.44192606047727], [139.46608748875857, 35.441809332078584], [139.46597548831153, 35.440227879801704], [139.4664197305819, 35.440270860881824], [139.466458016887, 35.44029217458827], [139.46682211010886, 35.440494873073284], [139.467125195808, 35.440505976323145], [139.46712859935585, 35.4405053171738], [139.46708132793148, 35.43964106125415], [139.46707672870474, 35.43944872442646], [139.46706491594392, 35.438956791307014], [139.46703708120694, 35.43883198849771], [139.46701636680376, 35.43829126100447], [139.46698663726792, 35.43751719871464], [139.46696155197148, 35.4369728311207], [139.46695389756408, 35.43652270627102], [139.4669398752164, 35.436397584591724], [139.46693164441854, 35.43632415417738], [139.46689413692872, 35.4356144357518], [139.4671756721966, 35.4355813156957], [139.46729169562064, 35.4355562824568], [139.46779928382705, 35.43547497775143], [139.46840479854993, 35.43536527164396], [139.4685424816156, 35.43532660704358], [139.46864390484595, 35.43528094840991], [139.46866965892383, 35.43526935256502], [139.46901741764793, 35.435157098980135], [139.46986619183733, 35.43484439308693], [139.46998332010142, 35.43481235294469], [139.470142307204, 35.434814877270405], [139.4704069576503, 35.43470417972324], [139.47041468396125, 35.434702822144686], [139.47044876005955, 35.43469683418109], [139.47054511085742, 35.43467989889953], [139.4706358873003, 35.43466671867734], [139.47070538316663, 35.43465703208142], [139.4707448250497, 35.43465153448328], [139.47082508644667, 35.43464034699493], [139.47091461060742, 35.43462786864682], [139.47102748610786, 35.434612134899986], [139.47121182689892, 35.43458644005174], [139.47131523031499, 35.43457156874183], [139.47140669086852, 35.434557779845065], [139.47148877379854, 35.43454540296975], [139.47151495908648, 35.43454145626312], [139.47153279334324, 35.434538766290395], [139.4715531263193, 35.43453669838522], [139.47159052563094, 35.43453289273001], [139.47165993900708, 35.434525831841746], [139.4716979274693, 35.43452196740812], [139.4717808262256, 35.43453281664925], [139.47183237725463, 35.434555541067056], [139.47194103546437, 35.43449730865221], [139.47203821531028, 35.43441199993628], [139.47213580933166, 35.434369544179475], [139.47221163279548, 35.43422526324234], [139.4722820551878, 35.434207656493236], [139.47234858882663, 35.434198347387145], [139.47263659370174, 35.43436740581763], [139.47263277555143, 35.43438436672128], [139.47315853668752, 35.4342260346315], [139.47325809829567, 35.43446361728139], [139.47328920007362, 35.434673953132595], [139.47324677598135, 35.43496171222], [139.4732191439593, 35.43514905881918], [139.47266647487504, 35.435218051211336], [139.4726444606192, 35.4352628451688], [139.47208246747542, 35.43539142059659], [139.47198525233503, 35.43555218592956], [139.4720681804051, 35.43572700879367], [139.47209558017613, 35.43577691330961], [139.47171962807752, 35.43599554351586], [139.47139678775105, 35.43576770661239], [139.47073347061786, 35.43605623002701], [139.47075387928706, 35.43631875426835], [139.47075912775705, 35.436386410400566], [139.4710283608057, 35.43683183404969], [139.4713163465292, 35.4366982320442], [139.47159659963327, 35.436590766832076], [139.47164830405538, 35.436569549589265], [139.47192371501552, 35.43704386155856], [139.47191245741706, 35.43727843960655], [139.47190878498384, 35.43735483711941], [139.471841399488, 35.43749217187397], [139.47171348841877, 35.437752844188445], [139.47166002048428, 35.437861802634245], [139.471985237534, 35.43850147302153], [139.47202552923903, 35.43850162852082], [139.47280609821038, 35.438794684469784], [139.47324742995445, 35.438967504647636], [139.4732695376201, 35.438983415683126], [139.4734542546031, 35.43920167362613], [139.47370357329223, 35.43948314847803], [139.47400373528743, 35.439427662423924], [139.47429083348698, 35.43989048006], [139.47429936868238, 35.43992074279551], [139.47438685293184, 35.44023097315423], [139.47431990483597, 35.440372253945156], [139.47414441744343, 35.44068507996794], [139.4741075246459, 35.44087021683318], [139.47416736768986, 35.440754478389586], [139.4743375066841, 35.44073751555569], [139.4748423298905, 35.44092164375319], [139.47488718915437, 35.44088156423207], [139.47506360756117, 35.440640113577], [139.47522879459967, 35.44040348886332], [139.47528877662018, 35.44030007437105], [139.47534034657596, 35.44028515463776], [139.47558362178165, 35.44022104643847], [139.4756134896914, 35.44035137990952], [139.47639346322524, 35.44113134068977], [139.4766860294581, 35.44146934266406], [139.47682507858718, 35.44169453669695], [139.47692400601323, 35.441924155296576], [139.4769561177856, 35.442053615455904], [139.47708158715574, 35.4424763726051], [139.47711060855016, 35.44260941403741], [139.47717483976032, 35.44293650084588], [139.47722932711685, 35.443130354952956], [139.47746432542016, 35.44335677806746], [139.47801841467734, 35.44386963526789], [139.47848047126053, 35.44429730093117], [139.47882341448252, 35.4446278718866], [139.47899754841006, 35.44482647351092], [139.4791145737827, 35.44506142021552], [139.4792279996714, 35.44535642104796], [139.47926238585376, 35.44547373458738], [139.47935332471118, 35.44573039753173], [139.47949388408318, 35.44599125195634], [139.47967804717928, 35.44621329175218], [139.48000714451527, 35.446592259642685], [139.48007153967308, 35.44671089301892], [139.48019535557407, 35.44752156269696], [139.4802646173709, 35.44797503132571], [139.48030623334873, 35.44806771940577], [139.48030227230467, 35.44811260003786], [139.48031616927273, 35.44814525571686], [139.4805853171316, 35.448777726131446]]]}}, {"type": "Feature", "properties": {"area_id": "14213027054", "city": "大和市", "ward": "", "town": "上和田", "chome": "", "num_households": 1282}, "geometry": {"type": "Polygon", "coordinates": [[[139.47558362178165, 35.44022104643847], [139.47534034657596, 35.44028515463776], [139.47528877662018, 35.44030007437105], [139.47522879459967, 35.44040348886332], [139.47506360756117, 35.440640113577], [139.47488718915437, 35.44088156423207], [139.4748423298905, 35.44092164375319], [139.4743375066841, 35.44073751555569], [139.47416736768986, 35.440754478389586], [139.4741075246459, 35.44087021683318], [139.47414441744343, 35.44068507996794], [139.47431990483597, 35.440372253945156], [139.47438685293184, 35.44023097315423], [139.47429936868238, 35.43992074279551], [139.47429083348698, 35.43989048006], [139.47400373528743, 35.439427662423924], [139.47370357329223, 35.43948314847803], [139.4734542546031, 35.43920167362613], [139.4732695376201, 35.438983415683126], [139.47324742995445, 35.438967504647636], [139.47280609821038, 35.438794684469784], [139.47202552923903, 35.43850162852082], [139.471985237534, 35.43850147302153], [139.47166002048428, 35.437861802634245], [139.47171348841877, 35.437752844188445], [139.471841399488, 35.43749217187397], [139.47190878498384, 35.43735483711941], [139.47191245741706, 35.43727843960655], [139.47192371501552, 35.43704386155856], [139.47164830405538, 35.436569549589265], [139.47159659963327, 35.436590766832076], [139.4713163465292, 35.4366982320442], [139.4710283608057, 35.43683183404969], [139.47075912775705, 35.436386410400566], [139.47075387928706, 35.43631875426835], [139.47073347061786, 35.43605623002701], [139.47139678775105, 35.43576770661239], [139.47171962807752, 35.43599554351586], [139.47209558017613, 35.43577691330961], [139.4720681804051, 35.43572700879367], [139.47198525233503, 35.43555218592956], [139.47208246747542, 35.43539142059659], [139.4726444606192, 35.4352628451688], [139.47266647487504, 35.435218051211336], [139.4732191439593, 35.43514905881918], [139.47317237940987, 35.43555236797037], [139.47318708473261, 35.43574892344459], [139.47328749930196, 35.43594939495872], [139.47344596105765, 35.43607567336437], [139.47367462673242, 35.436165892145745], [139.4740027924386, 35.436225454433284], [139.47407311378953, 35.43625531115752], [139.47433376949803, 35.436389495492676], [139.47439616799107, 35.436435488761724], [139.47456375116084, 35.4366011230818], [139.47482179397596, 35.43700702396081], [139.47493913419646, 35.43730775606013], [139.47504660969938, 35.4375922628426], [139.4751361748695, 35.43788907354114], [139.47523392308216, 35.438164431073496], [139.4752221207679, 35.438377810130355], [139.47521536861376, 35.43849969155898], [139.47501666505735, 35.43894202703819], [139.47499490113333, 35.43905351164983], [139.4750122702635, 35.439134547775154], [139.4751200122289, 35.43939264490848], [139.47535816901652, 35.43975887205651], [139.47558362178165, 35.44022104643847]]]}}, {"type": "Feature", "properties": {"area_id": "14213028001", "city": "大和市", "ward": "", "town": "代官", "chome": "1", "num_households": 496}, "geometry": {"type": "Polygon", "coordinates": [[[139.45925634812073, 35.44080520313565], [139.45955264616214, 35.440822923694235], [139.45989988759456, 35.44085995811417], [139.460022800618, 35.44090185400008], [139.46031328356383, 35.441024340647694], [139.460457930933, 35.44109278273297], [139.46046959993012, 35.44108134099604], [139.4607059638248, 35.440855214858175], [139.46087438415873, 35.44076003659823], [139.46095315468432, 35.440763063217474], [139.46097979232874, 35.44070659845142], [139.46117225158022, 35.44062367727916], [139.4613129224916, 35.44058341038762], [139.46139675119505, 35.44075997015499], [139.46146950101968, 35.44095005157928], [139.46151878019188, 35.441041154121876], [139.46159378405042, 35.44130289609527], [139.46177547985224, 35.441916934504675], [139.46129530937063, 35.441993891175535], [139.46129195110757, 35.44202247226483], [139.4609729771862, 35.44205035326352], [139.4608685912342, 35.44233973958869], [139.46086189088405, 35.44236357386734], [139.46084300172421, 35.442430750674845], [139.46038596269648, 35.44265866539323], [139.4603647940005, 35.44266922030732], [139.46035184139888, 35.442669953449474], [139.46025439396686, 35.4426755302493], [139.45998187654016, 35.44272517122353], [139.4596207627956, 35.44276383242028], [139.4596090437697, 35.442981888260306], [139.45960396137906, 35.443076130761995], [139.45960856103935, 35.44327311351068], [139.45959514928992, 35.44381175516517], [139.45958890141634, 35.44410260968459], [139.45956314704188, 35.444620650264795], [139.45956877046976, 35.444754538505684], [139.45955926912478, 35.44493960945642], [139.4595676886128, 35.445045161306986], [139.45958142081705, 35.445257978922506], [139.4596156213744, 35.44534417482004], [139.45973525635952, 35.44564052629616], [139.45992865, 35.445890277900695], [139.4601739370212, 35.44607508745999], [139.46014309569813, 35.44622220483306], [139.460039086551, 35.446072940549605], [139.459595886428, 35.44585304174044], [139.45859499645414, 35.44532950296983], [139.4582384716642, 35.44514737036751], [139.45793225764984, 35.444990992563284], [139.4573889991691, 35.44471263971754], [139.45677892602248, 35.44439493337972], [139.45684582308715, 35.44431929579804], [139.4569506053192, 35.444200828385355], [139.4569844730635, 35.444162540193865], [139.45703273462902, 35.44410797449349], [139.45707982075368, 35.4440547359147], [139.45710073625042, 35.44403108913423], [139.45710683112563, 35.44401442353484], [139.4571170324698, 35.44398650902971], [139.45714297674385, 35.443915298401365], [139.45716959928825, 35.443842220994725], [139.45724405625472, 35.44359070086844], [139.45725128909245, 35.44356626614331], [139.45730558788867, 35.44336984844407], [139.45733741740952, 35.44326212986882], [139.45743396008234, 35.44293539854639], [139.45744136768835, 35.442910654605576], [139.45746386518744, 35.44285894342372], [139.45753431475512, 35.442661845598195], [139.4577849282036, 35.44241813089528], [139.45790880635184, 35.44230735954542], [139.4580157598792, 35.44223674582465], [139.45804345598864, 35.442221880300586], [139.45836684423315, 35.44204830846599], [139.4586536832317, 35.44188787144595], [139.45867280134257, 35.44187712880251], [139.45912413134724, 35.44162350393372], [139.45934395926662, 35.44146672892461], [139.4593081073665, 35.44124426294829], [139.45928842023136, 35.44106321978038], [139.45925634812073, 35.44080520313565]]]}}, {"type": "Feature", "properties": {"area_id": "14213028002", "city": "大和市", "ward": "", "town": "代官", "chome": "2", "num_households": 360}, "geometry": {"type": "Polygon", "coordinates": [[[139.45832038788586, 35.439209005899535], [139.45844772487607, 35.43939080830265], [139.45854015062565, 35.439557749384086], [139.45855849994345, 35.43958097687091], [139.4586429418991, 35.43968785530304], [139.45883287104658, 35.4399378444198], [139.45890785464883, 35.44007145639507], [139.45908521727165, 35.44048108587312], [139.45919266024416, 35.44071349343456], [139.45925634812073, 35.44080520313565], [139.45928842023136, 35.44106321978038], [139.4593081073665, 35.44124426294829], [139.45934395926662, 35.44146672892461], [139.45912413134724, 35.44162350393372], [139.45867280134257, 35.44187712880251], [139.4586536832317, 35.44188787144595], [139.45836684423315, 35.44204830846599], [139.45804345598864, 35.442221880300586], [139.4580157598792, 35.44223674582465], [139.45790880635184, 35.44230735954542], [139.4577849282036, 35.44241813089528], [139.45753431475512, 35.442661845598195], [139.45746386518744, 35.44285894342372], [139.45744136768835, 35.442910654605576], [139.45743396008234, 35.44293539854639], [139.45733741740952, 35.44326212986882], [139.45730558788867, 35.44336984844407], [139.45725128909245, 35.44356626614331], [139.45724405625472, 35.44359070086844], [139.45716959928825, 35.443842220994725], [139.45714297674385, 35.443915298401365], [139.4571170324698, 35.44398650902971], [139.45710683112563, 35.44401442353484], [139.45710073625042, 35.44403108913423], [139.45707982075368, 35.4440547359147], [139.45703273462902, 35.44410797449349], [139.4569844730635, 35.444162540193865], [139.4569506053192, 35.444200828385355], [139.45684582308715, 35.44431929579804], [139.45677892602248, 35.44439493337972], [139.4567637321485, 35.44438701991722], [139.45655136672153, 35.444315790622156], [139.45625177147423, 35.444153336845], [139.45598350769671, 35.44399052455136], [139.45588830168475, 35.44393085925822], [139.4556093562578, 35.443779525783256], [139.4548780730295, 35.44333571506993], [139.45459038051928, 35.44316949260322], [139.45520915476402, 35.442393089434255], [139.4555846146589, 35.44192506217292], [139.4559327392418, 35.44148662846271], [139.45662566922732, 35.44068154163075], [139.45679405637875, 35.440483450331506], [139.45720086450524, 35.440014951050344], [139.45748692590917, 35.43967835688735], [139.45767770346092, 35.4395494500094], [139.45782968958574, 35.439463555664034], [139.4579837861545, 35.43937625929284], [139.45832038788586, 35.439209005899535]]]}}, {"type": "Feature", "properties": {"area_id": "14213028003", "city": "大和市", "ward": "", "town": "代官", "chome": "3", "num_households": 361}, "geometry": {"type": "Polygon", "coordinates": [[[139.45305644101003, 35.43958484256863], [139.4531749919543, 35.439537227022704], [139.45368737361773, 35.439433466508326], [139.45401598280367, 35.439358346361175], [139.4548015702982, 35.439184179957735], [139.45502380137356, 35.43913009419128], [139.4553324559093, 35.43908842807181], [139.45571690344983, 35.43900541593349], [139.45580367013588, 35.43900023213805], [139.45596962717127, 35.43901804234552], [139.45624904617182, 35.43903624501762], [139.4562800129098, 35.439038983740446], [139.4564257075572, 35.439047011547814], [139.4567222752606, 35.43918998217875], [139.4569822912304, 35.439328154430385], [139.45714439856076, 35.43940644299483], [139.4572761083955, 35.43950769880719], [139.45748692590917, 35.43967835688735], [139.45720086450524, 35.440014951050344], [139.45679405637875, 35.440483450331506], [139.45662566922732, 35.44068154163075], [139.4559327392418, 35.44148662846271], [139.4555846146589, 35.44192506217292], [139.45520915476402, 35.442393089434255], [139.45459038051928, 35.44316949260322], [139.45445085759914, 35.44312838444556], [139.45414818855195, 35.44297207761254], [139.45388694085568, 35.442782558353585], [139.45382069676708, 35.44270467463261], [139.45379231703572, 35.442636559045575], [139.45362085686162, 35.44191864147093], [139.45344001215773, 35.4409549628505], [139.4531198493325, 35.43977116449201], [139.45305644101003, 35.43958484256863]]]}}, {"type": "Feature", "properties": {"area_id": "14213028004", "city": "大和市", "ward": "", "town": "代官", "chome": "4", "num_households": 391}, "geometry": {"type": "Polygon", "coordinates": [[[139.45748692590917, 35.43967835688735], [139.4572761083955, 35.43950769880719], [139.45714439856076, 35.43940644299483], [139.4569822912304, 35.439328154430385], [139.4567222752606, 35.43918998217875], [139.4564257075572, 35.439047011547814], [139.4562800129098, 35.439038983740446], [139.45624904617182, 35.43903624501762], [139.45596962717127, 35.43901804234552], [139.45580367013588, 35.43900023213805], [139.45571690344983, 35.43900541593349], [139.4553324559093, 35.43908842807181], [139.45502380137356, 35.43913009419128], [139.4548015702982, 35.439184179957735], [139.45401598280367, 35.439358346361175], [139.45368737361773, 35.439433466508326], [139.4531749919543, 35.439537227022704], [139.45305644101003, 35.43958484256863], [139.45271538453716, 35.439626434960005], [139.45221243392297, 35.43971821390607], [139.45222375986347, 35.43967046965779], [139.45249127161821, 35.43854367775602], [139.45258880576637, 35.43854585307174], [139.4526105740237, 35.438537120179305], [139.45298006517584, 35.43854167291378], [139.4535293299478, 35.438535843119276], [139.45350642947412, 35.438455350343865], [139.4534872847386, 35.43808868099251], [139.45344262276595, 35.43776773826624], [139.4533816129118, 35.43746477250898], [139.45365663811563, 35.43751923338208], [139.45369513980467, 35.437511925877494], [139.45399000475734, 35.437574230284575], [139.45399611120664, 35.43757535927081], [139.4541715479365, 35.43760779578809], [139.45462446554973, 35.43767651411333], [139.4546446221059, 35.43767189423398], [139.45467144563597, 35.43767677962547], [139.454693791543, 35.437675957809425], [139.45478506812455, 35.437616913247986], [139.45494859890928, 35.43751112710149], [139.45516108930724, 35.43737315107995], [139.4552417793509, 35.437320738495956], [139.45532218057107, 35.43729705381899], [139.45553210743324, 35.437235211326005], [139.45565080918547, 35.437200242737106], [139.4557399214325, 35.437173990076204], [139.45605814594444, 35.43708024301794], [139.45624990386713, 35.437023751237305], [139.4562683742384, 35.437018083759284], [139.45637422446708, 35.437193376191935], [139.45648685051228, 35.43731749562177], [139.45684688081903, 35.43753242252858], [139.4571613580542, 35.43773309397056], [139.45718202341354, 35.43774628125876], [139.45722589661972, 35.43777427522493], [139.45747445881204, 35.437514602559915], [139.45790329678863, 35.43778509517758], [139.4578410714962, 35.43787965049603], [139.45803085259456, 35.43845734387015], [139.4581724249392, 35.43886319914484], [139.45827208738547, 35.43906558468493], [139.458258309643, 35.43911388493757], [139.45828834398236, 35.43916936544799], [139.45832565510662, 35.43916765068007], [139.45832038788586, 35.439209005899535], [139.4579837861545, 35.43937625929284], [139.45782968958574, 35.439463555664034], [139.45767770346092, 35.4395494500094], [139.45748692590917, 35.43967835688735]]]}}, {"type": "Feature", "properties": {"area_id": "14213033051", "city": "大和市", "ward": "", "town": "下和田", "chome": "", "num_households": 359}, "geometry": {"type": "MultiPolygon", "coordinates": [[[[139.47194103546437, 35.43449730865221], [139.47183237725463, 35.434555541067056], [139.4717808262256, 35.43453281664925], [139.4716979274693, 35.43452196740812], [139.47165993900708, 35.434525831841746], [139.47159052563094, 35.43453289273001], [139.4715531263193, 35.43453669838522], [139.47153279334324, 35.434538766290395], [139.47151495908648, 35.43454145626312], [139.47148877379854, 35.43454540296975], [139.47140669086852, 35.434557779845065], [139.47131523031499, 35.43457156874183], [139.47121182689892, 35.43458644005174], [139.47102748610786, 35.434612134899986], [139.47091461060742, 35.43462786864682], [139.47082508644667, 35.43464034699493], [139.4707448250497, 35.43465153448328], [139.47070538316663, 35.43465703208142], [139.4706358873003, 35.43466671867734], [139.47054511085742, 35.43467989889953], [139.47044876005955, 35.43469683418109], [139.47041468396125, 35.434702822144686], [139.4704069576503, 35.43470417972324], [139.470142307204, 35.434814877270405], [139.46998332010142, 35.43481235294469], [139.46986619183733, 35.43484439308693], [139.46901741764793, 35.435157098980135], [139.46866965892383, 35.43526935256502], [139.46864390484595, 35.43528094840991], [139.4685424816156, 35.43532660704358], [139.46840479854993, 35.435365271643924], [139.46779928382705, 35.43547497775143], [139.46729169562064, 35.4355562824568], [139.4671756721966, 35.4355813156957], [139.46689413692872, 35.4356144357518], [139.46687524145628, 35.4356166667829], [139.4669018088341, 35.43458929535313], [139.46691316117943, 35.434303874367295], [139.46690727830332, 35.43418681603293], [139.46697130503722, 35.43396546838934], [139.46699014237547, 35.43390034666438], [139.46707966265143, 35.43369269942974], [139.46709426765645, 35.43365020866774], [139.4671812694442, 35.433429033755054], [139.4672874782987, 35.43318437163338], [139.46731112833336, 35.433129889370136], [139.467424455751, 35.43283266733052], [139.46768933633362, 35.43292266295648], [139.46915013713752, 35.43346926484104], [139.46940842246087, 35.43356590613466], [139.47194103546437, 35.43449730865221]]], [[[139.46654633761142, 35.42694329763762], [139.46657063811992, 35.427002068097956], [139.46670074592143, 35.42762953346049], [139.46681157708556, 35.428123948798685], [139.46706530735176, 35.42915833725588], [139.4668046707611, 35.429266344895225], [139.4667390624738, 35.4292955069593], [139.46642449897618, 35.42943532465155], [139.46597721288356, 35.429661597447534], [139.46606850169078, 35.42925237381971], [139.4660716204238, 35.4292382989933], [139.46613397304014, 35.428958950222274], [139.46625072946213, 35.42845452338768], [139.46635970762782, 35.4280806725864], [139.46640358837593, 35.427908941544395], [139.4664091936921, 35.4278870564386], [139.46646767673278, 35.42742498827299], [139.46654633761142, 35.42694329763762]]]]}}, {"type": "Feature", "properties": {"area_id": "14213033052", "city": "大和市", "ward": "", "town": "下和田", "chome": "", "num_households": 677}, "geometry": {"type": "Polygon", "coordinates": [[[139.47315853668752, 35.4342260346315], [139.47263277555143, 35.43438436672128], [139.47263659370174, 35.43436740581763], [139.47234858882663, 35.434198347387145], [139.4722820551878, 35.434207656493236], [139.47221163279548, 35.43422526324234], [139.47213580933166, 35.434369544179475], [139.47203821531028, 35.43441199993628], [139.47194103546437, 35.43449730865221], [139.46940842246087, 35.43356590613466], [139.46915013713752, 35.43346926484104], [139.46768933633362, 35.4329226629565], [139.46742445575094, 35.43283266733052], [139.46747687517413, 35.432703113872506], [139.4676503852183, 35.432274277028924], [139.46788356443236, 35.43175861782678], [139.46796848569534, 35.43151049821612], [139.4680320673128, 35.431358650727645], [139.46805272908037, 35.43128927758479], [139.4681587716467, 35.43067707162221], [139.46815652313464, 35.430382419734435], [139.46815601580315, 35.4303706863516], [139.46814346364815, 35.43008079789411], [139.46801929316425, 35.429028387940974], [139.4676497499405, 35.42908282885069], [139.46759488713568, 35.429089917676365], [139.46706530735176, 35.42915833725588], [139.46681157708556, 35.428123948798685], [139.46670074592143, 35.42762953346049], [139.46657063811992, 35.427002068097956], [139.46654633761142, 35.42694329763762], [139.466657037233, 35.42630163744182], [139.46675044760877, 35.42577288004904], [139.46678240838483, 35.425591958220124], [139.46679980451026, 35.425464725869176], [139.46677464084914, 35.42527271407797], [139.4667776974004, 35.42519578836202], [139.46678283400777, 35.425067424364755], [139.46678824032878, 35.42486093008625], [139.46681375827853, 35.42469678413912], [139.46683045747054, 35.42458947785082], [139.46685248259988, 35.424532116141016], [139.46685873978373, 35.42451585130957], [139.46687852215297, 35.42446439322439], [139.4671936146966, 35.42364489314005], [139.4687321522761, 35.42364861403096], [139.46937369877978, 35.423669571795166], [139.47050811295495, 35.42362285835171], [139.47071915506382, 35.42362874126745], [139.47075636993537, 35.424918553219435], [139.47066510433132, 35.425455172333635], [139.47052170032168, 35.42579748233305], [139.47042972812926, 35.42597089864891], [139.47055788595165, 35.426342582987935], [139.47065365115847, 35.42654431322345], [139.47067797598154, 35.42671427806038], [139.4705012346295, 35.426862546441974], [139.47050861459363, 35.426903456126446], [139.4705107846198, 35.42691548825532], [139.47052816656705, 35.42701185043192], [139.47100274339724, 35.42698321189557], [139.47182861154096, 35.426948054570886], [139.4718096375207, 35.42751112461013], [139.47176497173044, 35.42803672331182], [139.4717276514429, 35.42861378776248], [139.4717119941273, 35.42889409102335], [139.47171091229208, 35.428958981723085], [139.47170643552587, 35.42922555106162], [139.47170427897402, 35.429561246634435], [139.47171345338478, 35.4298981382309], [139.4717603849488, 35.4303894733457], [139.47177503913764, 35.43054286148092], [139.47191267491638, 35.43078365922416], [139.4728077882834, 35.4301998487255], [139.47299392292285, 35.43007793752978], [139.4732475806514, 35.42991186130212], [139.473363239094, 35.42988382408884], [139.47362773814856, 35.42972186380449], [139.47366905528878, 35.42971807794779], [139.47376166808638, 35.429555044065154], [139.4739374571143, 35.43006116083473], [139.473942551591, 35.43010124492757], [139.47404340671068, 35.43039083771232], [139.47406822352266, 35.4305635852966], [139.47406070763833, 35.43071694203045], [139.47402294955447, 35.43086461118197], [139.47394916532753, 35.43101083502371], [139.4738381644376, 35.4311239206453], [139.47360342282775, 35.43132695490244], [139.473359919141, 35.43148221722314], [139.4731767939141, 35.43159470151481], [139.4730742278424, 35.43167284651648], [139.47292553529613, 35.431907825597484], [139.47284302370895, 35.432232225862016], [139.47286488080843, 35.432465880548726], [139.47289922505917, 35.43278365670659], [139.47294080585726, 35.433124305142506], [139.47294559476575, 35.433422838125445], [139.4729627758927, 35.433638204323735], [139.47301042883203, 35.433798309296606], [139.47315853668752, 35.4342260346315]]]}}, {"type": "Feature", "properties": {"area_id": "14213033053", "city": "大和市", "ward": "", "town": "下和田", "chome": "", "num_households": 1221}, "geometry": {"type": "Polygon", "coordinates": [[[139.47309201458057, 35.42566877254622], [139.47310126895277, 35.42585263494019], [139.47313951613572, 35.426523479089255], [139.47316620527843, 35.42702073383547], [139.4731805537206, 35.42714225415335], [139.47320533105372, 35.42735186701377], [139.4732013229648, 35.42741692403318], [139.47320125044942, 35.42741857872328], [139.47319834351646, 35.427477829789645], [139.47322958750914, 35.427689257591375], [139.47325652869537, 35.427988664810115], [139.47327885477827, 35.428125453938726], [139.47329055131542, 35.428184854562105], [139.47331660172603, 35.42829162014598], [139.4733368476978, 35.42838305284218], [139.47340402425814, 35.42858275843775], [139.47342463788746, 35.42863496658891], [139.47346902390092, 35.42875414676108], [139.47354057629357, 35.42894749147674], [139.47361676012432, 35.429153561583036], [139.47371617119222, 35.429424029884494], [139.47376166808638, 35.42955504406512], [139.47366905528878, 35.42971807794779], [139.47362773814856, 35.42972186380447], [139.473363239094, 35.42988382408884], [139.4732475806514, 35.42991186130212], [139.47299392292285, 35.43007793752977], [139.47280778828343, 35.4301998487255], [139.47191267491638, 35.43078365922416], [139.47177503913764, 35.43054286148092], [139.4717603849488, 35.430389473345684], [139.47171345338478, 35.4298981382309], [139.47170427897402, 35.429561246634435], [139.47170643552587, 35.42922555106162], [139.47171091229208, 35.428958981723085], [139.4717119941273, 35.42889409102335], [139.4717276514429, 35.42861378776248], [139.47176497173044, 35.42803672331182], [139.4718096375207, 35.42751112461013], [139.47182861154096, 35.426948054570886], [139.47100274339724, 35.42698321189557], [139.47052816656705, 35.42701185043192], [139.4705107846198, 35.42691548825532], [139.47050861459363, 35.426903456126446], [139.4705012346295, 35.426862546441974], [139.47067797598154, 35.42671427806038], [139.47065365115847, 35.42654431322345], [139.47055788595165, 35.426342582987935], [139.47042972812926, 35.42597089864891], [139.47052170032168, 35.42579748233305], [139.47066510433132, 35.425455172333635], [139.47075636993537, 35.424918553219435], [139.47071915506382, 35.42362874126745], [139.47094375333802, 35.423643605995984], [139.47104354152205, 35.42367633681025], [139.47138572609322, 35.42378859667871], [139.47153609165, 35.42381904915486], [139.47178499543674, 35.42388768391258], [139.47238768338906, 35.42399339122569], [139.47278599132449, 35.42407077251232], [139.4728901327654, 35.42442741414239], [139.47296172345608, 35.42472248278155], [139.47304763231838, 35.42519882323166], [139.47305326208146, 35.42525834563218], [139.47309201458057, 35.42566877254622]]]}}, {"type": "Feature", "properties": {"area_id": "14213035001", "city": "大和市", "ward": "", "town": "渋谷", "chome": "1", "num_households": 381}, "geometry": {"type": "Polygon", "coordinates": [[[139.46701636680376, 35.43829126100447], [139.46703708120694, 35.43883198849771], [139.46706491594392, 35.438956791307014], [139.46707672870474, 35.43944872442646], [139.46708132793148, 35.43964106125415], [139.46712859935585, 35.4405053171738], [139.467125195808, 35.440505976323145], [139.46682211010886, 35.440494873073284], [139.466458016887, 35.44029217458827], [139.4664197305819, 35.440270860881824], [139.46597548831153, 35.440227879801704], [139.46594171888032, 35.44014971315681], [139.46553917741338, 35.44020030810308], [139.46510955982447, 35.440338915866526], [139.4650611808603, 35.439544517184416], [139.46505877908479, 35.43950496749837], [139.46504552337905, 35.439287429504894], [139.4650238189208, 35.438930290395724], [139.46499343707254, 35.43840928866358], [139.4649780768528, 35.4380677311334], [139.4649613683459, 35.437805042262134], [139.4649489034361, 35.437517436609], [139.46495108406862, 35.43745431029146], [139.4649410600985, 35.437282591514965], [139.46491758919572, 35.43687949741135], [139.46489553882458, 35.43650131171622], [139.46535813924, 35.436479725479465], [139.4654839228432, 35.43647385615438], [139.46562948851422, 35.43646576409782], [139.4659149231377, 35.436449894866946], [139.46627927834638, 35.43642918770617], [139.46629828976592, 35.436428277543605], [139.4669325498968, 35.43639792369237], [139.4669398752164, 35.43639758459171], [139.46695389756408, 35.43652270627102], [139.46696155197148, 35.43697283112072], [139.46698663726792, 35.43751719871463], [139.46701636680376, 35.43829126100447]]]}}, {"type": "Feature", "properties": {"area_id": "14213035002", "city": "大和市", "ward": "", "town": "渋谷", "chome": "2", "num_households": 405}, "geometry": {"type": "Polygon", "coordinates": [[[139.46499343707254, 35.43840928866358], [139.464414963386, 35.43880208113619], [139.46424007137858, 35.43889361948932], [139.46401215620887, 35.439035485841394], [139.4639349980622, 35.4390946128462], [139.46377652758449, 35.43924588317348], [139.46376809600395, 35.439254941544284], [139.46341335857045, 35.439230819288014], [139.46307243440467, 35.43920614066481], [139.46304755170328, 35.439208949965604], [139.46254958985674, 35.439266495011005], [139.46234767372138, 35.43929210097518], [139.4623363251958, 35.43928048264078], [139.46225895716208, 35.43891440394813], [139.46209306631772, 35.438128693051546], [139.46195109066036, 35.437533334603586], [139.4619507348722, 35.43752660827083], [139.46182308396735, 35.43694196307186], [139.46212958892605, 35.43683585023398], [139.4622497830263, 35.4367899155086], [139.46234355455852, 35.43675407870744], [139.4625254033886, 35.43668455436507], [139.46280614579808, 35.43661599962202], [139.4629731014748, 35.436574164084846], [139.46307011486854, 35.43655553375428], [139.4630953713579, 35.43655266055924], [139.46316268521355, 35.43654500351751], [139.46335880817267, 35.43653930545845], [139.46347660970892, 35.43654326604729], [139.4636473338819, 35.436543791980256], [139.4638429353537, 35.43654018656695], [139.46388772195704, 35.436539359978966], [139.4643595107682, 35.436522695778926], [139.46436338035227, 35.43652255912839], [139.4647798051337, 35.43650671172792], [139.46489553882458, 35.43650131171619], [139.46491758919572, 35.43687949741135], [139.4649410600985, 35.43728259151495], [139.46495108406862, 35.43745431029146], [139.4649489034361, 35.437517436609], [139.4649613683459, 35.437805042262134], [139.4649780768528, 35.4380677311334], [139.46499343707254, 35.43840928866358]]]}}, {"type": "Feature", "properties": {"area_id": "14213035003", "city": "大和市", "ward": "", "town": "渋谷", "chome": "3", "num_households": 252}, "geometry": {"type": "Polygon", "coordinates": [[[139.46182308396735, 35.43694196307186], [139.4619507348722, 35.43752660827083], [139.46195109066036, 35.437533334603586], [139.46209306631772, 35.438128693051546], [139.46225895716208, 35.43891440394813], [139.4623363251958, 35.43928048264078], [139.46193428815414, 35.43938152316574], [139.4615991488636, 35.439446539687836], [139.4612835798227, 35.4394754893563], [139.4612760792337, 35.439478493628606], [139.46090578214424, 35.43961945317399], [139.46057690154635, 35.43942709702615], [139.46057005638556, 35.43941855478443], [139.46048230830408, 35.43930930466653], [139.46031420799233, 35.43905491427269], [139.46011963783968, 35.438718258954786], [139.46002430101106, 35.438547543837124], [139.4598084949531, 35.43816117544282], [139.45977174032242, 35.43809747081357], [139.45961170739088, 35.437811627040205], [139.4603952783571, 35.437509776302235], [139.4604653859429, 35.43747774080636], [139.46063010896947, 35.437408148973724], [139.4612468019251, 35.437165243287545], [139.46182308396735, 35.43694196307186]]]}}, {"type": "Feature", "properties": {"area_id": "14213035004", "city": "大和市", "ward": "", "town": "渋谷", "chome": "4", "num_households": 276}, "geometry": {"type": "Polygon", "coordinates": [[[139.45961170739088, 35.437811627040205], [139.45950903252333, 35.437646697573484], [139.46017569459238, 35.43740187693447], [139.4602438627429, 35.4375199033493], [139.4604536748466, 35.437432811520765], [139.46044870542642, 35.43724984210782], [139.46047853968406, 35.43721849235208], [139.4606934494596, 35.437144513016605], [139.46060365819437, 35.43701303963118], [139.46052562735437, 35.43682104005767], [139.46048179557735, 35.43674389898685], [139.4603433744417, 35.43674533562487], [139.46030991748896, 35.436367455868464], [139.4603246680483, 35.436368453491376], [139.4606724089643, 35.43639509536105], [139.46079115666507, 35.43640521785122], [139.46084851662903, 35.436422542901155], [139.46126027862383, 35.4364312141276], [139.4612626362736, 35.43634812475032], [139.46121766327323, 35.43619084002995], [139.4611037788339, 35.436049291550994], [139.4610880066742, 35.43596079339465], [139.4610374601275, 35.435498849009775], [139.4609515093326, 35.43488552859272], [139.46093962309558, 35.43472827599282], [139.4609393844745, 35.43472401530922], [139.46075040685614, 35.434727231384755], [139.46069408169026, 35.43472818337255], [139.46020342401053, 35.43481341904321], [139.46014233426402, 35.434736998125274], [139.4600974776704, 35.4346022131328], [139.4600884908762, 35.434469653346476], [139.46009134018138, 35.43440170450807], [139.46010077189834, 35.43417536441415], [139.46014418120149, 35.43412042209631], [139.46016331699062, 35.434089397124374], [139.46017765276247, 35.434066148698896], [139.46019793518005, 35.43402829090876], [139.46020784254574, 35.43400289792586], [139.46020797836587, 35.433973326331575], [139.46020413864568, 35.43392132199037], [139.46019333707594, 35.433862142754954], [139.4601835274533, 35.433840646424954], [139.46017070545636, 35.43383393362193], [139.46010852105633, 35.433853146468046], [139.46008679019874, 35.43381617871428], [139.4600510465091, 35.43373116371545], [139.4600118119687, 35.43364423043378], [139.4600094403041, 35.43363295729911], [139.4599962448374, 35.4336076124733], [139.4599464183968, 35.43354306390453], [139.45990005260995, 35.43348615908993], [139.45988384308993, 35.43346178198245], [139.45987228205797, 35.43344123638015], [139.45986596215053, 35.43342165940824], [139.459853939936, 35.43337392368292], [139.45983786741564, 35.433320927875705], [139.4598286782527, 35.43329084865347], [139.45982009435383, 35.43325647891199], [139.4598060132939, 35.433211331919836], [139.45978876535392, 35.43306997678377], [139.45978357719983, 35.432981477343446], [139.45978359214374, 35.43296887142019], [139.4597911254337, 35.43296811965527], [139.46039388323396, 35.43293192982378], [139.46058352800904, 35.43292311759238], [139.46060906055231, 35.4321783849474], [139.46060969960587, 35.43209388125336], [139.46115382268619, 35.4321026085755], [139.4611526790801, 35.43224897597224], [139.46114810860564, 35.432843108468354], [139.4611474374386, 35.43293313962412], [139.46114701651308, 35.43298746789462], [139.46115718214247, 35.43368012976036], [139.46121726088865, 35.43405252770113], [139.46127194136685, 35.434391142388314], [139.46132453200056, 35.43471703952508], [139.4615862729288, 35.43589776140677], [139.46168863499594, 35.436366732277314], [139.46173244648384, 35.436533625813155], [139.46182308396735, 35.43694196307186], [139.4612468019251, 35.437165243287545], [139.46063010896947, 35.437408148973724], [139.4604653859429, 35.43747774080636], [139.4603952783571, 35.437509776302235], [139.45961170739088, 35.437811627040205]]]}}, {"type": "Feature", "properties": {"area_id": "14213035005", "city": "大和市", "ward": "", "town": "渋谷", "chome": "5", "num_households": 697}, "geometry": {"type": "Polygon", "coordinates": [[[139.46489553882458, 35.43650131171619], [139.4647798051337, 35.43650671172792], [139.46436338035227, 35.43652255912839], [139.4643595107682, 35.436522695778926], [139.46388772195704, 35.436539359978966], [139.4638429353537, 35.43654018656695], [139.4636473338819, 35.436543791980256], [139.46347660970892, 35.43654326604729], [139.46335880817267, 35.43653930545845], [139.46316268521355, 35.43654500351751], [139.4630953713579, 35.43655266055924], [139.46307011486854, 35.43655553375428], [139.4629731014748, 35.436574164084846], [139.46280614579808, 35.43661599962202], [139.4625254033886, 35.43668455436507], [139.46234355455852, 35.43675407870744], [139.4622497830263, 35.4367899155086], [139.46212958892605, 35.43683585023398], [139.46182308396735, 35.43694196307186], [139.46173244648384, 35.436533625813155], [139.46168863499594, 35.436366732277314], [139.4615862729288, 35.43589776140679], [139.46132453200056, 35.43471703952508], [139.46127194136685, 35.434391142388314], [139.46121726088865, 35.43405252770113], [139.46115718214247, 35.43368012976036], [139.46114701651308, 35.43298746789462], [139.4611474374386, 35.43293313962412], [139.46114810860564, 35.432843108468354], [139.4611526790801, 35.43224897597224], [139.46115382268619, 35.4321026085755], [139.4616092374939, 35.43210922979815], [139.46167363838532, 35.43211016785239], [139.4618918378049, 35.43211337816782], [139.46210349895657, 35.432116461711324], [139.46243535789623, 35.43212128912286], [139.4627188633001, 35.43212540259522], [139.462781844471, 35.43212633678225], [139.46283802921494, 35.43212714380149], [139.46376000037932, 35.4321405810856], [139.4646715803837, 35.43212496025853], [139.46465743637847, 35.432365975620336], [139.4646720893112, 35.43264981974894], [139.4646881652306, 35.43296130817394], [139.46470898720884, 35.43337932440811], [139.46472141442052, 35.43362777481333], [139.46473442715484, 35.433889149376085], [139.46473808036356, 35.43398493398763], [139.4647440429352, 35.434140760663595], [139.4647675010946, 35.43464177680765], [139.46479064613862, 35.43513599682936], [139.46480032489936, 35.435317255991365], [139.4648090112659, 35.43547971063599], [139.46482152261308, 35.43547175563514], [139.46488872916743, 35.43638307715758], [139.46488956273564, 35.436398818943545], [139.46489553882458, 35.43650131171619]]]}}, {"type": "Feature", "properties": {"area_id": "14213035006", "city": "大和市", "ward": "", "town": "渋谷", "chome": "6", "num_households": 294}, "geometry": {"type": "Polygon", "coordinates": [[[139.46689413692872, 35.4356144357518], [139.46693164441854, 35.43632415417738], [139.4669398752164, 35.436397584591724], [139.4669325498968, 35.43639792369237], [139.46629828976592, 35.436428277543605], [139.46627927834638, 35.43642918770617], [139.4659149231377, 35.436449894866946], [139.46562948851422, 35.43646576409782], [139.4654839228432, 35.43647385615438], [139.46535813924, 35.436479725479465], [139.46489553882458, 35.43650131171619], [139.46488956273564, 35.436398818943545], [139.46488872916743, 35.43638307715758], [139.46482152261308, 35.43547175563514], [139.4648090112659, 35.43547971063599], [139.46480032489936, 35.435317255991365], [139.46479064613862, 35.43513599682936], [139.4647675010946, 35.43464177680765], [139.4647440429352, 35.434140760663595], [139.46473808036356, 35.43398493398763], [139.46473442715484, 35.433889149376085], [139.46472141442052, 35.43362777481333], [139.46470898720884, 35.43337932440811], [139.4646881652306, 35.43296130817391], [139.4646720893112, 35.43264981974894], [139.46465743637847, 35.432365975620336], [139.4646715803837, 35.4321249602585], [139.46518535575345, 35.43213745834995], [139.46543785729457, 35.43214360017365], [139.4654268074492, 35.43265394469681], [139.46571167565375, 35.43274569194367], [139.46571326227834, 35.43273019192269], [139.46571962734677, 35.432682825852], [139.46642876178643, 35.43290787595816], [139.46663793117622, 35.432974257092766], [139.46681069096448, 35.433029082730506], [139.4672874782987, 35.43318437163338], [139.4671812694442, 35.433429033755054], [139.46709426765645, 35.43365020866774], [139.46707966265143, 35.43369269942974], [139.46699014237547, 35.43390034666438], [139.46697130503722, 35.43396546838934], [139.46690727830332, 35.43418681603293], [139.46691316117943, 35.434303874367295], [139.4669018088341, 35.43458929535313], [139.46687524145628, 35.4356166667829], [139.46689413692872, 35.4356144357518]]]}}, {"type": "Feature", "properties": {"area_id": "14213035007", "city": "大和市", "ward": "", "town": "渋谷", "chome": "7", "num_households": 356}, "geometry": {"type": "Polygon", "coordinates": [[[139.46801929316425, 35.429028387940974], [139.46814346364815, 35.43008079789411], [139.46815601580315, 35.4303706863516], [139.46815652313464, 35.430382419734435], [139.4681587716467, 35.43067707162221], [139.46805272908037, 35.43128927758479], [139.4680320673128, 35.431358650727645], [139.46796848569534, 35.43151049821612], [139.46788356443236, 35.43175861782678], [139.4676503852183, 35.432274277028924], [139.46747687517413, 35.432703113872506], [139.46742445575094, 35.43283266733052], [139.46731112833336, 35.433129889370136], [139.4672874782987, 35.43318437163338], [139.46681069096448, 35.433029082730506], [139.46663793117614, 35.432974257092766], [139.46642876178643, 35.43290787595816], [139.46571962734677, 35.43268282585204], [139.46571326227834, 35.43273019192269], [139.46571167565375, 35.43274569194367], [139.4654268074492, 35.43265394469681], [139.46543785729457, 35.43214360017365], [139.46518535575345, 35.43213745834995], [139.4646715803837, 35.4321249602585], [139.46467449881746, 35.43207522182731], [139.4646852690598, 35.431891982003165], [139.46469280318178, 35.43182411920252], [139.4647037056963, 35.43172573784915], [139.4647093855285, 35.431611647450396], [139.46471534710017, 35.4314918999731], [139.46472606091928, 35.43127671437276], [139.46472618797026, 35.43127419278706], [139.46473066269553, 35.43121670723243], [139.4647545953605, 35.430910235164625], [139.464757089318, 35.43086306085249], [139.4647719979727, 35.430449731425526], [139.46478277430896, 35.430151830758874], [139.4647843427651, 35.43010847122532], [139.4647946746164, 35.42982244897798], [139.4652262842159, 35.429847750136496], [139.46547505854667, 35.42985405494639], [139.46594368105994, 35.42986592931232], [139.46596311282025, 35.42981204562956], [139.46597721288356, 35.429661597447534], [139.46642449897618, 35.42943532465155], [139.4667390624738, 35.4292955069593], [139.4668046707611, 35.42926634489522], [139.46706530735176, 35.429158337255856], [139.46759488713568, 35.429089917676365], [139.46764974994053, 35.42908282885067], [139.46801929316425, 35.429028387940974]]]}}, {"type": "Feature", "properties": {"area_id": "14213035008", "city": "大和市", "ward": "", "town": "渋谷", "chome": "8", "num_households": 400}, "geometry": {"type": "Polygon", "coordinates": [[[139.4647545953605, 35.430910235164625], [139.46473066269553, 35.43121670723243], [139.46472618797026, 35.43127419278706], [139.46472606091928, 35.43127671437276], [139.46471534710017, 35.4314918999731], [139.4647093855285, 35.431611647450396], [139.4647037056963, 35.43172573784915], [139.46469280318178, 35.431824119202545], [139.4646852690598, 35.431891982003165], [139.46467449881746, 35.43207522182731], [139.4646715803837, 35.4321249602585], [139.46376000037932, 35.4321405810856], [139.46283802921494, 35.43212714380149], [139.462781844471, 35.43212633678225], [139.4627188633001, 35.43212540259522], [139.46243535789623, 35.43212128912286], [139.46210349895657, 35.432116461711324], [139.4618918378049, 35.43211337816782], [139.46167363838532, 35.43211016785239], [139.4616092374939, 35.43210922979815], [139.46115382268619, 35.4321026085755], [139.46060969960587, 35.43209388125336], [139.46061233827373, 35.43174477424929], [139.4606352174499, 35.43137185822504], [139.4605109542767, 35.431356122116455], [139.46024007185147, 35.43125493063952], [139.4601842706003, 35.4311335974482], [139.4601360125052, 35.43087750058034], [139.46003997810658, 35.430448371433855], [139.45994407963798, 35.43004621516119], [139.46004184417814, 35.42990190727203], [139.4600536260703, 35.429884514550814], [139.46067095954922, 35.43015448838518], [139.46116708698085, 35.43037144473566], [139.46120568537535, 35.43038832395763], [139.46159255090555, 35.4305556449328], [139.46195880889385, 35.430714028008765], [139.4619809649072, 35.43072356813773], [139.46286317424943, 35.43110350346181], [139.46298189840053, 35.43115464322915], [139.4630352283638, 35.43106403414257], [139.46310221662733, 35.43095022742414], [139.46323060277905, 35.4307031624696], [139.46338149655597, 35.43053919141451], [139.4635397398175, 35.430386440862726], [139.4637328528231, 35.43020006530366], [139.4637550106069, 35.430171366187004], [139.46384074281255, 35.43006015226175], [139.46388354447674, 35.43000465125423], [139.46406533920262, 35.42975260675609], [139.4641913533292, 35.42978010597988], [139.46453364468042, 35.4298161205946], [139.4647946746164, 35.42982244897798], [139.4647843427651, 35.43010847122532], [139.46478277430896, 35.430151830758874], [139.46477199797266, 35.43044973142551], [139.46475708931794, 35.43086306085249], [139.4647545953605, 35.430910235164625]]]}}, {"type": "Feature", "properties": {"area_id": "14213036001", "city": "大和市", "ward": "", "town": "中央林間西", "chome": "1", "num_households": 286}, "geometry": {"type": "Polygon", "coordinates": [[[139.43962421312463, 35.50110118583704], [139.4400277104682, 35.50030375329599], [139.44025061763278, 35.49986321768705], [139.4403769214547, 35.49961359540689], [139.4404067501765, 35.499624767849454], [139.44060124084137, 35.499256054519364], [139.44069932621778, 35.49907016711819], [139.44081396297426, 35.49909021379189], [139.44087911980125, 35.499078451635405], [139.44107165882076, 35.49915179728361], [139.44120804260382, 35.49919973985754], [139.4414647884194, 35.4992899936478], [139.44178257730317, 35.499373559309674], [139.44203621723932, 35.499495183586994], [139.4420604653203, 35.4995068109612], [139.44228913312193, 35.4996169865063], [139.44232598418517, 35.49963474144177], [139.4425654849176, 35.49973742907202], [139.44269069615018, 35.4997911140481], [139.44271954213727, 35.499809406767284], [139.44300301203273, 35.499991501978826], [139.44324822120078, 35.50013629385462], [139.443420369793, 35.50023794090549], [139.4438601253928, 35.50049760335202], [139.44471110418988, 35.50106317208176], [139.44353100041675, 35.500941267114804], [139.443507068374, 35.500939291541194], [139.44348496072445, 35.50093443330076], [139.44341891032727, 35.50093570643822], [139.44215727250645, 35.50096001269038], [139.4420871244053, 35.50096137442002], [139.44109873137603, 35.501022907410466], [139.44108641317612, 35.50104965844206], [139.4409581983487, 35.50105949135037], [139.4405328257376, 35.5010921132557], [139.44054179065293, 35.50105464936503], [139.43962421312463, 35.50110118583704]]]}}, {"type": "Feature", "properties": {"area_id": "14213036002", "city": "大和市", "ward": "", "town": "中央林間西", "chome": "2", "num_households": 408}, "geometry": {"type": "Polygon", "coordinates": [[[139.44069932621778, 35.49907016711819], [139.44060124084137, 35.499256054519364], [139.4404067501765, 35.499624767849454], [139.4403769214547, 35.49961359540689], [139.44025061763278, 35.49986321768705], [139.4400277104682, 35.50030375329599], [139.43962421312463, 35.50110118583704], [139.43778387688383, 35.50120343793484], [139.43776665298196, 35.50120439482785], [139.43775735192034, 35.50120491011835], [139.437352580807, 35.50122737433941], [139.4373353107056, 35.50124583659832], [139.43717129846362, 35.501255379508535], [139.4369952698099, 35.501239393664854], [139.43684406312585, 35.50123267361765], [139.43615075476671, 35.501201852412976], [139.43554478462676, 35.501174909761325], [139.43571123654084, 35.50072901202314], [139.43571836311787, 35.50070992208539], [139.4357854890187, 35.50053010876623], [139.43582747649847, 35.50041763106356], [139.43598832540172, 35.49998674803435], [139.43610460084108, 35.499675265260414], [139.43621115983, 35.49938829492273], [139.4362544520609, 35.49927170731887], [139.43625645042852, 35.49926632246877], [139.43631395881283, 35.49911142169887], [139.43640546471224, 35.49886493891346], [139.43645410676575, 35.49872155617694], [139.436516568304, 35.49853743424911], [139.4365432228271, 35.498536815427514], [139.43659868894957, 35.498394802310884], [139.43667718533095, 35.4982451529086], [139.43692743614733, 35.498401985881245], [139.43692782023874, 35.49840158611206], [139.43703316508174, 35.49829171189612], [139.43715674407974, 35.49837814978125], [139.4372515376174, 35.49828502096067], [139.43732598739635, 35.49833697717054], [139.43744592033997, 35.49835003568499], [139.43782529211984, 35.49836818730178], [139.4379111326155, 35.49839711889688], [139.43830528034727, 35.49852995135723], [139.43864795355142, 35.49864543494906], [139.43886232492872, 35.498717678729584], [139.4391227559529, 35.498818880648585], [139.4391850452545, 35.49873402519748], [139.43938030537421, 35.49879594086681], [139.43993963376283, 35.49896012656847], [139.44008792832068, 35.49901171696786], [139.44023957663427, 35.49906444551704], [139.44056564759765, 35.4990467905793], [139.44069932621778, 35.49907016711819]]]}}, {"type": "Feature", "properties": {"area_id": "14213036003", "city": "大和市", "ward": "", "town": "中央林間西", "chome": "3", "num_households": 171}, "geometry": {"type": "Polygon", "coordinates": [[[139.43554478462676, 35.501174909761325], [139.43370525247838, 35.501084141343156], [139.43366481417885, 35.50108214714529], [139.4325146645044, 35.501062441156236], [139.43166636240343, 35.50116788216401], [139.43163652642087, 35.50116914154737], [139.4319664476546, 35.50029222800654], [139.4319800155975, 35.50025618661781], [139.43240727119206, 35.49912054669342], [139.43260880920826, 35.49858484731894], [139.4327218244809, 35.498306272370584], [139.43304722797208, 35.49750416234878], [139.43398397372226, 35.49778757933571], [139.43478259540703, 35.49802921794453], [139.43479897622905, 35.498034024139216], [139.43580888651763, 35.498335223515404], [139.43648909554415, 35.49853808508467], [139.436516568304, 35.49853743424911], [139.43645410676575, 35.49872155617694], [139.43640546471224, 35.498864938913506], [139.43631395881283, 35.4991114216989], [139.43625645042852, 35.49926632246877], [139.4362544520609, 35.49927170731888], [139.43621115983, 35.49938829492273], [139.43610460084108, 35.499675265260414], [139.43598832540172, 35.49998674803435], [139.43582747649847, 35.50041763106356], [139.4357854890187, 35.50053010876623], [139.43571836311787, 35.50070992208539], [139.43571123654084, 35.50072901202314], [139.43554478462676, 35.501174909761325]]]}}, {"type": "Feature", "properties": {"area_id": "14213036004", "city": "大和市", "ward": "", "town": "中央林間西", "chome": "4", "num_households": 554}, "geometry": {"type": "Polygon", "coordinates": [[[139.44108641317612, 35.50104965844206], [139.44110329817877, 35.50104837380899], [139.44097447854344, 35.50144507280605], [139.44093994934522, 35.501470627730725], [139.44110697448653, 35.501532308870296], [139.4411108625507, 35.50156481623993], [139.44114654778258, 35.50158446773359], [139.44107817931024, 35.5016451901901], [139.44105578686666, 35.50164686766949], [139.44095963953936, 35.50165407094368], [139.4407536056977, 35.50216203168855], [139.44074243044233, 35.50218958229134], [139.44081059226386, 35.50219842485772], [139.44070897462308, 35.502976759015404], [139.44067483448154, 35.50323847577207], [139.44067390779244, 35.50324557481559], [139.4406002338229, 35.50379421790146], [139.44053579640106, 35.504337361973775], [139.44051918528268, 35.504574236866205], [139.44051844508127, 35.50458476127097], [139.44050458041525, 35.50468177598271], [139.44050416523885, 35.504684688401184], [139.4404693482915, 35.504928618268416], [139.44045434618937, 35.50503370111481], [139.44041024783388, 35.50534262060336], [139.44040488790623, 35.50536464222389], [139.44031432685338, 35.506106160230765], [139.44028280661766, 35.50636424166583], [139.44028168688067, 35.506373250498726], [139.44026973834067, 35.50639518012853], [139.4397289650688, 35.506372438273914], [139.43970868714092, 35.50636258606469], [139.43919803538154, 35.5061147322411], [139.43875748813394, 35.50590089523639], [139.4380052080729, 35.50553573940046], [139.43802939762492, 35.50538633380924], [139.4380705263071, 35.50513229334752], [139.43820494831678, 35.504651334048624], [139.4382495201714, 35.50449186129436], [139.4379443005196, 35.504353690269866], [139.437878533639, 35.504250823890814], [139.43794763827967, 35.504040145062596], [139.43799033221245, 35.50390998522863], [139.4380332896705, 35.50377901815119], [139.43803734054345, 35.50376666991026], [139.4381012756377, 35.50357515039587], [139.438160969172, 35.50336094544819], [139.43827016989576, 35.503105744821156], [139.43840001853113, 35.50297103096686], [139.43885426717853, 35.502499750622995], [139.43917238637295, 35.50216969944321], [139.43919070038146, 35.502150698451324], [139.43929529285495, 35.50197426859038], [139.43961317955967, 35.50113839720106], [139.43962421312463, 35.50110118583704], [139.44054179065293, 35.50105464936503], [139.4405328257376, 35.5010921132557], [139.4409581983487, 35.50105949135037], [139.44108641317612, 35.50104965844206]]]}}, {"type": "Feature", "properties": {"area_id": "14213036005", "city": "大和市", "ward": "", "town": "中央林間西", "chome": "5", "num_households": 667}, "geometry": {"type": "Polygon", "coordinates": [[[139.43795052223894, 35.505711798261586], [139.43773087773448, 35.505631285316966], [139.43770938861425, 35.50566656121304], [139.43704252978372, 35.5054179878203], [139.43632077040058, 35.50516053830536], [139.43611388584233, 35.50542781353183], [139.4356951247867, 35.50525767656855], [139.43540981310832, 35.50514175499057], [139.4349444537261, 35.50495268152795], [139.43465814492788, 35.50483635306512], [139.4343238884366, 35.5047005427078], [139.43425247182623, 35.50467152610138], [139.4342917294725, 35.50456927711837], [139.43443952284778, 35.5041641562422], [139.4345229927374, 35.503935359594564], [139.4346044491082, 35.50370207545519], [139.43468711815194, 35.503465372037994], [139.43471962236762, 35.50337230019287], [139.43488739776464, 35.50291610576719], [139.434975309338, 35.502677064465566], [139.43517919536072, 35.50212266904901], [139.43542986079643, 35.5014410626439], [139.43552446304227, 35.501183821435205], [139.43554478462676, 35.501174909761325], [139.43615075476671, 35.501201852412976], [139.43684406312585, 35.50123267361765], [139.4369952698099, 35.501239393664854], [139.43717129846362, 35.501255379508535], [139.4373353107056, 35.50124583659832], [139.437352580807, 35.50122737433941], [139.43775735192034, 35.50120491011835], [139.43776665298196, 35.50120439482785], [139.43778387688383, 35.50120343793484], [139.43962421312463, 35.50110118583704], [139.43961317955967, 35.50113839720106], [139.43929529285495, 35.50197426859038], [139.43919070038146, 35.502150698451324], [139.43917238637295, 35.50216969944321], [139.43885426717853, 35.502499750622995], [139.43840001853113, 35.50297103096686], [139.43827016989576, 35.503105744821156], [139.438160969172, 35.50336094544819], [139.4381012756377, 35.50357515039587], [139.43803734054345, 35.50376666991026], [139.4380332896705, 35.50377901815119], [139.43799033221245, 35.50390998522863], [139.43794763827967, 35.504040145062596], [139.437878533639, 35.504250823890814], [139.4379443005196, 35.504353690269866], [139.4382495201714, 35.50449186129436], [139.43820494831678, 35.504651334048624], [139.4380705263071, 35.50513229334752], [139.43802939762492, 35.50538633380924], [139.4380052080729, 35.50553573940046], [139.43795052223894, 35.505711798261586]]]}}, {"type": "Feature", "properties": {"area_id": "14213036006", "city": "大和市", "ward": "", "town": "中央林間西", "chome": "6", "num_households": 477}, "geometry": {"type": "Polygon", "coordinates": [[[139.43554478462676, 35.501174909761325], [139.43552446304227, 35.501183821435205], [139.43542986079643, 35.5014410626439], [139.43517919536072, 35.50212266904901], [139.434975309338, 35.502677064465566], [139.43488739776464, 35.50291610576719], [139.43471962236762, 35.50337230019287], [139.43468711815194, 35.503465372037994], [139.4346044491082, 35.50370207545519], [139.4345229927374, 35.503935359594564], [139.43443952284778, 35.5041641562422], [139.4342917294725, 35.50456927711837], [139.43425247182623, 35.50467152610138], [139.4343238884366, 35.5047005427078], [139.43427633769954, 35.50480863956229], [139.4328969869949, 35.504403573431766], [139.43246568118127, 35.50429470987077], [139.43238636038382, 35.504512721357514], [139.43060238174266, 35.50404125927275], [139.4306984856356, 35.503800068886925], [139.43079092743014, 35.50356808893791], [139.43088355427568, 35.503359626970344], [139.4308975826828, 35.5033179199538], [139.43099911894927, 35.50301570144102], [139.43102857464007, 35.50292802673229], [139.43118334118319, 35.50246745191954], [139.4313975831753, 35.501829872863375], [139.43143230081463, 35.50164614250825], [139.4314683373061, 35.501455444168315], [139.4314982799974, 35.50129698268093], [139.4316190970878, 35.50118489245631], [139.43163425161555, 35.501171198113965], [139.43163652642087, 35.50116914154737], [139.43166636240343, 35.50116788216401], [139.4325146645044, 35.501062441156236], [139.43366481417885, 35.50108214714529], [139.43370525247838, 35.501084141343156], [139.43554478462676, 35.501174909761325]]]}}, {"type": "Feature", "properties": {"area_id": "14213036007", "city": "大和市", "ward": "", "town": "中央林間西", "chome": "7", "num_households": 0}, "geometry": {"type": "Polygon", "coordinates": [[[139.43865911729316, 35.51007088819469], [139.43872678463808, 35.51004118126983], [139.43943252754949, 35.510316102091764], [139.43917713842524, 35.51081547168194], [139.43883521795868, 35.510657011719964], [139.43816029481906, 35.510366870662814], [139.43745430973058, 35.51009817322708], [139.43681956670022, 35.509835299212405], [139.43616245696137, 35.50959424729144], [139.43551320358756, 35.509367688266074], [139.43499709930472, 35.50920295034316], [139.4346136040735, 35.509094970444394], [139.4338319160355, 35.50889122308089], [139.4333811207279, 35.50875695139195], [139.43311161715653, 35.5086829648789], [139.43269999116265, 35.5085780705421], [139.4313570734709, 35.508204801789475], [139.43042829502292, 35.507925129865995], [139.4301350204992, 35.50782670145283], [139.42952837252153, 35.50767159683517], [139.4292955944307, 35.507634616852066], [139.4294165348743, 35.507268393257355], [139.4294233123766, 35.50724792587467], [139.4296496160634, 35.50663244592567], [139.42980445772358, 35.506211378097426], [139.42983213336663, 35.50613613022214], [139.43009968269942, 35.505408481117044], [139.43018174953136, 35.505185340096084], [139.43018537552132, 35.505175459438476], [139.43026394754486, 35.50496170706414], [139.43027049616228, 35.504943880245754], [139.43035649295587, 35.50471001437392], [139.43060238174266, 35.504041259272746], [139.43238636038382, 35.504512721357536], [139.43246568118127, 35.50429470987077], [139.4328969869949, 35.504403573431766], [139.43427633769954, 35.50480863956229], [139.4343238884366, 35.504700542707795], [139.43465814492788, 35.50483635306512], [139.4349444537261, 35.50495268152794], [139.4354098131084, 35.50514175499057], [139.4356951247867, 35.50525767656855], [139.43611388584233, 35.50542781353183], [139.43632077040058, 35.50516053830536], [139.43704252978372, 35.50541798782034], [139.43770938861425, 35.505666561213026], [139.43773087773448, 35.505631285316966], [139.43795052223894, 35.505711798261586], [139.4378832903813, 35.50603074803152], [139.43875553674138, 35.506468531264105], [139.4385192808017, 35.50679042606913], [139.43816838411294, 35.507273153334204], [139.43790385801623, 35.50763364335836], [139.43844194280942, 35.50765304279529], [139.438386175345, 35.50834019930653], [139.43837521606358, 35.5083799448115], [139.43817080686375, 35.50836992517222], [139.43804952243292, 35.50853239124776], [139.43813391256214, 35.50900091839562], [139.43840459926759, 35.50915070302608], [139.43827330744298, 35.50943139100977], [139.43819507696486, 35.50965739925658], [139.43830997397131, 35.509691212979135], [139.43823665674878, 35.509871823627684], [139.43865911729316, 35.51007088819469]]]}}]}